Elapsed_Time(sec),Timestamp,Pressure_mbar
0.2,12:36:46,1.000e+03
1.3,12:36:47,1.000e+03
2.5,12:36:48,1.000e+03
3.6,12:36:49,1.000e+03
4.8,12:36:50,1.000e+03
5.9,12:36:51,1.000e+03
7.1,12:36:53,1.000e+03
8.3,12:36:54,1.000e+03
9.4,12:36:55,1.000e+03
10.5,12:36:56,1.000e+03
11.7,12:36:57,1.000e+03
12.9,12:36:58,1.000e+03
14.0,12:36:59,1.000e+03
15.2,12:37:01,1.000e+03
16.3,12:37:02,1.000e+03
17.5,12:37:03,1.000e+03
18.6,12:37:04,1.000e+03
19.8,12:37:05,1.000e+03
21.0,12:37:06,1.000e+03
22.1,12:37:08,1.000e+03
23.3,12:37:09,1.000e+03
24.4,12:37:10,1.000e+03
25.6,12:37:11,1.000e+03
26.8,12:37:12,1.000e+03
27.9,12:37:13,1.000e+03
29.1,12:37:15,1.000e+03
30.2,12:37:16,1.000e+03
31.4,12:37:17,1.000e+03
32.5,12:37:18,1.000e+03
33.7,12:37:19,1.000e+03
34.8,12:37:20,1.000e+03
36.0,12:37:21,1.000e+03
37.2,12:37:23,1.000e+03
38.3,12:37:24,1.000e+03
39.5,12:37:25,1.000e+03
40.7,12:37:26,1.000e+03
41.9,12:37:27,1.000e+03
43.0,12:37:28,1.000e+03
44.2,12:37:30,1.000e+03
45.3,12:37:31,1.000e+03
46.5,12:37:32,1.000e+03
47.6,12:37:33,1.000e+03
48.8,12:37:34,1.000e+03
50.0,12:37:35,1.000e+03
51.1,12:37:37,1.000e+03
52.3,12:37:38,1.000e+03
53.4,12:37:39,1.000e+03
54.6,12:37:40,1.000e+03
55.7,12:37:41,1.000e+03
56.9,12:37:42,1.000e+03
58.1,12:37:43,1.000e+03
59.2,12:37:45,1.000e+03
60.4,12:37:46,6.800e+02
61.5,12:37:47,6.500e+02
62.7,12:37:48,6.000e+02
63.9,12:37:49,5.800e+02
65.0,12:37:50,5.000e+02
66.2,12:37:52,4.800e+02
67.3,12:37:53,4.300e+02
68.5,12:37:54,4.100e+02
69.6,12:37:55,3.800e+02
70.8,12:37:56,3.600e+02
71.9,12:37:57,3.400e+02
73.1,12:37:59,3.200e+02
74.3,12:38:00,3.100e+02
75.4,12:38:01,2.800e+02
76.6,12:38:02,2.700e+02
77.7,12:38:03,2.400e+02
78.9,12:38:04,2.400e+02
80.1,12:38:05,2.200e+02
81.2,12:38:07,1.900e+02
82.4,12:38:08,1.900e+02
83.5,12:38:09,1.800e+02
84.7,12:38:10,1.700e+02
85.9,12:38:11,1.600e+02
87.0,12:38:12,1.600e+02
88.2,12:38:14,1.500e+02
89.3,12:38:15,1.500e+02
90.5,12:38:16,1.400e+02
91.6,12:38:17,1.300e+02
92.8,12:38:18,1.300e+02
93.9,12:38:19,1.200e+02
95.1,12:38:21,1.100e+02
96.2,12:38:22,1.000e+02
97.4,12:38:23,9.800e+01
98.5,12:38:24,9.400e+01
99.7,12:38:25,9.100e+01
100.9,12:38:26,8.800e+01
102.0,12:38:27,8.500e+01
103.2,12:38:29,8.100e+01
104.3,12:38:30,7.800e+01
105.5,12:38:31,7.400e+01
106.6,12:38:32,7.000e+01
107.8,12:38:33,6.800e+01
108.9,12:38:34,6.600e+01
110.1,12:38:36,6.500e+01
111.2,12:38:37,6.300e+01
112.4,12:38:38,6.200e+01
113.5,12:38:39,6.000e+01
114.7,12:38:40,5.800e+01
115.8,12:38:41,5.700e+01
117.0,12:38:42,5.500e+01
118.2,12:38:44,5.400e+01
119.3,12:38:45,5.100e+01
120.5,12:38:46,5.000e+01
121.7,12:38:47,4.800e+01
122.8,12:38:48,4.700e+01
124.0,12:38:49,4.500e+01
125.1,12:38:51,4.300e+01
126.3,12:38:52,4.100e+01
127.4,12:38:53,3.900e+01
128.6,12:38:54,3.900e+01
129.7,12:38:55,3.800e+01
130.9,12:38:56,3.800e+01
132.0,12:38:57,3.700e+01
133.2,12:38:59,3.600e+01
134.3,12:39:00,3.600e+01
135.5,12:39:01,3.500e+01
136.6,12:39:02,3.400e+01
137.8,12:39:03,3.300e+01
139.0,12:39:04,3.300e+01
140.1,12:39:06,3.200e+01
141.3,12:39:07,3.100e+01
142.4,12:39:08,3.100e+01
143.6,12:39:09,3.000e+01
144.7,12:39:10,2.900e+01
145.9,12:39:11,2.800e+01
147.1,12:39:12,2.800e+01
148.2,12:39:14,2.700e+01
149.4,12:39:15,2.600e+01
150.5,12:39:16,2.600e+01
151.7,12:39:17,2.500e+01
152.8,12:39:18,2.400e+01
154.0,12:39:19,2.300e+01
155.1,12:39:21,2.300e+01
156.3,12:39:22,2.200e+01
157.5,12:39:23,2.100e+01
158.6,12:39:24,2.000e+01
159.8,12:39:25,2.000e+01
160.9,12:39:26,1.900e+01
162.1,12:39:28,1.900e+01
163.3,12:39:29,1.900e+01
164.4,12:39:30,1.900e+01
165.6,12:39:31,1.900e+01
166.7,12:39:32,1.800e+01
167.9,12:39:33,1.800e+01
169.0,12:39:34,1.800e+01
170.2,12:39:36,1.800e+01
171.4,12:39:37,1.800e+01
172.5,12:39:38,1.800e+01
173.7,12:39:39,1.700e+01
174.8,12:39:40,1.700e+01
176.0,12:39:41,1.700e+01
177.1,12:39:43,1.700e+01
178.3,12:39:44,1.600e+01
179.4,12:39:45,1.600e+01
180.6,12:39:46,1.600e+01
181.7,12:39:47,1.600e+01
182.9,12:39:48,1.500e+01
184.0,12:39:49,1.500e+01
185.2,12:39:51,1.500e+01
186.3,12:39:52,1.500e+01
187.5,12:39:53,1.500e+01
188.6,12:39:54,1.400e+01
189.8,12:39:55,1.400e+01
191.0,12:39:56,1.400e+01
192.4,12:39:58,1.400e+01
193.6,12:39:59,1.300e+01
194.8,12:40:00,1.300e+01
196.0,12:40:01,1.300e+01
197.2,12:40:03,1.300e+01
198.3,12:40:04,1.200e+01
199.5,12:40:05,1.200e+01
200.7,12:40:06,1.200e+01
201.8,12:40:07,1.200e+01
203.0,12:40:08,1.200e+01
204.1,12:40:10,1.100e+01
205.3,12:40:11,1.100e+01
206.6,12:40:12,1.100e+01
207.8,12:40:13,1.100e+01
209.0,12:40:14,1.100e+01
210.2,12:40:16,1.000e+01
211.4,12:40:17,1.000e+01
212.6,12:40:18,1.000e+01
213.8,12:40:19,1.000e+01
215.0,12:40:20,1.000e+01
216.2,12:40:22,9.900e+00
217.3,12:40:23,9.900e+00
218.5,12:40:24,9.800e+00
219.7,12:40:25,9.700e+00
220.9,12:40:26,9.700e+00
222.0,12:40:27,9.600e+00
223.2,12:40:29,9.500e+00
224.4,12:40:30,9.500e+00
225.6,12:40:31,9.400e+00
226.7,12:40:32,9.400e+00
227.9,12:40:33,9.300e+00
229.1,12:40:34,9.300e+00
230.2,12:40:36,9.200e+00
231.4,12:40:37,9.200e+00
232.5,12:40:38,9.100e+00
233.6,12:40:39,9.000e+00
234.8,12:40:40,9.000e+00
236.0,12:40:41,8.900e+00
237.1,12:40:43,8.900e+00
238.3,12:40:44,8.800e+00
239.4,12:40:45,8.800e+00
240.6,12:40:46,8.800e+00
241.8,12:40:47,8.700e+00
242.9,12:40:48,8.700e+00
244.1,12:40:49,8.600e+00
245.2,12:40:51,8.600e+00
246.3,12:40:52,8.500e+00
247.5,12:40:53,8.500e+00
248.6,12:40:54,8.400e+00
249.8,12:40:55,8.400e+00
250.9,12:40:56,8.300e+00
252.1,12:40:58,8.300e+00
253.2,12:40:59,8.200e+00
254.4,12:41:00,8.200e+00
255.5,12:41:01,8.200e+00
256.6,12:41:02,8.100e+00
257.8,12:41:03,8.100e+00
259.0,12:41:04,8.000e+00
260.1,12:41:06,8.000e+00
261.3,12:41:07,8.000e+00
262.4,12:41:08,7.900e+00
263.6,12:41:09,7.900e+00
264.7,12:41:10,7.800e+00
265.9,12:41:11,7.800e+00
267.1,12:41:12,7.800e+00
268.2,12:41:14,7.700e+00
269.4,12:41:15,7.700e+00
270.5,12:41:16,7.700e+00
271.6,12:41:17,7.700e+00
272.8,12:41:18,7.600e+00
273.9,12:41:19,7.600e+00
275.1,12:41:21,7.600e+00
276.3,12:41:22,7.500e+00
277.4,12:41:23,7.500e+00
278.6,12:41:24,7.500e+00
279.7,12:41:25,7.400e+00
280.9,12:41:26,7.400e+00
282.0,12:41:27,7.400e+00
283.2,12:41:29,7.400e+00
284.3,12:41:30,7.300e+00
285.5,12:41:31,7.300e+00
286.6,12:41:32,7.300e+00
287.8,12:41:33,7.300e+00
289.0,12:41:34,7.200e+00
290.1,12:41:36,7.200e+00
291.2,12:41:37,7.200e+00
292.4,12:41:38,7.200e+00
293.6,12:41:39,7.200e+00
294.7,12:41:40,7.100e+00
295.9,12:41:41,7.100e+00
297.0,12:41:42,7.100e+00
298.1,12:41:44,7.100e+00
299.3,12:41:45,7.000e+00
300.5,12:41:46,7.000e+00
301.6,12:41:47,7.000e+00
302.8,12:41:48,7.000e+00
303.9,12:41:49,7.000e+00
305.1,12:41:51,6.900e+00
306.2,12:41:52,6.900e+00
307.4,12:41:53,6.900e+00
308.6,12:41:54,6.900e+00
309.7,12:41:55,6.900e+00
310.9,12:41:56,6.900e+00
312.0,12:41:57,6.900e+00
313.2,12:41:59,6.900e+00
314.3,12:42:00,6.900e+00
315.5,12:42:01,6.900e+00
316.7,12:42:02,6.900e+00
317.8,12:42:03,6.800e+00
319.0,12:42:04,6.800e+00
320.1,12:42:06,6.800e+00
321.3,12:42:07,6.800e+00
322.4,12:42:08,6.800e+00
323.6,12:42:09,6.800e+00
324.7,12:42:10,6.800e+00
325.9,12:42:11,6.800e+00
327.1,12:42:12,6.800e+00
328.2,12:42:14,6.800e+00
329.4,12:42:15,6.800e+00
330.5,12:42:16,6.800e+00
331.7,12:42:17,6.800e+00
332.8,12:42:18,6.700e+00
334.0,12:42:19,6.700e+00
335.1,12:42:21,6.700e+00
336.3,12:42:22,6.700e+00
337.4,12:42:23,6.700e+00
338.6,12:42:24,6.700e+00
339.7,12:42:25,6.700e+00
340.9,12:42:26,6.700e+00
342.1,12:42:27,6.700e+00
343.2,12:42:29,6.700e+00
344.4,12:42:30,6.700e+00
345.5,12:42:31,6.700e+00
346.7,12:42:32,6.700e+00
347.8,12:42:33,6.700e+00
349.0,12:42:34,6.700e+00
350.1,12:42:36,6.700e+00
351.3,12:42:37,6.700e+00
352.5,12:42:38,6.700e+00
353.6,12:42:39,6.600e+00
354.8,12:42:40,6.600e+00
356.0,12:42:41,6.600e+00
357.1,12:42:43,6.600e+00
358.3,12:42:44,6.600e+00
359.4,12:42:45,6.600e+00
360.6,12:42:46,6.600e+00
361.8,12:42:47,6.600e+00
362.9,12:42:48,6.600e+00
364.1,12:42:50,6.600e+00
365.3,12:42:51,6.600e+00
366.4,12:42:52,6.600e+00
367.6,12:42:53,6.600e+00
368.7,12:42:54,6.600e+00
369.9,12:42:55,6.600e+00
371.1,12:42:57,6.600e+00
372.2,12:42:58,6.600e+00
373.4,12:42:59,6.600e+00
374.5,12:43:00,6.600e+00
375.7,12:43:01,6.600e+00
376.8,12:43:02,6.600e+00
378.0,12:43:03,6.600e+00
379.1,12:43:05,6.600e+00
380.3,12:43:06,6.600e+00
381.5,12:43:07,6.500e+00
382.6,12:43:08,6.500e+00
383.8,12:43:09,6.500e+00
384.9,12:43:10,6.500e+00
386.1,12:43:12,6.500e+00
387.3,12:43:13,6.500e+00
388.4,12:43:14,6.500e+00
389.6,12:43:15,6.500e+00
390.7,12:43:16,6.500e+00
391.9,12:43:17,6.500e+00
393.0,12:43:18,6.500e+00
394.2,12:43:20,6.500e+00
395.3,12:43:21,6.500e+00
396.5,12:43:22,6.500e+00
397.7,12:43:23,6.500e+00
398.8,12:43:24,6.500e+00
400.0,12:43:25,6.500e+00
401.2,12:43:27,6.500e+00
402.3,12:43:28,6.500e+00
403.5,12:43:29,6.500e+00
404.6,12:43:30,6.500e+00
405.8,12:43:31,6.500e+00
407.0,12:43:32,6.500e+00
408.1,12:43:34,6.500e+00
409.3,12:43:35,6.500e+00
410.4,12:43:36,6.500e+00
411.6,12:43:37,6.500e+00
412.8,12:43:38,6.500e+00
413.9,12:43:39,6.500e+00
415.1,12:43:41,6.500e+00
416.2,12:43:42,6.500e+00
417.4,12:43:43,6.500e+00
418.5,12:43:44,6.400e+00
419.7,12:43:45,6.400e+00
420.9,12:43:46,6.400e+00
422.0,12:43:47,6.400e+00
423.2,12:43:49,6.400e+00
424.3,12:43:50,6.400e+00
425.5,12:43:51,6.400e+00
426.6,12:43:52,6.400e+00
427.8,12:43:53,6.400e+00
429.0,12:43:54,6.400e+00
430.1,12:43:56,6.400e+00
431.3,12:43:57,6.400e+00
432.4,12:43:58,6.400e+00
433.6,12:43:59,6.400e+00
434.7,12:44:00,6.400e+00
435.9,12:44:01,6.400e+00
437.0,12:44:02,6.400e+00
438.2,12:44:04,6.400e+00
439.3,12:44:05,6.400e+00
440.5,12:44:06,6.400e+00
441.6,12:44:07,6.400e+00
442.8,12:44:08,6.400e+00
443.9,12:44:09,6.400e+00
445.1,12:44:10,6.400e+00
446.2,12:44:12,6.400e+00
447.4,12:44:13,6.400e+00
448.5,12:44:14,6.400e+00
449.7,12:44:15,6.400e+00
450.8,12:44:16,6.400e+00
452.0,12:44:17,6.400e+00
453.1,12:44:19,6.400e+00
454.3,12:44:20,6.400e+00
455.4,12:44:21,6.400e+00
456.6,12:44:22,6.400e+00
457.7,12:44:23,6.400e+00
458.9,12:44:24,6.400e+00
460.0,12:44:25,6.400e+00
461.2,12:44:27,6.400e+00
462.4,12:44:28,6.400e+00
463.6,12:44:29,6.400e+00
464.7,12:44:30,6.300e+00
465.9,12:44:31,6.300e+00
467.0,12:44:32,6.300e+00
468.2,12:44:34,6.300e+00
469.3,12:44:35,6.300e+00
470.5,12:44:36,6.300e+00
471.6,12:44:37,6.300e+00
472.8,12:44:38,6.300e+00
473.9,12:44:39,6.300e+00
475.1,12:44:41,6.300e+00
476.2,12:44:42,6.300e+00
477.4,12:44:43,6.300e+00
478.6,12:44:44,6.300e+00
479.8,12:44:45,6.300e+00
480.9,12:44:46,6.300e+00
482.0,12:44:47,6.300e+00
483.2,12:44:49,6.300e+00
484.4,12:44:50,6.300e+00
485.5,12:44:51,6.300e+00
486.7,12:44:52,6.300e+00
487.8,12:44:53,6.300e+00
489.0,12:44:54,6.300e+00
490.1,12:44:56,6.300e+00
491.3,12:44:57,6.300e+00
492.5,12:44:58,6.300e+00
493.6,12:44:59,6.300e+00
494.8,12:45:00,6.300e+00
495.9,12:45:01,6.300e+00
497.1,12:45:03,6.300e+00
498.2,12:45:04,6.300e+00
499.4,12:45:05,6.300e+00
500.5,12:45:06,6.300e+00
501.7,12:45:07,6.300e+00
502.8,12:45:08,6.300e+00
504.0,12:45:09,6.300e+00
505.2,12:45:11,6.300e+00
506.3,12:45:12,6.300e+00
507.5,12:45:13,6.300e+00
508.6,12:45:14,6.300e+00
509.8,12:45:15,6.300e+00
510.9,12:45:16,6.300e+00
512.1,12:45:18,6.300e+00
513.2,12:45:19,6.300e+00
514.4,12:45:20,6.300e+00
515.5,12:45:21,6.300e+00
516.7,12:45:22,6.300e+00
517.8,12:45:23,6.300e+00
519.0,12:45:24,6.300e+00
520.1,12:45:26,6.300e+00
521.3,12:45:27,6.300e+00
522.5,12:45:28,6.300e+00
523.6,12:45:29,6.300e+00
524.8,12:45:30,6.300e+00
526.0,12:45:31,6.300e+00
527.1,12:45:33,6.300e+00
528.3,12:45:34,6.300e+00
529.4,12:45:35,6.300e+00
530.6,12:45:36,6.300e+00
531.7,12:45:37,6.300e+00
532.9,12:45:38,6.300e+00
534.0,12:45:39,6.300e+00
535.2,12:45:41,6.300e+00
536.3,12:45:42,6.300e+00
537.5,12:45:43,6.300e+00
538.7,12:45:44,6.300e+00
539.8,12:45:45,6.300e+00
541.0,12:45:46,6.300e+00
542.1,12:45:48,6.300e+00
543.3,12:45:49,6.300e+00
544.4,12:45:50,6.300e+00
545.6,12:45:51,6.300e+00
546.7,12:45:52,6.300e+00
547.9,12:45:53,6.300e+00
549.0,12:45:54,6.300e+00
550.2,12:45:56,6.300e+00
551.3,12:45:57,6.300e+00
552.5,12:45:58,6.300e+00
553.7,12:45:59,6.300e+00
554.9,12:46:00,6.300e+00
556.1,12:46:01,6.300e+00
557.2,12:46:03,6.300e+00
558.4,12:46:04,6.300e+00
559.5,12:46:05,6.300e+00
560.7,12:46:06,6.300e+00
561.8,12:46:07,6.300e+00
563.0,12:46:08,6.300e+00
564.1,12:46:10,6.300e+00
565.3,12:46:11,6.300e+00
566.4,12:46:12,6.300e+00
567.6,12:46:13,6.300e+00
568.7,12:46:14,6.300e+00
569.9,12:46:15,6.300e+00
571.0,12:46:16,6.200e+00
572.2,12:46:18,6.300e+00
573.3,12:46:19,6.200e+00
574.5,12:46:20,6.200e+00
575.6,12:46:21,6.200e+00
576.8,12:46:22,6.200e+00
578.0,12:46:23,6.200e+00
579.1,12:46:25,6.200e+00
580.3,12:46:26,6.200e+00
581.4,12:46:27,6.200e+00
582.6,12:46:28,6.200e+00
583.8,12:46:29,6.200e+00
584.9,12:46:30,6.200e+00
586.1,12:46:32,6.200e+00
587.2,12:46:33,6.200e+00
588.4,12:46:34,6.200e+00
589.6,12:46:35,6.200e+00
590.7,12:46:36,6.200e+00
591.8,12:46:37,6.200e+00
593.0,12:46:38,6.200e+00
594.2,12:46:40,6.200e+00
595.3,12:46:41,6.200e+00
596.5,12:46:42,6.200e+00
597.6,12:46:43,6.200e+00
598.8,12:46:44,6.200e+00
600.0,12:46:45,6.200e+00
601.1,12:46:47,6.200e+00
602.3,12:46:48,6.200e+00
603.4,12:46:49,6.200e+00
604.6,12:46:50,6.200e+00
605.7,12:46:51,6.200e+00
606.9,12:46:52,6.200e+00
608.0,12:46:53,6.200e+00
609.2,12:46:55,6.200e+00
610.3,12:46:56,6.200e+00
611.5,12:46:57,6.200e+00
612.7,12:46:58,6.200e+00
613.8,12:46:59,6.200e+00
615.0,12:47:00,6.200e+00
616.1,12:47:02,6.200e+00
617.3,12:47:03,6.200e+00
618.5,12:47:04,6.200e+00
619.6,12:47:05,6.200e+00
620.8,12:47:06,6.200e+00
621.9,12:47:07,6.200e+00
623.1,12:47:09,6.200e+00
624.2,12:47:10,6.200e+00
625.4,12:47:11,6.200e+00
626.6,12:47:12,6.200e+00
627.7,12:47:13,6.200e+00
628.9,12:47:14,6.200e+00
630.0,12:47:15,6.200e+00
631.2,12:47:17,6.200e+00
632.3,12:47:18,6.200e+00
633.5,12:47:19,6.200e+00
634.6,12:47:20,6.200e+00
635.8,12:47:21,6.200e+00
636.9,12:47:22,6.200e+00
638.1,12:47:24,6.200e+00
639.3,12:47:25,6.200e+00
640.4,12:47:26,6.200e+00
641.6,12:47:27,6.200e+00
642.8,12:47:28,6.200e+00
644.0,12:47:29,6.200e+00
645.2,12:47:31,6.200e+00
646.3,12:47:32,6.200e+00
647.5,12:47:33,6.200e+00
648.6,12:47:34,6.200e+00
649.8,12:47:35,6.200e+00
650.9,12:47:36,6.200e+00
652.1,12:47:38,6.200e+00
653.3,12:47:39,6.200e+00
654.4,12:47:40,6.200e+00
655.6,12:47:41,6.200e+00
656.7,12:47:42,6.200e+00
657.9,12:47:43,6.200e+00
659.0,12:47:44,6.200e+00
660.2,12:47:46,6.200e+00
661.4,12:47:47,6.200e+00
662.5,12:47:48,6.200e+00
663.7,12:47:49,6.200e+00
664.8,12:47:50,6.200e+00
666.0,12:47:51,6.200e+00
667.1,12:47:53,6.200e+00
668.3,12:47:54,6.200e+00
669.5,12:47:55,6.200e+00
670.6,12:47:56,6.200e+00
671.8,12:47:57,6.200e+00
673.0,12:47:58,6.200e+00
674.1,12:48:00,6.200e+00
675.3,12:48:01,6.200e+00
676.4,12:48:02,6.200e+00
677.6,12:48:03,6.200e+00
678.7,12:48:04,6.200e+00
679.9,12:48:05,6.200e+00
681.0,12:48:06,6.200e+00
682.2,12:48:08,6.200e+00
683.4,12:48:09,6.200e+00
684.5,12:48:10,6.200e+00
685.7,12:48:11,6.200e+00
686.8,12:48:12,6.200e+00
688.0,12:48:13,6.200e+00
689.1,12:48:15,6.300e+00
690.3,12:48:16,6.200e+00
691.4,12:48:17,6.200e+00
692.6,12:48:18,6.200e+00
693.8,12:48:19,6.300e+00
694.9,12:48:20,6.300e+00
696.1,12:48:22,6.200e+00
697.2,12:48:23,6.300e+00
698.4,12:48:24,6.200e+00
699.5,12:48:25,6.200e+00
700.7,12:48:26,6.300e+00
701.9,12:48:27,6.300e+00
703.0,12:48:28,6.300e+00
704.2,12:48:30,6.300e+00
705.3,12:48:31,6.300e+00
706.5,12:48:32,6.300e+00
707.6,12:48:33,6.300e+00
708.8,12:48:34,6.300e+00
710.0,12:48:35,6.300e+00
711.1,12:48:37,6.300e+00
712.3,12:48:38,6.300e+00
713.5,12:48:39,6.300e+00
714.6,12:48:40,6.300e+00
715.8,12:48:41,6.300e+00
716.9,12:48:42,6.300e+00
718.1,12:48:44,6.300e+00
719.2,12:48:45,6.300e+00
720.4,12:48:46,6.300e+00
721.5,12:48:47,6.300e+00
722.7,12:48:48,6.300e+00
723.8,12:48:49,6.300e+00
725.0,12:48:50,6.300e+00
726.1,12:48:52,6.300e+00
727.3,12:48:53,6.300e+00
728.5,12:48:54,6.300e+00
729.6,12:48:55,6.300e+00
730.8,12:48:56,6.300e+00
732.0,12:48:57,6.300e+00
733.1,12:48:59,6.300e+00
734.3,12:49:00,6.300e+00
735.4,12:49:01,6.300e+00
736.6,12:49:02,6.300e+00
737.7,12:49:03,6.300e+00
738.9,12:49:04,6.300e+00
740.1,12:49:05,6.300e+00
741.2,12:49:07,6.300e+00
742.4,12:49:08,6.300e+00
743.5,12:49:09,6.300e+00
744.7,12:49:10,6.300e+00
745.9,12:49:11,6.300e+00
747.0,12:49:12,6.300e+00
748.2,12:49:14,6.300e+00
749.4,12:49:15,6.300e+00
750.5,12:49:16,6.300e+00
751.7,12:49:17,6.300e+00
752.8,12:49:18,6.300e+00
754.0,12:49:19,6.300e+00
755.1,12:49:21,6.300e+00
756.3,12:49:22,6.300e+00
757.5,12:49:23,6.300e+00
758.6,12:49:24,6.300e+00
759.8,12:49:25,6.300e+00
761.0,12:49:26,6.300e+00
762.1,12:49:28,6.300e+00
763.3,12:49:29,6.300e+00
764.5,12:49:30,6.300e+00
765.6,12:49:31,6.300e+00
766.8,12:49:32,6.300e+00
768.0,12:49:33,6.300e+00
769.2,12:49:35,6.300e+00
770.3,12:49:36,6.300e+00
771.5,12:49:37,6.300e+00
772.6,12:49:38,6.300e+00
773.8,12:49:39,6.300e+00
774.9,12:49:40,6.300e+00
776.1,12:49:42,6.300e+00
777.2,12:49:43,6.300e+00
778.4,12:49:44,6.300e+00
779.6,12:49:45,6.300e+00
780.7,12:49:46,6.300e+00
781.9,12:49:47,6.300e+00
783.0,12:49:48,6.300e+00
784.2,12:49:50,6.300e+00
785.4,12:49:51,6.200e+00
786.5,12:49:52,6.300e+00
787.7,12:49:53,6.300e+00
788.8,12:49:54,6.300e+00
790.0,12:49:55,6.200e+00
791.2,12:49:57,6.300e+00
792.4,12:49:58,6.300e+00
793.6,12:49:59,6.300e+00
794.7,12:50:00,6.300e+00
795.9,12:50:01,6.300e+00
797.0,12:50:02,6.300e+00
798.2,12:50:04,6.300e+00
799.3,12:50:05,6.300e+00
800.5,12:50:06,6.300e+00
801.6,12:50:07,6.300e+00
802.8,12:50:08,6.300e+00
804.0,12:50:09,6.300e+00
805.1,12:50:11,6.300e+00
806.3,12:50:12,6.300e+00
807.5,12:50:13,6.300e+00
808.6,12:50:14,6.300e+00
809.8,12:50:15,6.300e+00
810.9,12:50:16,6.300e+00
812.1,12:50:17,6.300e+00
813.2,12:50:19,6.300e+00
814.4,12:50:20,6.300e+00
815.5,12:50:21,6.300e+00
816.7,12:50:22,6.300e+00
817.8,12:50:23,6.300e+00
819.0,12:50:24,6.300e+00
820.2,12:50:26,6.300e+00
821.4,12:50:27,6.300e+00
822.5,12:50:28,6.300e+00
823.7,12:50:29,6.300e+00
824.9,12:50:30,6.300e+00
826.1,12:50:32,6.300e+00
827.2,12:50:33,6.300e+00
828.4,12:50:34,6.300e+00
829.5,12:50:35,6.300e+00
830.7,12:50:36,6.300e+00
831.8,12:50:37,6.300e+00
833.0,12:50:38,6.200e+00
834.2,12:50:40,6.200e+00
835.3,12:50:41,6.200e+00
836.5,12:50:42,6.100e+00
837.6,12:50:43,6.100e+00
838.8,12:50:44,6.000e+00
839.9,12:50:45,5.900e+00
841.1,12:50:47,5.900e+00
842.3,12:50:48,5.800e+00
843.4,12:50:49,5.700e+00
844.6,12:50:50,5.600e+00
845.7,12:50:51,5.500e+00
846.9,12:50:52,5.400e+00
848.1,12:50:53,5.300e+00
849.2,12:50:55,5.100e+00
850.4,12:50:56,5.000e+00
851.6,12:50:57,4.800e+00
852.7,12:50:58,4.600e+00
853.9,12:50:59,4.400e+00
855.0,12:51:00,4.200e+00
856.2,12:51:02,4.000e+00
857.3,12:51:03,3.800e+00
858.5,12:51:04,3.700e+00
859.6,12:51:05,3.600e+00
860.8,12:51:06,3.500e+00
861.9,12:51:07,3.300e+00
863.1,12:51:09,3.100e+00
864.2,12:51:10,2.900e+00
865.4,12:51:11,2.700e+00
866.5,12:51:12,2.500e+00
867.7,12:51:13,2.200e+00
868.8,12:51:14,1.980e+00
869.9,12:51:15,1.850e+00
871.1,12:51:17,1.700e+00
872.3,12:51:18,1.530e+00
873.4,12:51:19,1.330e+00
874.5,12:51:20,1.100e+00
875.7,12:51:21,9.070e-01
876.8,12:51:22,7.320e-01
878.0,12:51:23,5.820e-01
879.1,12:51:25,4.140e-01
880.3,12:51:26,2.780e-01
881.4,12:51:27,1.430e-01
882.6,12:51:28,5.030e-02
883.7,12:51:29,1.950e-02
884.9,12:51:30,1.210e-02
886.0,12:51:31,8.980e-03
887.2,12:51:33,7.200e-03
888.3,12:51:34,6.120e-03
889.5,12:51:35,5.310e-03
890.6,12:51:36,4.690e-03
891.7,12:51:37,4.210e-03
892.9,12:51:38,3.800e-03
894.0,12:51:39,3.500e-03
895.2,12:51:41,3.300e-03
896.3,12:51:42,3.030e-03
897.5,12:51:43,2.830e-03
898.6,12:51:44,2.660e-03
899.7,12:51:45,2.530e-03
900.9,12:51:46,2.360e-03
902.0,12:51:47,2.260e-03
903.2,12:51:49,2.160e-03
904.3,12:51:50,2.160e-03
905.5,12:51:51,2.030e-03
906.6,12:51:52,1.930e-03
907.8,12:51:53,1.860e-03
908.9,12:51:54,1.800e-03
910.1,12:51:56,1.840e-03
911.2,12:51:57,1.760e-03
912.4,12:51:58,1.750e-03
913.5,12:51:59,1.750e-03
914.7,12:52:00,1.750e-03
915.8,12:52:01,1.760e-03
917.0,12:52:02,1.760e-03
918.1,12:52:04,1.790e-03
919.3,12:52:05,1.800e-03
920.4,12:52:06,1.800e-03
921.6,12:52:07,1.840e-03
922.7,12:52:08,1.860e-03
923.8,12:52:09,1.860e-03
925.0,12:52:10,1.910e-03
926.1,12:52:12,1.910e-03
927.3,12:52:13,1.930e-03
928.4,12:52:14,2.000e-03
929.6,12:52:15,2.000e-03
930.7,12:52:16,1.960e-03
931.9,12:52:17,1.990e-03
933.0,12:52:18,1.940e-03
934.2,12:52:20,1.890e-03
935.3,12:52:21,1.840e-03
936.5,12:52:22,1.780e-03
937.6,12:52:23,1.740e-03
938.8,12:52:24,1.680e-03
939.9,12:52:25,1.640e-03
941.1,12:52:27,1.580e-03
942.2,12:52:28,1.540e-03
943.4,12:52:29,1.490e-03
944.5,12:52:30,1.440e-03
945.7,12:52:31,1.390e-03
946.8,12:52:32,1.340e-03
948.0,12:52:33,1.300e-03
949.1,12:52:35,1.240e-03
950.3,12:52:36,1.200e-03
951.4,12:52:37,1.160e-03
952.6,12:52:38,1.110e-03
953.7,12:52:39,1.060e-03
954.9,12:52:40,1.020e-03
956.0,12:52:41,9.880e-04
957.2,12:52:43,9.650e-04
958.3,12:52:44,9.450e-04
959.5,12:52:45,9.210e-04
960.6,12:52:46,8.980e-04
961.8,12:52:47,8.740e-04
962.9,12:52:48,8.550e-04
964.1,12:52:50,8.310e-04
965.2,12:52:51,8.070e-04
966.4,12:52:52,7.880e-04
967.5,12:52:53,7.680e-04
968.7,12:52:54,7.450e-04
969.8,12:52:55,7.250e-04
971.0,12:52:56,7.010e-04
972.1,12:52:58,6.870e-04
973.3,12:52:59,6.780e-04
974.4,12:53:00,6.650e-04
975.6,12:53:01,6.520e-04
976.7,12:53:02,6.430e-04
977.9,12:53:03,6.300e-04
979.0,12:53:04,6.180e-04
980.2,12:53:06,6.070e-04
981.3,12:53:07,5.960e-04
982.5,12:53:08,5.850e-04
983.6,12:53:09,5.720e-04
984.8,12:53:10,5.630e-04
985.9,12:53:11,5.520e-04
987.1,12:53:13,5.410e-04
988.3,12:53:14,5.270e-04
989.4,12:53:15,5.160e-04
990.6,12:53:16,5.050e-04
991.7,12:53:17,4.960e-04
992.9,12:53:18,4.850e-04
994.0,12:53:19,4.740e-04
995.2,12:53:21,4.630e-04
996.3,12:53:22,4.520e-04
997.5,12:53:23,4.410e-04
998.6,12:53:24,4.320e-04
999.8,12:53:25,4.180e-04
1000.9,12:53:26,4.100e-04
1002.1,12:53:28,3.990e-04
1003.2,12:53:29,3.950e-04
1004.4,12:53:30,3.910e-04
1005.5,12:53:31,3.860e-04
1006.7,12:53:32,3.820e-04
1007.8,12:53:33,3.780e-04
1009.0,12:53:34,3.730e-04
1010.1,12:53:36,3.690e-04
1011.3,12:53:37,3.640e-04
1012.4,12:53:38,3.610e-04
1013.6,12:53:39,3.560e-04
1014.8,12:53:40,3.520e-04
1015.9,12:53:41,3.470e-04
1017.1,12:53:42,3.430e-04
1018.2,12:53:44,3.390e-04
1019.4,12:53:45,3.350e-04
1020.5,12:53:46,3.310e-04
1021.7,12:53:47,3.260e-04
1022.8,12:53:48,3.220e-04
1023.9,12:53:49,3.170e-04
1025.1,12:53:51,3.140e-04
1026.3,12:53:52,3.090e-04
1027.4,12:53:53,3.050e-04
1028.5,12:53:54,3.010e-04
1029.7,12:53:55,2.980e-04
1030.9,12:53:56,2.930e-04
1032.0,12:53:57,2.890e-04
1033.2,12:53:59,2.860e-04
1034.3,12:54:00,2.810e-04
1035.5,12:54:01,2.770e-04
1036.6,12:54:02,2.730e-04
1037.8,12:54:03,2.700e-04
1038.9,12:54:04,2.650e-04
1040.1,12:54:06,2.610e-04
1041.2,12:54:07,2.570e-04
1042.4,12:54:08,2.540e-04
1043.5,12:54:09,2.490e-04
1044.7,12:54:10,2.450e-04
1045.8,12:54:11,2.410e-04
1047.0,12:54:12,2.380e-04
1048.1,12:54:14,2.340e-04
1049.3,12:54:15,2.300e-04
1050.5,12:54:16,2.250e-04
1051.6,12:54:17,2.220e-04
1052.7,12:54:18,2.180e-04
1053.9,12:54:19,2.140e-04
1055.0,12:54:20,2.100e-04
1056.2,12:54:22,2.070e-04
1057.3,12:54:23,2.020e-04
1058.5,12:54:24,1.990e-04
1059.6,12:54:25,1.980e-04
1060.8,12:54:26,1.960e-04
1061.9,12:54:27,1.950e-04
1063.1,12:54:29,1.940e-04
1064.3,12:54:30,1.920e-04
1065.4,12:54:31,1.910e-04
1066.5,12:54:32,1.900e-04
1067.7,12:54:33,1.880e-04
1068.9,12:54:34,1.870e-04
1070.0,12:54:35,1.860e-04
1071.2,12:54:37,1.840e-04
1072.3,12:54:38,1.830e-04
1073.5,12:54:39,1.820e-04
1074.6,12:54:40,1.810e-04
1075.8,12:54:41,1.790e-04
1076.9,12:54:42,1.780e-04
1078.1,12:54:44,1.770e-04
1079.2,12:54:45,1.750e-04
1080.4,12:54:46,1.740e-04
1081.5,12:54:47,1.720e-04
1082.7,12:54:48,1.710e-04
1083.8,12:54:49,1.700e-04
1085.0,12:54:50,1.680e-04
1086.1,12:54:52,1.670e-04
1087.3,12:54:53,1.650e-04
1088.4,12:54:54,1.640e-04
1089.6,12:54:55,1.620e-04
1090.7,12:54:56,1.610e-04
1091.9,12:54:57,1.590e-04
1093.0,12:54:58,1.570e-04
1094.2,12:55:00,1.560e-04
1095.3,12:55:01,1.540e-04
1096.5,12:55:02,1.530e-04
1097.6,12:55:03,1.510e-04
1098.8,12:55:04,1.500e-04
1099.9,12:55:05,1.480e-04
1101.1,12:55:07,1.470e-04
1102.3,12:55:08,1.460e-04
1103.4,12:55:09,1.440e-04
1104.6,12:55:10,1.430e-04
1105.7,12:55:11,1.420e-04
1106.9,12:55:12,1.400e-04
1108.0,12:55:13,1.390e-04
1109.2,12:55:15,1.380e-04
1110.3,12:55:16,1.370e-04
1111.5,12:55:17,1.350e-04
1112.6,12:55:18,1.340e-04
1113.8,12:55:19,1.330e-04
1114.9,12:55:20,1.320e-04
1116.1,12:55:22,1.310e-04
1117.2,12:55:23,1.290e-04
1118.4,12:55:24,1.280e-04
1119.5,12:55:25,1.270e-04
1120.7,12:55:26,1.260e-04
1121.8,12:55:27,1.240e-04
1123.0,12:55:28,1.230e-04
1124.1,12:55:30,1.220e-04
1125.3,12:55:31,1.210e-04
1126.4,12:55:32,1.200e-04
1127.6,12:55:33,1.190e-04
1128.7,12:55:34,1.170e-04
1129.9,12:55:35,1.160e-04
1131.0,12:55:36,1.150e-04
1132.1,12:55:38,1.140e-04
1133.3,12:55:39,1.130e-04
1134.4,12:55:40,1.120e-04
1135.6,12:55:41,1.100e-04
1136.7,12:55:42,1.090e-04
1137.9,12:55:43,1.080e-04
1139.0,12:55:44,1.070e-04
1140.2,12:55:46,1.060e-04
1141.3,12:55:47,1.040e-04
1142.5,12:55:48,1.030e-04
1143.6,12:55:49,1.020e-04
1144.8,12:55:50,1.010e-04
1146.0,12:55:51,1.000e-04
1147.1,12:55:53,9.960e-05
1148.3,12:55:54,9.910e-05
1149.4,12:55:55,9.870e-05
1150.6,12:55:56,9.820e-05
1151.7,12:55:57,9.770e-05
1152.9,12:55:58,9.720e-05
1154.0,12:55:59,9.680e-05
1155.2,12:56:01,9.630e-05
1156.3,12:56:02,9.590e-05
1157.5,12:56:03,9.540e-05
1158.6,12:56:04,9.490e-05
1159.8,12:56:05,9.450e-05
1161.0,12:56:06,9.400e-05
1162.1,12:56:08,9.350e-05
1163.3,12:56:09,9.310e-05
1164.4,12:56:10,9.270e-05
1165.6,12:56:11,9.210e-05
1166.7,12:56:12,9.170e-05
1167.9,12:56:13,9.130e-05
1169.0,12:56:14,9.070e-05
1170.2,12:56:16,9.030e-05
1171.3,12:56:17,8.990e-05
1172.5,12:56:18,8.940e-05
1173.6,12:56:19,8.900e-05
1174.8,12:56:20,8.860e-05
1175.9,12:56:21,8.800e-05
1177.1,12:56:23,8.760e-05
1178.2,12:56:24,8.720e-05
1179.4,12:56:25,8.680e-05
1180.5,12:56:26,8.640e-05
1181.7,12:56:27,8.590e-05
1182.8,12:56:28,8.550e-05
1184.0,12:56:29,8.500e-05
1185.1,12:56:31,8.470e-05
1186.3,12:56:32,8.410e-05
1187.5,12:56:33,8.370e-05
1188.6,12:56:34,8.330e-05
1189.7,12:56:35,8.290e-05
1190.9,12:56:36,8.240e-05
1192.1,12:56:37,8.200e-05
1193.2,12:56:39,8.140e-05
1194.4,12:56:40,8.120e-05
1195.5,12:56:41,8.070e-05
1196.7,12:56:42,8.020e-05
1197.8,12:56:43,7.980e-05
1199.0,12:56:44,7.930e-05
1200.1,12:56:46,7.890e-05
1201.3,12:56:47,7.850e-05
1202.4,12:56:48,7.810e-05
1203.6,12:56:49,7.770e-05
1204.7,12:56:50,7.720e-05
1205.9,12:56:51,7.680e-05
1207.0,12:56:52,7.640e-05
1208.2,12:56:54,7.600e-05
1209.4,12:56:55,7.560e-05
1210.5,12:56:56,7.510e-05
1211.7,12:56:57,7.470e-05
1212.8,12:56:58,7.430e-05
1214.0,12:56:59,7.390e-05
1215.1,12:57:01,7.340e-05
1216.3,12:57:02,7.300e-05
1217.4,12:57:03,7.260e-05
1218.6,12:57:04,7.220e-05
1219.7,12:57:05,7.180e-05
1220.9,12:57:06,7.130e-05
1222.0,12:57:07,7.090e-05
1223.2,12:57:09,7.050e-05
1224.4,12:57:10,7.020e-05
1225.5,12:57:11,6.990e-05
1226.7,12:57:12,6.970e-05
1227.8,12:57:13,6.950e-05
1229.0,12:57:14,6.920e-05
1230.1,12:57:16,6.900e-05
1231.3,12:57:17,6.880e-05
1232.4,12:57:18,6.860e-05
1233.6,12:57:19,6.850e-05
1234.7,12:57:20,6.820e-05
1235.9,12:57:21,6.800e-05
1237.0,12:57:22,6.780e-05
1238.2,12:57:24,6.760e-05
1239.3,12:57:25,6.740e-05
1240.5,12:57:26,6.720e-05
1241.6,12:57:27,6.700e-05
1242.8,12:57:28,6.680e-05
1243.9,12:57:29,6.660e-05
1245.1,12:57:31,6.640e-05
1246.2,12:57:32,6.620e-05
1247.4,12:57:33,6.600e-05
1248.6,12:57:34,6.580e-05
1249.7,12:57:35,6.560e-05
1250.8,12:57:36,6.540e-05
1252.0,12:57:37,6.520e-05
1253.2,12:57:39,6.500e-05
1254.3,12:57:40,6.480e-05
1255.5,12:57:41,6.450e-05
1256.6,12:57:42,6.430e-05
1257.8,12:57:43,6.410e-05
1258.9,12:57:44,6.390e-05
1260.1,12:57:46,6.370e-05
1261.2,12:57:47,6.350e-05
1262.4,12:57:48,6.330e-05
1263.5,12:57:49,6.310e-05
1264.7,12:57:50,6.290e-05
1265.8,12:57:51,6.270e-05
1267.0,12:57:52,6.250e-05
1268.1,12:57:54,6.230e-05
1269.3,12:57:55,6.210e-05
1270.4,12:57:56,6.180e-05
1271.6,12:57:57,6.170e-05
1272.7,12:57:58,6.150e-05
1273.9,12:57:59,6.130e-05
1275.1,12:58:00,6.110e-05
1276.2,12:58:02,6.080e-05
1277.4,12:58:03,6.070e-05
1278.5,12:58:04,6.050e-05
1279.7,12:58:05,6.030e-05
1280.8,12:58:06,6.010e-05
1282.0,12:58:07,5.980e-05
1283.1,12:58:09,5.970e-05
1284.3,12:58:10,5.950e-05
1285.4,12:58:11,5.930e-05
1286.6,12:58:12,5.910e-05
1287.7,12:58:13,5.880e-05
1288.9,12:58:14,5.870e-05
1290.0,12:58:15,5.850e-05
1291.2,12:58:17,5.830e-05
1292.3,12:58:18,5.810e-05
1293.5,12:58:19,5.790e-05
1294.6,12:58:20,5.770e-05
1295.8,12:58:21,5.750e-05
1296.9,12:58:22,5.730e-05
1298.1,12:58:24,5.710e-05
1299.3,12:58:25,5.690e-05
1300.4,12:58:26,5.680e-05
1301.6,12:58:27,5.660e-05
1302.7,12:58:28,5.640e-05
1303.9,12:58:29,5.610e-05
1305.0,12:58:30,5.590e-05
1306.2,12:58:32,5.580e-05
1307.4,12:58:33,5.560e-05
1308.5,12:58:34,5.540e-05
1309.7,12:58:35,5.520e-05
1310.8,12:58:36,5.510e-05
1312.0,12:58:37,5.490e-05
1313.1,12:58:39,5.460e-05
1314.3,12:58:40,5.450e-05
1315.4,12:58:41,5.430e-05
1316.6,12:58:42,5.410e-05
1317.7,12:58:43,5.390e-05
1318.9,12:58:44,5.370e-05
1320.1,12:58:45,5.360e-05
1321.2,12:58:47,5.340e-05
1322.3,12:58:48,5.320e-05
1323.5,12:58:49,5.300e-05
1324.7,12:58:50,5.290e-05
1325.8,12:58:51,5.260e-05
1327.0,12:58:52,5.240e-05
1328.1,12:58:54,5.220e-05
1329.3,12:58:55,5.210e-05
1330.4,12:58:56,5.190e-05
1331.6,12:58:57,5.170e-05
1332.7,12:58:58,5.160e-05
1333.9,12:58:59,5.140e-05
1335.0,12:59:00,5.120e-05
1336.2,12:59:02,5.100e-05
1337.3,12:59:03,5.090e-05
1338.5,12:59:04,5.070e-05
1339.6,12:59:05,5.050e-05
1340.8,12:59:06,5.030e-05
1341.9,12:59:07,5.010e-05
1343.1,12:59:09,4.990e-05
1344.2,12:59:10,4.980e-05
1345.4,12:59:11,4.960e-05
1346.6,12:59:12,4.940e-05
1347.7,12:59:13,4.910e-05
1348.9,12:59:14,4.900e-05
1350.0,12:59:15,4.880e-05
1351.2,12:59:17,4.870e-05
1352.3,12:59:18,4.840e-05
1353.5,12:59:19,4.830e-05
1354.6,12:59:20,4.810e-05
1355.8,12:59:21,4.790e-05
1356.9,12:59:22,4.770e-05
1358.1,12:59:24,4.760e-05
1359.2,12:59:25,4.740e-05
1360.4,12:59:26,4.720e-05
1361.6,12:59:27,4.700e-05
1362.7,12:59:28,4.690e-05
1363.9,12:59:29,4.670e-05
1365.0,12:59:30,4.640e-05
1366.2,12:59:32,4.620e-05
1367.3,12:59:33,4.600e-05
1368.5,12:59:34,4.590e-05
1369.6,12:59:35,4.570e-05
1370.8,12:59:36,4.550e-05
1371.9,12:59:37,4.540e-05
1373.1,12:59:39,4.520e-05
1374.2,12:59:40,4.500e-05
1375.4,12:59:41,4.490e-05
1376.5,12:59:42,4.470e-05
1377.7,12:59:43,4.450e-05
1378.8,12:59:44,4.430e-05
1380.0,12:59:45,4.420e-05
1381.1,12:59:47,4.400e-05
1382.3,12:59:48,4.380e-05
1383.4,12:59:49,4.370e-05
1384.6,12:59:50,4.350e-05
1385.8,12:59:51,4.330e-05
1386.9,12:59:52,4.310e-05
1388.1,12:59:53,4.300e-05
1389.2,12:59:55,4.270e-05
1390.4,12:59:56,4.260e-05
1391.5,12:59:57,4.250e-05
1392.7,12:59:58,4.230e-05
1393.8,12:59:59,4.210e-05
1395.0,13:00:00,4.200e-05
1396.1,13:00:02,4.180e-05
1397.3,13:00:03,4.160e-05
1398.4,13:00:04,4.150e-05
1399.6,13:00:05,4.130e-05
1400.8,13:00:06,4.120e-05
1401.9,13:00:07,4.100e-05
1403.1,13:00:09,4.080e-05
1404.2,13:00:10,4.060e-05
1405.4,13:00:11,4.050e-05
1406.5,13:00:12,4.030e-05
1407.7,13:00:13,4.020e-05
1408.9,13:00:14,4.000e-05
1410.0,13:00:15,3.990e-05
1411.2,13:00:17,3.980e-05
1412.3,13:00:18,3.980e-05
1413.5,13:00:19,3.970e-05
1414.6,13:00:20,3.960e-05
1415.8,13:00:21,3.960e-05
1416.9,13:00:22,3.950e-05
1418.1,13:00:24,3.940e-05
1419.2,13:00:25,3.930e-05
1420.4,13:00:26,3.930e-05
1421.5,13:00:27,3.920e-05
1422.7,13:00:28,3.920e-05
1423.9,13:00:29,3.910e-05
1425.0,13:00:30,3.900e-05
1426.2,13:00:32,3.890e-05
1427.3,13:00:33,3.890e-05
1428.5,13:00:34,3.880e-05
1429.6,13:00:35,3.870e-05
1430.8,13:00:36,3.870e-05
1431.9,13:00:37,3.860e-05
1433.1,13:00:39,3.850e-05
1434.2,13:00:40,3.850e-05
1435.4,13:00:41,3.840e-05
1436.5,13:00:42,3.830e-05
1437.7,13:00:43,3.830e-05
1438.8,13:00:44,3.820e-05
1440.0,13:00:45,3.810e-05
1441.1,13:00:47,3.810e-05
1442.3,13:00:48,3.800e-05
1443.4,13:00:49,3.790e-05
1444.6,13:00:50,3.790e-05
1445.8,13:00:51,3.780e-05
1446.9,13:00:52,3.770e-05
1448.1,13:00:53,3.770e-05
1449.2,13:00:55,3.760e-05
1450.4,13:00:56,3.750e-05
1451.5,13:00:57,3.750e-05
1452.7,13:00:58,3.740e-05
1453.8,13:00:59,3.730e-05
1455.0,13:01:00,3.730e-05
1456.1,13:01:02,3.720e-05
1457.3,13:01:03,3.710e-05
1458.4,13:01:04,3.710e-05
1459.6,13:01:05,3.700e-05
1460.8,13:01:06,3.700e-05
1461.9,13:01:07,3.690e-05
1463.1,13:01:09,3.680e-05
1464.2,13:01:10,3.670e-05
1465.4,13:01:11,3.670e-05
1466.5,13:01:12,3.660e-05
1467.7,13:01:13,3.660e-05
1468.8,13:01:14,3.650e-05
1470.0,13:01:15,3.640e-05
1471.1,13:01:17,3.630e-05
1472.3,13:01:18,3.630e-05
1473.4,13:01:19,3.620e-05
1474.6,13:01:20,3.620e-05
1475.8,13:01:21,3.610e-05
1476.9,13:01:22,3.600e-05
1478.1,13:01:24,3.600e-05
1479.2,13:01:25,3.590e-05
1480.4,13:01:26,3.580e-05
1481.5,13:01:27,3.580e-05
1482.7,13:01:28,3.570e-05
1483.8,13:01:29,3.570e-05
1485.0,13:01:30,3.560e-05
1486.2,13:01:32,3.550e-05
1487.3,13:01:33,3.550e-05
1488.5,13:01:34,3.540e-05
1489.6,13:01:35,3.540e-05
1490.8,13:01:36,3.530e-05
1491.9,13:01:37,3.520e-05
1493.1,13:01:39,3.520e-05
1494.3,13:01:40,3.510e-05
1495.4,13:01:41,3.510e-05
1496.6,13:01:42,3.500e-05
1497.7,13:01:43,3.500e-05
1498.9,13:01:44,3.490e-05
1500.0,13:01:45,3.480e-05
1501.2,13:01:47,3.480e-05
1502.3,13:01:48,3.470e-05
1503.5,13:01:49,3.460e-05
1504.7,13:01:50,3.460e-05
1505.8,13:01:51,3.450e-05
1507.0,13:01:52,3.450e-05
1508.1,13:01:54,3.440e-05
1509.3,13:01:55,3.430e-05
1510.4,13:01:56,3.430e-05
1511.6,13:01:57,3.420e-05
1512.8,13:01:58,3.420e-05
1513.9,13:01:59,3.410e-05
1515.1,13:02:00,3.400e-05
1516.2,13:02:02,3.400e-05
1517.4,13:02:03,3.390e-05
1518.5,13:02:04,3.390e-05
1519.7,13:02:05,3.380e-05
1520.8,13:02:06,3.380e-05
1522.0,13:02:07,3.370e-05
1523.1,13:02:09,3.360e-05
1524.3,13:02:10,3.360e-05
1525.5,13:02:11,3.350e-05
1526.6,13:02:12,3.340e-05
1527.8,13:02:13,3.340e-05
1528.9,13:02:14,3.330e-05
1530.1,13:02:16,3.330e-05
1531.3,13:02:17,3.320e-05
1532.4,13:02:18,3.320e-05
1533.6,13:02:19,3.310e-05
1534.7,13:02:20,3.300e-05
1535.9,13:02:21,3.300e-05
1537.0,13:02:22,3.290e-05
1538.2,13:02:24,3.290e-05
1539.4,13:02:25,3.280e-05
1540.5,13:02:26,3.280e-05
1541.7,13:02:27,3.270e-05
1542.8,13:02:28,3.270e-05
1544.0,13:02:29,3.260e-05
1545.1,13:02:31,3.260e-05
1546.3,13:02:32,3.250e-05
1547.4,13:02:33,3.250e-05
1548.6,13:02:34,3.240e-05
1549.8,13:02:35,3.240e-05
1550.9,13:02:36,3.230e-05
1552.1,13:02:37,3.230e-05
1553.2,13:02:39,3.220e-05
1554.4,13:02:40,3.210e-05
1555.5,13:02:41,3.210e-05
1556.7,13:02:42,3.200e-05
1557.8,13:02:43,3.200e-05
1559.0,13:02:44,3.190e-05
1560.1,13:02:46,3.180e-05
1561.3,13:02:47,3.180e-05
1562.5,13:02:48,3.180e-05
1563.6,13:02:49,3.170e-05
1564.8,13:02:50,3.170e-05
1565.9,13:02:51,3.160e-05
1567.1,13:02:53,3.150e-05
1568.2,13:02:54,3.140e-05
1569.4,13:02:55,3.140e-05
1570.5,13:02:56,3.130e-05
1571.7,13:02:57,3.130e-05
1572.9,13:02:58,3.120e-05
1574.0,13:02:59,3.120e-05
1575.2,13:03:01,3.110e-05
1576.3,13:03:02,3.110e-05
1577.5,13:03:03,3.100e-05
1578.6,13:03:04,3.100e-05
1579.8,13:03:05,3.090e-05
1580.9,13:03:06,3.090e-05
1582.1,13:03:08,3.080e-05
1583.3,13:03:09,3.080e-05
1584.4,13:03:10,3.070e-05
1585.6,13:03:11,3.070e-05
1586.7,13:03:12,3.060e-05
1587.9,13:03:13,3.060e-05
1589.0,13:03:14,3.050e-05
1590.2,13:03:16,3.050e-05
1591.3,13:03:17,3.040e-05
1592.5,13:03:18,3.030e-05
1593.6,13:03:19,3.030e-05
1594.8,13:03:20,3.030e-05
1596.0,13:03:21,3.020e-05
1597.1,13:03:23,3.020e-05
1598.3,13:03:24,3.010e-05
1599.4,13:03:25,3.000e-05
1600.6,13:03:26,3.000e-05
1601.7,13:03:27,2.990e-05
1602.9,13:03:28,2.990e-05
1604.1,13:03:29,2.980e-05
1605.2,13:03:31,2.980e-05
1606.4,13:03:32,2.970e-05
1607.5,13:03:33,2.970e-05
1608.7,13:03:34,2.960e-05
1609.8,13:03:35,2.960e-05
1611.0,13:03:36,2.950e-05
1612.1,13:03:38,2.950e-05
1613.3,13:03:39,2.940e-05
1614.4,13:03:40,2.940e-05
1615.6,13:03:41,2.930e-05
1616.7,13:03:42,2.930e-05
1617.9,13:03:43,2.920e-05
1619.0,13:03:44,2.920e-05
1620.2,13:03:46,2.910e-05
1621.4,13:03:47,2.900e-05
1622.5,13:03:48,2.900e-05
1623.7,13:03:49,2.900e-05
1624.8,13:03:50,2.890e-05
1626.0,13:03:51,2.890e-05
1627.2,13:03:53,2.880e-05
1628.3,13:03:54,2.870e-05
1629.5,13:03:55,2.870e-05
1630.6,13:03:56,2.860e-05
1631.8,13:03:57,2.860e-05
1632.9,13:03:58,2.850e-05
1634.1,13:04:00,2.850e-05
1635.2,13:04:01,2.850e-05
1636.4,13:04:02,2.840e-05
1637.5,13:04:03,2.830e-05
1638.7,13:04:04,2.830e-05
1639.8,13:04:05,2.820e-05
1641.0,13:04:06,2.820e-05
1642.2,13:04:08,2.810e-05
1643.3,13:04:09,2.810e-05
1644.5,13:04:10,2.800e-05
1645.6,13:04:11,2.800e-05
1646.8,13:04:12,2.800e-05
1648.0,13:04:13,2.790e-05
1649.1,13:04:15,2.790e-05
1650.3,13:04:16,2.780e-05
1651.4,13:04:17,2.770e-05
1652.6,13:04:18,2.770e-05
1653.7,13:04:19,2.770e-05
1654.9,13:04:20,2.760e-05
1656.0,13:04:21,2.750e-05
1657.2,13:04:23,2.750e-05
1658.4,13:04:24,2.750e-05
1659.5,13:04:25,2.740e-05
1660.7,13:04:26,2.740e-05
1661.8,13:04:27,2.730e-05
1663.0,13:04:28,2.720e-05
1664.1,13:04:30,2.720e-05
1665.3,13:04:31,2.710e-05
1666.4,13:04:32,2.710e-05
1667.6,13:04:33,2.700e-05
1668.8,13:04:34,2.700e-05
1669.9,13:04:35,2.690e-05
1671.1,13:04:36,2.690e-05
1672.2,13:04:38,2.680e-05
1673.4,13:04:39,2.680e-05
1674.6,13:04:40,2.670e-05
1675.7,13:04:41,2.670e-05
1676.9,13:04:42,2.660e-05
1678.0,13:04:43,2.660e-05
1679.2,13:04:45,2.650e-05
1680.3,13:04:46,2.640e-05
1681.5,13:04:47,2.640e-05
1682.7,13:04:48,2.640e-05
1683.8,13:04:49,2.630e-05
1685.0,13:04:50,2.630e-05
1686.1,13:04:52,2.620e-05
1687.3,13:04:53,2.620e-05
1688.4,13:04:54,2.610e-05
1689.6,13:04:55,2.610e-05
1690.7,13:04:56,2.600e-05
1691.9,13:04:57,2.600e-05
1693.0,13:04:58,2.590e-05
1694.2,13:05:00,2.590e-05
1695.4,13:05:01,2.580e-05
1696.5,13:05:02,2.580e-05
1697.7,13:05:03,2.570e-05
1698.8,13:05:04,2.570e-05
1700.0,13:05:05,2.570e-05
1701.1,13:05:07,2.560e-05
1702.3,13:05:08,2.560e-05
1703.4,13:05:09,2.550e-05
1704.6,13:05:10,2.540e-05
1705.7,13:05:11,2.540e-05
1706.9,13:05:12,2.540e-05
1708.0,13:05:13,2.530e-05
1709.2,13:05:15,2.530e-05
1710.3,13:05:16,2.520e-05
1711.5,13:05:17,2.520e-05
1712.6,13:05:18,2.510e-05
1713.8,13:05:19,2.510e-05
1715.0,13:05:20,2.500e-05
1716.1,13:05:22,2.500e-05
1717.3,13:05:23,2.490e-05
1718.4,13:05:24,2.490e-05
1719.6,13:05:25,2.480e-05
1720.7,13:05:26,2.480e-05
1721.9,13:05:27,2.480e-05
1723.0,13:05:28,2.470e-05
1724.2,13:05:30,2.470e-05
1725.3,13:05:31,2.460e-05
1726.5,13:05:32,2.460e-05
1727.7,13:05:33,2.450e-05
1728.8,13:05:34,2.450e-05
1730.0,13:05:35,2.440e-05
1731.1,13:05:37,2.440e-05
1732.3,13:05:38,2.430e-05
1733.4,13:05:39,2.430e-05
1734.6,13:05:40,2.430e-05
1735.7,13:05:41,2.420e-05
1736.9,13:05:42,2.420e-05
1738.0,13:05:43,2.410e-05
1739.2,13:05:45,2.410e-05
1740.3,13:05:46,2.400e-05
1741.5,13:05:47,2.400e-05
1742.6,13:05:48,2.390e-05
1743.8,13:05:49,2.390e-05
1745.0,13:05:50,2.380e-05
1746.1,13:05:52,2.380e-05
1747.3,13:05:53,2.380e-05
1748.4,13:05:54,2.370e-05
1749.6,13:05:55,2.370e-05
1750.8,13:05:56,2.360e-05
1751.9,13:05:57,2.360e-05
1753.1,13:05:58,2.350e-05
1754.2,13:06:00,2.350e-05
1755.4,13:06:01,2.340e-05
1756.5,13:06:02,2.340e-05
1757.7,13:06:03,2.330e-05
1758.8,13:06:04,2.330e-05
1760.0,13:06:05,2.320e-05
1761.2,13:06:07,2.320e-05
1762.3,13:06:08,2.310e-05
1763.5,13:06:09,2.310e-05
1764.6,13:06:10,2.300e-05
1765.8,13:06:11,2.300e-05
1766.9,13:06:12,2.300e-05
1768.1,13:06:14,2.290e-05
1769.2,13:06:15,2.290e-05
1770.4,13:06:16,2.280e-05
1771.6,13:06:17,2.280e-05
1772.7,13:06:18,2.270e-05
1773.9,13:06:19,2.270e-05
1775.0,13:06:20,2.270e-05
1776.2,13:06:22,2.260e-05
1777.3,13:06:23,2.260e-05
1778.5,13:06:24,2.250e-05
1779.6,13:06:25,2.250e-05
1780.8,13:06:26,2.250e-05
1781.9,13:06:27,2.240e-05
1783.1,13:06:29,2.240e-05
1784.2,13:06:30,2.230e-05
1785.4,13:06:31,2.230e-05
1786.5,13:06:32,2.220e-05
1787.7,13:06:33,2.220e-05
1788.9,13:06:34,2.220e-05
1790.0,13:06:35,2.220e-05
1791.2,13:06:37,2.210e-05
1792.3,13:06:38,2.210e-05
1793.5,13:06:39,2.200e-05
1794.6,13:06:40,2.200e-05
1795.8,13:06:41,2.190e-05
1796.9,13:06:42,2.190e-05
1798.1,13:06:44,2.190e-05
1799.2,13:06:45,2.180e-05
1800.4,13:06:46,2.180e-05
1801.5,13:06:47,2.170e-05
1802.7,13:06:48,2.170e-05
1803.8,13:06:49,2.170e-05
1805.0,13:06:50,2.170e-05
1806.1,13:06:52,2.160e-05
1807.3,13:06:53,2.160e-05
1808.5,13:06:54,2.150e-05
1809.6,13:06:55,2.150e-05
1810.8,13:06:56,2.150e-05
1811.9,13:06:57,2.140e-05
1813.1,13:06:59,2.140e-05
1814.2,13:07:00,2.130e-05
1815.4,13:07:01,2.130e-05
1816.5,13:07:02,2.130e-05
1817.7,13:07:03,2.120e-05
1818.8,13:07:04,2.120e-05
1820.0,13:07:05,2.120e-05
1821.1,13:07:07,2.120e-05
1822.3,13:07:08,2.110e-05
1823.4,13:07:09,2.110e-05
1824.6,13:07:10,2.100e-05
1825.7,13:07:11,2.100e-05
1826.9,13:07:12,2.100e-05
1828.0,13:07:13,2.090e-05
1829.2,13:07:15,2.090e-05
1830.4,13:07:16,2.080e-05
1831.5,13:07:17,2.080e-05
1832.7,13:07:18,2.080e-05
1833.8,13:07:19,2.070e-05
1835.0,13:07:20,2.070e-05
1836.1,13:07:22,2.070e-05
1837.3,13:07:23,2.060e-05
1838.4,13:07:24,2.060e-05
1839.6,13:07:25,2.060e-05
1840.7,13:07:26,2.050e-05
1841.9,13:07:27,2.050e-05
1843.1,13:07:28,2.050e-05
1844.2,13:07:30,2.040e-05
1845.4,13:07:31,2.040e-05
1846.5,13:07:32,2.030e-05
1847.7,13:07:33,2.030e-05
1848.8,13:07:34,2.020e-05
1850.0,13:07:35,2.020e-05
1851.1,13:07:37,2.020e-05
1852.3,13:07:38,2.010e-05
1853.4,13:07:39,2.010e-05
1854.6,13:07:40,2.010e-05
1855.7,13:07:41,2.000e-05
1856.9,13:07:42,2.000e-05
1858.0,13:07:43,2.000e-05
1859.2,13:07:45,1.990e-05
1860.3,13:07:46,1.990e-05
1861.5,13:07:47,1.990e-05
1862.6,13:07:48,1.990e-05
1863.8,13:07:49,1.990e-05
1864.9,13:07:50,1.980e-05
1866.1,13:07:52,1.980e-05
1867.3,13:07:53,1.980e-05
1868.4,13:07:54,1.980e-05
1869.6,13:07:55,1.970e-05
1870.7,13:07:56,1.970e-05
1871.9,13:07:57,1.970e-05
1873.0,13:07:58,1.970e-05
1874.2,13:08:00,1.970e-05
1875.4,13:08:01,1.970e-05
1876.5,13:08:02,1.960e-05
1877.7,13:08:03,1.960e-05
1878.8,13:08:04,1.960e-05
1880.0,13:08:05,1.960e-05
1881.1,13:08:07,1.960e-05
1882.3,13:08:08,1.950e-05
1883.4,13:08:09,1.950e-05
1884.6,13:08:10,1.950e-05
1885.7,13:08:11,1.950e-05
1886.9,13:08:12,1.950e-05
1888.0,13:08:13,1.950e-05
1889.2,13:08:15,1.940e-05
1890.4,13:08:16,1.940e-05
1891.5,13:08:17,1.940e-05
1892.7,13:08:18,1.940e-05
1893.8,13:08:19,1.940e-05
1895.0,13:08:20,1.930e-05
1896.1,13:08:22,1.930e-05
1897.3,13:08:23,1.930e-05
1898.4,13:08:24,1.930e-05
1899.6,13:08:25,1.930e-05
1900.7,13:08:26,1.930e-05
1901.9,13:08:27,1.920e-05
1903.1,13:08:28,1.920e-05
1904.2,13:08:30,1.920e-05
1905.4,13:08:31,1.920e-05
1906.5,13:08:32,1.920e-05
1907.7,13:08:33,1.920e-05
1908.8,13:08:34,1.910e-05
1910.0,13:08:35,1.910e-05
1911.1,13:08:37,1.910e-05
1912.3,13:08:38,1.910e-05
1913.5,13:08:39,1.910e-05
1914.6,13:08:40,1.910e-05
1915.8,13:08:41,1.900e-05
1916.9,13:08:42,1.900e-05
1918.1,13:08:44,1.900e-05
1919.3,13:08:45,1.900e-05
1920.4,13:08:46,1.900e-05
1921.6,13:08:47,1.900e-05
1922.7,13:08:48,1.890e-05
1923.9,13:08:49,1.890e-05
1925.1,13:08:51,1.890e-05
1926.2,13:08:52,1.890e-05
1927.4,13:08:53,1.890e-05
1928.6,13:08:54,1.880e-05
1929.7,13:08:55,1.880e-05
1930.9,13:08:56,1.880e-05
1932.1,13:08:58,1.880e-05
1933.2,13:08:59,1.880e-05
1934.4,13:09:00,1.870e-05
1935.5,13:09:01,1.870e-05
1936.7,13:09:02,1.870e-05
1937.9,13:09:03,1.870e-05
1939.0,13:09:04,1.870e-05
1940.2,13:09:06,1.870e-05
1941.3,13:09:07,1.860e-05
1942.5,13:09:08,1.860e-05
1943.6,13:09:09,1.860e-05
1944.8,13:09:10,1.860e-05
1946.0,13:09:11,1.860e-05
1947.1,13:09:13,1.860e-05
1948.3,13:09:14,1.850e-05
1949.4,13:09:15,1.850e-05
1950.6,13:09:16,1.850e-05
1951.7,13:09:17,1.850e-05
1952.9,13:09:18,1.850e-05
1954.1,13:09:19,1.850e-05
1955.2,13:09:21,1.840e-05
1956.4,13:09:22,1.840e-05
1957.5,13:09:23,1.840e-05
1958.7,13:09:24,1.840e-05
1959.9,13:09:25,1.840e-05
1961.0,13:09:26,1.840e-05
1962.2,13:09:28,1.830e-05
1963.3,13:09:29,1.830e-05
1964.5,13:09:30,1.830e-05
1965.7,13:09:31,1.830e-05
1966.8,13:09:32,1.830e-05
1968.0,13:09:33,1.830e-05
1969.1,13:09:35,1.820e-05
1970.3,13:09:36,1.820e-05
1971.5,13:09:37,1.820e-05
1972.6,13:09:38,1.820e-05
1973.8,13:09:39,1.820e-05
1974.9,13:09:40,1.810e-05
1976.1,13:09:42,1.810e-05
1977.3,13:09:43,1.810e-05
1978.4,13:09:44,1.810e-05
1979.6,13:09:45,1.810e-05
1980.7,13:09:46,1.810e-05
1981.9,13:09:47,1.800e-05
1983.1,13:09:49,1.800e-05
1984.2,13:09:50,1.800e-05
1985.4,13:09:51,1.800e-05
1986.6,13:09:52,1.800e-05
1987.7,13:09:53,1.800e-05
1988.9,13:09:54,1.790e-05
1990.0,13:09:55,1.790e-05
1991.2,13:09:57,1.790e-05
1992.3,13:09:58,1.790e-05
1993.5,13:09:59,1.790e-05
1994.7,13:10:00,1.780e-05
1995.8,13:10:01,1.780e-05
1997.0,13:10:02,1.780e-05
1998.2,13:10:04,1.780e-05
1999.3,13:10:05,1.780e-05
2000.5,13:10:06,1.780e-05
2001.6,13:10:07,1.770e-05
2002.8,13:10:08,1.770e-05
2004.0,13:10:09,1.770e-05
2005.1,13:10:11,1.770e-05
2006.3,13:10:12,1.770e-05
2007.4,13:10:13,1.770e-05
2008.6,13:10:14,1.770e-05
2009.7,13:10:15,1.760e-05
2010.9,13:10:16,1.760e-05
2012.1,13:10:17,1.760e-05
2013.2,13:10:19,1.760e-05
2014.4,13:10:20,1.760e-05
2015.5,13:10:21,1.750e-05
2016.7,13:10:22,1.750e-05
2017.9,13:10:23,1.750e-05
2019.0,13:10:24,1.750e-05
2020.2,13:10:26,1.750e-05
2021.3,13:10:27,1.750e-05
2022.5,13:10:28,1.750e-05
2023.6,13:10:29,1.740e-05
2024.8,13:10:30,1.740e-05
2025.9,13:10:31,1.740e-05
2027.1,13:10:33,1.740e-05
2028.3,13:10:34,1.740e-05
2029.4,13:10:35,1.740e-05
2030.6,13:10:36,1.730e-05
2031.7,13:10:37,1.730e-05
2032.9,13:10:38,1.730e-05
2034.1,13:10:40,1.730e-05
2035.2,13:10:41,1.730e-05
2036.4,13:10:42,1.730e-05
2037.6,13:10:43,1.720e-05
2038.7,13:10:44,1.720e-05
2039.9,13:10:45,1.720e-05
2041.0,13:10:46,1.720e-05
2042.2,13:10:48,1.720e-05
2043.3,13:10:49,1.720e-05
2044.5,13:10:50,1.710e-05
2045.6,13:10:51,1.710e-05
2046.8,13:10:52,1.710e-05
2048.0,13:10:53,1.710e-05
2049.2,13:10:55,1.710e-05
2050.3,13:10:56,1.710e-05
2051.5,13:10:57,1.710e-05
2052.6,13:10:58,1.700e-05
2053.8,13:10:59,1.700e-05
2054.9,13:11:00,1.700e-05
2056.1,13:11:02,1.700e-05
2057.3,13:11:03,1.700e-05
2058.4,13:11:04,1.700e-05
2059.6,13:11:05,1.700e-05
2060.7,13:11:06,1.690e-05
2061.9,13:11:07,1.690e-05
2063.1,13:11:08,1.690e-05
2064.2,13:11:10,1.690e-05
2065.4,13:11:11,1.690e-05
2066.5,13:11:12,1.690e-05
2067.7,13:11:13,1.680e-05
2068.9,13:11:14,1.680e-05
2070.0,13:11:15,1.680e-05
2071.2,13:11:17,1.680e-05
2072.3,13:11:18,1.680e-05
2073.5,13:11:19,1.680e-05
2074.7,13:11:20,1.670e-05
2075.8,13:11:21,1.670e-05
2077.0,13:11:22,1.670e-05
2078.1,13:11:24,1.670e-05
2079.3,13:11:25,1.670e-05
2080.4,13:11:26,1.670e-05
2081.6,13:11:27,1.660e-05
2082.8,13:11:28,1.660e-05
2083.9,13:11:29,1.660e-05
2085.1,13:11:31,1.660e-05
2086.2,13:11:32,1.660e-05
2087.4,13:11:33,1.660e-05
2088.6,13:11:34,1.660e-05
2089.7,13:11:35,1.650e-05
2090.9,13:11:36,1.650e-05
2092.0,13:11:37,1.650e-05
2093.2,13:11:39,1.650e-05
2094.4,13:11:40,1.650e-05
2095.5,13:11:41,1.650e-05
2096.7,13:11:42,1.640e-05
2097.8,13:11:43,1.640e-05
2099.0,13:11:44,1.640e-05
2100.2,13:11:46,1.640e-05
2101.3,13:11:47,1.640e-05
2102.5,13:11:48,1.640e-05
2103.7,13:11:49,1.640e-05
2104.8,13:11:50,1.630e-05
2106.0,13:11:51,1.630e-05
2107.1,13:11:53,1.630e-05
2108.3,13:11:54,1.630e-05
2109.5,13:11:55,1.630e-05
2110.6,13:11:56,1.630e-05
2111.8,13:11:57,1.620e-05
2112.9,13:11:58,1.620e-05
2114.1,13:12:00,1.620e-05
2115.3,13:12:01,1.620e-05
2116.4,13:12:02,1.620e-05
2117.6,13:12:03,1.620e-05
2118.7,13:12:04,1.610e-05
2119.9,13:12:05,1.610e-05
2121.1,13:12:06,1.610e-05
2122.2,13:12:08,1.610e-05
2123.4,13:12:09,1.610e-05
2124.5,13:12:10,1.610e-05
2125.7,13:12:11,1.610e-05
2126.9,13:12:12,1.600e-05
2128.0,13:12:13,1.600e-05
2129.2,13:12:15,1.600e-05
2130.4,13:12:16,1.600e-05
2131.5,13:12:17,1.600e-05
2132.7,13:12:18,1.600e-05
2133.8,13:12:19,1.600e-05
2135.0,13:12:20,1.600e-05
2136.1,13:12:22,1.590e-05
2137.3,13:12:23,1.590e-05
2138.5,13:12:24,1.590e-05
2139.6,13:12:25,1.590e-05
2140.8,13:12:26,1.590e-05
2141.9,13:12:27,1.590e-05
2143.1,13:12:29,1.590e-05
2144.3,13:12:30,1.590e-05
2145.4,13:12:31,1.580e-05
2146.6,13:12:32,1.580e-05
2147.7,13:12:33,1.580e-05
2148.9,13:12:34,1.580e-05
2150.0,13:12:35,1.580e-05
2151.2,13:12:37,1.580e-05
2152.3,13:12:38,1.580e-05
2153.5,13:12:39,1.580e-05
2154.6,13:12:40,1.570e-05
2155.8,13:12:41,1.570e-05
2156.9,13:12:42,1.570e-05
2158.1,13:12:44,1.570e-05
2159.2,13:12:45,1.570e-05
2160.4,13:12:46,1.570e-05
2161.5,13:12:47,1.570e-05
2162.7,13:12:48,1.570e-05
2163.8,13:12:49,1.560e-05
2165.0,13:12:50,1.560e-05
2166.1,13:12:52,1.560e-05
2167.3,13:12:53,1.560e-05
2168.4,13:12:54,1.560e-05
2169.6,13:12:55,1.560e-05
2170.7,13:12:56,1.560e-05
2171.9,13:12:57,1.560e-05
2173.0,13:12:58,1.560e-05
2174.2,13:13:00,1.550e-05
2175.3,13:13:01,1.550e-05
2176.5,13:13:02,1.550e-05
2177.6,13:13:03,1.550e-05
2178.8,13:13:04,1.550e-05
2179.9,13:13:05,1.550e-05
2181.1,13:13:07,1.550e-05
2182.2,13:13:08,1.550e-05
2183.4,13:13:09,1.540e-05
2184.6,13:13:10,1.540e-05
2185.7,13:13:11,1.540e-05
2186.8,13:13:12,1.540e-05
2188.0,13:13:13,1.540e-05
2189.2,13:13:15,1.540e-05
2190.3,13:13:16,1.530e-05
2191.5,13:13:17,1.530e-05
2192.6,13:13:18,1.530e-05
2193.8,13:13:19,1.530e-05
2194.9,13:13:20,1.530e-05
2196.1,13:13:22,1.530e-05
2197.2,13:13:23,1.530e-05
2198.4,13:13:24,1.530e-05
2199.5,13:13:25,1.530e-05
2200.7,13:13:26,1.520e-05
2201.8,13:13:27,1.520e-05
2203.0,13:13:28,1.520e-05
2204.1,13:13:30,1.520e-05
2205.3,13:13:31,1.520e-05
2206.4,13:13:32,1.520e-05
2207.6,13:13:33,1.520e-05
2208.7,13:13:34,1.520e-05
2209.9,13:13:35,1.510e-05
2211.0,13:13:36,1.510e-05
2212.2,13:13:38,1.510e-05
2213.3,13:13:39,1.510e-05
2214.5,13:13:40,1.510e-05
2215.7,13:13:41,1.510e-05
2216.8,13:13:42,1.510e-05
2218.0,13:13:43,1.500e-05
2219.1,13:13:45,1.500e-05
2220.3,13:13:46,1.500e-05
2221.4,13:13:47,1.500e-05
2222.6,13:13:48,1.500e-05
2223.7,13:13:49,1.500e-05
2224.9,13:13:50,1.500e-05
2226.0,13:13:51,1.500e-05
2227.2,13:13:53,1.490e-05
2228.3,13:13:54,1.490e-05
2229.5,13:13:55,1.490e-05
2230.6,13:13:56,1.490e-05
2231.8,13:13:57,1.490e-05
2232.9,13:13:58,1.490e-05
2234.1,13:14:00,1.490e-05
2235.2,13:14:01,1.490e-05
2236.4,13:14:02,1.480e-05
2237.5,13:14:03,1.480e-05
2238.7,13:14:04,1.480e-05
2239.8,13:14:05,1.480e-05
2241.0,13:14:06,1.480e-05
2242.1,13:14:08,1.480e-05
2243.3,13:14:09,1.480e-05
2244.4,13:14:10,1.470e-05
2245.6,13:14:11,1.470e-05
2246.7,13:14:12,1.470e-05
2247.9,13:14:13,1.470e-05
2249.0,13:14:14,1.470e-05
2250.2,13:14:16,1.470e-05
2251.4,13:14:17,1.470e-05
2252.5,13:14:18,1.470e-05
2253.6,13:14:19,1.460e-05
2254.8,13:14:20,1.460e-05
2256.0,13:14:21,1.460e-05
2257.1,13:14:23,1.460e-05
2258.3,13:14:24,1.460e-05
2259.4,13:14:25,1.460e-05
2260.6,13:14:26,1.460e-05
2261.7,13:14:27,1.460e-05
2262.9,13:14:28,1.450e-05
2264.0,13:14:29,1.450e-05
2265.2,13:14:31,1.450e-05
2266.3,13:14:32,1.450e-05
2267.5,13:14:33,1.450e-05
2268.6,13:14:34,1.450e-05
2269.8,13:14:35,1.450e-05
2270.9,13:14:36,1.440e-05
2272.1,13:14:38,1.440e-05
2273.2,13:14:39,1.440e-05
2274.4,13:14:40,1.440e-05
2275.5,13:14:41,1.440e-05
2276.7,13:14:42,1.440e-05
2277.8,13:14:43,1.440e-05
2279.0,13:14:44,1.430e-05
2280.1,13:14:46,1.430e-05
2281.3,13:14:47,1.430e-05
2282.4,13:14:48,1.430e-05
2283.6,13:14:49,1.430e-05
2284.7,13:14:50,1.430e-05
2285.9,13:14:51,1.430e-05
2287.0,13:14:52,1.430e-05
2288.2,13:14:54,1.420e-05
2289.3,13:14:55,1.420e-05
2290.5,13:14:56,1.420e-05
2291.6,13:14:57,1.420e-05
2292.7,13:14:58,1.420e-05
2293.9,13:14:59,1.420e-05
2295.1,13:15:00,1.420e-05
2296.2,13:15:02,1.420e-05
2297.4,13:15:03,1.420e-05
2298.5,13:15:04,1.420e-05
2299.7,13:15:05,1.420e-05
2300.8,13:15:06,1.410e-05
2302.0,13:15:07,1.410e-05
2303.1,13:15:09,1.410e-05
2304.3,13:15:10,1.410e-05
2305.4,13:15:11,1.410e-05
2306.6,13:15:12,1.410e-05
2307.7,13:15:13,1.410e-05
2308.9,13:15:14,1.410e-05
2310.0,13:15:15,1.400e-05
2311.2,13:15:17,1.400e-05
2312.3,13:15:18,1.400e-05
2313.5,13:15:19,1.400e-05
2314.6,13:15:20,1.400e-05
2315.8,13:15:21,1.400e-05
2316.9,13:15:22,1.400e-05
2318.1,13:15:24,1.400e-05
2319.2,13:15:25,1.400e-05
2320.4,13:15:26,1.400e-05
2321.5,13:15:27,1.390e-05
2322.7,13:15:28,1.390e-05
2323.8,13:15:29,1.390e-05
2325.0,13:15:30,1.390e-05
2326.1,13:15:32,1.390e-05
2327.3,13:15:33,1.390e-05
2328.5,13:15:34,1.390e-05
2329.6,13:15:35,1.390e-05
2330.8,13:15:36,1.390e-05
2331.9,13:15:37,1.390e-05
2333.1,13:15:39,1.390e-05
2334.2,13:15:40,1.380e-05
2335.4,13:15:41,1.380e-05
2336.5,13:15:42,1.380e-05
2337.7,13:15:43,1.380e-05
2338.8,13:15:44,1.380e-05
2340.0,13:15:45,1.380e-05
2341.1,13:15:47,1.380e-05
2342.3,13:15:48,1.380e-05
2343.4,13:15:49,1.380e-05
2344.6,13:15:50,1.370e-05
2345.7,13:15:51,1.370e-05
2346.9,13:15:52,1.370e-05
2348.1,13:15:53,1.370e-05
2349.2,13:15:55,1.370e-05
2350.3,13:15:56,1.370e-05
2351.5,13:15:57,1.370e-05
2352.7,13:15:58,1.370e-05
2353.8,13:15:59,1.370e-05
2355.0,13:16:00,1.370e-05
2356.1,13:16:02,1.370e-05
2357.3,13:16:03,1.370e-05
2358.5,13:16:04,1.370e-05
2359.6,13:16:05,1.360e-05
2360.8,13:16:06,1.360e-05
2361.9,13:16:07,1.360e-05
2363.1,13:16:09,1.360e-05
2364.2,13:16:10,1.360e-05
2365.4,13:16:11,1.360e-05
2366.5,13:16:12,1.360e-05
2367.7,13:16:13,1.360e-05
2368.8,13:16:14,1.360e-05
2370.0,13:16:15,1.350e-05
2371.1,13:16:17,1.350e-05
2372.3,13:16:18,1.350e-05
2373.4,13:16:19,1.350e-05
2374.6,13:16:20,1.350e-05
2375.7,13:16:21,1.350e-05
2376.9,13:16:22,1.350e-05
2378.0,13:16:23,1.350e-05
2379.2,13:16:25,1.350e-05
2380.4,13:16:26,1.350e-05
2381.5,13:16:27,1.350e-05
2382.7,13:16:28,1.350e-05
2383.8,13:16:29,1.340e-05
2385.0,13:16:30,1.340e-05
2386.1,13:16:32,1.340e-05
2387.3,13:16:33,1.340e-05
2388.4,13:16:34,1.340e-05
2389.6,13:16:35,1.340e-05
2390.7,13:16:36,1.340e-05
2391.9,13:16:37,1.340e-05
2393.0,13:16:38,1.340e-05
2394.2,13:16:40,1.330e-05
2395.4,13:16:41,1.330e-05
2396.5,13:16:42,1.330e-05
2397.7,13:16:43,1.330e-05
2398.8,13:16:44,1.330e-05
2400.0,13:16:45,1.330e-05
2401.1,13:16:47,1.330e-05
2402.3,13:16:48,1.330e-05
2403.4,13:16:49,1.330e-05
2404.6,13:16:50,1.330e-05
2405.7,13:16:51,1.330e-05
2406.9,13:16:52,1.320e-05
2408.0,13:16:53,1.320e-05
2409.2,13:16:55,1.320e-05
2410.3,13:16:56,1.320e-05
2411.5,13:16:57,1.320e-05
2412.7,13:16:58,1.320e-05
2413.8,13:16:59,1.320e-05
2415.0,13:17:00,1.320e-05
2416.1,13:17:02,1.320e-05
2417.3,13:17:03,1.320e-05
2418.5,13:17:04,1.310e-05
2419.6,13:17:05,1.310e-05
2420.8,13:17:06,1.310e-05
2421.9,13:17:07,1.310e-05
2423.1,13:17:08,1.310e-05
2424.2,13:17:10,1.310e-05
2425.4,13:17:11,1.310e-05
2426.5,13:17:12,1.310e-05
2427.7,13:17:13,1.310e-05
2428.8,13:17:14,1.310e-05
2430.0,13:17:15,1.310e-05
2431.1,13:17:17,1.300e-05
2432.3,13:17:18,1.300e-05
2433.4,13:17:19,1.300e-05
2434.6,13:17:20,1.300e-05
2435.7,13:17:21,1.300e-05
2436.9,13:17:22,1.300e-05
2438.1,13:17:24,1.300e-05
2439.2,13:17:25,1.290e-05
2440.4,13:17:26,1.290e-05
2441.5,13:17:27,1.290e-05
2442.7,13:17:28,1.290e-05
2443.8,13:17:29,1.290e-05
2445.0,13:17:30,1.290e-05
2446.1,13:17:32,1.290e-05
2447.3,13:17:33,1.290e-05
2448.5,13:17:34,1.290e-05
2449.6,13:17:35,1.280e-05
2450.8,13:17:36,1.280e-05
2451.9,13:17:37,1.280e-05
2453.1,13:17:39,1.280e-05
2454.2,13:17:40,1.280e-05
2455.4,13:17:41,1.280e-05
2456.5,13:17:42,1.280e-05
2457.7,13:17:43,1.280e-05
2458.8,13:17:44,1.280e-05
2460.0,13:17:45,1.280e-05
2461.2,13:17:47,1.280e-05
2462.3,13:17:48,1.270e-05
2463.5,13:17:49,1.270e-05
2464.6,13:17:50,1.270e-05
2465.8,13:17:51,1.270e-05
2466.9,13:17:52,1.270e-05
2468.1,13:17:54,1.270e-05
2469.2,13:17:55,1.270e-05
2470.4,13:17:56,1.270e-05
2471.5,13:17:57,1.270e-05
2472.7,13:17:58,1.260e-05
2473.8,13:17:59,1.260e-05
2475.0,13:18:00,1.260e-05
2476.2,13:18:02,1.260e-05
2477.3,13:18:03,1.260e-05
2478.5,13:18:04,1.260e-05
2479.6,13:18:05,1.260e-05
2480.8,13:18:06,1.260e-05
2482.0,13:18:07,1.260e-05
2483.1,13:18:09,1.260e-05
2484.3,13:18:10,1.260e-05
2485.4,13:18:11,1.250e-05
2486.6,13:18:12,1.250e-05
2487.7,13:18:13,1.250e-05
2488.9,13:18:14,1.250e-05
2490.0,13:18:15,1.250e-05
2491.2,13:18:17,1.250e-05
2492.3,13:18:18,1.250e-05
2493.5,13:18:19,1.250e-05
2494.6,13:18:20,1.250e-05
2495.8,13:18:21,1.250e-05
2497.0,13:18:22,1.250e-05
2498.1,13:18:24,1.240e-05
2499.3,13:18:25,1.240e-05
2500.4,13:18:26,1.240e-05
2501.6,13:18:27,1.240e-05
2502.7,13:18:28,1.240e-05
2503.9,13:18:29,1.240e-05
2505.1,13:18:31,1.240e-05
2506.2,13:18:32,1.240e-05
2507.4,13:18:33,1.240e-05
2508.5,13:18:34,1.240e-05
2509.7,13:18:35,1.230e-05
2510.8,13:18:36,1.230e-05
2512.0,13:18:37,1.230e-05
2513.1,13:18:39,1.230e-05
2514.3,13:18:40,1.230e-05
2515.4,13:18:41,1.230e-05
2516.6,13:18:42,1.230e-05
2517.8,13:18:43,1.230e-05
2518.9,13:18:44,1.230e-05
2520.1,13:18:46,1.230e-05
2521.2,13:18:47,1.220e-05
2522.4,13:18:48,1.220e-05
2523.5,13:18:49,1.220e-05
2524.7,13:18:50,1.220e-05
2525.8,13:18:51,1.220e-05
2527.0,13:18:52,1.220e-05
2528.1,13:18:54,1.220e-05
2529.3,13:18:55,1.220e-05
2530.4,13:18:56,1.220e-05
2531.6,13:18:57,1.210e-05
2532.7,13:18:58,1.210e-05
2533.9,13:18:59,1.210e-05
2535.0,13:19:00,1.210e-05
2536.2,13:19:02,1.210e-05
2537.3,13:19:03,1.210e-05
2538.5,13:19:04,1.210e-05
2539.6,13:19:05,1.210e-05
2540.8,13:19:06,1.210e-05
2541.9,13:19:07,1.210e-05
2543.1,13:19:09,1.200e-05
2544.3,13:19:10,1.200e-05
2545.4,13:19:11,1.200e-05
2546.6,13:19:12,1.200e-05
2547.7,13:19:13,1.200e-05
2548.9,13:19:14,1.200e-05
2550.0,13:19:15,1.200e-05
2551.2,13:19:17,1.200e-05
2552.4,13:19:18,1.200e-05
2553.5,13:19:19,1.200e-05
2554.7,13:19:20,1.200e-05
2555.8,13:19:21,1.200e-05
2557.0,13:19:22,1.200e-05
2558.1,13:19:24,1.190e-05
2559.3,13:19:25,1.190e-05
2560.4,13:19:26,1.190e-05
2561.6,13:19:27,1.190e-05
2562.7,13:19:28,1.190e-05
2563.9,13:19:29,1.190e-05
2565.0,13:19:30,1.190e-05
2566.2,13:19:32,1.190e-05
2567.3,13:19:33,1.190e-05
2568.5,13:19:34,1.190e-05
2569.6,13:19:35,1.190e-05
2570.8,13:19:36,1.190e-05
2571.9,13:19:37,1.180e-05
2573.1,13:19:39,1.180e-05
2574.2,13:19:40,1.180e-05
2575.4,13:19:41,1.180e-05
2576.5,13:19:42,1.180e-05
2577.7,13:19:43,1.180e-05
2578.8,13:19:44,1.180e-05
2580.0,13:19:45,1.180e-05
2581.2,13:19:47,1.180e-05
2582.3,13:19:48,1.180e-05
2583.5,13:19:49,1.180e-05
2584.6,13:19:50,1.170e-05
2585.8,13:19:51,1.170e-05
2586.9,13:19:52,1.170e-05
2588.1,13:19:54,1.170e-05
2589.2,13:19:55,1.170e-05
2590.4,13:19:56,1.170e-05
2591.6,13:19:57,1.170e-05
2592.7,13:19:58,1.170e-05
2593.9,13:19:59,1.170e-05
2595.0,13:20:00,1.170e-05
2596.2,13:20:02,1.160e-05
2597.3,13:20:03,1.160e-05
2598.5,13:20:04,1.160e-05
2599.6,13:20:05,1.160e-05
2600.8,13:20:06,1.160e-05
2601.9,13:20:07,1.160e-05
2603.1,13:20:09,1.160e-05
2604.2,13:20:10,1.160e-05
2605.4,13:20:11,1.160e-05
2606.5,13:20:12,1.160e-05
2607.7,13:20:13,1.150e-05
2608.9,13:20:14,1.150e-05
2610.0,13:20:15,1.150e-05
2611.2,13:20:17,1.150e-05
2612.3,13:20:18,1.150e-05
2613.5,13:20:19,1.150e-05
2614.6,13:20:20,1.150e-05
2615.8,13:20:21,1.150e-05
2617.0,13:20:22,1.150e-05
2618.1,13:20:24,1.150e-05
2619.3,13:20:25,1.150e-05
2620.4,13:20:26,1.150e-05
2621.6,13:20:27,1.140e-05
2622.8,13:20:28,1.140e-05
2623.9,13:20:29,1.140e-05
2625.1,13:20:31,1.140e-05
2626.2,13:20:32,1.140e-05
2627.4,13:20:33,1.140e-05
2628.5,13:20:34,1.140e-05
2629.7,13:20:35,1.140e-05
2630.8,13:20:36,1.140e-05
2632.0,13:20:37,1.140e-05
2633.1,13:20:39,1.140e-05
2634.3,13:20:40,1.140e-05
2635.4,13:20:41,1.140e-05
2636.6,13:20:42,1.130e-05
2637.7,13:20:43,1.130e-05
2638.9,13:20:44,1.130e-05
2640.1,13:20:45,1.130e-05
2641.2,13:20:47,1.130e-05
2642.4,13:20:48,1.130e-05
2643.5,13:20:49,1.130e-05
2644.7,13:20:50,1.130e-05
2645.8,13:20:51,1.130e-05
2647.0,13:20:52,1.130e-05
2648.1,13:20:54,1.130e-05
2649.3,13:20:55,1.120e-05
2650.4,13:20:56,1.120e-05
2651.6,13:20:57,1.120e-05
2652.7,13:20:58,1.120e-05
2653.9,13:20:59,1.120e-05
2655.1,13:21:00,1.120e-05
2656.2,13:21:02,1.120e-05
2657.4,13:21:03,1.120e-05
2658.5,13:21:04,1.120e-05
2659.7,13:21:05,1.120e-05
2660.8,13:21:06,1.120e-05
2662.0,13:21:07,1.120e-05
2663.1,13:21:09,1.110e-05
2664.3,13:21:10,1.110e-05
2665.4,13:21:11,1.110e-05
2666.6,13:21:12,1.110e-05
2667.8,13:21:13,1.110e-05
2668.9,13:21:14,1.110e-05
2670.1,13:21:15,1.110e-05
2671.2,13:21:17,1.110e-05
2672.4,13:21:18,1.110e-05
2673.5,13:21:19,1.110e-05
2674.7,13:21:20,1.100e-05
2675.8,13:21:21,1.100e-05
2677.0,13:21:22,1.100e-05
2678.1,13:21:24,1.100e-05
2679.3,13:21:25,1.100e-05
2680.4,13:21:26,1.100e-05
2681.6,13:21:27,1.100e-05
2682.8,13:21:28,1.100e-05
2683.9,13:21:29,1.100e-05
2685.1,13:21:30,1.100e-05
2686.2,13:21:32,1.100e-05
2687.4,13:21:33,1.090e-05
2688.5,13:21:34,1.090e-05
2689.7,13:21:35,1.090e-05
2690.8,13:21:36,1.090e-05
2692.0,13:21:37,1.090e-05
2693.1,13:21:39,1.090e-05
2694.3,13:21:40,1.090e-05
2695.4,13:21:41,1.090e-05
2696.6,13:21:42,1.090e-05
2697.7,13:21:43,1.090e-05
2698.9,13:21:44,1.090e-05
2700.1,13:21:45,1.090e-05
2701.2,13:21:47,1.090e-05
2702.4,13:21:48,1.090e-05
2703.5,13:21:49,1.080e-05
2704.7,13:21:50,1.080e-05
2705.8,13:21:51,1.080e-05
2707.0,13:21:52,1.080e-05
2708.1,13:21:54,1.080e-05
2709.3,13:21:55,1.080e-05
2710.4,13:21:56,1.080e-05
2711.6,13:21:57,1.080e-05
2712.7,13:21:58,1.080e-05
2713.9,13:21:59,1.080e-05
2715.1,13:22:00,1.080e-05
2716.2,13:22:02,1.080e-05
2717.4,13:22:03,1.080e-05
2718.5,13:22:04,1.070e-05
2719.7,13:22:05,1.070e-05
2720.8,13:22:06,1.070e-05
2722.0,13:22:07,1.070e-05
2723.1,13:22:09,1.070e-05
2724.3,13:22:10,1.070e-05
2725.4,13:22:11,1.070e-05
2726.6,13:22:12,1.070e-05
2727.7,13:22:13,1.070e-05
2728.9,13:22:14,1.070e-05
2730.1,13:22:15,1.070e-05
2731.2,13:22:17,1.070e-05
2732.4,13:22:18,1.060e-05
2733.5,13:22:19,1.060e-05
2734.7,13:22:20,1.060e-05
2735.8,13:22:21,1.060e-05
2737.0,13:22:22,1.060e-05
2738.1,13:22:24,1.060e-05
2739.3,13:22:25,1.060e-05
2740.4,13:22:26,1.060e-05
2741.6,13:22:27,1.060e-05
2742.8,13:22:28,1.060e-05
2743.9,13:22:29,1.060e-05
2745.1,13:22:31,1.060e-05
2746.2,13:22:32,1.060e-05
2747.4,13:22:33,1.060e-05
2748.5,13:22:34,1.050e-05
2749.7,13:22:35,1.050e-05
2750.8,13:22:36,1.050e-05
2752.0,13:22:37,1.050e-05
2753.2,13:22:39,1.050e-05
2754.3,13:22:40,1.050e-05
2755.5,13:22:41,1.050e-05
2756.6,13:22:42,1.050e-05
2757.8,13:22:43,1.050e-05
2758.9,13:22:44,1.040e-05
2760.1,13:22:46,1.040e-05
2761.2,13:22:47,1.040e-05
2762.4,13:22:48,1.040e-05
2763.6,13:22:49,1.040e-05
2764.7,13:22:50,1.040e-05
2765.9,13:22:51,1.040e-05
2767.0,13:22:52,1.040e-05
2768.2,13:22:54,1.040e-05
2769.3,13:22:55,1.040e-05
2770.5,13:22:56,1.040e-05
2771.6,13:22:57,1.040e-05
2772.8,13:22:58,1.040e-05
2773.9,13:22:59,1.040e-05
2775.1,13:23:01,1.040e-05
2776.2,13:23:02,1.030e-05
2777.4,13:23:03,1.030e-05
2778.5,13:23:04,1.030e-05
2779.7,13:23:05,1.030e-05
2780.8,13:23:06,1.030e-05
2782.0,13:23:07,1.030e-05
2783.1,13:23:09,1.030e-05
2784.3,13:23:10,1.030e-05
2785.5,13:23:11,1.030e-05
2786.6,13:23:12,1.030e-05
2787.8,13:23:13,1.030e-05
2788.9,13:23:14,1.030e-05
2790.1,13:23:16,1.030e-05
2791.2,13:23:17,1.020e-05
2792.4,13:23:18,1.020e-05
2793.5,13:23:19,1.020e-05
2794.7,13:23:20,1.020e-05
2795.9,13:23:21,1.020e-05
2797.0,13:23:22,1.020e-05
2798.2,13:23:24,1.020e-05
2799.3,13:23:25,1.020e-05
2800.5,13:23:26,1.020e-05
2801.7,13:23:27,1.020e-05
2802.8,13:23:28,1.020e-05
2804.0,13:23:29,1.020e-05
2805.1,13:23:31,1.020e-05
2806.3,13:23:32,1.010e-05
2807.4,13:23:33,1.010e-05
2808.6,13:23:34,1.010e-05
2809.7,13:23:35,1.010e-05
2810.9,13:23:36,1.010e-05
2812.0,13:23:37,1.010e-05
2813.2,13:23:39,1.010e-05
2814.3,13:23:40,1.010e-05
2815.5,13:23:41,1.010e-05
2816.7,13:23:42,1.010e-05
2817.8,13:23:43,1.010e-05
2819.0,13:23:44,1.010e-05
2820.1,13:23:46,1.010e-05
2821.3,13:23:47,1.010e-05
2822.4,13:23:48,1.010e-05
2823.6,13:23:49,1.000e-05
2824.7,13:23:50,1.000e-05
2825.9,13:23:51,1.000e-05
2827.0,13:23:52,1.000e-05
2828.2,13:23:54,1.000e-05
2829.4,13:23:55,1.000e-05
2830.5,13:23:56,1.000e-05
2831.7,13:23:57,1.000e-05
2832.8,13:23:58,1.000e-05
2834.0,13:23:59,1.000e-05
2835.2,13:24:01,9.990e-06
2836.3,13:24:02,9.990e-06
2837.5,13:24:03,9.990e-06
2838.6,13:24:04,9.980e-06
2839.8,13:24:05,9.980e-06
2840.9,13:24:06,9.970e-06
2842.1,13:24:08,9.970e-06
2843.2,13:24:09,9.970e-06
2844.4,13:24:10,9.960e-06
2845.5,13:24:11,9.960e-06
2846.7,13:24:12,9.950e-06
2847.9,13:24:13,9.950e-06
2849.0,13:24:14,9.940e-06
2850.2,13:24:16,9.940e-06
2851.3,13:24:17,9.940e-06
2852.5,13:24:18,9.920e-06
2853.6,13:24:19,9.920e-06
2854.8,13:24:20,9.910e-06
2856.0,13:24:21,9.910e-06
2857.1,13:24:23,9.910e-06
2858.3,13:24:24,9.900e-06
2859.4,13:24:25,9.900e-06
2860.6,13:24:26,9.890e-06
2861.7,13:24:27,9.890e-06
2862.9,13:24:28,9.890e-06
2864.1,13:24:29,9.880e-06
2865.2,13:24:31,9.880e-06
2866.4,13:24:32,9.870e-06
2867.5,13:24:33,9.870e-06
2868.7,13:24:34,9.870e-06
2869.8,13:24:35,9.860e-06
2871.0,13:24:36,9.860e-06
2872.2,13:24:38,9.850e-06
2873.3,13:24:39,9.850e-06
2874.5,13:24:40,9.830e-06
2875.6,13:24:41,9.830e-06
2876.8,13:24:42,9.830e-06
2877.9,13:24:43,9.820e-06
2879.1,13:24:45,9.820e-06
2880.2,13:24:46,9.820e-06
2881.4,13:24:47,9.810e-06
2882.6,13:24:48,9.810e-06
2883.7,13:24:49,9.810e-06
2884.9,13:24:50,9.800e-06
2886.1,13:24:51,9.790e-06
2887.2,13:24:53,9.790e-06
2888.4,13:24:54,9.790e-06
2889.5,13:24:55,9.790e-06
2890.7,13:24:56,9.780e-06
2891.8,13:24:57,9.770e-06
2893.0,13:24:58,9.770e-06
2894.2,13:25:00,9.770e-06
2895.3,13:25:01,9.750e-06
2896.5,13:25:02,9.750e-06
2897.6,13:25:03,9.750e-06
2898.8,13:25:04,9.740e-06
2899.9,13:25:05,9.740e-06
2901.1,13:25:07,9.740e-06
2902.2,13:25:08,9.730e-06
2903.4,13:25:09,9.730e-06
2904.6,13:25:10,9.730e-06
2905.7,13:25:11,9.720e-06
2906.9,13:25:12,9.710e-06
2908.0,13:25:13,9.710e-06
2909.2,13:25:15,9.700e-06
2910.3,13:25:16,9.690e-06
2911.5,13:25:17,9.690e-06
2912.7,13:25:18,9.680e-06
2913.8,13:25:19,9.680e-06
2915.0,13:25:20,9.660e-06
2916.1,13:25:22,9.660e-06
2917.3,13:25:23,9.650e-06
2918.5,13:25:24,9.650e-06
2919.6,13:25:25,9.650e-06
2920.8,13:25:26,9.640e-06
2921.9,13:25:27,9.640e-06
2923.1,13:25:29,9.640e-06
2924.2,13:25:30,9.630e-06
2925.4,13:25:31,9.630e-06
2926.5,13:25:32,9.630e-06
2927.7,13:25:33,9.620e-06
2928.9,13:25:34,9.620e-06
2930.0,13:25:35,9.610e-06
2931.2,13:25:37,9.610e-06
2932.4,13:25:38,9.610e-06
2933.5,13:25:39,9.600e-06
2934.7,13:25:40,9.600e-06
2935.8,13:25:41,9.590e-06
2937.0,13:25:42,9.590e-06
2938.1,13:25:44,9.570e-06
2939.3,13:25:45,9.570e-06
2940.5,13:25:46,9.570e-06
2941.6,13:25:47,9.560e-06
2942.8,13:25:48,9.560e-06
2943.9,13:25:49,9.550e-06
2945.1,13:25:51,9.550e-06
2946.2,13:25:52,9.550e-06
2947.4,13:25:53,9.540e-06
2948.6,13:25:54,9.540e-06
2949.7,13:25:55,9.530e-06
2950.9,13:25:56,9.530e-06
2952.0,13:25:57,9.530e-06
2953.2,13:25:59,9.520e-06
2954.4,13:26:00,9.520e-06
2955.5,13:26:01,9.510e-06
2956.7,13:26:02,9.510e-06
2957.8,13:26:03,9.510e-06
2959.0,13:26:04,9.500e-06
2960.1,13:26:06,9.500e-06
2961.3,13:26:07,9.480e-06
2962.5,13:26:08,9.480e-06
2963.6,13:26:09,9.480e-06
2964.8,13:26:10,9.470e-06
2965.9,13:26:11,9.470e-06
2967.1,13:26:13,9.460e-06
2968.2,13:26:14,9.460e-06
2969.4,13:26:15,9.450e-06
2970.5,13:26:16,9.450e-06
2971.7,13:26:17,9.450e-06
2972.9,13:26:18,9.440e-06
2974.0,13:26:19,9.440e-06
2975.2,13:26:21,9.440e-06
2976.3,13:26:22,9.430e-06
2977.5,13:26:23,9.430e-06
2978.6,13:26:24,9.430e-06
2979.8,13:26:25,9.420e-06
2980.9,13:26:26,9.420e-06
2982.1,13:26:28,9.420e-06
2983.3,13:26:29,9.410e-06
2984.4,13:26:30,9.410e-06
2985.6,13:26:31,9.410e-06
2986.7,13:26:32,9.390e-06
2987.9,13:26:33,9.390e-06
2989.1,13:26:34,9.380e-06
2990.2,13:26:36,9.370e-06
2991.4,13:26:37,9.370e-06
2992.5,13:26:38,9.360e-06
2993.7,13:26:39,9.350e-06
2994.8,13:26:40,9.350e-06
2996.0,13:26:41,9.350e-06
2997.2,13:26:43,9.350e-06
2998.3,13:26:44,9.340e-06
2999.5,13:26:45,9.340e-06
3000.6,13:26:46,9.330e-06
3001.8,13:26:47,9.330e-06
3002.9,13:26:48,9.330e-06
3004.1,13:26:50,9.320e-06
3005.2,13:26:51,9.320e-06
3006.4,13:26:52,9.300e-06
3007.6,13:26:53,9.300e-06
3008.7,13:26:54,9.300e-06
3009.9,13:26:55,9.290e-06
3011.0,13:26:56,9.290e-06
3012.2,13:26:58,9.290e-06
3013.4,13:26:59,9.280e-06
3014.5,13:27:00,9.280e-06
3015.7,13:27:01,9.280e-06
3016.8,13:27:02,9.270e-06
3018.0,13:27:03,9.270e-06
3019.1,13:27:05,9.270e-06
3020.3,13:27:06,9.260e-06
3021.4,13:27:07,9.260e-06
3022.6,13:27:08,9.260e-06
3023.8,13:27:09,9.250e-06
3024.9,13:27:10,9.250e-06
3026.1,13:27:12,9.250e-06
3027.2,13:27:13,9.240e-06
3028.4,13:27:14,9.240e-06
3029.6,13:27:15,9.240e-06
3030.7,13:27:16,9.230e-06
3031.9,13:27:17,9.230e-06
3033.0,13:27:18,9.210e-06
3034.2,13:27:20,9.210e-06
3035.3,13:27:21,9.210e-06
3036.5,13:27:22,9.200e-06
3037.7,13:27:23,9.200e-06
3038.8,13:27:24,9.190e-06
3040.0,13:27:25,9.190e-06
3041.2,13:27:27,9.190e-06
3042.3,13:27:28,9.190e-06
3043.5,13:27:29,9.180e-06
3044.6,13:27:30,9.180e-06
3045.8,13:27:31,9.170e-06
3047.0,13:27:32,9.170e-06
3048.1,13:27:34,9.170e-06
3049.3,13:27:35,9.160e-06
3050.4,13:27:36,9.160e-06
3051.6,13:27:37,9.160e-06
3052.7,13:27:38,9.150e-06
3053.9,13:27:39,9.150e-06
3055.1,13:27:40,9.150e-06
3056.2,13:27:42,9.130e-06
3057.4,13:27:43,9.130e-06
3058.5,13:27:44,9.120e-06
3059.7,13:27:45,9.120e-06
3060.8,13:27:46,9.110e-06
3062.0,13:27:47,9.110e-06
3063.1,13:27:49,9.110e-06
3064.3,13:27:50,9.110e-06
3065.5,13:27:51,9.100e-06
3066.6,13:27:52,9.100e-06
3067.8,13:27:53,9.090e-06
3068.9,13:27:54,9.090e-06
3070.1,13:27:56,9.090e-06
3071.2,13:27:57,9.090e-06
3072.4,13:27:58,9.070e-06
3073.5,13:27:59,9.070e-06
3074.7,13:28:00,9.060e-06
3075.9,13:28:01,9.060e-06
3077.0,13:28:02,9.040e-06
3078.2,13:28:04,9.030e-06
3079.3,13:28:05,9.030e-06
3080.5,13:28:06,9.030e-06
3081.7,13:28:07,9.030e-06
3082.8,13:28:08,9.020e-06
3084.0,13:28:09,9.020e-06
3085.1,13:28:11,9.010e-06
3086.3,13:28:12,9.010e-06
3087.4,13:28:13,9.010e-06
3088.6,13:28:14,9.000e-06
3089.7,13:28:15,9.000e-06
3090.9,13:28:16,8.990e-06
3092.1,13:28:17,8.990e-06
3093.2,13:28:19,8.990e-06
3094.4,13:28:20,8.980e-06
3095.6,13:28:21,8.980e-06
3096.7,13:28:22,8.980e-06
3097.9,13:28:23,8.970e-06
3099.0,13:28:24,8.970e-06
3100.2,13:28:26,8.970e-06
3101.3,13:28:27,8.950e-06
3102.5,13:28:28,8.950e-06
3103.7,13:28:29,8.940e-06
3104.8,13:28:30,8.940e-06
3106.0,13:28:31,8.930e-06
3107.1,13:28:33,8.930e-06
3108.3,13:28:34,8.930e-06
3109.4,13:28:35,8.930e-06
3110.6,13:28:36,8.920e-06
3111.8,13:28:37,8.920e-06
3112.9,13:28:38,8.910e-06
3114.1,13:28:40,8.910e-06
3115.2,13:28:41,8.910e-06
3116.4,13:28:42,8.910e-06
3117.6,13:28:43,8.900e-06
3118.7,13:28:44,8.900e-06
3119.9,13:28:45,8.900e-06
3121.0,13:28:46,8.890e-06
3122.2,13:28:48,8.890e-06
3123.4,13:28:49,8.890e-06
3124.5,13:28:50,8.880e-06
3125.7,13:28:51,8.880e-06
3126.8,13:28:52,8.860e-06
3128.0,13:28:53,8.860e-06
3129.1,13:28:55,8.850e-06
3130.3,13:28:56,8.850e-06
3131.5,13:28:57,8.850e-06
3132.6,13:28:58,8.850e-06
3133.8,13:28:59,8.840e-06
3134.9,13:29:00,8.840e-06
3136.1,13:29:02,8.840e-06
3137.2,13:29:03,8.830e-06
3138.4,13:29:04,8.830e-06
3139.5,13:29:05,8.830e-06
3140.7,13:29:06,8.830e-06
3141.9,13:29:07,8.820e-06
3143.0,13:29:08,8.820e-06
3144.2,13:29:10,8.810e-06
3145.3,13:29:11,8.810e-06
3146.5,13:29:12,8.810e-06
3147.6,13:29:13,8.810e-06
3148.8,13:29:14,8.800e-06
3149.9,13:29:15,8.800e-06
3151.1,13:29:17,8.790e-06
3152.3,13:29:18,8.790e-06
3153.4,13:29:19,8.790e-06
3154.6,13:29:20,8.790e-06
3155.7,13:29:21,8.770e-06
3156.9,13:29:22,8.770e-06
3158.0,13:29:23,8.770e-06
3159.2,13:29:25,8.760e-06
3160.3,13:29:26,8.760e-06
3161.5,13:29:27,8.760e-06
3162.6,13:29:28,8.750e-06
3163.8,13:29:29,8.740e-06
3164.9,13:29:30,8.740e-06
3166.1,13:29:32,8.730e-06
3167.3,13:29:33,8.730e-06
3168.4,13:29:34,8.730e-06
3169.6,13:29:35,8.730e-06
3170.7,13:29:36,8.720e-06
3171.9,13:29:37,8.720e-06
3173.0,13:29:38,8.710e-06
3174.2,13:29:40,8.710e-06
3175.4,13:29:41,8.710e-06
3176.5,13:29:42,8.710e-06
3177.7,13:29:43,8.700e-06
3178.8,13:29:44,8.700e-06
3180.0,13:29:45,8.700e-06
3181.1,13:29:47,8.680e-06
3182.3,13:29:48,8.680e-06
3183.5,13:29:49,8.680e-06
3184.6,13:29:50,8.670e-06
3185.8,13:29:51,8.670e-06
3186.9,13:29:52,8.670e-06
3188.1,13:29:53,8.660e-06
3189.2,13:29:55,8.660e-06
3190.4,13:29:56,8.660e-06
3191.5,13:29:57,8.650e-06
3192.7,13:29:58,8.650e-06
3193.9,13:29:59,8.650e-06
3195.0,13:30:00,8.650e-06
3196.2,13:30:02,8.640e-06
3197.3,13:30:03,8.640e-06
3198.5,13:30:04,8.630e-06
3199.6,13:30:05,8.630e-06
3200.8,13:30:06,8.630e-06
3201.9,13:30:07,8.630e-06
3203.1,13:30:09,8.630e-06
3204.2,13:30:10,8.620e-06
3205.4,13:30:11,8.620e-06
3206.5,13:30:12,8.610e-06
3207.7,13:30:13,8.610e-06
3208.9,13:30:14,8.610e-06
3210.0,13:30:15,8.590e-06
3211.2,13:30:17,8.590e-06
3212.3,13:30:18,8.590e-06
3213.5,13:30:19,8.580e-06
3214.6,13:30:20,8.580e-06
3215.8,13:30:21,8.580e-06
3216.9,13:30:22,8.570e-06
3218.1,13:30:24,8.570e-06
3219.2,13:30:25,8.570e-06
3220.4,13:30:26,8.560e-06
3221.5,13:30:27,8.560e-06
3222.7,13:30:28,8.560e-06
3223.9,13:30:29,8.550e-06
3225.1,13:30:30,8.550e-06
3226.2,13:30:32,8.550e-06
3227.4,13:30:33,8.540e-06
3228.5,13:30:34,8.540e-06
3229.7,13:30:35,8.540e-06
3230.9,13:30:36,8.540e-06
3232.0,13:30:37,8.530e-06
3233.2,13:30:39,8.530e-06
3234.3,13:30:40,8.530e-06
3235.5,13:30:41,8.520e-06
3236.6,13:30:42,8.520e-06
3237.8,13:30:43,8.520e-06
3238.9,13:30:44,8.500e-06
3240.1,13:30:46,8.500e-06
3241.3,13:30:47,8.500e-06
3242.4,13:30:48,8.500e-06
3243.6,13:30:49,8.490e-06
3244.7,13:30:50,8.490e-06
3245.9,13:30:51,8.480e-06
3247.0,13:30:52,8.480e-06
3248.2,13:30:54,8.480e-06
3249.3,13:30:55,8.480e-06
3250.5,13:30:56,8.470e-06
3251.7,13:30:57,8.460e-06
3252.8,13:30:58,8.450e-06
3254.0,13:30:59,8.450e-06
3255.1,13:31:01,8.450e-06
3256.3,13:31:02,8.450e-06
3257.4,13:31:03,8.440e-06
3258.6,13:31:04,8.440e-06
3259.7,13:31:05,8.440e-06
3260.9,13:31:06,8.430e-06
3262.1,13:31:07,8.430e-06
3263.2,13:31:09,8.430e-06
3264.4,13:31:10,8.430e-06
3265.5,13:31:11,8.430e-06
3266.7,13:31:12,8.410e-06
3267.9,13:31:13,8.410e-06
3269.0,13:31:14,8.400e-06
3270.2,13:31:16,8.400e-06
3271.3,13:31:17,8.390e-06
3272.5,13:31:18,8.390e-06
3273.6,13:31:19,8.390e-06
3274.8,13:31:20,8.390e-06
3276.0,13:31:21,8.390e-06
3277.1,13:31:23,8.380e-06
3278.3,13:31:24,8.380e-06
3279.4,13:31:25,8.380e-06
3280.6,13:31:26,8.370e-06
3281.7,13:31:27,8.370e-06
3282.9,13:31:28,8.370e-06
3284.1,13:31:29,8.370e-06
3285.2,13:31:31,8.360e-06
3286.4,13:31:32,8.360e-06
3287.5,13:31:33,8.350e-06
3288.7,13:31:34,8.350e-06
3289.9,13:31:35,8.350e-06
3291.0,13:31:36,8.350e-06
3292.2,13:31:38,8.340e-06
3293.3,13:31:39,8.340e-06
3294.5,13:31:40,8.340e-06
3295.6,13:31:41,8.320e-06
3296.8,13:31:42,8.320e-06
3297.9,13:31:43,8.320e-06
3299.1,13:31:45,8.320e-06
3300.3,13:31:46,8.310e-06
3301.4,13:31:47,8.310e-06
3302.6,13:31:48,8.310e-06
3303.7,13:31:49,8.300e-06
3304.9,13:31:50,8.300e-06
3306.0,13:31:51,8.300e-06
3307.2,13:31:53,8.290e-06
3308.3,13:31:54,8.290e-06
3309.5,13:31:55,8.290e-06
3310.7,13:31:56,8.290e-06
3311.8,13:31:57,8.280e-06
3313.0,13:31:58,8.280e-06
3314.1,13:32:00,8.280e-06
3315.3,13:32:01,8.270e-06
3316.5,13:32:02,8.270e-06
3317.6,13:32:03,8.270e-06
3318.8,13:32:04,8.270e-06
3319.9,13:32:05,8.260e-06
3321.1,13:32:07,8.260e-06
3322.2,13:32:08,8.260e-06
3323.4,13:32:09,8.250e-06
3324.5,13:32:10,8.250e-06
3325.7,13:32:11,8.250e-06
3326.9,13:32:12,8.250e-06
3328.1,13:32:13,8.230e-06
3329.2,13:32:15,8.230e-06
3330.4,13:32:16,8.230e-06
3331.5,13:32:17,8.220e-06
3332.7,13:32:18,8.220e-06
3333.9,13:32:19,8.210e-06
3335.0,13:32:20,8.210e-06
3336.2,13:32:22,8.210e-06
3337.4,13:32:23,8.210e-06
3338.5,13:32:24,8.210e-06
3339.7,13:32:25,8.200e-06
3340.8,13:32:26,8.200e-06
3342.0,13:32:27,8.190e-06
3343.1,13:32:29,8.190e-06
3344.3,13:32:30,8.190e-06
3345.5,13:32:31,8.190e-06
3346.6,13:32:32,8.190e-06
3347.8,13:32:33,8.180e-06
3348.9,13:32:34,8.170e-06
3350.1,13:32:36,8.170e-06
3351.3,13:32:37,8.160e-06
3352.5,13:32:38,8.160e-06
3353.6,13:32:39,8.140e-06
3354.8,13:32:40,8.140e-06
3355.9,13:32:41,8.140e-06
3357.1,13:32:43,8.140e-06
3358.2,13:32:44,8.140e-06
3359.4,13:32:45,8.130e-06
3360.6,13:32:46,8.130e-06
3361.7,13:32:47,8.120e-06
3362.9,13:32:48,8.120e-06
3364.1,13:32:50,8.120e-06
3365.2,13:32:51,8.110e-06
3366.4,13:32:52,8.110e-06
3367.6,13:32:53,8.110e-06
3368.7,13:32:54,8.110e-06
3369.9,13:32:55,8.100e-06
3371.1,13:32:57,8.100e-06
3372.2,13:32:58,8.100e-06
3373.4,13:32:59,8.090e-06
3374.5,13:33:00,8.090e-06
3375.7,13:33:01,8.090e-06
3376.8,13:33:02,8.090e-06
3378.0,13:33:03,8.090e-06
3379.1,13:33:05,8.080e-06
3380.3,13:33:06,8.080e-06
3381.5,13:33:07,8.070e-06
3382.6,13:33:08,8.070e-06
3383.8,13:33:09,8.070e-06
3384.9,13:33:10,8.070e-06
3386.1,13:33:12,8.070e-06
3387.2,13:33:13,8.050e-06
3388.4,13:33:14,8.050e-06
3389.5,13:33:15,8.050e-06
3390.7,13:33:16,8.040e-06
3391.9,13:33:17,8.040e-06
3393.0,13:33:18,8.040e-06
3394.2,13:33:20,8.030e-06
3395.3,13:33:21,8.030e-06
3396.5,13:33:22,8.030e-06
3397.7,13:33:23,8.030e-06
3398.8,13:33:24,8.020e-06
3400.0,13:33:25,8.020e-06
3401.1,13:33:27,8.020e-06
3402.3,13:33:28,8.010e-06
3403.4,13:33:29,8.010e-06
3404.6,13:33:30,8.010e-06
3405.8,13:33:31,8.010e-06
3406.9,13:33:32,8.000e-06
3408.1,13:33:34,8.000e-06
3409.2,13:33:35,7.990e-06
3410.4,13:33:36,7.990e-06
3411.6,13:33:37,7.990e-06
3412.7,13:33:38,7.990e-06
3413.9,13:33:39,7.990e-06
3415.0,13:33:40,7.980e-06
3416.2,13:33:42,7.980e-06
3417.4,13:33:43,7.980e-06
3418.5,13:33:44,7.960e-06
3419.7,13:33:45,7.960e-06
3420.8,13:33:46,7.960e-06
3422.0,13:33:47,7.960e-06
3423.1,13:33:49,7.960e-06
3424.3,13:33:50,7.950e-06
3425.5,13:33:51,7.950e-06
3426.6,13:33:52,7.950e-06
3427.8,13:33:53,7.940e-06
3428.9,13:33:54,7.940e-06
3430.1,13:33:56,7.930e-06
3431.3,13:33:57,7.930e-06
3432.4,13:33:58,7.930e-06
3433.6,13:33:59,7.930e-06
3434.7,13:34:00,7.930e-06
3435.9,13:34:01,7.920e-06
3437.1,13:34:03,7.910e-06
3438.2,13:34:04,7.910e-06
3439.4,13:34:05,7.900e-06
3440.6,13:34:06,7.900e-06
3441.7,13:34:07,7.900e-06
3442.9,13:34:08,7.890e-06
3444.0,13:34:09,7.890e-06
3445.2,13:34:11,7.890e-06
3446.4,13:34:12,7.890e-06
3447.5,13:34:13,7.890e-06
3448.7,13:34:14,7.870e-06
3449.8,13:34:15,7.870e-06
3451.0,13:34:16,7.870e-06
3452.2,13:34:18,7.860e-06
3453.3,13:34:19,7.860e-06
3454.5,13:34:20,7.860e-06
3455.6,13:34:21,7.860e-06
3456.8,13:34:22,7.850e-06
3458.0,13:34:23,7.850e-06
3459.1,13:34:25,7.850e-06
3460.3,13:34:26,7.850e-06
3461.4,13:34:27,7.850e-06
3462.6,13:34:28,7.840e-06
3463.8,13:34:29,7.840e-06
3464.9,13:34:30,7.840e-06
3466.1,13:34:32,7.830e-06
3467.2,13:34:33,7.830e-06
3468.4,13:34:34,7.830e-06
3469.6,13:34:35,7.830e-06
3470.7,13:34:36,7.830e-06
3471.9,13:34:37,7.820e-06
3473.0,13:34:38,7.820e-06
3474.2,13:34:40,7.820e-06
3475.3,13:34:41,7.820e-06
3476.5,13:34:42,7.810e-06
3477.6,13:34:43,7.810e-06
3478.8,13:34:44,7.810e-06
3480.0,13:34:45,7.810e-06
3481.1,13:34:47,7.810e-06
3482.3,13:34:48,7.800e-06
3483.4,13:34:49,7.800e-06
3484.6,13:34:50,7.800e-06
3485.7,13:34:51,7.780e-06
3486.9,13:34:52,7.780e-06
3488.1,13:34:53,7.780e-06
3489.2,13:34:55,7.780e-06
3490.4,13:34:56,7.770e-06
3491.5,13:34:57,7.770e-06
3492.7,13:34:58,7.770e-06
3493.8,13:34:59,7.760e-06
3495.0,13:35:00,7.760e-06
3496.2,13:35:02,7.750e-06
3497.3,13:35:03,7.750e-06
3498.5,13:35:04,7.750e-06
3499.6,13:35:05,7.750e-06
3500.8,13:35:06,7.750e-06
3501.9,13:35:07,7.740e-06
3503.1,13:35:09,7.740e-06
3504.2,13:35:10,7.740e-06
3505.4,13:35:11,7.730e-06
3506.5,13:35:12,7.730e-06
3507.7,13:35:13,7.730e-06
3508.9,13:35:14,7.730e-06
3510.0,13:35:15,7.730e-06
3511.2,13:35:17,7.720e-06
3512.3,13:35:18,7.720e-06
3513.5,13:35:19,7.720e-06
3514.7,13:35:20,7.700e-06
3515.9,13:35:21,7.700e-06
3517.0,13:35:22,7.700e-06
3518.2,13:35:24,7.700e-06
3519.3,13:35:25,7.700e-06
3520.5,13:35:26,7.690e-06
3521.6,13:35:27,7.690e-06
3522.8,13:35:28,7.690e-06
3524.0,13:35:29,7.690e-06
3525.1,13:35:31,7.680e-06
3526.3,13:35:32,7.680e-06
3527.5,13:35:33,7.680e-06
3528.6,13:35:34,7.670e-06
3529.8,13:35:35,7.670e-06
3530.9,13:35:36,7.650e-06
3532.1,13:35:38,7.650e-06
3533.2,13:35:39,7.650e-06
3534.4,13:35:40,7.650e-06
3535.6,13:35:41,7.650e-06
3536.7,13:35:42,7.650e-06
3537.9,13:35:43,7.640e-06
3539.0,13:35:44,7.640e-06
3540.2,13:35:46,7.640e-06
3541.3,13:35:47,7.630e-06
3542.5,13:35:48,7.630e-06
3543.6,13:35:49,7.630e-06
3544.8,13:35:50,7.630e-06
3546.0,13:35:51,7.630e-06
3547.1,13:35:53,7.610e-06
3548.3,13:35:54,7.610e-06
3549.4,13:35:55,7.600e-06
3550.6,13:35:56,7.600e-06
3551.7,13:35:57,7.600e-06
3552.9,13:35:58,7.600e-06
3554.1,13:35:59,7.600e-06
3555.2,13:36:01,7.590e-06
3556.4,13:36:02,7.590e-06
3557.5,13:36:03,7.590e-06
3558.7,13:36:04,7.590e-06
3559.8,13:36:05,7.580e-06
3561.0,13:36:06,7.580e-06
3562.2,13:36:08,7.580e-06
3563.3,13:36:09,7.580e-06
3564.5,13:36:10,7.570e-06
3565.6,13:36:11,7.570e-06
3566.8,13:36:12,7.570e-06
3568.0,13:36:13,7.570e-06
3569.1,13:36:15,7.560e-06
3570.3,13:36:16,7.560e-06
3571.4,13:36:17,7.560e-06
3572.6,13:36:18,7.560e-06
3573.7,13:36:19,7.550e-06
3574.9,13:36:20,7.550e-06
3576.1,13:36:22,7.550e-06
3577.2,13:36:23,7.550e-06
3578.4,13:36:24,7.540e-06
3579.6,13:36:25,7.540e-06
3580.7,13:36:26,7.540e-06
3581.9,13:36:27,7.540e-06
3583.0,13:36:28,7.520e-06
3584.2,13:36:30,7.520e-06
3585.3,13:36:31,7.520e-06
3586.5,13:36:32,7.520e-06
3587.6,13:36:33,7.520e-06
3588.8,13:36:34,7.510e-06
3589.9,13:36:35,7.510e-06
3591.1,13:36:37,7.510e-06
3592.2,13:36:38,7.500e-06
3593.4,13:36:39,7.500e-06
3594.6,13:36:40,7.500e-06
3595.7,13:36:41,7.500e-06
3596.9,13:36:42,7.500e-06
3598.1,13:36:43,7.500e-06
3599.2,13:36:45,7.490e-06
3600.4,13:36:46,7.490e-06
3601.6,13:36:47,7.490e-06
3602.7,13:36:48,7.480e-06
3603.9,13:36:49,7.480e-06
3605.0,13:36:50,7.480e-06
3606.2,13:36:52,7.480e-06
3607.4,13:36:53,7.470e-06
3608.5,13:36:54,7.470e-06
3609.7,13:36:55,7.470e-06
3610.8,13:36:56,7.470e-06
3612.0,13:36:57,7.470e-06
3613.2,13:36:59,7.470e-06
3614.3,13:37:00,7.460e-06
3615.5,13:37:01,7.460e-06
3616.6,13:37:02,7.460e-06
3617.8,13:37:03,7.450e-06
3618.9,13:37:04,7.450e-06
3620.1,13:37:06,7.450e-06
3621.3,13:37:07,7.450e-06
3622.4,13:37:08,7.450e-06
3623.6,13:37:09,7.450e-06
3624.7,13:37:10,7.430e-06
3625.9,13:37:11,7.430e-06
3627.0,13:37:12,7.430e-06
3628.2,13:37:14,7.420e-06
3629.4,13:37:15,7.410e-06
3630.5,13:37:16,7.410e-06
3631.7,13:37:17,7.410e-06
3632.9,13:37:18,7.400e-06
3634.0,13:37:19,7.400e-06
3635.2,13:37:21,7.400e-06
3636.3,13:37:22,7.390e-06
3637.5,13:37:23,7.390e-06
3638.6,13:37:24,7.390e-06
3639.8,13:37:25,7.390e-06
3641.0,13:37:26,7.390e-06
3642.1,13:37:28,7.390e-06
3643.3,13:37:29,7.380e-06
3644.4,13:37:30,7.380e-06
3645.6,13:37:31,7.380e-06
3646.8,13:37:32,7.370e-06
3647.9,13:37:33,7.370e-06
3649.1,13:37:35,7.370e-06
3650.2,13:37:36,7.370e-06
3651.4,13:37:37,7.350e-06
3652.6,13:37:38,7.350e-06
3653.7,13:37:39,7.350e-06
3654.9,13:37:40,7.350e-06
3656.0,13:37:41,7.350e-06
3657.2,13:37:43,7.340e-06
3658.4,13:37:44,7.340e-06
3659.5,13:37:45,7.340e-06
3660.7,13:37:46,7.340e-06
3661.8,13:37:47,7.330e-06
3663.0,13:37:48,7.330e-06
3664.2,13:37:50,7.330e-06
3665.3,13:37:51,7.330e-06
3666.5,13:37:52,7.320e-06
3667.6,13:37:53,7.320e-06
3668.8,13:37:54,7.320e-06
3670.0,13:37:55,7.320e-06
3671.1,13:37:57,7.320e-06
3672.3,13:37:58,7.310e-06
3673.5,13:37:59,7.310e-06
3674.6,13:38:00,7.310e-06
3675.8,13:38:01,7.300e-06
3676.9,13:38:02,7.300e-06
3678.1,13:38:04,7.300e-06
3679.2,13:38:05,7.300e-06
3680.4,13:38:06,7.290e-06
3681.6,13:38:07,7.290e-06
3682.7,13:38:08,7.290e-06
3683.9,13:38:09,7.290e-06
3685.0,13:38:10,7.280e-06
3686.2,13:38:12,7.280e-06
3687.4,13:38:13,7.260e-06
3688.5,13:38:14,7.260e-06
3689.7,13:38:15,7.260e-06
3690.9,13:38:16,7.260e-06
3692.0,13:38:17,7.260e-06
3693.2,13:38:19,7.260e-06
3694.3,13:38:20,7.250e-06
3695.5,13:38:21,7.250e-06
3696.7,13:38:22,7.250e-06
3697.8,13:38:23,7.240e-06
3699.0,13:38:24,7.240e-06
3700.2,13:38:26,7.240e-06
3701.3,13:38:27,7.240e-06
3702.5,13:38:28,7.240e-06
3703.6,13:38:29,7.240e-06
3704.8,13:38:30,7.230e-06
3706.0,13:38:31,7.230e-06
3707.1,13:38:33,7.230e-06
3708.3,13:38:34,7.220e-06
3709.4,13:38:35,7.220e-06
3710.6,13:38:36,7.220e-06
3711.7,13:38:37,7.220e-06
3712.9,13:38:38,7.210e-06
3714.1,13:38:40,7.210e-06
3715.2,13:38:41,7.210e-06
3716.4,13:38:42,7.210e-06
3717.5,13:38:43,7.210e-06
3718.7,13:38:44,7.200e-06
3719.9,13:38:45,7.200e-06
3721.0,13:38:46,7.200e-06
3722.2,13:38:48,7.190e-06
3723.3,13:38:49,7.190e-06
3724.5,13:38:50,7.190e-06
3725.6,13:38:51,7.190e-06
3726.8,13:38:52,7.190e-06
3728.0,13:38:53,7.190e-06
3729.1,13:38:55,7.170e-06
3730.3,13:38:56,7.170e-06
3731.4,13:38:57,7.160e-06
3732.6,13:38:58,7.150e-06
3733.8,13:38:59,7.150e-06
3734.9,13:39:00,7.150e-06
3736.1,13:39:02,7.150e-06
3737.2,13:39:03,7.140e-06
3738.4,13:39:04,7.140e-06
3739.6,13:39:05,7.140e-06
3740.7,13:39:06,7.140e-06
3741.9,13:39:07,7.140e-06
3743.1,13:39:09,7.130e-06
3744.2,13:39:10,7.130e-06
3745.4,13:39:11,7.130e-06
3746.5,13:39:12,7.120e-06
3747.7,13:39:13,7.120e-06
3748.9,13:39:14,7.120e-06
3750.0,13:39:15,7.120e-06
3751.2,13:39:17,7.120e-06
3752.3,13:39:18,7.110e-06
3753.5,13:39:19,7.110e-06
3754.6,13:39:20,7.110e-06
3755.8,13:39:21,7.110e-06
3756.9,13:39:22,7.100e-06
3758.1,13:39:24,7.100e-06
3759.2,13:39:25,7.100e-06
3760.4,13:39:26,7.100e-06
3761.6,13:39:27,7.080e-06
3762.7,13:39:28,7.080e-06
3763.9,13:39:29,7.080e-06
3765.1,13:39:30,7.080e-06
3766.2,13:39:32,7.080e-06
3767.4,13:39:33,7.070e-06
3768.5,13:39:34,7.070e-06
3769.7,13:39:35,7.070e-06
3770.8,13:39:36,7.060e-06
3772.0,13:39:37,7.060e-06
3773.2,13:39:39,7.060e-06
3774.3,13:39:40,7.060e-06
3775.5,13:39:41,7.060e-06
3776.6,13:39:42,7.060e-06
3777.8,13:39:43,7.060e-06
3778.9,13:39:44,7.050e-06
3780.1,13:39:46,7.050e-06
3781.3,13:39:47,7.050e-06
3782.4,13:39:48,7.040e-06
3783.6,13:39:49,7.040e-06
3784.7,13:39:50,7.040e-06
3785.9,13:39:51,7.040e-06
3787.1,13:39:52,7.030e-06
3788.2,13:39:54,7.030e-06
3789.4,13:39:55,7.030e-06
3790.5,13:39:56,7.030e-06
3791.7,13:39:57,7.030e-06
3792.9,13:39:58,7.030e-06
3794.0,13:39:59,7.020e-06
3795.2,13:40:01,7.020e-06
3796.3,13:40:02,7.020e-06
3797.5,13:40:03,7.020e-06
3798.7,13:40:04,7.010e-06
3799.8,13:40:05,7.010e-06
3801.0,13:40:06,7.010e-06
3802.2,13:40:08,7.010e-06
3803.3,13:40:09,7.010e-06
3804.5,13:40:10,7.000e-06
3805.6,13:40:11,7.000e-06
3806.8,13:40:12,7.000e-06
3807.9,13:40:13,7.000e-06
3809.1,13:40:15,6.990e-06
3810.3,13:40:16,6.990e-06
3811.4,13:40:17,6.990e-06
3812.6,13:40:18,6.990e-06
3813.7,13:40:19,6.990e-06
3814.9,13:40:20,6.980e-06
3816.0,13:40:21,6.980e-06
3817.2,13:40:23,6.980e-06
3818.4,13:40:24,6.980e-06
3819.5,13:40:25,6.970e-06
3820.7,13:40:26,6.970e-06
3821.8,13:40:27,6.970e-06
3823.0,13:40:28,6.970e-06
3824.1,13:40:30,6.970e-06
3825.3,13:40:31,6.970e-06
3826.5,13:40:32,6.960e-06
3827.6,13:40:33,6.960e-06
3828.8,13:40:34,6.960e-06
3830.0,13:40:35,6.950e-06
3831.1,13:40:37,6.950e-06
3832.3,13:40:38,6.940e-06
3833.5,13:40:39,6.940e-06
3834.6,13:40:40,6.940e-06
3835.8,13:40:41,6.930e-06
3836.9,13:40:42,6.930e-06
3838.1,13:40:44,6.930e-06
3839.3,13:40:45,6.920e-06
3840.4,13:40:46,6.920e-06
3841.6,13:40:47,6.920e-06
3842.8,13:40:48,6.920e-06
3843.9,13:40:49,6.920e-06
3845.1,13:40:51,6.910e-06
3846.2,13:40:52,6.910e-06
3847.4,13:40:53,6.910e-06
3848.6,13:40:54,6.910e-06
3849.7,13:40:55,6.900e-06
3850.9,13:40:56,6.900e-06
3852.0,13:40:57,6.900e-06
3853.2,13:40:59,6.900e-06
3854.3,13:41:00,6.900e-06
3855.5,13:41:01,6.900e-06
3856.7,13:41:02,6.890e-06
3857.8,13:41:03,6.890e-06
3859.0,13:41:04,6.890e-06
3860.2,13:41:06,6.880e-06
3861.3,13:41:07,6.880e-06
3862.5,13:41:08,6.880e-06
3863.7,13:41:09,6.880e-06
3864.8,13:41:10,6.870e-06
3866.0,13:41:11,6.870e-06
3867.1,13:41:13,6.870e-06
3868.3,13:41:14,6.870e-06
3869.5,13:41:15,6.870e-06
3870.6,13:41:16,6.870e-06
3871.8,13:41:17,6.860e-06
3872.9,13:41:18,6.860e-06
3874.1,13:41:20,6.860e-06
3875.3,13:41:21,6.850e-06
3876.4,13:41:22,6.850e-06
3877.6,13:41:23,6.850e-06
3878.8,13:41:24,6.850e-06
3879.9,13:41:25,6.850e-06
3881.1,13:41:27,6.850e-06
3882.3,13:41:28,6.840e-06
3883.4,13:41:29,6.840e-06
3884.6,13:41:30,6.840e-06
3885.7,13:41:31,6.830e-06
3886.9,13:41:32,6.830e-06
3888.1,13:41:34,6.830e-06
3889.2,13:41:35,6.830e-06
3890.4,13:41:36,6.830e-06
3891.6,13:41:37,6.830e-06
3892.7,13:41:38,6.820e-06
3893.9,13:41:39,6.820e-06
3895.0,13:41:40,6.820e-06
3896.2,13:41:42,6.820e-06
3897.4,13:41:43,6.810e-06
3898.5,13:41:44,6.810e-06
3899.7,13:41:45,6.810e-06
3900.8,13:41:46,6.810e-06
3902.0,13:41:47,6.810e-06
3903.2,13:41:49,6.810e-06
3904.3,13:41:50,6.800e-06
3905.5,13:41:51,6.800e-06
3906.6,13:41:52,6.800e-06
3907.8,13:41:53,6.800e-06
3909.0,13:41:54,6.790e-06
3910.1,13:41:56,6.790e-06
3911.3,13:41:57,6.790e-06
3912.5,13:41:58,6.780e-06
3913.6,13:41:59,6.780e-06
3914.8,13:42:00,6.780e-06
3915.9,13:42:01,6.780e-06
3917.1,13:42:03,6.780e-06
3918.3,13:42:04,6.780e-06
3919.4,13:42:05,6.770e-06
3920.6,13:42:06,6.770e-06
3921.8,13:42:07,6.770e-06
3922.9,13:42:08,6.770e-06
3924.1,13:42:10,6.760e-06
3925.2,13:42:11,6.760e-06
3926.4,13:42:12,6.760e-06
3927.6,13:42:13,6.760e-06
3928.7,13:42:14,6.760e-06
3929.9,13:42:15,6.750e-06
3931.4,13:42:17,6.750e-06
3932.6,13:42:18,6.750e-06
3933.8,13:42:19,6.740e-06
3934.9,13:42:20,6.740e-06
3936.1,13:42:22,6.730e-06
3937.3,13:42:23,6.730e-06
3938.4,13:42:24,6.720e-06
3939.6,13:42:25,6.720e-06
3940.8,13:42:26,6.720e-06
3941.9,13:42:27,6.710e-06
3943.1,13:42:29,6.710e-06
3944.3,13:42:30,6.710e-06
3945.4,13:42:31,6.710e-06
3946.6,13:42:32,6.710e-06
3947.7,13:42:33,6.710e-06
3948.9,13:42:34,6.710e-06
3950.1,13:42:36,6.700e-06
3951.2,13:42:37,6.700e-06
3952.4,13:42:38,6.700e-06
3953.6,13:42:39,6.700e-06
3954.7,13:42:40,6.700e-06
3955.9,13:42:41,6.690e-06
3957.1,13:42:42,6.690e-06
3958.2,13:42:44,6.690e-06
3959.4,13:42:45,6.690e-06
3960.5,13:42:46,6.690e-06
3961.7,13:42:47,6.680e-06
3962.9,13:42:48,6.680e-06
3964.0,13:42:49,6.680e-06
3965.2,13:42:51,6.670e-06
3966.3,13:42:52,6.670e-06
3967.5,13:42:53,6.670e-06
3968.7,13:42:54,6.670e-06
3969.8,13:42:55,6.670e-06
3971.0,13:42:56,6.670e-06
3972.2,13:42:58,6.670e-06
3973.3,13:42:59,6.670e-06
3974.5,13:43:00,6.660e-06
3975.7,13:43:01,6.660e-06
3976.9,13:43:02,6.660e-06
3978.0,13:43:03,6.650e-06
3979.2,13:43:05,6.650e-06
3980.4,13:43:06,6.650e-06
3981.5,13:43:07,6.650e-06
3982.7,13:43:08,6.650e-06
3983.8,13:43:09,6.650e-06
3985.0,13:43:10,6.650e-06
3986.2,13:43:12,6.640e-06
3987.3,13:43:13,6.640e-06
3988.5,13:43:14,6.640e-06
3989.6,13:43:15,6.640e-06
3990.8,13:43:16,6.630e-06
3992.0,13:43:17,6.630e-06
3993.1,13:43:19,6.630e-06
3994.3,13:43:20,6.630e-06
3995.4,13:43:21,6.620e-06
3996.6,13:43:22,6.620e-06
3997.8,13:43:23,6.620e-06
3998.9,13:43:24,6.620e-06
4000.1,13:43:26,6.620e-06
4001.2,13:43:27,6.620e-06
4002.4,13:43:28,6.610e-06
4003.6,13:43:29,6.610e-06
4004.7,13:43:30,6.610e-06
4005.9,13:43:31,6.610e-06
4007.0,13:43:32,6.610e-06
4008.2,13:43:34,6.610e-06
4009.4,13:43:35,6.600e-06
4010.5,13:43:36,6.600e-06
4011.7,13:43:37,6.600e-06
4012.8,13:43:38,6.600e-06
4014.0,13:43:39,6.600e-06
4015.2,13:43:41,6.600e-06
4016.3,13:43:42,6.590e-06
4017.5,13:43:43,6.590e-06
4018.6,13:43:44,6.590e-06
4019.8,13:43:45,6.590e-06
4021.0,13:43:46,6.590e-06
4022.1,13:43:48,6.580e-06
4023.3,13:43:49,6.580e-06
4024.4,13:43:50,6.580e-06
4025.6,13:43:51,6.580e-06
4026.8,13:43:52,6.580e-06
4027.9,13:43:53,6.580e-06
4029.1,13:43:55,6.570e-06
4030.2,13:43:56,6.570e-06
4031.4,13:43:57,6.570e-06
4032.5,13:43:58,6.570e-06
4033.7,13:43:59,6.560e-06
4034.9,13:44:00,6.560e-06
4036.1,13:44:01,6.560e-06
4037.2,13:44:03,6.560e-06
4038.4,13:44:04,6.550e-06
4039.5,13:44:05,6.550e-06
4040.7,13:44:06,6.550e-06
4041.9,13:44:07,6.550e-06
4043.0,13:44:08,6.550e-06
4044.2,13:44:10,6.540e-06
4045.3,13:44:11,6.530e-06
4046.5,13:44:12,6.530e-06
4047.7,13:44:13,6.530e-06
4048.8,13:44:14,6.530e-06
4050.0,13:44:15,6.530e-06
4051.1,13:44:17,6.530e-06
4052.3,13:44:18,6.520e-06
4053.5,13:44:19,6.520e-06
4054.6,13:44:20,6.520e-06
4055.8,13:44:21,6.520e-06
4056.9,13:44:22,6.510e-06
4058.1,13:44:24,6.510e-06
4059.2,13:44:25,6.510e-06
4060.4,13:44:26,6.510e-06
4061.6,13:44:27,6.510e-06
4062.7,13:44:28,6.510e-06
4063.9,13:44:29,6.510e-06
4065.0,13:44:30,6.500e-06
4066.2,13:44:32,6.500e-06
4067.3,13:44:33,6.500e-06
4068.5,13:44:34,6.490e-06
4069.7,13:44:35,6.490e-06
4070.8,13:44:36,6.490e-06
4072.0,13:44:37,6.490e-06
4073.2,13:44:39,6.490e-06
4074.3,13:44:40,6.490e-06
4075.5,13:44:41,6.490e-06
4076.7,13:44:42,6.490e-06
4077.8,13:44:43,6.480e-06
4079.0,13:44:44,6.480e-06
4080.1,13:44:46,6.480e-06
4081.3,13:44:47,6.480e-06
4082.5,13:44:48,6.470e-06
4083.6,13:44:49,6.470e-06
4084.8,13:44:50,6.470e-06
4086.0,13:44:51,6.470e-06
4087.1,13:44:53,6.460e-06
4088.3,13:44:54,6.460e-06
4089.4,13:44:55,6.460e-06
4090.6,13:44:56,6.460e-06
4091.8,13:44:57,6.460e-06
4092.9,13:44:58,6.460e-06
4094.1,13:45:00,6.450e-06
4095.3,13:45:01,6.450e-06
4096.4,13:45:02,6.450e-06
4097.6,13:45:03,6.450e-06
4098.7,13:45:04,6.450e-06
4099.9,13:45:05,6.440e-06
4101.1,13:45:07,6.440e-06
4102.2,13:45:08,6.440e-06
4103.4,13:45:09,6.440e-06
4104.6,13:45:10,6.440e-06
4105.7,13:45:11,6.440e-06
4106.9,13:45:12,6.440e-06
4108.1,13:45:14,6.430e-06
4109.2,13:45:15,6.430e-06
4110.4,13:45:16,6.430e-06
4111.5,13:45:17,6.430e-06
4112.7,13:45:18,6.420e-06
4113.8,13:45:19,6.420e-06
4115.0,13:45:20,6.420e-06
4116.1,13:45:22,6.420e-06
4117.3,13:45:23,6.420e-06
4118.5,13:45:24,6.420e-06
4119.6,13:45:25,6.410e-06
4120.8,13:45:26,6.410e-06
4122.0,13:45:27,6.410e-06
4123.1,13:45:29,6.410e-06
4124.3,13:45:30,6.410e-06
4125.5,13:45:31,6.400e-06
4126.6,13:45:32,6.400e-06
4127.8,13:45:33,6.400e-06
4129.0,13:45:34,6.400e-06
4130.1,13:45:36,6.400e-06
4131.3,13:45:37,6.400e-06
4132.5,13:45:38,6.400e-06
4133.6,13:45:39,6.390e-06
4134.8,13:45:40,6.400e-06
4135.9,13:45:41,6.390e-06
4137.1,13:45:43,6.390e-06
4138.3,13:45:44,6.390e-06
4139.5,13:45:45,6.390e-06
4140.6,13:45:46,6.380e-06
4141.8,13:45:47,6.390e-06
4142.9,13:45:48,6.380e-06
4144.1,13:45:50,6.380e-06
4145.3,13:45:51,6.380e-06
4146.4,13:45:52,6.380e-06
4147.6,13:45:53,6.380e-06
4148.8,13:45:54,6.370e-06
4149.9,13:45:55,6.370e-06
4151.1,13:45:57,6.370e-06
4152.3,13:45:58,6.370e-06
4153.4,13:45:59,6.370e-06
4154.6,13:46:00,6.370e-06
4155.7,13:46:01,6.360e-06
4156.9,13:46:02,6.350e-06
4158.1,13:46:04,6.350e-06
4159.2,13:46:05,6.350e-06
4160.4,13:46:06,6.350e-06
4161.6,13:46:07,6.350e-06
4162.7,13:46:08,6.350e-06
4163.9,13:46:09,6.350e-06
4165.0,13:46:10,6.350e-06
4166.2,13:46:12,6.340e-06
4167.4,13:46:13,6.350e-06
4168.5,13:46:14,6.340e-06
4169.7,13:46:15,6.340e-06
4170.9,13:46:16,6.340e-06
4172.0,13:46:17,6.340e-06
4173.2,13:46:19,6.340e-06
4174.4,13:46:20,6.330e-06
4175.5,13:46:21,6.330e-06
4176.7,13:46:22,6.330e-06
4177.8,13:46:23,6.330e-06
4179.0,13:46:24,6.330e-06
4180.1,13:46:26,6.330e-06
4181.3,13:46:27,6.330e-06
4182.4,13:46:28,6.330e-06
4183.6,13:46:29,6.330e-06
4184.8,13:46:30,6.330e-06
4185.9,13:46:31,6.320e-06
4187.1,13:46:33,6.320e-06
4188.3,13:46:34,6.320e-06
4189.4,13:46:35,6.320e-06
4190.6,13:46:36,6.320e-06
4191.8,13:46:37,6.310e-06
4192.9,13:46:38,6.320e-06
4194.1,13:46:39,6.310e-06
4195.2,13:46:41,6.310e-06
4196.4,13:46:42,6.310e-06
4197.6,13:46:43,6.310e-06
4198.7,13:46:44,6.310e-06
4199.9,13:46:45,6.300e-06
4201.0,13:46:46,6.300e-06
4202.2,13:46:48,6.300e-06
4203.4,13:46:49,6.300e-06
4204.5,13:46:50,6.300e-06
4205.7,13:46:51,6.300e-06
4206.8,13:46:52,6.300e-06
4208.0,13:46:53,6.300e-06
4209.1,13:46:55,6.290e-06
4210.3,13:46:56,6.300e-06
4211.5,13:46:57,6.290e-06
4212.6,13:46:58,6.290e-06
4213.8,13:46:59,6.290e-06
4215.0,13:47:00,6.290e-06
4216.1,13:47:02,6.290e-06
4217.3,13:47:03,6.290e-06
4218.5,13:47:04,6.280e-06
4219.6,13:47:05,6.280e-06
4220.8,13:47:06,6.280e-06
4222.0,13:47:07,6.280e-06
4223.2,13:47:09,6.280e-06
4224.3,13:47:10,6.280e-06
4225.5,13:47:11,6.280e-06
4226.6,13:47:12,6.280e-06
4227.8,13:47:13,6.280e-06
4229.0,13:47:14,6.280e-06
4230.1,13:47:16,6.270e-06
4231.3,13:47:17,6.270e-06
4232.5,13:47:18,6.270e-06
4233.6,13:47:19,6.270e-06
4234.8,13:47:20,6.270e-06
4236.0,13:47:21,6.260e-06
4237.1,13:47:23,6.260e-06
4238.3,13:47:24,6.260e-06
4239.4,13:47:25,6.260e-06
4240.6,13:47:26,6.260e-06
4241.8,13:47:27,6.260e-06
4242.9,13:47:28,6.260e-06
4244.1,13:47:30,6.260e-06
4245.3,13:47:31,6.260e-06
4246.4,13:47:32,6.250e-06
4247.6,13:47:33,6.250e-06
4248.7,13:47:34,6.250e-06
4249.9,13:47:35,6.250e-06
4251.1,13:47:37,6.250e-06
4252.2,13:47:38,6.240e-06
4253.4,13:47:39,6.240e-06
4254.6,13:47:40,6.240e-06
4255.7,13:47:41,6.240e-06
4256.9,13:47:42,6.240e-06
4258.1,13:47:44,6.240e-06
4259.2,13:47:45,6.230e-06
4260.4,13:47:46,6.230e-06
4261.5,13:47:47,6.230e-06
4262.7,13:47:48,6.230e-06
4263.9,13:47:49,6.230e-06
4265.0,13:47:50,6.220e-06
4266.2,13:47:52,6.220e-06
4267.4,13:47:53,6.210e-06
4268.5,13:47:54,6.210e-06
4269.7,13:47:55,6.210e-06
4270.9,13:47:56,6.200e-06
4272.0,13:47:57,6.200e-06
4273.2,13:47:59,6.200e-06
4274.4,13:48:00,6.200e-06
4275.5,13:48:01,6.200e-06
4276.7,13:48:02,6.190e-06
4277.8,13:48:03,6.190e-06
4279.0,13:48:04,6.190e-06
4280.2,13:48:06,6.190e-06
4281.3,13:48:07,6.190e-06
4282.5,13:48:08,6.190e-06
4283.7,13:48:09,6.180e-06
4284.8,13:48:10,6.180e-06
4286.0,13:48:11,6.180e-06
4287.1,13:48:13,6.180e-06
4288.3,13:48:14,6.180e-06
4289.4,13:48:15,6.170e-06
4290.6,13:48:16,6.170e-06
4291.7,13:48:17,6.170e-06
4292.9,13:48:18,6.170e-06
4294.0,13:48:19,6.170e-06
4295.2,13:48:21,6.170e-06
4296.3,13:48:22,6.170e-06
4297.5,13:48:23,6.160e-06
4298.7,13:48:24,6.160e-06
4299.8,13:48:25,6.160e-06
4301.0,13:48:26,6.150e-06
4302.2,13:48:28,6.150e-06
4303.3,13:48:29,6.150e-06
4304.5,13:48:30,6.150e-06
4305.6,13:48:31,6.140e-06
4306.8,13:48:32,6.140e-06
4307.9,13:48:33,6.140e-06
4309.1,13:48:35,6.140e-06
4310.3,13:48:36,6.140e-06
4311.4,13:48:37,6.140e-06
4312.6,13:48:38,6.130e-06
4313.7,13:48:39,6.130e-06
4314.9,13:48:40,6.130e-06
4316.0,13:48:41,6.130e-06
4317.2,13:48:43,6.120e-06
4318.3,13:48:44,6.120e-06
4319.5,13:48:45,6.120e-06
4320.6,13:48:46,6.120e-06
4321.8,13:48:47,6.120e-06
4322.9,13:48:48,6.120e-06
4324.1,13:48:50,6.110e-06
4325.2,13:48:51,6.110e-06
4326.4,13:48:52,6.110e-06
4327.6,13:48:53,6.110e-06
4328.7,13:48:54,6.100e-06
4329.9,13:48:55,6.100e-06
4331.0,13:48:56,6.100e-06
4332.2,13:48:58,6.100e-06
4333.3,13:48:59,6.100e-06
4334.5,13:49:00,6.100e-06
4335.6,13:49:01,6.100e-06
4336.8,13:49:02,6.100e-06
4337.9,13:49:03,6.090e-06
4339.1,13:49:05,6.090e-06
4340.2,13:49:06,6.090e-06
4341.4,13:49:07,6.090e-06
4342.6,13:49:08,6.080e-06
4343.7,13:49:09,6.080e-06
4344.9,13:49:10,6.080e-06
4346.0,13:49:11,6.080e-06
4347.2,13:49:13,6.080e-06
4348.3,13:49:14,6.080e-06
4349.5,13:49:15,6.080e-06
4350.7,13:49:16,6.070e-06
4351.8,13:49:17,6.070e-06
4353.0,13:49:18,6.070e-06
4354.1,13:49:20,6.070e-06
4355.3,13:49:21,6.060e-06
4356.4,13:49:22,6.060e-06
4357.6,13:49:23,6.060e-06
4358.8,13:49:24,6.060e-06
4359.9,13:49:25,6.050e-06
4361.1,13:49:26,6.050e-06
4362.2,13:49:28,6.050e-06
4363.4,13:49:29,6.050e-06
4364.5,13:49:30,6.050e-06
4365.7,13:49:31,6.050e-06
4366.8,13:49:32,6.050e-06
4368.0,13:49:33,6.050e-06
4369.1,13:49:35,6.040e-06
4370.3,13:49:36,6.040e-06
4371.4,13:49:37,6.040e-06
4372.6,13:49:38,6.030e-06
4373.7,13:49:39,6.030e-06
4374.9,13:49:40,6.030e-06
4376.1,13:49:41,6.020e-06
4377.2,13:49:43,6.020e-06
4378.4,13:49:44,6.020e-06
4379.5,13:49:45,6.020e-06
4380.7,13:49:46,6.020e-06
4381.8,13:49:47,6.010e-06
4383.0,13:49:48,6.010e-06
4384.1,13:49:50,6.010e-06
4385.3,13:49:51,6.010e-06
4386.4,13:49:52,6.010e-06
4387.6,13:49:53,6.010e-06
4388.7,13:49:54,6.010e-06
4389.9,13:49:55,6.010e-06
4391.0,13:49:56,6.010e-06
4392.2,13:49:58,6.010e-06
4393.4,13:49:59,6.000e-06
4394.5,13:50:00,6.000e-06
4395.7,13:50:01,6.000e-06
4396.8,13:50:02,6.000e-06
4398.0,13:50:03,6.000e-06
4399.1,13:50:05,5.990e-06
4400.3,13:50:06,5.990e-06
4401.4,13:50:07,5.990e-06
4402.6,13:50:08,5.990e-06
4403.7,13:50:09,5.990e-06
4404.9,13:50:10,5.990e-06
4406.1,13:50:11,5.980e-06
4407.2,13:50:13,5.980e-06
4408.4,13:50:14,5.980e-06
4409.5,13:50:15,5.980e-06
4410.7,13:50:16,5.980e-06
4411.8,13:50:17,5.980e-06
4413.0,13:50:18,5.980e-06
4414.1,13:50:20,5.970e-06
4415.3,13:50:21,5.970e-06
4416.4,13:50:22,5.970e-06
4417.6,13:50:23,5.970e-06
4418.8,13:50:24,5.970e-06
4419.9,13:50:25,5.960e-06
4421.1,13:50:27,5.960e-06
4422.2,13:50:28,5.960e-06
4423.4,13:50:29,5.960e-06
4424.5,13:50:30,5.960e-06
4425.7,13:50:31,5.960e-06
4426.8,13:50:32,5.960e-06
4428.0,13:50:33,5.950e-06
4429.2,13:50:35,5.950e-06
4430.3,13:50:36,5.950e-06
4431.5,13:50:37,5.950e-06
4432.6,13:50:38,5.950e-06
4433.8,13:50:39,5.950e-06
4434.9,13:50:40,5.940e-06
4436.1,13:50:42,5.940e-06
4437.2,13:50:43,5.940e-06
4438.4,13:50:44,5.940e-06
4439.6,13:50:45,5.940e-06
4440.7,13:50:46,5.940e-06
4441.9,13:50:47,5.940e-06
4443.0,13:50:48,5.930e-06
4444.2,13:50:50,5.930e-06
4445.3,13:50:51,5.930e-06
4446.5,13:50:52,5.930e-06
4447.7,13:50:53,5.930e-06
4448.8,13:50:54,5.930e-06
4450.0,13:50:55,5.920e-06
4451.1,13:50:57,5.920e-06
4452.3,13:50:58,5.920e-06
4453.4,13:50:59,5.920e-06
4454.6,13:51:00,5.920e-06
4455.7,13:51:01,5.920e-06
4456.9,13:51:02,5.920e-06
4458.0,13:51:03,5.910e-06
4459.2,13:51:05,5.910e-06
4460.4,13:51:06,5.910e-06
4461.5,13:51:07,5.910e-06
4462.7,13:51:08,5.910e-06
4463.8,13:51:09,5.900e-06
4465.0,13:51:10,5.900e-06
4466.1,13:51:12,5.900e-06
4467.3,13:51:13,5.900e-06
4468.4,13:51:14,5.900e-06
4469.6,13:51:15,5.900e-06
4470.8,13:51:16,5.890e-06
4471.9,13:51:17,5.890e-06
4473.1,13:51:19,5.890e-06
4474.2,13:51:20,5.890e-06
4475.4,13:51:21,5.890e-06
4476.5,13:51:22,5.880e-06
4477.7,13:51:23,5.880e-06
4478.8,13:51:24,5.880e-06
4480.0,13:51:25,5.870e-06
4481.1,13:51:27,5.870e-06
4482.3,13:51:28,5.870e-06
4483.4,13:51:29,5.870e-06
4484.6,13:51:30,5.870e-06
4485.8,13:51:31,5.870e-06
4486.9,13:51:32,5.870e-06
4488.0,13:51:33,5.870e-06
4489.2,13:51:35,5.860e-06
4490.4,13:51:36,5.860e-06
4491.5,13:51:37,5.860e-06
4492.7,13:51:38,5.860e-06
4493.8,13:51:39,5.860e-06
4495.0,13:51:40,5.860e-06
4496.1,13:51:42,5.860e-06
4497.3,13:51:43,5.860e-06
4498.4,13:51:44,5.850e-06
4499.6,13:51:45,5.850e-06
4500.8,13:51:46,5.850e-06
4501.9,13:51:47,5.850e-06
4503.1,13:51:49,5.850e-06
4504.2,13:51:50,5.850e-06
4505.4,13:51:51,5.850e-06
4506.5,13:51:52,5.850e-06
4507.7,13:51:53,5.850e-06
4508.8,13:51:54,5.850e-06
4510.0,13:51:55,5.840e-06
4511.2,13:51:57,5.840e-06
4512.3,13:51:58,5.840e-06
4513.5,13:51:59,5.840e-06
4514.6,13:52:00,5.840e-06
4515.8,13:52:01,5.840e-06
4516.9,13:52:02,5.840e-06
4518.1,13:52:04,5.830e-06
4519.2,13:52:05,5.830e-06
4520.4,13:52:06,5.830e-06
4521.5,13:52:07,5.830e-06
4522.7,13:52:08,5.830e-06
4523.9,13:52:09,5.830e-06
4525.0,13:52:10,5.820e-06
4526.2,13:52:12,5.820e-06
4527.3,13:52:13,5.820e-06
4528.5,13:52:14,5.820e-06
4529.6,13:52:15,5.820e-06
4530.8,13:52:16,5.820e-06
4532.0,13:52:17,5.820e-06
4533.1,13:52:19,5.820e-06
4534.2,13:52:20,5.820e-06
4535.4,13:52:21,5.820e-06
4536.6,13:52:22,5.820e-06
4537.7,13:52:23,5.820e-06
4538.9,13:52:24,5.820e-06
4540.0,13:52:25,5.810e-06
4541.2,13:52:27,5.810e-06
4542.3,13:52:28,5.810e-06
4543.5,13:52:29,5.810e-06
4544.6,13:52:30,5.810e-06
4545.8,13:52:31,5.810e-06
4546.9,13:52:32,5.800e-06
4548.1,13:52:34,5.800e-06
4549.2,13:52:35,5.800e-06
4550.4,13:52:36,5.800e-06
4551.6,13:52:37,5.800e-06
4552.7,13:52:38,5.800e-06
4553.9,13:52:39,5.800e-06
4555.0,13:52:40,5.800e-06
4556.2,13:52:42,5.800e-06
4557.3,13:52:43,5.800e-06
4558.5,13:52:44,5.800e-06
4559.6,13:52:45,5.800e-06
4560.8,13:52:46,5.790e-06
4561.9,13:52:47,5.790e-06
4563.1,13:52:49,5.790e-06
4564.2,13:52:50,5.790e-06
4565.4,13:52:51,5.790e-06
4566.5,13:52:52,5.780e-06
4567.7,13:52:53,5.780e-06
4568.8,13:52:54,5.780e-06
4570.0,13:52:55,5.780e-06
4571.1,13:52:57,5.780e-06
4572.3,13:52:58,5.780e-06
4573.4,13:52:59,5.780e-06
4574.6,13:53:00,5.780e-06
4575.8,13:53:01,5.780e-06
4576.9,13:53:02,5.780e-06
4578.1,13:53:04,5.780e-06
4579.2,13:53:05,5.770e-06
4580.4,13:53:06,5.770e-06
4581.5,13:53:07,5.770e-06
4582.7,13:53:08,5.770e-06
4583.8,13:53:09,5.770e-06
4585.0,13:53:10,5.760e-06
4586.1,13:53:12,5.760e-06
4587.3,13:53:13,5.760e-06
4588.5,13:53:14,5.750e-06
4589.6,13:53:15,5.760e-06
4590.8,13:53:16,5.750e-06
4591.9,13:53:17,5.760e-06
4593.1,13:53:18,5.750e-06
4594.2,13:53:20,5.750e-06
4595.4,13:53:21,5.750e-06
4596.5,13:53:22,5.750e-06
4597.7,13:53:23,5.750e-06
4598.8,13:53:24,5.740e-06
4600.0,13:53:25,5.750e-06
4601.1,13:53:27,5.740e-06
4602.3,13:53:28,5.740e-06
4603.4,13:53:29,5.740e-06
4604.6,13:53:30,5.740e-06
4605.7,13:53:31,5.740e-06
4606.9,13:53:32,5.740e-06
4608.0,13:53:33,5.730e-06
4609.2,13:53:35,5.740e-06
4610.3,13:53:36,5.730e-06
4611.5,13:53:37,5.730e-06
4612.7,13:53:38,5.730e-06
4613.8,13:53:39,5.730e-06
4615.0,13:53:40,5.730e-06
4616.1,13:53:42,5.730e-06
4617.3,13:53:43,5.730e-06
4618.4,13:53:44,5.730e-06
4619.6,13:53:45,5.730e-06
4620.8,13:53:46,5.720e-06
4621.9,13:53:47,5.720e-06
4623.0,13:53:48,5.720e-06
4624.2,13:53:50,5.720e-06
4625.4,13:53:51,5.720e-06
4626.5,13:53:52,5.710e-06
4627.7,13:53:53,5.710e-06
4628.8,13:53:54,5.710e-06
4630.0,13:53:55,5.710e-06
4631.1,13:53:57,5.710e-06
4632.3,13:53:58,5.710e-06
4633.5,13:53:59,5.710e-06
4634.6,13:54:00,5.710e-06
4635.8,13:54:01,5.710e-06
4636.9,13:54:02,5.710e-06
4638.1,13:54:04,5.710e-06
4639.2,13:54:05,5.700e-06
4640.4,13:54:06,5.700e-06
4641.5,13:54:07,5.700e-06
4642.7,13:54:08,5.700e-06
4643.9,13:54:09,5.700e-06
4645.0,13:54:10,5.690e-06
4646.2,13:54:12,5.690e-06
4647.3,13:54:13,5.690e-06
4648.5,13:54:14,5.690e-06
4649.6,13:54:15,5.690e-06
4650.8,13:54:16,5.690e-06
4651.9,13:54:17,5.690e-06
4653.1,13:54:19,5.690e-06
4654.2,13:54:20,5.690e-06
4655.4,13:54:21,5.690e-06
4656.5,13:54:22,5.690e-06
4657.7,13:54:23,5.690e-06
4658.8,13:54:24,5.680e-06
4660.0,13:54:25,5.680e-06
4661.1,13:54:27,5.680e-06
4662.3,13:54:28,5.680e-06
4663.4,13:54:29,5.680e-06
4664.6,13:54:30,5.680e-06
4665.7,13:54:31,5.680e-06
4666.9,13:54:32,5.680e-06
4668.0,13:54:33,5.670e-06
4669.2,13:54:35,5.670e-06
4670.4,13:54:36,5.670e-06
4671.5,13:54:37,5.670e-06
4672.7,13:54:38,5.670e-06
4673.8,13:54:39,5.670e-06
4675.0,13:54:40,5.660e-06
4676.1,13:54:42,5.670e-06
4677.3,13:54:43,5.670e-06
4678.4,13:54:44,5.660e-06
4679.6,13:54:45,5.660e-06
4680.7,13:54:46,5.660e-06
4681.9,13:54:47,5.660e-06
4683.1,13:54:48,5.660e-06
4684.2,13:54:50,5.660e-06
4685.4,13:54:51,5.660e-06
4686.5,13:54:52,5.660e-06
4687.7,13:54:53,5.660e-06
4688.8,13:54:54,5.660e-06
4690.0,13:54:55,5.660e-06
4691.1,13:54:57,5.660e-06
4692.3,13:54:58,5.660e-06
4693.5,13:54:59,5.650e-06
4694.6,13:55:00,5.650e-06
4695.8,13:55:01,5.640e-06
4696.9,13:55:02,5.640e-06
4698.1,13:55:04,5.640e-06
4699.2,13:55:05,5.640e-06
4700.4,13:55:06,5.640e-06
4701.6,13:55:07,5.640e-06
4702.7,13:55:08,5.640e-06
4703.9,13:55:09,5.640e-06
4705.0,13:55:10,5.630e-06
4706.2,13:55:12,5.630e-06
4707.3,13:55:13,5.630e-06
4708.5,13:55:14,5.630e-06
4709.6,13:55:15,5.630e-06
4710.8,13:55:16,5.630e-06
4711.9,13:55:17,5.630e-06
4713.1,13:55:19,5.630e-06
4714.2,13:55:20,5.630e-06
4715.4,13:55:21,5.620e-06
4716.5,13:55:22,5.620e-06
4717.7,13:55:23,5.620e-06
4718.9,13:55:24,5.620e-06
4720.0,13:55:25,5.620e-06
4721.2,13:55:27,5.620e-06
4722.3,13:55:28,5.620e-06
4723.5,13:55:29,5.620e-06
4724.6,13:55:30,5.620e-06
4725.8,13:55:31,5.620e-06
4727.0,13:55:32,5.620e-06
4728.2,13:55:34,5.620e-06
4729.3,13:55:35,5.610e-06
4730.5,13:55:36,5.610e-06
4731.6,13:55:37,5.610e-06
4732.8,13:55:38,5.610e-06
4733.9,13:55:39,5.610e-06
4735.1,13:55:41,5.610e-06
4736.2,13:55:42,5.610e-06
4737.4,13:55:43,5.610e-06
4738.5,13:55:44,5.610e-06
4739.7,13:55:45,5.610e-06
4740.9,13:55:46,5.600e-06
4742.0,13:55:47,5.600e-06
4743.2,13:55:49,5.600e-06
4744.3,13:55:50,5.600e-06
4745.5,13:55:51,5.600e-06
4746.6,13:55:52,5.600e-06
4747.8,13:55:53,5.600e-06
4748.9,13:55:54,5.600e-06
4750.1,13:55:56,5.600e-06
4751.3,13:55:57,5.600e-06
4752.4,13:55:58,5.600e-06
4753.6,13:55:59,5.600e-06
4754.7,13:56:00,5.600e-06
4755.9,13:56:01,5.590e-06
4757.0,13:56:02,5.590e-06
4758.2,13:56:04,5.590e-06
4759.3,13:56:05,5.590e-06
4760.5,13:56:06,5.590e-06
4761.7,13:56:07,5.590e-06
4762.8,13:56:08,5.590e-06
4764.0,13:56:09,5.590e-06
4765.1,13:56:11,5.580e-06
4766.3,13:56:12,5.580e-06
4767.4,13:56:13,5.580e-06
4768.6,13:56:14,5.580e-06
4769.8,13:56:15,5.580e-06
4770.9,13:56:16,5.580e-06
4772.1,13:56:18,5.580e-06
4773.2,13:56:19,5.570e-06
4774.4,13:56:20,5.570e-06
4775.5,13:56:21,5.570e-06
4776.7,13:56:22,5.570e-06
4777.8,13:56:23,5.570e-06
4779.0,13:56:24,5.570e-06
4780.2,13:56:26,5.570e-06
4781.3,13:56:27,5.570e-06
4782.5,13:56:28,5.570e-06
4783.7,13:56:29,5.570e-06
4784.8,13:56:30,5.570e-06
4786.0,13:56:31,5.560e-06
4787.1,13:56:33,5.560e-06
4788.3,13:56:34,5.560e-06
4789.5,13:56:35,5.560e-06
4790.6,13:56:36,5.560e-06
4791.8,13:56:37,5.560e-06
4793.0,13:56:38,5.560e-06
4794.1,13:56:40,5.560e-06
4795.3,13:56:41,5.550e-06
4796.4,13:56:42,5.550e-06
4797.6,13:56:43,5.550e-06
4798.7,13:56:44,5.550e-06
4799.9,13:56:45,5.550e-06
4801.1,13:56:46,5.550e-06
4802.2,13:56:48,5.550e-06
4803.4,13:56:49,5.550e-06
4804.5,13:56:50,5.550e-06
4805.7,13:56:51,5.550e-06
4806.8,13:56:52,5.550e-06
4808.0,13:56:53,5.540e-06
4809.2,13:56:55,5.530e-06
4810.3,13:56:56,5.530e-06
4811.5,13:56:57,5.530e-06
4812.6,13:56:58,5.530e-06
4813.8,13:56:59,5.530e-06
4815.0,13:57:00,5.530e-06
4816.1,13:57:02,5.530e-06
4817.3,13:57:03,5.530e-06
4818.4,13:57:04,5.520e-06
4819.6,13:57:05,5.520e-06
4820.7,13:57:06,5.520e-06
4821.9,13:57:07,5.520e-06
4823.0,13:57:08,5.520e-06
4824.2,13:57:10,5.510e-06
4825.3,13:57:11,5.510e-06
4826.5,13:57:12,5.510e-06
4827.7,13:57:13,5.510e-06
4828.8,13:57:14,5.510e-06
4829.9,13:57:15,5.510e-06
4831.1,13:57:17,5.500e-06
4832.3,13:57:18,5.500e-06
4833.4,13:57:19,5.500e-06
4834.6,13:57:20,5.500e-06
4835.7,13:57:21,5.500e-06
4836.9,13:57:22,5.500e-06
4838.0,13:57:23,5.500e-06
4839.2,13:57:25,5.500e-06
4840.3,13:57:26,5.490e-06
4841.5,13:57:27,5.490e-06
4842.7,13:57:28,5.490e-06
4843.8,13:57:29,5.490e-06
4845.0,13:57:30,5.490e-06
4846.1,13:57:32,5.480e-06
4847.3,13:57:33,5.480e-06
4848.5,13:57:34,5.480e-06
4849.6,13:57:35,5.480e-06
4850.8,13:57:36,5.480e-06
4852.0,13:57:37,5.480e-06
4853.1,13:57:39,5.480e-06
4854.3,13:57:40,5.480e-06
4855.4,13:57:41,5.480e-06
4856.6,13:57:42,5.470e-06
4857.7,13:57:43,5.470e-06
4858.9,13:57:44,5.470e-06
4860.1,13:57:45,5.470e-06
4861.2,13:57:47,5.470e-06
4862.4,13:57:48,5.460e-06
4863.5,13:57:49,5.460e-06
4864.7,13:57:50,5.460e-06
4865.8,13:57:51,5.460e-06
4867.0,13:57:52,5.460e-06
4868.1,13:57:54,5.460e-06
4869.3,13:57:55,5.460e-06
4870.5,13:57:56,5.460e-06
4871.6,13:57:57,5.460e-06
4872.8,13:57:58,5.450e-06
4874.0,13:57:59,5.450e-06
4875.1,13:58:01,5.450e-06
4876.3,13:58:02,5.450e-06
4877.4,13:58:03,5.450e-06
4878.6,13:58:04,5.450e-06
4879.8,13:58:05,5.450e-06
4880.9,13:58:06,5.440e-06
4882.1,13:58:07,5.440e-06
4883.2,13:58:09,5.440e-06
4884.4,13:58:10,5.440e-06
4885.5,13:58:11,5.440e-06
4886.7,13:58:12,5.440e-06
4887.9,13:58:13,5.440e-06
4889.0,13:58:14,5.440e-06
4890.2,13:58:16,5.440e-06
4891.3,13:58:17,5.440e-06
4892.5,13:58:18,5.430e-06
4893.6,13:58:19,5.430e-06
4894.8,13:58:20,5.430e-06
4895.9,13:58:21,5.430e-06
4897.1,13:58:23,5.430e-06
4898.2,13:58:24,5.430e-06
4899.4,13:58:25,5.430e-06
4900.6,13:58:26,5.420e-06
4901.7,13:58:27,5.420e-06
4902.9,13:58:28,5.420e-06
4904.1,13:58:29,5.420e-06
4905.2,13:58:31,5.420e-06
4906.4,13:58:32,5.410e-06
4907.5,13:58:33,5.410e-06
4908.7,13:58:34,5.410e-06
4909.8,13:58:35,5.410e-06
4911.0,13:58:36,5.410e-06
4912.1,13:58:38,5.410e-06
4913.3,13:58:39,5.410e-06
4914.4,13:58:40,5.410e-06
4915.6,13:58:41,5.410e-06
4916.7,13:58:42,5.410e-06
4917.9,13:58:43,5.410e-06
4919.0,13:58:44,5.400e-06
4920.2,13:58:46,5.390e-06
4921.4,13:58:47,5.390e-06
4922.5,13:58:48,5.390e-06
4923.7,13:58:49,5.390e-06
4924.8,13:58:50,5.390e-06
4926.0,13:58:51,5.390e-06
4927.1,13:58:53,5.390e-06
4928.3,13:58:54,5.390e-06
4929.4,13:58:55,5.380e-06
4930.6,13:58:56,5.380e-06
4931.8,13:58:57,5.380e-06
4932.9,13:58:58,5.380e-06
4934.1,13:59:00,5.380e-06
4935.2,13:59:01,5.380e-06
4936.4,13:59:02,5.370e-06
4937.5,13:59:03,5.370e-06
4938.7,13:59:04,5.370e-06
4939.8,13:59:05,5.370e-06
4941.0,13:59:06,5.370e-06
4942.1,13:59:08,5.370e-06
4943.3,13:59:09,5.370e-06
4944.5,13:59:10,5.360e-06
4945.6,13:59:11,5.360e-06
4946.8,13:59:12,5.360e-06
4947.9,13:59:13,5.360e-06
4949.1,13:59:15,5.360e-06
4950.2,13:59:16,5.360e-06
4951.4,13:59:17,5.360e-06
4952.5,13:59:18,5.350e-06
4953.7,13:59:19,5.350e-06
4954.8,13:59:20,5.350e-06
4956.0,13:59:21,5.350e-06
4957.2,13:59:23,5.350e-06
4958.3,13:59:24,5.350e-06
4959.5,13:59:25,5.350e-06
4960.6,13:59:26,5.350e-06
4961.8,13:59:27,5.350e-06
4963.0,13:59:28,5.340e-06
4964.1,13:59:30,5.340e-06
4965.3,13:59:31,5.340e-06
4966.4,13:59:32,5.340e-06
4967.6,13:59:33,5.340e-06
4968.7,13:59:34,5.340e-06
4969.9,13:59:35,5.330e-06
4971.1,13:59:36,5.330e-06
4972.2,13:59:38,5.330e-06
4973.4,13:59:39,5.330e-06
4974.5,13:59:40,5.330e-06
4975.7,13:59:41,5.320e-06
4976.8,13:59:42,5.330e-06
4978.0,13:59:43,5.320e-06
4979.1,13:59:45,5.320e-06
4980.3,13:59:46,5.320e-06
4981.5,13:59:47,5.320e-06
4982.6,13:59:48,5.320e-06
4983.8,13:59:49,5.320e-06
4984.9,13:59:50,5.320e-06
4986.1,13:59:52,5.320e-06
4987.2,13:59:53,5.320e-06
4988.4,13:59:54,5.310e-06
4989.5,13:59:55,5.310e-06
4990.7,13:59:56,5.310e-06
4991.8,13:59:57,5.310e-06
4993.0,13:59:58,5.310e-06
4994.1,14:00:00,5.310e-06
4995.3,14:00:01,5.310e-06
4996.4,14:00:02,5.310e-06
4997.6,14:00:03,5.300e-06
4998.7,14:00:04,5.300e-06
4999.9,14:00:05,5.300e-06
5001.0,14:00:06,5.300e-06
5002.2,14:00:08,5.300e-06
5003.4,14:00:09,5.300e-06
5004.5,14:00:10,5.300e-06
5005.7,14:00:11,5.300e-06
5006.8,14:00:12,5.290e-06
5008.0,14:00:13,5.290e-06
5009.2,14:00:15,5.290e-06
5010.3,14:00:16,5.290e-06
5011.5,14:00:17,5.290e-06
5012.6,14:00:18,5.290e-06
5013.8,14:00:19,5.280e-06
5014.9,14:00:20,5.280e-06
5016.1,14:00:22,5.280e-06
5017.3,14:00:23,5.280e-06
5018.4,14:00:24,5.280e-06
5019.6,14:00:25,5.280e-06
5020.7,14:00:26,5.280e-06
5021.9,14:00:27,5.280e-06
5023.0,14:00:28,5.280e-06
5024.2,14:00:30,5.280e-06
5025.3,14:00:31,5.270e-06
5026.5,14:00:32,5.270e-06
5027.7,14:00:33,5.270e-06
5028.8,14:00:34,5.270e-06
5030.0,14:00:35,5.270e-06
5031.1,14:00:37,5.270e-06
5032.3,14:00:38,5.270e-06
5033.4,14:00:39,5.260e-06
5034.6,14:00:40,5.260e-06
5035.7,14:00:41,5.250e-06
5036.9,14:00:42,5.250e-06
5038.1,14:00:44,5.250e-06
5039.2,14:00:45,5.250e-06
5040.4,14:00:46,5.250e-06
5041.5,14:00:47,5.250e-06
5042.7,14:00:48,5.250e-06
5043.9,14:00:49,5.250e-06
5045.0,14:00:50,5.240e-06
5046.2,14:00:52,5.240e-06
5047.3,14:00:53,5.240e-06
5048.5,14:00:54,5.240e-06
5049.6,14:00:55,5.240e-06
5050.8,14:00:56,5.240e-06
5052.0,14:00:57,5.240e-06
5053.1,14:00:59,5.230e-06
5054.3,14:01:00,5.230e-06
5055.4,14:01:01,5.230e-06
5056.6,14:01:02,5.230e-06
5057.8,14:01:03,5.230e-06
5058.9,14:01:04,5.230e-06
5060.1,14:01:06,5.230e-06
5061.2,14:01:07,5.230e-06
5062.4,14:01:08,5.230e-06
5063.6,14:01:09,5.230e-06
5064.7,14:01:10,5.230e-06
5065.9,14:01:11,5.220e-06
5067.0,14:01:12,5.220e-06
5068.2,14:01:14,5.220e-06
5069.3,14:01:15,5.220e-06
5070.5,14:01:16,5.220e-06
5071.6,14:01:17,5.220e-06
5072.8,14:01:18,5.210e-06
5074.0,14:01:19,5.210e-06
5075.1,14:01:21,5.210e-06
5076.3,14:01:22,5.210e-06
5077.4,14:01:23,5.210e-06
5078.6,14:01:24,5.210e-06
5079.7,14:01:25,5.210e-06
5080.9,14:01:26,5.210e-06
5082.1,14:01:28,5.200e-06
5083.2,14:01:29,5.200e-06
5084.4,14:01:30,5.200e-06
5085.6,14:01:31,5.200e-06
5086.7,14:01:32,5.200e-06
5087.9,14:01:33,5.200e-06
5089.0,14:01:34,5.190e-06
5090.2,14:01:36,5.190e-06
5091.3,14:01:37,5.190e-06
5092.5,14:01:38,5.190e-06
5093.7,14:01:39,5.190e-06
5094.8,14:01:40,5.190e-06
5096.0,14:01:41,5.190e-06
5097.1,14:01:43,5.190e-06
5098.3,14:01:44,5.190e-06
5099.4,14:01:45,5.190e-06
5100.6,14:01:46,5.180e-06
5101.7,14:01:47,5.180e-06
5102.9,14:01:48,5.180e-06
5104.1,14:01:50,5.180e-06
5105.2,14:01:51,5.180e-06
5106.4,14:01:52,5.170e-06
5107.6,14:01:53,5.170e-06
5108.7,14:01:54,5.170e-06
5109.9,14:01:55,5.170e-06
5111.0,14:01:56,5.170e-06
5112.2,14:01:58,5.170e-06
5113.3,14:01:59,5.170e-06
5114.5,14:02:00,5.160e-06
5115.6,14:02:01,5.160e-06
5116.8,14:02:02,5.160e-06
5117.9,14:02:03,5.160e-06
5119.1,14:02:05,5.160e-06
5120.2,14:02:06,5.160e-06
5121.4,14:02:07,5.160e-06
5122.6,14:02:08,5.160e-06
5123.7,14:02:09,5.160e-06
5124.9,14:02:10,5.160e-06
5126.0,14:02:11,5.160e-06
5127.2,14:02:13,5.150e-06
5128.3,14:02:14,5.160e-06
5129.5,14:02:15,5.150e-06
5130.6,14:02:16,5.150e-06
5131.8,14:02:17,5.150e-06
5133.0,14:02:18,5.150e-06
5134.1,14:02:20,5.150e-06
5135.3,14:02:21,5.150e-06
5136.4,14:02:22,5.150e-06
5137.6,14:02:23,5.150e-06
5138.7,14:02:24,5.150e-06
5139.9,14:02:25,5.150e-06
5141.0,14:02:26,5.140e-06
5142.2,14:02:28,5.140e-06
5143.4,14:02:29,5.140e-06
5144.5,14:02:30,5.140e-06
5145.7,14:02:31,5.140e-06
5146.8,14:02:32,5.130e-06
5148.0,14:02:33,5.130e-06
5149.1,14:02:35,5.130e-06
5150.3,14:02:36,5.130e-06
5151.5,14:02:37,5.130e-06
5152.6,14:02:38,5.130e-06
5153.8,14:02:39,5.130e-06
5154.9,14:02:40,5.130e-06
5156.1,14:02:42,5.130e-06
5157.2,14:02:43,5.130e-06
5158.4,14:02:44,5.130e-06
5159.5,14:02:45,5.130e-06
5160.7,14:02:46,5.120e-06
5161.9,14:02:47,5.130e-06
5163.0,14:02:48,5.120e-06
5164.2,14:02:50,5.120e-06
5165.4,14:02:51,5.120e-06
5166.5,14:02:52,5.120e-06
5167.7,14:02:53,5.120e-06
5168.8,14:02:54,5.120e-06
5170.0,14:02:55,5.120e-06
5171.1,14:02:57,5.120e-06
5172.3,14:02:58,5.120e-06
5173.4,14:02:59,5.120e-06
5174.6,14:03:00,5.120e-06
5175.8,14:03:01,5.120e-06
5176.9,14:03:02,5.120e-06
5178.1,14:03:04,5.120e-06
5179.2,14:03:05,5.120e-06
5180.4,14:03:06,5.120e-06
5181.5,14:03:07,5.120e-06
5182.7,14:03:08,5.120e-06
5183.8,14:03:09,5.110e-06
5185.0,14:03:10,5.110e-06
5186.2,14:03:12,5.110e-06
5187.3,14:03:13,5.110e-06
5188.5,14:03:14,5.110e-06
5189.6,14:03:15,5.110e-06
5190.8,14:03:16,5.110e-06
5192.0,14:03:17,5.110e-06
5193.1,14:03:19,5.110e-06
5194.3,14:03:20,5.110e-06
5195.4,14:03:21,5.110e-06
5196.6,14:03:22,5.100e-06
5197.8,14:03:23,5.100e-06
5198.9,14:03:24,5.100e-06
5200.1,14:03:26,5.100e-06
5201.2,14:03:27,5.100e-06
5202.4,14:03:28,5.100e-06
5203.5,14:03:29,5.100e-06
5204.7,14:03:30,5.100e-06
5205.9,14:03:31,5.100e-06
5207.0,14:03:32,5.100e-06
5208.2,14:03:34,5.100e-06
5209.3,14:03:35,5.090e-06
5210.5,14:03:36,5.100e-06
5211.6,14:03:37,5.090e-06
5212.8,14:03:38,5.090e-06
5213.9,14:03:39,5.090e-06
5215.1,14:03:41,5.090e-06
5216.3,14:03:42,5.090e-06
5217.4,14:03:43,5.090e-06
5218.6,14:03:44,5.090e-06
5219.7,14:03:45,5.090e-06
5220.9,14:03:46,5.090e-06
5222.0,14:03:47,5.090e-06
5223.2,14:03:49,5.090e-06
5224.3,14:03:50,5.090e-06
5225.5,14:03:51,5.090e-06
5226.6,14:03:52,5.090e-06
5227.8,14:03:53,5.090e-06
5229.0,14:03:54,5.090e-06
5230.1,14:03:56,5.090e-06
5231.3,14:03:57,5.090e-06
5232.4,14:03:58,5.090e-06
5233.6,14:03:59,5.080e-06
5234.8,14:04:00,5.080e-06
5235.9,14:04:01,5.080e-06
5237.1,14:04:03,5.080e-06
5238.2,14:04:04,5.080e-06
5239.4,14:04:05,5.080e-06
5240.5,14:04:06,5.080e-06
5241.7,14:04:07,5.080e-06
5242.9,14:04:08,5.080e-06
5244.0,14:04:09,5.080e-06
5245.2,14:04:11,5.080e-06
5246.3,14:04:12,5.070e-06
5247.5,14:04:13,5.070e-06
5248.6,14:04:14,5.070e-06
5249.8,14:04:15,5.070e-06
5251.0,14:04:16,5.070e-06
5252.1,14:04:18,5.070e-06
5253.3,14:04:19,5.070e-06
5254.4,14:04:20,5.070e-06
5255.6,14:04:21,5.070e-06
5256.7,14:04:22,5.070e-06
5257.9,14:04:23,5.070e-06
5259.1,14:04:25,5.070e-06
5260.2,14:04:26,5.070e-06
5261.4,14:04:27,5.070e-06
5262.5,14:04:28,5.070e-06
5263.7,14:04:29,5.070e-06
5264.8,14:04:30,5.060e-06
5266.0,14:04:31,5.050e-06
5267.2,14:04:33,5.050e-06
5268.3,14:04:34,5.050e-06
5269.5,14:04:35,5.050e-06
5270.6,14:04:36,5.050e-06
5271.8,14:04:37,5.050e-06
5273.0,14:04:38,5.050e-06
5274.1,14:04:40,5.050e-06
5275.3,14:04:41,5.050e-06
5276.4,14:04:42,5.050e-06
5277.6,14:04:43,5.050e-06
5278.7,14:04:44,5.050e-06
5279.9,14:04:45,5.050e-06
5281.1,14:04:47,5.050e-06
5282.2,14:04:48,5.040e-06
5283.4,14:04:49,5.040e-06
5284.5,14:04:50,5.050e-06
5285.7,14:04:51,5.040e-06
5286.8,14:04:52,5.040e-06
5288.0,14:04:53,5.040e-06
5289.2,14:04:55,5.040e-06
5290.3,14:04:56,5.040e-06
5291.5,14:04:57,5.040e-06
5292.6,14:04:58,5.040e-06
5293.8,14:04:59,5.040e-06
5295.0,14:05:00,5.040e-06
5296.1,14:05:02,5.040e-06
5297.3,14:05:03,5.040e-06
5298.4,14:05:04,5.040e-06
5299.6,14:05:05,5.040e-06
5300.8,14:05:06,5.040e-06
5301.9,14:05:07,5.040e-06
5303.1,14:05:09,5.040e-06
5304.2,14:05:10,5.040e-06
5305.4,14:05:11,5.040e-06
5306.6,14:05:12,5.030e-06
5307.7,14:05:13,5.030e-06
5308.9,14:05:14,5.030e-06
5310.0,14:05:15,5.030e-06
5311.2,14:05:17,5.030e-06
5312.4,14:05:18,5.030e-06
5313.5,14:05:19,5.030e-06
5314.7,14:05:20,5.030e-06
5315.9,14:05:21,5.030e-06
5317.0,14:05:22,5.030e-06
5318.2,14:05:24,5.030e-06
5319.3,14:05:25,5.030e-06
5320.5,14:05:26,5.030e-06
5321.6,14:05:27,5.030e-06
5322.8,14:05:28,5.030e-06
5324.0,14:05:29,5.030e-06
5325.1,14:05:31,5.030e-06
5326.3,14:05:32,5.030e-06
5327.4,14:05:33,5.030e-06
5328.6,14:05:34,5.030e-06
5329.7,14:05:35,5.030e-06
5330.9,14:05:36,5.020e-06
5332.1,14:05:37,5.020e-06
5333.2,14:05:39,5.020e-06
5334.4,14:05:40,5.020e-06
5335.5,14:05:41,5.020e-06
5336.7,14:05:42,5.020e-06
5337.8,14:05:43,5.020e-06
5339.0,14:05:44,5.020e-06
5340.1,14:05:46,5.020e-06
5341.3,14:05:47,5.020e-06
5342.5,14:05:48,5.020e-06
5343.6,14:05:49,5.020e-06
5344.8,14:05:50,5.010e-06
5345.9,14:05:51,5.010e-06
5347.1,14:05:53,5.010e-06
5348.3,14:05:54,5.010e-06
5349.4,14:05:55,5.010e-06
5350.6,14:05:56,5.010e-06
5351.7,14:05:57,5.010e-06
5352.9,14:05:58,5.010e-06
5354.1,14:05:59,5.010e-06
5355.2,14:06:01,5.010e-06
5356.4,14:06:02,5.010e-06
5357.5,14:06:03,5.010e-06
5358.7,14:06:04,5.010e-06
5359.9,14:06:05,5.010e-06
5361.0,14:06:06,5.010e-06
5362.2,14:06:08,5.000e-06
5363.3,14:06:09,5.000e-06
5364.5,14:06:10,5.000e-06
5365.7,14:06:11,5.000e-06
5366.8,14:06:12,5.000e-06
5368.0,14:06:13,5.000e-06
5369.1,14:06:15,5.000e-06
5370.3,14:06:16,5.000e-06
5371.5,14:06:17,5.000e-06
5372.6,14:06:18,5.000e-06
5373.8,14:06:19,5.000e-06
5374.9,14:06:20,5.000e-06
5376.1,14:06:22,5.000e-06
5377.2,14:06:23,5.000e-06
5378.4,14:06:24,4.990e-06
5379.5,14:06:25,4.990e-06
5380.7,14:06:26,4.990e-06
5381.9,14:06:27,4.980e-06
5383.0,14:06:28,4.980e-06
5384.2,14:06:30,4.980e-06
5385.3,14:06:31,4.980e-06
5386.5,14:06:32,4.980e-06
5387.6,14:06:33,4.980e-06
5388.8,14:06:34,4.980e-06
5389.9,14:06:35,4.980e-06
5391.1,14:06:37,4.970e-06
5392.3,14:06:38,4.980e-06
5393.4,14:06:39,4.980e-06
5394.6,14:06:40,4.970e-06
5395.8,14:06:41,4.970e-06
5396.9,14:06:42,4.970e-06
5398.1,14:06:44,4.970e-06
5399.3,14:06:45,4.970e-06
5400.4,14:06:46,4.970e-06
5401.6,14:06:47,4.970e-06
5402.7,14:06:48,4.970e-06
5403.9,14:06:49,4.970e-06
5405.1,14:06:50,4.970e-06
5406.2,14:06:52,4.970e-06
5407.4,14:06:53,4.970e-06
5408.5,14:06:54,4.960e-06
5409.7,14:06:55,4.960e-06
5410.8,14:06:56,4.960e-06
5412.0,14:06:57,4.960e-06
5413.1,14:06:59,4.960e-06
5414.3,14:07:00,4.960e-06
5415.4,14:07:01,4.960e-06
5416.6,14:07:02,4.960e-06
5417.7,14:07:03,4.960e-06
5418.9,14:07:04,4.960e-06
5420.0,14:07:05,4.960e-06
5421.2,14:07:07,4.960e-06
5422.3,14:07:08,4.960e-06
5423.5,14:07:09,4.960e-06
5424.6,14:07:10,4.960e-06
5425.8,14:07:11,4.960e-06
5426.9,14:07:12,4.960e-06
5428.1,14:07:14,4.950e-06
5429.3,14:07:15,4.950e-06
5430.4,14:07:16,4.950e-06
5431.6,14:07:17,4.950e-06
5432.7,14:07:18,4.950e-06
5433.9,14:07:19,4.950e-06
5435.0,14:07:20,4.950e-06
5436.2,14:07:22,4.950e-06
5437.3,14:07:23,4.950e-06
5438.5,14:07:24,4.950e-06
5439.7,14:07:25,4.950e-06
5440.8,14:07:26,4.950e-06
5442.0,14:07:27,4.950e-06
5443.1,14:07:29,4.950e-06
5444.3,14:07:30,4.950e-06
5445.4,14:07:31,4.950e-06
5446.6,14:07:32,4.940e-06
5447.7,14:07:33,4.940e-06
5448.9,14:07:34,4.940e-06
5450.0,14:07:35,4.940e-06
5451.2,14:07:37,4.940e-06
5452.3,14:07:38,4.940e-06
5453.5,14:07:39,4.940e-06
5454.6,14:07:40,4.940e-06
5455.8,14:07:41,4.940e-06
5457.0,14:07:42,4.940e-06
5458.1,14:07:44,4.940e-06
5459.3,14:07:45,4.940e-06
5460.4,14:07:46,4.940e-06
5461.6,14:07:47,4.940e-06
5462.8,14:07:48,4.940e-06
5463.9,14:07:49,4.940e-06
5465.1,14:07:51,4.940e-06
5466.2,14:07:52,4.930e-06
5467.4,14:07:53,4.930e-06
5468.6,14:07:54,4.940e-06
5469.7,14:07:55,4.930e-06
5470.9,14:07:56,4.940e-06
5472.0,14:07:57,4.930e-06
5473.2,14:07:59,4.930e-06
5474.3,14:08:00,4.930e-06
5475.5,14:08:01,4.930e-06
5476.7,14:08:02,4.930e-06
5477.8,14:08:03,4.930e-06
5479.0,14:08:04,4.930e-06
5480.1,14:08:06,4.930e-06
5481.3,14:08:07,4.930e-06
5482.5,14:08:08,4.930e-06
5483.6,14:08:09,4.930e-06
5484.8,14:08:10,4.930e-06
5485.9,14:08:11,4.930e-06
5487.1,14:08:13,4.930e-06
5488.3,14:08:14,4.930e-06
5489.4,14:08:15,4.930e-06
5490.6,14:08:16,4.930e-06
5491.7,14:08:17,4.930e-06
5492.9,14:08:18,4.930e-06
5494.0,14:08:19,4.930e-06
5495.2,14:08:21,4.930e-06
5496.3,14:08:22,4.920e-06
5497.5,14:08:23,4.920e-06
5498.7,14:08:24,4.910e-06
5499.8,14:08:25,4.910e-06
5501.0,14:08:26,4.910e-06
5502.2,14:08:28,4.910e-06
5503.3,14:08:29,4.910e-06
5504.5,14:08:30,4.910e-06
5505.6,14:08:31,4.910e-06
5506.8,14:08:32,4.910e-06
5507.9,14:08:33,4.910e-06
5509.1,14:08:35,4.910e-06
5510.2,14:08:36,4.910e-06
5511.4,14:08:37,4.910e-06
5512.6,14:08:38,4.910e-06
5513.7,14:08:39,4.910e-06
5514.9,14:08:40,4.910e-06
5516.0,14:08:41,4.910e-06
5517.2,14:08:43,4.910e-06
5518.3,14:08:44,4.910e-06
5519.5,14:08:45,4.910e-06
5520.7,14:08:46,4.910e-06
5521.8,14:08:47,4.910e-06
5523.0,14:08:48,4.910e-06
5524.2,14:08:50,4.910e-06
5525.3,14:08:51,4.910e-06
5526.5,14:08:52,4.910e-06
5527.6,14:08:53,4.910e-06
5528.8,14:08:54,4.910e-06
5529.9,14:08:55,4.910e-06
5531.1,14:08:57,4.910e-06
5532.3,14:08:58,4.900e-06
5533.4,14:08:59,4.900e-06
5534.6,14:09:00,4.910e-06
5535.7,14:09:01,4.900e-06
5536.9,14:09:02,4.900e-06
5538.1,14:09:03,4.900e-06
5539.2,14:09:05,4.900e-06
5540.4,14:09:06,4.900e-06
5541.5,14:09:07,4.900e-06
5542.7,14:09:08,4.900e-06
5543.9,14:09:09,4.900e-06
5545.0,14:09:10,4.900e-06
5546.2,14:09:12,4.900e-06
5547.3,14:09:13,4.900e-06
5548.5,14:09:14,4.900e-06
5549.7,14:09:15,4.900e-06
5550.8,14:09:16,4.900e-06
5552.0,14:09:17,4.890e-06
5553.1,14:09:19,4.890e-06
5554.3,14:09:20,4.890e-06
5555.5,14:09:21,4.890e-06
5556.6,14:09:22,4.890e-06
5557.8,14:09:23,4.890e-06
5558.9,14:09:24,4.890e-06
5560.1,14:09:26,4.890e-06
5561.3,14:09:27,4.890e-06
5562.4,14:09:28,4.890e-06
5563.6,14:09:29,4.890e-06
5564.8,14:09:30,4.890e-06
5565.9,14:09:31,4.890e-06
5567.1,14:09:33,4.890e-06
5568.2,14:09:34,4.890e-06
5569.4,14:09:35,4.890e-06
5570.6,14:09:36,4.890e-06
5571.7,14:09:37,4.890e-06
5572.9,14:09:38,4.890e-06
5574.0,14:09:39,4.890e-06
5575.2,14:09:41,4.890e-06
5576.4,14:09:42,4.890e-06
5577.5,14:09:43,4.890e-06
5578.7,14:09:44,4.890e-06
5579.8,14:09:45,4.890e-06
5581.0,14:09:46,4.880e-06
5582.1,14:09:48,4.890e-06
5583.3,14:09:49,4.880e-06
5584.4,14:09:50,4.890e-06
5585.6,14:09:51,4.880e-06
5586.8,14:09:52,4.880e-06
5587.9,14:09:53,4.880e-06
5589.1,14:09:55,4.880e-06
5590.2,14:09:56,4.880e-06
5591.4,14:09:57,4.880e-06
5592.6,14:09:58,4.880e-06
5593.7,14:09:59,4.880e-06
5594.9,14:10:00,4.880e-06
5596.0,14:10:01,4.880e-06
5597.2,14:10:03,4.880e-06
5598.4,14:10:04,4.880e-06
5599.5,14:10:05,4.880e-06
5600.7,14:10:06,4.880e-06
5601.9,14:10:07,4.880e-06
5603.0,14:10:08,4.880e-06
5604.2,14:10:10,4.880e-06
5605.4,14:10:11,4.880e-06
5606.5,14:10:12,4.880e-06
5607.7,14:10:13,4.870e-06
5608.8,14:10:14,4.870e-06
5610.0,14:10:15,4.870e-06
5611.1,14:10:17,4.870e-06
5612.3,14:10:18,4.870e-06
5613.4,14:10:19,4.870e-06
5614.6,14:10:20,4.860e-06
5615.8,14:10:21,4.870e-06
5616.9,14:10:22,4.860e-06
5618.1,14:10:23,4.860e-06
5619.2,14:10:25,4.860e-06
5620.4,14:10:26,4.860e-06
5621.5,14:10:27,4.860e-06
5622.7,14:10:28,4.860e-06
5623.8,14:10:29,4.860e-06
5625.0,14:10:30,4.860e-06
5626.1,14:10:32,4.860e-06
5627.3,14:10:33,4.860e-06
5628.4,14:10:34,4.850e-06
5629.6,14:10:35,4.860e-06
5630.8,14:10:36,4.850e-06
5631.9,14:10:37,4.850e-06
5633.1,14:10:39,4.850e-06
5634.2,14:10:40,4.850e-06
5635.4,14:10:41,4.850e-06
5636.5,14:10:42,4.850e-06
5637.7,14:10:43,4.850e-06
5638.8,14:10:44,4.850e-06
5640.0,14:10:45,4.850e-06
5641.1,14:10:47,4.850e-06
5642.3,14:10:48,4.850e-06
5643.5,14:10:49,4.850e-06
5644.6,14:10:50,4.850e-06
5645.8,14:10:51,4.840e-06
5646.9,14:10:52,4.840e-06
5648.1,14:10:54,4.850e-06
5649.2,14:10:55,4.840e-06
5650.4,14:10:56,4.840e-06
5651.6,14:10:57,4.840e-06
5652.7,14:10:58,4.840e-06
5653.9,14:10:59,4.840e-06
5655.0,14:11:00,4.840e-06
5656.2,14:11:02,4.840e-06
5657.4,14:11:03,4.840e-06
5658.5,14:11:04,4.840e-06
5659.7,14:11:05,4.840e-06
5660.8,14:11:06,4.840e-06
5662.0,14:11:07,4.840e-06
5663.2,14:11:09,4.840e-06
5664.3,14:11:10,4.840e-06
5665.5,14:11:11,4.840e-06
5666.6,14:11:12,4.840e-06
5667.8,14:11:13,4.840e-06
5668.9,14:11:14,4.840e-06
5670.1,14:11:16,4.840e-06
5671.2,14:11:17,4.840e-06
5672.4,14:11:18,4.840e-06
5673.5,14:11:19,4.840e-06
5674.7,14:11:20,4.840e-06
5675.9,14:11:21,4.840e-06
5677.0,14:11:22,4.840e-06
5678.2,14:11:24,4.840e-06
5679.3,14:11:25,4.840e-06
5680.5,14:11:26,4.840e-06
5681.6,14:11:27,4.840e-06
5682.8,14:11:28,4.840e-06
5684.0,14:11:29,4.840e-06
5685.1,14:11:31,4.840e-06
5686.3,14:11:32,4.840e-06
5687.4,14:11:33,4.840e-06
5688.6,14:11:34,4.840e-06
5689.8,14:11:35,4.840e-06
5690.9,14:11:36,4.840e-06
5692.1,14:11:38,4.840e-06
5693.2,14:11:39,4.840e-06
5694.4,14:11:40,4.840e-06
5695.5,14:11:41,4.840e-06
5696.7,14:11:42,4.840e-06
5697.8,14:11:43,4.840e-06
5699.0,14:11:44,4.840e-06
5700.2,14:11:46,4.840e-06
5701.3,14:11:47,4.830e-06
5702.5,14:11:48,4.830e-06
5703.6,14:11:49,4.830e-06
5704.8,14:11:50,4.830e-06
5705.9,14:11:51,4.830e-06
5707.1,14:11:53,4.830e-06
5708.2,14:11:54,4.830e-06
5709.4,14:11:55,4.830e-06
5710.6,14:11:56,4.830e-06
5711.7,14:11:57,4.830e-06
5712.9,14:11:58,4.830e-06
5714.0,14:11:59,4.830e-06
5715.2,14:12:01,4.830e-06
5716.3,14:12:02,4.830e-06
5717.5,14:12:03,4.830e-06
5718.7,14:12:04,4.830e-06
5719.9,14:12:05,4.830e-06
5721.0,14:12:06,4.820e-06
5722.2,14:12:08,4.820e-06
5723.3,14:12:09,4.820e-06
5724.5,14:12:10,4.820e-06
5725.6,14:12:11,4.820e-06
5726.8,14:12:12,4.820e-06
5728.0,14:12:13,4.820e-06
5729.1,14:12:15,4.820e-06
5730.3,14:12:16,4.820e-06
5731.4,14:12:17,4.820e-06
5732.6,14:12:18,4.820e-06
5733.8,14:12:19,4.820e-06
5734.9,14:12:20,4.820e-06
5736.1,14:12:22,4.820e-06
5737.3,14:12:23,4.820e-06
5738.4,14:12:24,4.820e-06
5739.6,14:12:25,4.820e-06
5740.7,14:12:26,4.820e-06
5741.9,14:12:27,4.820e-06
5743.0,14:12:28,4.820e-06
5744.2,14:12:30,4.820e-06
5745.3,14:12:31,4.820e-06
5746.5,14:12:32,4.820e-06
5747.7,14:12:33,4.820e-06
5748.8,14:12:34,4.820e-06
5750.0,14:12:35,4.820e-06
5751.1,14:12:37,4.820e-06
5752.3,14:12:38,4.820e-06
5753.5,14:12:39,4.820e-06
5754.6,14:12:40,4.820e-06
5755.8,14:12:41,4.820e-06
5756.9,14:12:42,4.820e-06
5758.1,14:12:44,4.820e-06
5759.3,14:12:45,4.820e-06
5760.4,14:12:46,4.820e-06
5761.6,14:12:47,4.820e-06
5762.7,14:12:48,4.820e-06
5763.9,14:12:49,4.820e-06
5765.0,14:12:50,4.820e-06
5766.2,14:12:52,4.820e-06
5767.4,14:12:53,4.820e-06
5768.5,14:12:54,4.820e-06
5769.7,14:12:55,4.820e-06
5770.8,14:12:56,4.820e-06
5772.0,14:12:57,4.820e-06
5773.2,14:12:59,4.820e-06
5774.3,14:13:00,4.820e-06
5775.5,14:13:01,4.820e-06
5776.6,14:13:02,4.820e-06
5777.8,14:13:03,4.820e-06
5779.0,14:13:04,4.820e-06
5780.1,14:13:06,4.820e-06
5781.3,14:13:07,4.820e-06
5782.5,14:13:08,4.810e-06
5783.6,14:13:09,4.810e-06
5784.8,14:13:10,4.820e-06
5786.0,14:13:11,4.810e-06
5787.1,14:13:13,4.810e-06
5788.3,14:13:14,4.810e-06
5789.4,14:13:15,4.810e-06
5790.6,14:13:16,4.810e-06
5791.7,14:13:17,4.810e-06
5792.9,14:13:18,4.810e-06
5794.1,14:13:20,4.810e-06
5795.2,14:13:21,4.810e-06
5796.4,14:13:22,4.810e-06
5797.6,14:13:23,4.810e-06
5798.7,14:13:24,4.810e-06
5799.9,14:13:25,4.810e-06
5801.0,14:13:26,4.810e-06
5802.2,14:13:28,4.810e-06
5803.3,14:13:29,4.810e-06
5804.5,14:13:30,4.810e-06
5805.6,14:13:31,4.810e-06
5806.8,14:13:32,4.810e-06
5807.9,14:13:33,4.810e-06
5809.1,14:13:35,4.810e-06
5810.3,14:13:36,4.810e-06
5811.4,14:13:37,4.810e-06
5812.6,14:13:38,4.810e-06
5813.7,14:13:39,4.810e-06
5814.9,14:13:40,4.810e-06
5816.0,14:13:41,4.810e-06
5817.2,14:13:43,4.810e-06
5818.4,14:13:44,4.810e-06
5819.5,14:13:45,4.810e-06
5820.7,14:13:46,4.810e-06
5821.9,14:13:47,4.810e-06
5823.0,14:13:48,4.800e-06
5824.2,14:13:50,4.800e-06
5825.3,14:13:51,4.800e-06
5826.5,14:13:52,4.800e-06
5827.7,14:13:53,4.800e-06
5828.8,14:13:54,4.800e-06
5830.0,14:13:55,4.800e-06
5831.2,14:13:57,4.800e-06
5832.3,14:13:58,4.800e-06
5833.5,14:13:59,4.800e-06
5834.6,14:14:00,4.800e-06
5835.8,14:14:01,4.790e-06
5837.0,14:14:02,4.790e-06
5838.1,14:14:04,4.790e-06
5839.3,14:14:05,4.790e-06
5840.4,14:14:06,4.790e-06
5841.6,14:14:07,4.790e-06
5842.8,14:14:08,4.790e-06
5843.9,14:14:09,4.790e-06
5845.1,14:14:11,4.790e-06
5846.2,14:14:12,4.790e-06
5847.4,14:14:13,4.790e-06
5848.5,14:14:14,4.790e-06
5849.7,14:14:15,4.790e-06
5850.8,14:14:16,4.790e-06
5852.0,14:14:17,4.790e-06
5853.1,14:14:19,4.790e-06
5854.3,14:14:20,4.790e-06
5855.5,14:14:21,4.790e-06
5856.6,14:14:22,4.790e-06
5857.8,14:14:23,4.790e-06
5859.0,14:14:24,4.790e-06
5860.1,14:14:26,4.790e-06
5861.3,14:14:27,4.790e-06
5862.4,14:14:28,4.790e-06
5863.6,14:14:29,4.780e-06
5864.8,14:14:30,4.780e-06
5865.9,14:14:31,4.780e-06
5867.1,14:14:33,4.780e-06
5868.2,14:14:34,4.780e-06
5869.4,14:14:35,4.780e-06
5870.6,14:14:36,4.780e-06
5871.7,14:14:37,4.780e-06
5872.9,14:14:38,4.780e-06
5874.0,14:14:39,4.780e-06
5875.2,14:14:41,4.780e-06
5876.4,14:14:42,4.780e-06
5877.5,14:14:43,4.780e-06
5878.7,14:14:44,4.780e-06
5879.8,14:14:45,4.780e-06
5881.0,14:14:46,4.780e-06
5882.1,14:14:48,4.780e-06
5883.3,14:14:49,4.780e-06
5884.5,14:14:50,4.770e-06
5885.6,14:14:51,4.770e-06
5886.8,14:14:52,4.770e-06
5887.9,14:14:53,4.770e-06
5889.1,14:14:55,4.770e-06
5890.3,14:14:56,4.770e-06
5891.4,14:14:57,4.770e-06
5892.6,14:14:58,4.770e-06
5893.7,14:14:59,4.770e-06
5894.9,14:15:00,4.770e-06
5896.0,14:15:01,4.770e-06
5897.2,14:15:03,4.770e-06
5898.4,14:15:04,4.770e-06
5899.5,14:15:05,4.770e-06
5900.7,14:15:06,4.770e-06
5901.8,14:15:07,4.770e-06
5903.0,14:15:08,4.770e-06
5904.2,14:15:10,4.770e-06
5905.3,14:15:11,4.770e-06
5906.5,14:15:12,4.770e-06
5907.6,14:15:13,4.770e-06
5908.8,14:15:14,4.770e-06
5910.0,14:15:15,4.770e-06
5911.1,14:15:17,4.770e-06
5912.3,14:15:18,4.770e-06
5913.4,14:15:19,4.770e-06
5914.6,14:15:20,4.770e-06
5915.7,14:15:21,4.770e-06
5916.9,14:15:22,4.760e-06
5918.1,14:15:24,4.760e-06
5919.3,14:15:25,4.760e-06
5920.4,14:15:26,4.760e-06
5921.6,14:15:27,4.760e-06
5922.7,14:15:28,4.760e-06
5923.9,14:15:29,4.760e-06
5925.0,14:15:30,4.760e-06
5926.2,14:15:32,4.760e-06
5927.4,14:15:33,4.760e-06
5928.5,14:15:34,4.760e-06
5929.7,14:15:35,4.760e-06
5930.9,14:15:36,4.760e-06
5932.0,14:15:37,4.760e-06
5933.2,14:15:39,4.760e-06
5934.3,14:15:40,4.760e-06
5935.5,14:15:41,4.750e-06
5936.7,14:15:42,4.750e-06
5937.8,14:15:43,4.750e-06
5939.0,14:15:44,4.750e-06
5940.1,14:15:46,4.750e-06
5941.3,14:15:47,4.750e-06
5942.4,14:15:48,4.750e-06
5943.6,14:15:49,4.750e-06
5944.8,14:15:50,4.750e-06
5945.9,14:15:51,4.750e-06
5947.1,14:15:53,4.750e-06
5948.3,14:15:54,4.750e-06
5949.4,14:15:55,4.740e-06
5950.6,14:15:56,4.740e-06
5951.7,14:15:57,4.740e-06
5952.9,14:15:58,4.740e-06
5954.0,14:15:59,4.740e-06
5955.2,14:16:01,4.740e-06
5956.4,14:16:02,4.730e-06
5957.5,14:16:03,4.740e-06
5958.7,14:16:04,4.730e-06
5959.9,14:16:05,4.730e-06
5961.0,14:16:06,4.730e-06
5962.2,14:16:08,4.730e-06
5963.3,14:16:09,4.730e-06
5964.5,14:16:10,4.730e-06
5965.7,14:16:11,4.730e-06
5966.8,14:16:12,4.730e-06
5968.0,14:16:13,4.730e-06
5969.1,14:16:15,4.730e-06
5970.3,14:16:16,4.730e-06
5971.5,14:16:17,4.730e-06
5972.6,14:16:18,4.730e-06
5973.8,14:16:19,4.730e-06
5975.0,14:16:20,4.730e-06
5976.1,14:16:22,4.730e-06
5977.3,14:16:23,4.730e-06
5978.4,14:16:24,4.730e-06
5979.6,14:16:25,4.730e-06
5980.8,14:16:26,4.720e-06
5981.9,14:16:27,4.720e-06
5983.1,14:16:29,4.720e-06
5984.2,14:16:30,4.720e-06
5985.4,14:16:31,4.720e-06
5986.6,14:16:32,4.720e-06
5987.7,14:16:33,4.720e-06
5988.9,14:16:34,4.720e-06
5990.0,14:16:35,4.720e-06
5991.2,14:16:37,4.710e-06
5992.4,14:16:38,4.710e-06
5993.5,14:16:39,4.710e-06
5994.7,14:16:40,4.710e-06
5995.8,14:16:41,4.710e-06
5997.0,14:16:42,4.710e-06
5998.2,14:16:44,4.710e-06
5999.3,14:16:45,4.710e-06
6000.5,14:16:46,4.710e-06
6001.6,14:16:47,4.710e-06
6002.8,14:16:48,4.710e-06
6004.0,14:16:49,4.710e-06
6005.1,14:16:51,4.710e-06
6006.3,14:16:52,4.710e-06
6007.4,14:16:53,4.710e-06
6008.6,14:16:54,4.710e-06
6009.7,14:16:55,4.710e-06
6010.9,14:16:56,4.710e-06
6012.0,14:16:57,4.700e-06
6013.2,14:16:59,4.700e-06
6014.4,14:17:00,4.700e-06
6015.6,14:17:01,4.700e-06
6016.7,14:17:02,4.700e-06
6017.9,14:17:03,4.700e-06
6019.0,14:17:04,4.700e-06
6020.2,14:17:06,4.700e-06
6021.4,14:17:07,4.700e-06
6022.5,14:17:08,4.700e-06
6023.7,14:17:09,4.690e-06
6024.9,14:17:10,4.690e-06
6026.0,14:17:11,4.690e-06
6027.2,14:17:13,4.690e-06
6028.3,14:17:14,4.690e-06
6029.5,14:17:15,4.690e-06
6030.6,14:17:16,4.690e-06
6031.8,14:17:17,4.690e-06
6033.0,14:17:18,4.690e-06
6034.1,14:17:20,4.690e-06
6035.3,14:17:21,4.690e-06
6036.4,14:17:22,4.690e-06
6037.6,14:17:23,4.690e-06
6038.7,14:17:24,4.690e-06
6039.9,14:17:25,4.690e-06
6041.0,14:17:26,4.690e-06
6042.2,14:17:28,4.680e-06
6043.4,14:17:29,4.690e-06
6044.5,14:17:30,4.680e-06
6045.7,14:17:31,4.680e-06
6046.8,14:17:32,4.680e-06
6048.0,14:17:33,4.680e-06
6049.1,14:17:35,4.680e-06
6050.3,14:17:36,4.680e-06
6051.5,14:17:37,4.680e-06
6052.6,14:17:38,4.680e-06
6053.8,14:17:39,4.680e-06
6054.9,14:17:40,4.680e-06
6056.1,14:17:42,4.680e-06
6057.3,14:17:43,4.680e-06
6058.4,14:17:44,4.680e-06
6059.6,14:17:45,4.680e-06
6060.7,14:17:46,4.680e-06
6061.9,14:17:47,4.680e-06
6063.1,14:17:49,4.680e-06
6064.2,14:17:50,4.670e-06
6065.4,14:17:51,4.670e-06
6066.5,14:17:52,4.660e-06
6067.7,14:17:53,4.660e-06
6068.9,14:17:54,4.660e-06
6070.0,14:17:55,4.660e-06
6071.2,14:17:57,4.660e-06
6072.3,14:17:58,4.660e-06
6073.5,14:17:59,4.660e-06
6074.6,14:18:00,4.660e-06
6075.8,14:18:01,4.660e-06
6077.0,14:18:02,4.660e-06
6078.1,14:18:04,4.660e-06
6079.3,14:18:05,4.650e-06
6080.4,14:18:06,4.650e-06
6081.6,14:18:07,4.650e-06
6082.8,14:18:08,4.650e-06
6083.9,14:18:09,4.650e-06
6085.1,14:18:11,4.650e-06
6086.2,14:18:12,4.650e-06
6087.4,14:18:13,4.650e-06
6088.6,14:18:14,4.650e-06
6089.7,14:18:15,4.650e-06
6090.9,14:18:16,4.650e-06
6092.0,14:18:17,4.640e-06
6093.2,14:18:19,4.640e-06
6094.3,14:18:20,4.640e-06
6095.5,14:18:21,4.640e-06
6096.7,14:18:22,4.640e-06
6097.8,14:18:23,4.640e-06
6099.0,14:18:24,4.640e-06
6100.1,14:18:26,4.640e-06
6101.3,14:18:27,4.640e-06
6102.4,14:18:28,4.640e-06
6103.6,14:18:29,4.640e-06
6104.8,14:18:30,4.640e-06
6105.9,14:18:31,4.640e-06
6107.1,14:18:33,4.640e-06
6108.2,14:18:34,4.640e-06
6109.4,14:18:35,4.640e-06
6110.6,14:18:36,4.640e-06
6111.7,14:18:37,4.640e-06
6112.9,14:18:38,4.640e-06
6114.1,14:18:39,4.640e-06
6115.2,14:18:41,4.640e-06
6116.4,14:18:42,4.640e-06
6117.5,14:18:43,4.640e-06
6118.7,14:18:44,4.640e-06
6119.8,14:18:45,4.640e-06
6121.0,14:18:46,4.640e-06
6122.2,14:18:48,4.640e-06
6123.3,14:18:49,4.640e-06
6124.5,14:18:50,4.640e-06
6125.6,14:18:51,4.640e-06
6126.8,14:18:52,4.640e-06
6128.0,14:18:53,4.640e-06
6129.1,14:18:55,4.640e-06
6130.3,14:18:56,4.640e-06
6131.5,14:18:57,4.640e-06
6132.6,14:18:58,4.640e-06
6133.8,14:18:59,4.640e-06
6135.0,14:19:00,4.640e-06
6136.1,14:19:02,4.640e-06
6137.3,14:19:03,4.640e-06
6138.4,14:19:04,4.640e-06
6139.6,14:19:05,4.640e-06
6140.8,14:19:06,4.640e-06
6142.0,14:19:07,4.640e-06
6143.1,14:19:09,4.640e-06
6144.3,14:19:10,4.640e-06
6145.4,14:19:11,4.640e-06
6146.6,14:19:12,4.640e-06
6147.7,14:19:13,4.640e-06
6148.9,14:19:14,4.640e-06
6150.1,14:19:15,4.640e-06
6151.2,14:19:17,4.640e-06
6152.4,14:19:18,4.640e-06
6153.5,14:19:19,4.640e-06
6154.7,14:19:20,4.640e-06
6155.8,14:19:21,4.640e-06
6157.0,14:19:22,4.640e-06
6158.2,14:19:24,4.640e-06
6159.3,14:19:25,4.640e-06
6160.5,14:19:26,4.640e-06
6161.7,14:19:27,4.640e-06
6162.8,14:19:28,4.640e-06
6164.0,14:19:29,4.640e-06
6165.1,14:19:31,4.630e-06
6166.3,14:19:32,4.630e-06
6167.4,14:19:33,4.630e-06
6168.6,14:19:34,4.630e-06
6169.8,14:19:35,4.630e-06
6170.9,14:19:36,4.630e-06
6172.1,14:19:38,4.630e-06
6173.3,14:19:39,4.630e-06
6174.4,14:19:40,4.630e-06
6175.6,14:19:41,4.630e-06
6176.8,14:19:42,4.630e-06
6177.9,14:19:43,4.630e-06
6179.1,14:19:45,4.630e-06
6180.2,14:19:46,4.630e-06
6181.4,14:19:47,4.620e-06
6182.6,14:19:48,4.620e-06
6183.7,14:19:49,4.610e-06
6184.9,14:19:50,4.610e-06
6186.0,14:19:51,4.610e-06
6187.2,14:19:53,4.610e-06
6188.3,14:19:54,4.610e-06
6189.5,14:19:55,4.610e-06
6190.7,14:19:56,4.610e-06
6191.8,14:19:57,4.610e-06
6193.0,14:19:58,4.610e-06
6194.2,14:20:00,4.610e-06
6195.3,14:20:01,4.610e-06
6196.5,14:20:02,4.610e-06
6197.7,14:20:03,4.610e-06
6198.8,14:20:04,4.610e-06
6200.0,14:20:05,4.610e-06
6201.1,14:20:07,4.610e-06
6202.3,14:20:08,4.600e-06
6203.5,14:20:09,4.600e-06
6204.6,14:20:10,4.600e-06
6205.8,14:20:11,4.600e-06
6207.0,14:20:12,4.600e-06
6208.1,14:20:14,4.600e-06
6209.3,14:20:15,4.600e-06
6210.4,14:20:16,4.600e-06
6211.6,14:20:17,4.600e-06
6212.8,14:20:18,4.600e-06
6213.9,14:20:19,4.600e-06
6215.1,14:20:21,4.600e-06
6216.3,14:20:22,4.600e-06
6217.4,14:20:23,4.600e-06
6218.6,14:20:24,4.590e-06
6219.7,14:20:25,4.600e-06
6220.9,14:20:26,4.600e-06
6222.0,14:20:27,4.590e-06
6223.2,14:20:29,4.590e-06
6224.3,14:20:30,4.590e-06
6225.5,14:20:31,4.590e-06
6226.7,14:20:32,4.590e-06
6227.8,14:20:33,4.590e-06
6229.0,14:20:34,4.590e-06
6230.1,14:20:36,4.590e-06
6231.3,14:20:37,4.590e-06
6232.4,14:20:38,4.600e-06
6233.6,14:20:39,4.600e-06
6234.8,14:20:40,4.600e-06
6235.9,14:20:41,4.600e-06
6237.1,14:20:42,4.610e-06
6238.2,14:20:44,4.610e-06
6239.4,14:20:45,4.610e-06
6240.5,14:20:46,4.610e-06
6241.7,14:20:47,4.620e-06
6242.8,14:20:48,4.620e-06
6244.0,14:20:49,4.620e-06
6245.2,14:20:51,4.620e-06
6246.3,14:20:52,4.630e-06
6247.5,14:20:53,4.630e-06
6248.6,14:20:54,4.630e-06
6249.8,14:20:55,4.630e-06
6251.0,14:20:56,4.630e-06
6252.1,14:20:58,4.630e-06
6253.3,14:20:59,4.630e-06
6254.4,14:21:00,4.630e-06
6255.6,14:21:01,4.630e-06
6256.7,14:21:02,4.630e-06
6257.9,14:21:03,4.630e-06
6259.0,14:21:04,4.630e-06
6260.2,14:21:06,4.630e-06
6261.4,14:21:07,4.630e-06
6262.5,14:21:08,4.630e-06
6263.7,14:21:09,4.620e-06
6264.8,14:21:10,4.620e-06
6266.0,14:21:11,4.620e-06
6267.2,14:21:13,4.620e-06
6268.3,14:21:14,4.620e-06
6269.5,14:21:15,4.620e-06
6270.7,14:21:16,4.620e-06
6271.8,14:21:17,4.620e-06
6273.0,14:21:18,4.620e-06
6274.1,14:21:20,4.620e-06
6275.3,14:21:21,4.620e-06
6276.5,14:21:22,4.610e-06
6277.6,14:21:23,4.610e-06
6278.8,14:21:24,4.610e-06
6280.0,14:21:25,4.610e-06
6281.1,14:21:27,4.610e-06
6282.3,14:21:28,4.610e-06
6283.4,14:21:29,4.610e-06
6284.6,14:21:30,4.610e-06
6285.7,14:21:31,4.610e-06
6286.9,14:21:32,4.610e-06
6288.1,14:21:34,4.610e-06
6289.2,14:21:35,4.610e-06
6290.4,14:21:36,4.610e-06
6291.6,14:21:37,4.610e-06
6292.7,14:21:38,4.610e-06
6293.9,14:21:39,4.610e-06
6295.0,14:21:40,4.600e-06
6296.2,14:21:42,4.600e-06
6297.4,14:21:43,4.600e-06
6298.5,14:21:44,4.600e-06
6299.7,14:21:45,4.600e-06
6300.8,14:21:46,4.600e-06
6302.0,14:21:47,4.600e-06
6303.2,14:21:49,4.600e-06
6304.3,14:21:50,4.600e-06
6305.5,14:21:51,4.600e-06
6306.6,14:21:52,4.600e-06
6307.8,14:21:53,4.600e-06
6309.0,14:21:54,4.610e-06
6310.1,14:21:56,4.610e-06
6311.3,14:21:57,4.620e-06
6312.5,14:21:58,4.630e-06
6313.6,14:21:59,4.640e-06
6314.8,14:22:00,4.640e-06
6315.9,14:22:01,4.650e-06
6317.1,14:22:03,4.650e-06
6318.3,14:22:04,4.660e-06
6319.4,14:22:05,4.660e-06
6320.6,14:22:06,4.660e-06
6321.8,14:22:07,4.660e-06
6322.9,14:22:08,4.660e-06
6324.1,14:22:10,4.660e-06
6325.2,14:22:11,4.660e-06
6326.4,14:22:12,4.660e-06
6327.6,14:22:13,4.650e-06
6328.7,14:22:14,4.650e-06
6329.9,14:22:15,4.650e-06
6331.1,14:22:17,4.650e-06
6332.2,14:22:18,4.640e-06
6333.4,14:22:19,4.640e-06
6334.6,14:22:20,4.640e-06
6335.7,14:22:21,4.640e-06
6336.9,14:22:22,4.640e-06
6338.1,14:22:24,4.640e-06
6339.3,14:22:25,4.640e-06
6340.4,14:22:26,4.640e-06
6341.6,14:22:27,4.640e-06
6342.7,14:22:28,4.640e-06
6343.9,14:22:29,4.630e-06
6345.1,14:22:30,4.640e-06
6346.2,14:22:32,4.630e-06
6347.4,14:22:33,4.640e-06
6348.5,14:22:34,4.630e-06
6349.7,14:22:35,4.630e-06
6350.8,14:22:36,4.630e-06
6352.0,14:22:37,4.630e-06
6353.2,14:22:39,4.630e-06
6354.3,14:22:40,4.630e-06
6355.5,14:22:41,4.630e-06
6356.6,14:22:42,4.630e-06
6357.8,14:22:43,4.630e-06
6359.0,14:22:44,4.630e-06
6360.1,14:22:46,4.630e-06
6361.3,14:22:47,4.630e-06
6362.4,14:22:48,4.630e-06
6363.6,14:22:49,4.630e-06
6364.8,14:22:50,4.630e-06
6365.9,14:22:51,4.630e-06
6367.1,14:22:53,4.630e-06
6368.2,14:22:54,4.630e-06
6369.4,14:22:55,4.640e-06
6370.6,14:22:56,4.640e-06
6371.7,14:22:57,4.640e-06
6372.9,14:22:58,4.630e-06
6374.1,14:22:59,4.640e-06
6375.2,14:23:01,4.640e-06
6376.4,14:23:02,4.640e-06
6377.5,14:23:03,4.640e-06
6378.7,14:23:04,4.640e-06
6379.9,14:23:05,4.640e-06
6381.0,14:23:06,4.640e-06
6382.2,14:23:08,4.640e-06
6383.3,14:23:09,4.640e-06
6384.5,14:23:10,4.640e-06
6385.7,14:23:11,4.640e-06
6386.8,14:23:12,4.640e-06
6388.0,14:23:13,4.640e-06
6389.1,14:23:15,4.640e-06
6390.3,14:23:16,4.640e-06
6391.5,14:23:17,4.640e-06
6392.6,14:23:18,4.640e-06
6393.8,14:23:19,4.640e-06
6394.9,14:23:20,4.640e-06
6396.1,14:23:22,4.640e-06
6397.3,14:23:23,4.640e-06
6398.4,14:23:24,4.640e-06
6399.6,14:23:25,4.650e-06
6400.8,14:23:26,4.640e-06
6401.9,14:23:27,4.640e-06
6403.1,14:23:29,4.640e-06
6404.2,14:23:30,4.640e-06
6405.4,14:23:31,4.640e-06
6406.6,14:23:32,4.640e-06
6407.7,14:23:33,4.640e-06
6408.9,14:23:34,4.640e-06
6410.0,14:23:35,4.640e-06
6411.2,14:23:37,4.640e-06
6412.3,14:23:38,4.630e-06
6413.5,14:23:39,4.630e-06
6414.6,14:23:40,4.630e-06
6415.8,14:23:41,4.630e-06
6417.0,14:23:42,4.630e-06
6418.1,14:23:44,4.630e-06
6419.3,14:23:45,4.630e-06
6420.5,14:23:46,4.630e-06
6421.6,14:23:47,4.630e-06
6422.8,14:23:48,4.630e-06
6423.9,14:23:49,4.630e-06
6425.1,14:23:51,4.630e-06
6426.3,14:23:52,4.630e-06
6427.4,14:23:53,4.630e-06
6428.6,14:23:54,4.630e-06
6429.7,14:23:55,4.630e-06
6430.9,14:23:56,4.630e-06
6432.1,14:23:57,4.630e-06
6433.2,14:23:59,4.630e-06
6434.4,14:24:00,4.630e-06
6435.5,14:24:01,4.630e-06
6436.7,14:24:02,4.630e-06
6437.8,14:24:03,4.630e-06
6439.0,14:24:04,4.630e-06
6440.2,14:24:06,4.630e-06
6441.3,14:24:07,4.630e-06
6442.5,14:24:08,4.630e-06
6443.7,14:24:09,4.630e-06
6444.8,14:24:10,4.630e-06
6446.0,14:24:11,4.630e-06
6447.2,14:24:13,4.630e-06
6448.3,14:24:14,4.630e-06
6449.5,14:24:15,4.630e-06
6450.6,14:24:16,4.630e-06
6451.8,14:24:17,4.630e-06
6452.9,14:24:18,4.630e-06
6454.1,14:24:20,4.630e-06
6455.3,14:24:21,4.630e-06
6456.4,14:24:22,4.630e-06
6457.6,14:24:23,4.630e-06
6458.7,14:24:24,4.630e-06
6459.9,14:24:25,4.630e-06
6461.1,14:24:27,4.630e-06
6462.2,14:24:28,4.630e-06
6463.4,14:24:29,4.630e-06
6464.6,14:24:30,4.630e-06
6465.7,14:24:31,4.630e-06
6466.9,14:24:32,4.630e-06
6468.1,14:24:33,4.630e-06
6469.2,14:24:35,4.630e-06
6470.4,14:24:36,4.630e-06
6471.5,14:24:37,4.630e-06
6472.7,14:24:38,4.630e-06
6473.9,14:24:39,4.630e-06
6475.0,14:24:40,4.630e-06
6476.2,14:24:42,4.630e-06
6477.3,14:24:43,4.630e-06
6478.5,14:24:44,4.630e-06
6479.7,14:24:45,4.630e-06
6480.8,14:24:46,4.630e-06
6482.0,14:24:47,4.630e-06
6483.1,14:24:49,4.630e-06
6484.3,14:24:50,4.630e-06
6485.4,14:24:51,4.630e-06
6486.6,14:24:52,4.630e-06
6487.8,14:24:53,4.630e-06
6488.9,14:24:54,4.630e-06
6490.1,14:24:56,4.630e-06
6491.3,14:24:57,4.630e-06
6492.4,14:24:58,4.630e-06
6493.6,14:24:59,4.630e-06
6494.7,14:25:00,4.630e-06
6495.9,14:25:01,4.630e-06
6497.1,14:25:02,4.630e-06
6498.2,14:25:04,4.630e-06
6499.4,14:25:05,4.630e-06
6500.5,14:25:06,4.630e-06
6501.7,14:25:07,4.630e-06
6502.9,14:25:08,4.630e-06
6504.0,14:25:09,4.630e-06
6505.2,14:25:11,4.630e-06
6506.4,14:25:12,4.630e-06
6507.5,14:25:13,4.630e-06
6508.7,14:25:14,4.630e-06
6509.8,14:25:15,4.630e-06
6511.0,14:25:16,4.630e-06
6512.2,14:25:18,4.630e-06
6513.3,14:25:19,4.620e-06
6514.5,14:25:20,4.630e-06
6515.7,14:25:21,4.630e-06
6516.8,14:25:22,4.620e-06
6518.0,14:25:23,4.620e-06
6519.1,14:25:25,4.620e-06
6520.3,14:25:26,4.620e-06
6521.5,14:25:27,4.620e-06
6522.6,14:25:28,4.620e-06
6523.8,14:25:29,4.620e-06
6524.9,14:25:30,4.620e-06
6526.1,14:25:32,4.620e-06
6527.3,14:25:33,4.620e-06
6528.4,14:25:34,4.620e-06
6529.6,14:25:35,4.610e-06
6530.8,14:25:36,4.610e-06
6531.9,14:25:37,4.610e-06
6533.1,14:25:39,4.610e-06
6534.2,14:25:40,4.610e-06
6535.4,14:25:41,4.610e-06
6536.6,14:25:42,4.610e-06
6537.7,14:25:43,4.610e-06
6538.9,14:25:44,4.610e-06
6540.0,14:25:45,4.610e-06
6541.2,14:25:47,4.610e-06
6542.4,14:25:48,4.610e-06
6543.5,14:25:49,4.610e-06
6544.7,14:25:50,4.610e-06
6545.8,14:25:51,4.600e-06
6547.0,14:25:52,4.600e-06
6548.2,14:25:54,4.600e-06
6549.3,14:25:55,4.600e-06
6550.5,14:25:56,4.600e-06
6551.7,14:25:57,4.600e-06
6552.8,14:25:58,4.600e-06
6554.0,14:25:59,4.600e-06
6555.1,14:26:01,4.600e-06
6556.3,14:26:02,4.600e-06
6557.4,14:26:03,4.600e-06
6558.6,14:26:04,4.600e-06
6559.8,14:26:05,4.600e-06
6560.9,14:26:06,4.600e-06
6562.1,14:26:08,4.600e-06
6563.3,14:26:09,4.600e-06
6564.4,14:26:10,4.590e-06
6565.6,14:26:11,4.590e-06
6566.8,14:26:12,4.590e-06
6567.9,14:26:13,4.590e-06
6569.1,14:26:14,4.590e-06
6570.2,14:26:16,4.590e-06
6571.4,14:26:17,4.590e-06
6572.5,14:26:18,4.590e-06
6573.7,14:26:19,4.590e-06
6574.9,14:26:20,4.590e-06
6576.0,14:26:21,4.590e-06
6577.2,14:26:23,4.590e-06
6578.3,14:26:24,4.590e-06
6579.5,14:26:25,4.590e-06
6580.7,14:26:26,4.590e-06
6581.8,14:26:27,4.590e-06
6583.0,14:26:28,4.590e-06
6584.2,14:26:30,4.590e-06
6585.3,14:26:31,4.590e-06
6586.5,14:26:32,4.590e-06
6587.7,14:26:33,4.580e-06
6588.8,14:26:34,4.590e-06
6590.0,14:26:35,4.580e-06
6591.1,14:26:37,4.580e-06
6592.3,14:26:38,4.580e-06
6593.5,14:26:39,4.580e-06
6594.6,14:26:40,4.580e-06
6595.8,14:26:41,4.580e-06
6596.9,14:26:42,4.580e-06
6598.1,14:26:44,4.580e-06
6599.3,14:26:45,4.580e-06
6600.4,14:26:46,4.580e-06
6601.6,14:26:47,4.580e-06
6602.7,14:26:48,4.570e-06
6603.9,14:26:49,4.570e-06
6605.1,14:26:51,4.570e-06
6606.2,14:26:52,4.570e-06
6607.4,14:26:53,4.570e-06
6608.6,14:26:54,4.570e-06
6609.7,14:26:55,4.570e-06
6610.9,14:26:56,4.570e-06
6612.0,14:26:57,4.570e-06
6613.2,14:26:59,4.570e-06
6614.4,14:27:00,4.570e-06
6615.5,14:27:01,4.570e-06
6616.7,14:27:02,4.570e-06
6617.9,14:27:03,4.570e-06
6619.0,14:27:04,4.570e-06
6620.2,14:27:06,4.570e-06
6621.3,14:27:07,4.570e-06
6622.5,14:27:08,4.560e-06
6623.7,14:27:09,4.560e-06
6624.9,14:27:10,4.560e-06
6626.0,14:27:11,4.560e-06
6627.2,14:27:13,4.560e-06
6628.4,14:27:14,4.560e-06
6629.6,14:27:15,4.560e-06
6630.7,14:27:16,4.560e-06
6631.9,14:27:17,4.560e-06
6633.0,14:27:18,4.560e-06
6634.2,14:27:20,4.560e-06
6635.4,14:27:21,4.560e-06
6636.5,14:27:22,4.560e-06
6637.7,14:27:23,4.550e-06
6638.9,14:27:24,4.550e-06
6640.0,14:27:25,4.550e-06
6641.2,14:27:27,4.550e-06
6642.4,14:27:28,4.550e-06
6643.5,14:27:29,4.550e-06
6644.7,14:27:30,4.550e-06
6645.8,14:27:31,4.550e-06
6647.0,14:27:32,4.550e-06
6648.2,14:27:34,4.550e-06
6649.3,14:27:35,4.550e-06
6650.5,14:27:36,4.550e-06
6651.7,14:27:37,4.540e-06
6652.8,14:27:38,4.540e-06
6654.0,14:27:39,4.540e-06
6655.1,14:27:41,4.540e-06
6656.3,14:27:42,4.540e-06
6657.4,14:27:43,4.540e-06
6658.6,14:27:44,4.540e-06
6659.8,14:27:45,4.540e-06
6660.9,14:27:46,4.540e-06
6662.1,14:27:48,4.540e-06
6663.2,14:27:49,4.540e-06
6664.4,14:27:50,4.540e-06
6665.6,14:27:51,4.530e-06
6666.7,14:27:52,4.530e-06
6667.9,14:27:53,4.530e-06
6669.0,14:27:54,4.530e-06
6670.2,14:27:56,4.530e-06
6671.3,14:27:57,4.530e-06
6672.5,14:27:58,4.540e-06
6673.7,14:27:59,4.530e-06
6674.8,14:28:00,4.530e-06
6676.0,14:28:01,4.530e-06
6677.1,14:28:03,4.530e-06
6678.3,14:28:04,4.530e-06
6679.5,14:28:05,4.530e-06
6680.6,14:28:06,4.530e-06
6681.8,14:28:07,4.530e-06
6683.0,14:28:08,4.530e-06
6684.1,14:28:10,4.520e-06
6685.3,14:28:11,4.530e-06
6686.4,14:28:12,4.520e-06
6687.6,14:28:13,4.520e-06
6688.7,14:28:14,4.520e-06
6689.9,14:28:15,4.520e-06
6691.1,14:28:16,4.520e-06
6692.2,14:28:18,4.520e-06
6693.4,14:28:19,4.520e-06
6694.6,14:28:20,4.520e-06
6695.7,14:28:21,4.520e-06
6696.9,14:28:22,4.510e-06
6698.0,14:28:23,4.510e-06
6699.2,14:28:25,4.510e-06
6700.4,14:28:26,4.510e-06
6701.5,14:28:27,4.510e-06
6702.7,14:28:28,4.510e-06
6703.8,14:28:29,4.510e-06
6705.0,14:28:30,4.510e-06
6706.2,14:28:32,4.510e-06
6707.3,14:28:33,4.510e-06
6708.5,14:28:34,4.510e-06
6709.6,14:28:35,4.510e-06
6710.8,14:28:36,4.510e-06
6712.0,14:28:37,4.500e-06
6713.1,14:28:39,4.510e-06
6714.3,14:28:40,4.510e-06
6715.5,14:28:41,4.510e-06
6716.6,14:28:42,4.500e-06
6717.8,14:28:43,4.500e-06
6718.9,14:28:44,4.500e-06
6720.1,14:28:46,4.500e-06
6721.3,14:28:47,4.500e-06
6722.4,14:28:48,4.500e-06
6723.6,14:28:49,4.500e-06
6724.8,14:28:50,4.500e-06
6725.9,14:28:51,4.490e-06
6727.1,14:28:53,4.500e-06
6728.3,14:28:54,4.490e-06
6729.4,14:28:55,4.490e-06
6730.6,14:28:56,4.490e-06
6731.8,14:28:57,4.490e-06
6732.9,14:28:58,4.490e-06
6734.1,14:29:00,4.490e-06
6735.2,14:29:01,4.490e-06
6736.4,14:29:02,4.490e-06
6737.5,14:29:03,4.490e-06
6738.7,14:29:04,4.490e-06
6739.9,14:29:05,4.490e-06
6741.0,14:29:06,4.490e-06
6742.2,14:29:08,4.490e-06
6743.4,14:29:09,4.490e-06
6744.5,14:29:10,4.490e-06
6745.7,14:29:11,4.490e-06
6746.9,14:29:12,4.490e-06
6748.1,14:29:13,4.480e-06
6749.2,14:29:15,4.480e-06
6750.4,14:29:16,4.480e-06
6751.5,14:29:17,4.480e-06
6752.7,14:29:18,4.480e-06
6753.9,14:29:19,4.480e-06
6755.1,14:29:20,4.480e-06
6756.2,14:29:22,4.480e-06
6757.4,14:29:23,4.480e-06
6758.6,14:29:24,4.480e-06
6759.7,14:29:25,4.480e-06
6760.9,14:29:26,4.480e-06
6762.1,14:29:27,4.480e-06
6763.2,14:29:29,4.470e-06
6764.4,14:29:30,4.470e-06
6765.6,14:29:31,4.470e-06
6766.7,14:29:32,4.470e-06
6767.9,14:29:33,4.470e-06
6769.0,14:29:34,4.470e-06
6770.2,14:29:36,4.460e-06
6771.4,14:29:37,4.460e-06
6772.5,14:29:38,4.460e-06
6773.7,14:29:39,4.460e-06
6774.9,14:29:40,4.460e-06
6776.0,14:29:41,4.460e-06
6777.2,14:29:43,4.460e-06
6778.4,14:29:44,4.460e-06
6779.5,14:29:45,4.460e-06
6780.7,14:29:46,4.450e-06
6781.8,14:29:47,4.450e-06
6783.0,14:29:48,4.450e-06
6784.2,14:29:50,4.450e-06
6785.3,14:29:51,4.450e-06
6786.5,14:29:52,4.450e-06
6787.6,14:29:53,4.450e-06
6788.8,14:29:54,4.450e-06
6790.0,14:29:55,4.450e-06
6791.1,14:29:57,4.450e-06
6792.3,14:29:58,4.450e-06
6793.5,14:29:59,4.440e-06
6794.6,14:30:00,4.440e-06
6795.8,14:30:01,4.440e-06
6797.0,14:30:02,4.440e-06
6798.1,14:30:04,4.440e-06
6799.3,14:30:05,4.440e-06
6800.4,14:30:06,4.440e-06
6801.6,14:30:07,4.440e-06
6802.8,14:30:08,4.440e-06
6803.9,14:30:09,4.440e-06
6805.1,14:30:11,4.440e-06
6806.3,14:30:12,4.440e-06
6807.4,14:30:13,4.440e-06
6808.6,14:30:14,4.440e-06
6809.7,14:30:15,4.440e-06
6810.9,14:30:16,4.430e-06
6812.1,14:30:18,4.430e-06
6813.2,14:30:19,4.430e-06
6814.4,14:30:20,4.430e-06
6815.6,14:30:21,4.430e-06
6816.7,14:30:22,4.430e-06
6817.9,14:30:23,4.430e-06
6819.0,14:30:24,4.430e-06
6820.2,14:30:26,4.430e-06
6821.4,14:30:27,4.430e-06
6822.5,14:30:28,4.430e-06
6823.7,14:30:29,4.430e-06
6824.8,14:30:30,4.430e-06
6826.0,14:30:31,4.420e-06
6827.2,14:30:33,4.420e-06
6828.3,14:30:34,4.420e-06
6829.5,14:30:35,4.420e-06
6830.7,14:30:36,4.420e-06
6831.8,14:30:37,4.420e-06
6833.0,14:30:38,4.420e-06
6834.1,14:30:40,4.420e-06
6835.3,14:30:41,4.420e-06
6836.5,14:30:42,4.420e-06
6837.6,14:30:43,4.420e-06
6838.8,14:30:44,4.420e-06
6840.0,14:30:45,4.420e-06
6841.1,14:30:47,4.420e-06
6842.3,14:30:48,4.420e-06
6843.5,14:30:49,4.410e-06
6844.6,14:30:50,4.410e-06
6845.8,14:30:51,4.410e-06
6846.9,14:30:52,4.410e-06
6848.1,14:30:54,4.410e-06
6849.2,14:30:55,4.410e-06
6850.4,14:30:56,4.410e-06
6851.6,14:30:57,4.410e-06
6852.7,14:30:58,4.410e-06
6853.9,14:30:59,4.410e-06
6855.1,14:31:00,4.400e-06
6856.2,14:31:02,4.410e-06
6857.4,14:31:03,4.410e-06
6858.6,14:31:04,4.410e-06
6859.7,14:31:05,4.400e-06
6860.9,14:31:06,4.400e-06
6862.0,14:31:07,4.400e-06
6863.2,14:31:09,4.400e-06
6864.4,14:31:10,4.400e-06
6865.5,14:31:11,4.400e-06
6866.7,14:31:12,4.400e-06
6867.9,14:31:13,4.400e-06
6869.0,14:31:14,4.400e-06
6870.2,14:31:16,4.400e-06
6871.4,14:31:17,4.400e-06
6872.5,14:31:18,4.400e-06
6873.7,14:31:19,4.400e-06
6874.8,14:31:20,4.400e-06
6876.0,14:31:21,4.400e-06
6877.1,14:31:23,4.400e-06
6878.3,14:31:24,4.400e-06
6879.5,14:31:25,4.400e-06
6880.7,14:31:26,4.400e-06
6881.8,14:31:27,4.400e-06
6883.0,14:31:28,4.400e-06
6884.1,14:31:30,4.400e-06
6885.3,14:31:31,4.400e-06
6886.5,14:31:32,4.390e-06
6887.6,14:31:33,4.390e-06
6888.8,14:31:34,4.380e-06
6890.0,14:31:35,4.380e-06
6891.1,14:31:37,4.380e-06
6892.3,14:31:38,4.380e-06
6893.5,14:31:39,4.380e-06
6894.6,14:31:40,4.370e-06
6895.8,14:31:41,4.380e-06
6897.0,14:31:42,4.370e-06
6898.1,14:31:44,4.370e-06
6899.3,14:31:45,4.370e-06
6900.5,14:31:46,4.370e-06
6901.6,14:31:47,4.380e-06
6902.8,14:31:48,4.380e-06
6903.9,14:31:49,4.380e-06
6905.1,14:31:51,4.380e-06
6906.3,14:31:52,4.380e-06
6907.4,14:31:53,4.380e-06
6908.6,14:31:54,4.380e-06
6909.8,14:31:55,4.380e-06
6910.9,14:31:56,4.380e-06
6912.1,14:31:58,4.380e-06
6913.2,14:31:59,4.380e-06
6914.4,14:32:00,4.380e-06
6915.6,14:32:01,4.380e-06
6916.7,14:32:02,4.380e-06
6917.9,14:32:03,4.380e-06
6919.1,14:32:04,4.380e-06
6920.2,14:32:06,4.380e-06
6921.4,14:32:07,4.380e-06
6922.5,14:32:08,4.380e-06
6923.7,14:32:09,4.380e-06
6924.9,14:32:10,4.380e-06
6926.0,14:32:11,4.380e-06
6927.2,14:32:13,4.380e-06
6928.4,14:32:14,4.380e-06
6929.5,14:32:15,4.380e-06
6930.7,14:32:16,4.380e-06
6931.9,14:32:17,4.380e-06
6933.0,14:32:18,4.380e-06
6934.2,14:32:20,4.380e-06
6935.3,14:32:21,4.380e-06
6936.5,14:32:22,4.380e-06
6937.7,14:32:23,4.380e-06
6938.8,14:32:24,4.380e-06
6940.0,14:32:25,4.380e-06
6941.2,14:32:27,4.380e-06
6942.3,14:32:28,4.380e-06
6943.5,14:32:29,4.380e-06
6944.7,14:32:30,4.380e-06
6945.8,14:32:31,4.380e-06
6947.0,14:32:32,4.380e-06
6948.2,14:32:34,4.380e-06
6949.3,14:32:35,4.380e-06
6950.5,14:32:36,4.380e-06
6951.6,14:32:37,4.380e-06
6952.8,14:32:38,4.380e-06
6954.0,14:32:39,4.380e-06
6955.2,14:32:41,4.380e-06
6956.3,14:32:42,4.380e-06
6957.5,14:32:43,4.380e-06
6958.7,14:32:44,4.380e-06
6959.8,14:32:45,4.380e-06
6961.0,14:32:46,4.380e-06
6962.2,14:32:48,4.380e-06
6963.3,14:32:49,4.380e-06
6964.5,14:32:50,4.370e-06
6965.6,14:32:51,4.370e-06
6966.8,14:32:52,4.370e-06
6968.0,14:32:53,4.370e-06
6969.1,14:32:55,4.370e-06
6970.3,14:32:56,4.370e-06
6971.4,14:32:57,4.370e-06
6972.6,14:32:58,4.370e-06
6973.8,14:32:59,4.370e-06
6974.9,14:33:00,4.370e-06
6976.1,14:33:02,4.370e-06
6977.2,14:33:03,4.370e-06
6978.4,14:33:04,4.370e-06
6979.6,14:33:05,4.370e-06
6980.7,14:33:06,4.370e-06
6981.9,14:33:07,4.370e-06
6983.1,14:33:08,4.370e-06
6984.2,14:33:10,4.370e-06
6985.4,14:33:11,4.370e-06
6986.5,14:33:12,4.370e-06
6987.7,14:33:13,4.370e-06
6988.9,14:33:14,4.370e-06
6990.0,14:33:15,4.370e-06
6991.2,14:33:17,4.370e-06
6992.4,14:33:18,4.370e-06
6993.5,14:33:19,4.370e-06
6994.7,14:33:20,4.370e-06
6995.9,14:33:21,4.370e-06
6997.0,14:33:22,4.370e-06
6998.2,14:33:24,4.370e-06
6999.4,14:33:25,4.370e-06
7000.5,14:33:26,4.370e-06
7001.7,14:33:27,4.360e-06
7002.8,14:33:28,4.360e-06
7004.0,14:33:29,4.360e-06
7005.2,14:33:31,4.360e-06
7006.3,14:33:32,4.350e-06
7007.5,14:33:33,4.360e-06
7008.6,14:33:34,4.350e-06
7009.8,14:33:35,4.350e-06
7011.0,14:33:36,4.350e-06
7012.1,14:33:38,4.350e-06
7013.3,14:33:39,4.350e-06
7014.5,14:33:40,4.350e-06
7015.6,14:33:41,4.350e-06
7016.8,14:33:42,4.350e-06
7017.9,14:33:43,4.350e-06
7019.1,14:33:45,4.350e-06
7020.3,14:33:46,4.350e-06
7021.4,14:33:47,4.350e-06
7022.6,14:33:48,4.350e-06
7023.8,14:33:49,4.350e-06
7024.9,14:33:50,4.350e-06
7026.1,14:33:52,4.350e-06
7027.2,14:33:53,4.350e-06
7028.4,14:33:54,4.350e-06
7029.6,14:33:55,4.350e-06
7030.7,14:33:56,4.350e-06
7031.9,14:33:57,4.350e-06
7033.1,14:33:58,4.350e-06
7034.2,14:34:00,4.350e-06
7035.4,14:34:01,4.350e-06
7036.6,14:34:02,4.350e-06
7037.7,14:34:03,4.340e-06
7038.9,14:34:04,4.340e-06
7040.1,14:34:06,4.340e-06
7041.2,14:34:07,4.340e-06
7042.4,14:34:08,4.340e-06
7043.6,14:34:09,4.340e-06
7044.7,14:34:10,4.340e-06
7045.9,14:34:11,4.340e-06
7047.0,14:34:12,4.340e-06
7048.2,14:34:14,4.340e-06
7049.3,14:34:15,4.340e-06
7050.5,14:34:16,4.340e-06
7051.7,14:34:17,4.340e-06
7052.8,14:34:18,4.340e-06
7054.0,14:34:19,4.340e-06
7055.2,14:34:21,4.340e-06
7056.3,14:34:22,4.340e-06
7057.5,14:34:23,4.340e-06
7058.7,14:34:24,4.330e-06
7059.8,14:34:25,4.330e-06
7061.0,14:34:26,4.330e-06
7062.2,14:34:28,4.330e-06
7063.3,14:34:29,4.330e-06
7064.5,14:34:30,4.330e-06
7065.6,14:34:31,4.330e-06
7066.8,14:34:32,4.330e-06
7068.0,14:34:33,4.330e-06
7069.2,14:34:35,4.330e-06
7070.3,14:34:36,4.330e-06
7071.5,14:34:37,4.330e-06
7072.7,14:34:38,4.330e-06
7073.8,14:34:39,4.330e-06
7075.0,14:34:40,4.330e-06
7076.2,14:34:42,4.330e-06
7077.3,14:34:43,4.330e-06
7078.5,14:34:44,4.330e-06
7079.7,14:34:45,4.330e-06
7080.8,14:34:46,4.330e-06
7082.0,14:34:47,4.330e-06
7083.1,14:34:49,4.330e-06
7084.3,14:34:50,4.330e-06
7085.5,14:34:51,4.320e-06
7086.7,14:34:52,4.320e-06
7087.8,14:34:53,4.320e-06
7089.0,14:34:54,4.320e-06
7090.1,14:34:56,4.320e-06
7091.3,14:34:57,4.320e-06
7092.5,14:34:58,4.320e-06
7093.6,14:34:59,4.320e-06
7094.8,14:35:00,4.320e-06
7095.9,14:35:01,4.320e-06
7097.1,14:35:03,4.320e-06
7098.3,14:35:04,4.320e-06
7099.4,14:35:05,4.320e-06
7100.6,14:35:06,4.320e-06
7101.8,14:35:07,4.320e-06
7102.9,14:35:08,4.320e-06
7104.1,14:35:10,4.320e-06
7105.2,14:35:11,4.310e-06
7106.4,14:35:12,4.320e-06
7107.6,14:35:13,4.310e-06
7108.7,14:35:14,4.310e-06
7109.9,14:35:15,4.310e-06
7111.1,14:35:17,4.310e-06
7112.2,14:35:18,4.310e-06
7113.4,14:35:19,4.310e-06
7114.5,14:35:20,4.310e-06
7115.7,14:35:21,4.310e-06
7116.9,14:35:22,4.300e-06
7118.0,14:35:23,4.300e-06
7119.2,14:35:25,4.300e-06
7120.4,14:35:26,4.300e-06
7121.5,14:35:27,4.300e-06
7122.7,14:35:28,4.300e-06
7123.9,14:35:29,4.300e-06
7125.0,14:35:30,4.300e-06
7126.2,14:35:32,4.290e-06
7127.3,14:35:33,4.300e-06
7128.5,14:35:34,4.290e-06
7129.7,14:35:35,4.290e-06
7130.8,14:35:36,4.290e-06
7132.0,14:35:37,4.290e-06
7133.1,14:35:39,4.290e-06
7134.3,14:35:40,4.290e-06
7135.5,14:35:41,4.290e-06
7136.6,14:35:42,4.290e-06
7137.8,14:35:43,4.290e-06
7139.0,14:35:44,4.290e-06
7140.1,14:35:46,4.290e-06
7141.3,14:35:47,4.290e-06
7142.4,14:35:48,4.290e-06
7143.6,14:35:49,4.290e-06
7144.8,14:35:50,4.290e-06
7145.9,14:35:51,4.290e-06
7147.1,14:35:53,4.280e-06
7148.3,14:35:54,4.280e-06
7149.4,14:35:55,4.280e-06
7150.6,14:35:56,4.280e-06
7151.7,14:35:57,4.290e-06
7152.9,14:35:58,4.290e-06
7154.1,14:36:00,4.290e-06
7155.2,14:36:01,4.290e-06
7156.4,14:36:02,4.290e-06
7157.6,14:36:03,4.290e-06
7158.7,14:36:04,4.290e-06
7159.9,14:36:05,4.290e-06
7161.0,14:36:06,4.290e-06
7162.2,14:36:08,4.290e-06
7163.4,14:36:09,4.290e-06
7164.5,14:36:10,4.290e-06
7165.7,14:36:11,4.300e-06
7166.9,14:36:12,4.300e-06
7168.0,14:36:13,4.290e-06
7169.2,14:36:15,4.290e-06
7170.4,14:36:16,4.300e-06
7171.5,14:36:17,4.300e-06
7172.7,14:36:18,4.300e-06
7173.8,14:36:19,4.290e-06
7175.0,14:36:20,4.290e-06
7176.1,14:36:22,4.300e-06
7177.3,14:36:23,4.300e-06
7178.5,14:36:24,4.300e-06
7179.6,14:36:25,4.300e-06
7180.8,14:36:26,4.300e-06
7182.0,14:36:27,4.300e-06
7183.1,14:36:29,4.300e-06
7184.3,14:36:30,4.290e-06
7185.5,14:36:31,4.300e-06
7186.6,14:36:32,4.300e-06
7187.8,14:36:33,4.300e-06
7189.0,14:36:34,4.290e-06
7190.1,14:36:36,4.290e-06
7191.3,14:36:37,4.300e-06
7192.4,14:36:38,4.300e-06
7193.6,14:36:39,4.290e-06
7194.8,14:36:40,4.290e-06
7195.9,14:36:41,4.290e-06
7197.1,14:36:43,4.300e-06
7198.3,14:36:44,4.300e-06
7199.4,14:36:45,4.290e-06
7200.6,14:36:46,4.290e-06
7201.7,14:36:47,4.290e-06
7202.9,14:36:48,4.300e-06
7204.1,14:36:50,4.290e-06
7205.2,14:36:51,4.290e-06
7206.4,14:36:52,4.300e-06
7207.6,14:36:53,4.290e-06
7208.7,14:36:54,4.290e-06
7209.9,14:36:55,4.290e-06
7211.1,14:36:57,4.290e-06
7212.2,14:36:58,4.290e-06
7213.4,14:36:59,4.290e-06
7214.6,14:37:00,4.290e-06
7215.7,14:37:01,4.290e-06
7216.9,14:37:02,4.290e-06
7218.0,14:37:03,4.290e-06
7219.2,14:37:05,4.290e-06
7220.4,14:37:06,4.290e-06
7221.5,14:37:07,4.290e-06
7222.7,14:37:08,4.290e-06
7223.9,14:37:09,4.290e-06
7225.0,14:37:10,4.290e-06
7226.2,14:37:12,4.290e-06
7227.3,14:37:13,4.290e-06
7228.5,14:37:14,4.290e-06
7229.7,14:37:15,4.290e-06
7230.8,14:37:16,4.290e-06
7232.0,14:37:17,4.290e-06
7233.2,14:37:19,4.290e-06
7234.3,14:37:20,4.290e-06
7235.5,14:37:21,4.290e-06
7236.7,14:37:22,4.280e-06
7237.9,14:37:23,4.290e-06
7239.0,14:37:24,4.280e-06
7240.2,14:37:26,4.280e-06
7241.3,14:37:27,4.280e-06
7242.5,14:37:28,4.280e-06
7243.7,14:37:29,4.280e-06
7244.8,14:37:30,4.280e-06
7246.0,14:37:31,4.280e-06
7247.2,14:37:33,4.270e-06
7248.3,14:37:34,4.270e-06
7249.5,14:37:35,4.270e-06
7250.6,14:37:36,4.270e-06
7251.8,14:37:37,4.270e-06
7253.0,14:37:38,4.270e-06
7254.1,14:37:40,4.270e-06
7255.3,14:37:41,4.270e-06
7256.4,14:37:42,4.270e-06
7257.6,14:37:43,4.270e-06
7258.8,14:37:44,4.270e-06
7259.9,14:37:45,4.270e-06
7261.1,14:37:47,4.270e-06
7262.3,14:37:48,4.270e-06
7263.4,14:37:49,4.270e-06
7264.6,14:37:50,4.270e-06
7265.7,14:37:51,4.260e-06
7266.9,14:37:52,4.260e-06
7268.1,14:37:54,4.260e-06
7269.2,14:37:55,4.260e-06
7270.4,14:37:56,4.260e-06
7271.6,14:37:57,4.260e-06
7272.7,14:37:58,4.260e-06
7273.9,14:37:59,4.260e-06
7275.0,14:38:00,4.260e-06
7276.2,14:38:02,4.260e-06
7277.4,14:38:03,4.260e-06
7278.5,14:38:04,4.260e-06
7279.7,14:38:05,4.260e-06
7280.9,14:38:06,4.260e-06
7282.0,14:38:07,4.260e-06
7283.2,14:38:09,4.260e-06
7284.3,14:38:10,4.260e-06
7285.5,14:38:11,4.260e-06
7286.7,14:38:12,4.260e-06
7287.8,14:38:13,4.260e-06
7289.0,14:38:14,4.260e-06
7290.1,14:38:16,4.260e-06
7291.3,14:38:17,4.260e-06
7292.5,14:38:18,4.260e-06
7293.6,14:38:19,4.260e-06
7294.8,14:38:20,4.260e-06
7296.0,14:38:21,4.260e-06
7297.2,14:38:23,4.250e-06
7298.3,14:38:24,4.260e-06
7299.5,14:38:25,4.260e-06
7300.7,14:38:26,4.250e-06
7301.8,14:38:27,4.250e-06
7303.0,14:38:28,4.250e-06
7304.1,14:38:30,4.250e-06
7305.3,14:38:31,4.250e-06
7306.4,14:38:32,4.250e-06
7307.6,14:38:33,4.250e-06
7308.8,14:38:34,4.250e-06
7309.9,14:38:35,4.250e-06
7311.1,14:38:37,4.250e-06
7312.3,14:38:38,4.250e-06
7313.4,14:38:39,4.250e-06
7314.6,14:38:40,4.250e-06
7315.7,14:38:41,4.250e-06
7316.9,14:38:42,4.250e-06
7318.1,14:38:43,4.250e-06
7319.2,14:38:45,4.250e-06
7320.4,14:38:46,4.250e-06
7321.6,14:38:47,4.250e-06
7322.7,14:38:48,4.250e-06
7323.9,14:38:49,4.250e-06
7325.0,14:38:50,4.250e-06
7326.2,14:38:52,4.250e-06
7327.3,14:38:53,4.250e-06
7328.5,14:38:54,4.250e-06
7329.7,14:38:55,4.250e-06
7330.8,14:38:56,4.250e-06
7332.0,14:38:57,4.250e-06
7333.1,14:38:59,4.250e-06
7334.3,14:39:00,4.250e-06
7335.5,14:39:01,4.240e-06
7336.6,14:39:02,4.240e-06
7337.8,14:39:03,4.240e-06
7339.0,14:39:04,4.240e-06
7340.1,14:39:06,4.240e-06
7341.3,14:39:07,4.240e-06
7342.4,14:39:08,4.240e-06
7343.6,14:39:09,4.240e-06
7344.8,14:39:10,4.240e-06
7345.9,14:39:11,4.240e-06
7347.1,14:39:13,4.240e-06
7348.3,14:39:14,4.240e-06
7349.4,14:39:15,4.240e-06
7350.6,14:39:16,4.240e-06
7351.7,14:39:17,4.240e-06
7352.9,14:39:18,4.240e-06
7354.0,14:39:19,4.240e-06
7355.2,14:39:21,4.240e-06
7356.4,14:39:22,4.240e-06
7357.5,14:39:23,4.240e-06
7358.7,14:39:24,4.240e-06
7359.9,14:39:25,4.240e-06
7361.0,14:39:26,4.240e-06
7362.2,14:39:28,4.240e-06
7363.3,14:39:29,4.240e-06
7364.5,14:39:30,4.230e-06
7365.6,14:39:31,4.230e-06
7366.8,14:39:32,4.230e-06
7368.0,14:39:33,4.230e-06
7369.1,14:39:35,4.230e-06
7370.3,14:39:36,4.230e-06
7371.5,14:39:37,4.230e-06
7372.6,14:39:38,4.230e-06
7373.8,14:39:39,4.230e-06
7375.0,14:39:40,4.230e-06
7376.1,14:39:42,4.230e-06
7377.3,14:39:43,4.230e-06
7378.4,14:39:44,4.220e-06
7379.6,14:39:45,4.230e-06
7380.8,14:39:46,4.230e-06
7381.9,14:39:47,4.220e-06
7383.1,14:39:49,4.220e-06
7384.3,14:39:50,4.220e-06
7385.5,14:39:51,4.220e-06
7386.6,14:39:52,4.220e-06
7387.8,14:39:53,4.220e-06
7388.9,14:39:54,4.220e-06
7390.1,14:39:56,4.220e-06
7391.3,14:39:57,4.220e-06
7392.4,14:39:58,4.220e-06
7393.6,14:39:59,4.220e-06
7394.7,14:40:00,4.220e-06
7395.9,14:40:01,4.220e-06
7397.1,14:40:02,4.220e-06
7398.2,14:40:04,4.220e-06
7399.4,14:40:05,4.220e-06
7400.5,14:40:06,4.220e-06
7401.7,14:40:07,4.220e-06
7402.9,14:40:08,4.220e-06
7404.0,14:40:09,4.220e-06
7405.2,14:40:11,4.220e-06
7406.4,14:40:12,4.220e-06
7407.5,14:40:13,4.220e-06
7408.7,14:40:14,4.220e-06
7409.9,14:40:15,4.220e-06
7411.0,14:40:16,4.220e-06
7412.2,14:40:18,4.210e-06
7413.3,14:40:19,4.220e-06
7414.5,14:40:20,4.210e-06
7415.7,14:40:21,4.210e-06
7416.8,14:40:22,4.220e-06
7418.0,14:40:23,4.210e-06
7419.2,14:40:25,4.210e-06
7420.3,14:40:26,4.210e-06
7421.5,14:40:27,4.210e-06
7422.7,14:40:28,4.210e-06
7423.8,14:40:29,4.210e-06
7425.0,14:40:30,4.210e-06
7426.1,14:40:32,4.210e-06
7427.3,14:40:33,4.210e-06
7428.5,14:40:34,4.210e-06
7429.6,14:40:35,4.210e-06
7430.8,14:40:36,4.210e-06
7432.0,14:40:37,4.210e-06
7433.1,14:40:39,4.210e-06
7434.3,14:40:40,4.210e-06
7435.4,14:40:41,4.210e-06
7436.6,14:40:42,4.210e-06
7437.8,14:40:43,4.210e-06
7439.0,14:40:44,4.210e-06
7440.1,14:40:46,4.210e-06
7441.3,14:40:47,4.210e-06
7442.5,14:40:48,4.210e-06
7443.6,14:40:49,4.210e-06
7444.8,14:40:50,4.210e-06
7445.9,14:40:51,4.210e-06
7447.1,14:40:53,4.210e-06
7448.3,14:40:54,4.210e-06
7449.4,14:40:55,4.210e-06
7450.6,14:40:56,4.210e-06
7451.8,14:40:57,4.210e-06
7452.9,14:40:58,4.210e-06
7454.1,14:41:00,4.210e-06
7455.3,14:41:01,4.210e-06
7456.4,14:41:02,4.210e-06
7457.6,14:41:03,4.210e-06
7458.8,14:41:04,4.210e-06
7459.9,14:41:05,4.210e-06
7461.1,14:41:07,4.210e-06
7462.3,14:41:08,4.200e-06
7463.4,14:41:09,4.210e-06
7464.6,14:41:10,4.210e-06
7465.7,14:41:11,4.210e-06
7466.9,14:41:12,4.200e-06
7468.1,14:41:14,4.200e-06
7469.2,14:41:15,4.210e-06
7470.4,14:41:16,4.200e-06
7471.5,14:41:17,4.200e-06
7472.7,14:41:18,4.200e-06
7473.9,14:41:19,4.200e-06
7475.0,14:41:20,4.200e-06
7476.2,14:41:22,4.200e-06
7477.4,14:41:23,4.200e-06
7478.5,14:41:24,4.200e-06
7479.7,14:41:25,4.200e-06
7480.9,14:41:26,4.200e-06
7482.0,14:41:27,4.190e-06
7483.2,14:41:29,4.200e-06
7484.3,14:41:30,4.190e-06
7485.5,14:41:31,4.190e-06
7486.7,14:41:32,4.190e-06
7487.8,14:41:33,4.190e-06
7489.0,14:41:34,4.190e-06
7490.2,14:41:36,4.190e-06
7491.3,14:41:37,4.190e-06
7492.5,14:41:38,4.190e-06
7493.7,14:41:39,4.190e-06
7494.8,14:41:40,4.190e-06
7496.0,14:41:41,4.190e-06
7497.2,14:41:43,4.190e-06
7498.3,14:41:44,4.180e-06
7499.5,14:41:45,4.180e-06
7500.7,14:41:46,4.190e-06
7501.8,14:41:47,4.180e-06
7503.0,14:41:48,4.180e-06
7504.2,14:41:50,4.180e-06
7505.3,14:41:51,4.180e-06
7506.5,14:41:52,4.180e-06
7507.7,14:41:53,4.180e-06
7508.8,14:41:54,4.180e-06
7510.0,14:41:55,4.180e-06
7511.1,14:41:57,4.180e-06
7512.3,14:41:58,4.180e-06
7513.5,14:41:59,4.180e-06
7514.6,14:42:00,4.180e-06
7515.8,14:42:01,4.180e-06
7517.0,14:42:02,4.180e-06
7518.1,14:42:04,4.180e-06
7519.3,14:42:05,4.170e-06
7520.5,14:42:06,4.170e-06
7521.6,14:42:07,4.170e-06
7522.8,14:42:08,4.170e-06
7524.0,14:42:09,4.180e-06
7525.1,14:42:11,4.170e-06
7526.3,14:42:12,4.170e-06
7527.5,14:42:13,4.170e-06
7528.6,14:42:14,4.170e-06
7529.8,14:42:15,4.170e-06
7531.0,14:42:16,4.170e-06
7532.1,14:42:18,4.170e-06
7533.3,14:42:19,4.170e-06
7534.4,14:42:20,4.170e-06
7535.6,14:42:21,4.170e-06
7536.8,14:42:22,4.170e-06
7537.9,14:42:23,4.170e-06
7539.1,14:42:25,4.170e-06
7540.3,14:42:26,4.170e-06
7541.5,14:42:27,4.170e-06
7542.6,14:42:28,4.170e-06
7543.8,14:42:29,4.170e-06
7544.9,14:42:30,4.170e-06
7546.1,14:42:32,4.170e-06
7547.2,14:42:33,4.170e-06
7548.4,14:42:34,4.170e-06
7549.6,14:42:35,4.170e-06
7550.7,14:42:36,4.170e-06
7551.9,14:42:37,4.170e-06
7553.1,14:42:38,4.170e-06
7554.2,14:42:40,4.170e-06
7555.4,14:42:41,4.160e-06
7556.5,14:42:42,4.170e-06
7557.7,14:42:43,4.170e-06
7558.9,14:42:44,4.170e-06
7560.0,14:42:45,4.160e-06
7561.2,14:42:47,4.160e-06
7562.3,14:42:48,4.160e-06
7563.5,14:42:49,4.160e-06
7564.7,14:42:50,4.160e-06
7565.8,14:42:51,4.160e-06
7567.0,14:42:52,4.160e-06
7568.2,14:42:54,4.160e-06
7569.3,14:42:55,4.160e-06
7570.5,14:42:56,4.160e-06
7571.6,14:42:57,4.160e-06
7572.8,14:42:58,4.160e-06
7574.0,14:42:59,4.160e-06
7575.1,14:43:01,4.160e-06
7576.3,14:43:02,4.160e-06
7577.5,14:43:03,4.160e-06
7578.6,14:43:04,4.160e-06
7579.8,14:43:05,4.160e-06
7580.9,14:43:06,4.160e-06
7582.1,14:43:08,4.160e-06
7583.3,14:43:09,4.160e-06
7584.4,14:43:10,4.150e-06
7585.6,14:43:11,4.150e-06
7586.8,14:43:12,4.150e-06
7587.9,14:43:13,4.150e-06
7589.1,14:43:15,4.150e-06
7590.3,14:43:16,4.150e-06
7591.4,14:43:17,4.150e-06
7592.6,14:43:18,4.150e-06
7593.8,14:43:19,4.150e-06
7594.9,14:43:20,4.150e-06
7596.1,14:43:22,4.150e-06
7597.3,14:43:23,4.150e-06
7598.4,14:43:24,4.150e-06
7599.6,14:43:25,4.150e-06
7600.7,14:43:26,4.150e-06
7601.9,14:43:27,4.150e-06
7603.1,14:43:29,4.150e-06
7604.2,14:43:30,4.150e-06
7605.4,14:43:31,4.150e-06
7606.5,14:43:32,4.150e-06
7607.7,14:43:33,4.150e-06
7608.9,14:43:34,4.150e-06
7610.0,14:43:35,4.150e-06
7611.2,14:43:37,4.150e-06
7612.4,14:43:38,4.150e-06
7613.5,14:43:39,4.150e-06
7614.7,14:43:40,4.150e-06
7615.9,14:43:41,4.150e-06
7617.0,14:43:42,4.150e-06
7618.2,14:43:44,4.150e-06
7619.3,14:43:45,4.150e-06
7620.5,14:43:46,4.150e-06
7621.7,14:43:47,4.150e-06
7622.9,14:43:48,4.150e-06
7624.0,14:43:49,4.150e-06
7625.2,14:43:51,4.150e-06
7626.3,14:43:52,4.150e-06
7627.5,14:43:53,4.150e-06
7628.7,14:43:54,4.150e-06
7629.8,14:43:55,4.150e-06
7631.0,14:43:56,4.150e-06
7632.2,14:43:58,4.150e-06
7633.3,14:43:59,4.150e-06
7634.5,14:44:00,4.150e-06
7635.7,14:44:01,4.150e-06
7636.9,14:44:02,4.150e-06
7638.0,14:44:03,4.150e-06
7639.2,14:44:05,4.150e-06
7640.4,14:44:06,4.150e-06
7641.5,14:44:07,4.150e-06
7642.7,14:44:08,4.150e-06
7643.9,14:44:09,4.150e-06
7645.0,14:44:10,4.150e-06
7646.2,14:44:12,4.150e-06
7647.4,14:44:13,4.150e-06
7648.5,14:44:14,4.150e-06
7649.7,14:44:15,4.150e-06
7650.9,14:44:16,4.150e-06
7652.0,14:44:17,4.150e-06
7653.2,14:44:19,4.150e-06
7654.3,14:44:20,4.150e-06
7655.5,14:44:21,4.150e-06
7656.7,14:44:22,4.150e-06
7657.8,14:44:23,4.150e-06
7659.0,14:44:24,4.150e-06
7660.2,14:44:26,4.150e-06
7661.3,14:44:27,4.150e-06
7662.5,14:44:28,4.150e-06
7663.7,14:44:29,4.150e-06
7664.8,14:44:30,4.150e-06
7666.0,14:44:31,4.150e-06
7667.2,14:44:33,4.150e-06
7668.3,14:44:34,4.150e-06
7669.5,14:44:35,4.150e-06
7670.7,14:44:36,4.150e-06
7671.9,14:44:37,4.150e-06
7673.0,14:44:38,4.150e-06
7674.2,14:44:40,4.150e-06
7675.3,14:44:41,4.150e-06
7676.5,14:44:42,4.150e-06
7677.7,14:44:43,4.150e-06
7678.8,14:44:44,4.150e-06
7680.0,14:44:45,4.150e-06
7681.2,14:44:47,4.150e-06
7682.3,14:44:48,4.150e-06
7683.5,14:44:49,4.150e-06
7684.7,14:44:50,4.150e-06
7685.9,14:44:51,4.150e-06
7687.0,14:44:52,4.150e-06
7688.2,14:44:54,4.150e-06
7689.4,14:44:55,4.150e-06
7690.5,14:44:56,4.150e-06
7691.7,14:44:57,4.150e-06
7692.9,14:44:58,4.150e-06
7694.0,14:44:59,4.150e-06
7695.2,14:45:01,4.150e-06
7696.3,14:45:02,4.150e-06
7697.5,14:45:03,4.150e-06
7698.7,14:45:04,4.150e-06
7699.9,14:45:05,4.150e-06
7701.0,14:45:06,4.150e-06
7702.2,14:45:08,4.150e-06
7703.3,14:45:09,4.150e-06
7704.5,14:45:10,4.150e-06
7705.7,14:45:11,4.150e-06
7706.8,14:45:12,4.150e-06
7708.0,14:45:13,4.150e-06
7709.2,14:45:15,4.150e-06
7710.4,14:45:16,4.150e-06
7711.5,14:45:17,4.150e-06
7712.7,14:45:18,4.150e-06
7713.9,14:45:19,4.150e-06
7715.0,14:45:20,4.150e-06
7716.2,14:45:22,4.150e-06
7717.4,14:45:23,4.150e-06
7718.5,14:45:24,4.140e-06
7719.7,14:45:25,4.140e-06
7720.9,14:45:26,4.150e-06
7722.0,14:45:27,4.150e-06
7723.2,14:45:29,4.140e-06
7724.4,14:45:30,4.140e-06
7725.5,14:45:31,4.140e-06
7726.7,14:45:32,4.140e-06
7727.9,14:45:33,4.130e-06
7729.0,14:45:34,4.130e-06
7730.2,14:45:36,4.130e-06
7731.3,14:45:37,4.130e-06
7732.5,14:45:38,4.130e-06
7733.7,14:45:39,4.130e-06
7734.8,14:45:40,4.130e-06
7736.0,14:45:41,4.130e-06
7737.2,14:45:43,4.130e-06
7738.3,14:45:44,4.130e-06
7739.5,14:45:45,4.130e-06
7740.7,14:45:46,4.130e-06
7741.8,14:45:47,4.130e-06
7743.0,14:45:48,4.130e-06
7744.2,14:45:50,4.130e-06
7745.3,14:45:51,4.130e-06
7746.5,14:45:52,4.130e-06
7747.7,14:45:53,4.130e-06
7748.8,14:45:54,4.130e-06
7750.0,14:45:55,4.130e-06
7751.2,14:45:57,4.130e-06
7752.3,14:45:58,4.130e-06
7753.5,14:45:59,4.130e-06
7754.7,14:46:00,4.130e-06
7755.9,14:46:01,4.130e-06
7757.0,14:46:02,4.130e-06
7758.2,14:46:04,4.130e-06
7759.4,14:46:05,4.130e-06
7760.5,14:46:06,4.130e-06
7761.7,14:46:07,4.130e-06
7762.9,14:46:08,4.130e-06
7764.0,14:46:09,4.130e-06
7765.2,14:46:11,4.130e-06
7766.4,14:46:12,4.120e-06
7767.5,14:46:13,4.120e-06
7768.7,14:46:14,4.120e-06
7769.9,14:46:15,4.130e-06
7771.0,14:46:16,4.130e-06
7772.2,14:46:18,4.120e-06
7773.3,14:46:19,4.120e-06
7774.5,14:46:20,4.120e-06
7775.7,14:46:21,4.120e-06
7776.9,14:46:22,4.120e-06
7778.0,14:46:23,4.120e-06
7779.2,14:46:25,4.120e-06
7780.3,14:46:26,4.120e-06
7781.5,14:46:27,4.120e-06
7782.7,14:46:28,4.120e-06
7783.8,14:46:29,4.120e-06
7785.0,14:46:30,4.120e-06
7786.2,14:46:32,4.120e-06
7787.4,14:46:33,4.120e-06
7788.5,14:46:34,4.120e-06
7789.7,14:46:35,4.120e-06
7790.9,14:46:36,4.120e-06
7792.0,14:46:37,4.120e-06
7793.2,14:46:39,4.120e-06
7794.4,14:46:40,4.120e-06
7795.5,14:46:41,4.120e-06
7796.7,14:46:42,4.120e-06
7797.8,14:46:43,4.120e-06
7799.0,14:46:44,4.120e-06
7800.2,14:46:46,4.120e-06
7801.4,14:46:47,4.120e-06
7802.5,14:46:48,4.120e-06
7803.7,14:46:49,4.120e-06
7804.9,14:46:50,4.120e-06
7806.0,14:46:51,4.120e-06
7807.2,14:46:53,4.120e-06
7808.4,14:46:54,4.120e-06
7809.5,14:46:55,4.120e-06
7810.7,14:46:56,4.120e-06
7811.9,14:46:57,4.120e-06
7813.0,14:46:58,4.120e-06
7814.2,14:47:00,4.110e-06
7815.4,14:47:01,4.120e-06
7816.5,14:47:02,4.120e-06
7817.7,14:47:03,4.120e-06
7818.9,14:47:04,4.120e-06
7820.0,14:47:05,4.120e-06
7821.2,14:47:07,4.110e-06
7822.4,14:47:08,4.110e-06
7823.5,14:47:09,4.110e-06
7824.7,14:47:10,4.110e-06
7825.9,14:47:11,4.110e-06
7827.1,14:47:12,4.110e-06
7828.2,14:47:14,4.110e-06
7829.4,14:47:15,4.110e-06
7830.5,14:47:16,4.110e-06
7831.7,14:47:17,4.110e-06
7832.9,14:47:18,4.110e-06
7834.0,14:47:19,4.110e-06
7835.2,14:47:21,4.110e-06
7836.4,14:47:22,4.110e-06
7837.5,14:47:23,4.110e-06
7838.7,14:47:24,4.110e-06
7839.9,14:47:25,4.110e-06
7841.0,14:47:26,4.110e-06
7842.2,14:47:28,4.110e-06
7843.4,14:47:29,4.110e-06
7844.6,14:47:30,4.110e-06
7845.7,14:47:31,4.100e-06
7846.9,14:47:32,4.100e-06
7848.1,14:47:34,4.100e-06
7849.2,14:47:35,4.100e-06
7850.4,14:47:36,4.100e-06
7851.5,14:47:37,4.100e-06
7852.7,14:47:38,4.100e-06
7853.9,14:47:39,4.090e-06
7855.0,14:47:40,4.100e-06
7856.2,14:47:42,4.100e-06
7857.4,14:47:43,4.100e-06
7858.5,14:47:44,4.090e-06
7859.7,14:47:45,4.090e-06
7860.9,14:47:46,4.090e-06
7862.0,14:47:47,4.100e-06
7863.2,14:47:49,4.090e-06
7864.4,14:47:50,4.090e-06
7865.5,14:47:51,4.090e-06
7866.7,14:47:52,4.090e-06
7867.9,14:47:53,4.090e-06
7869.0,14:47:54,4.090e-06
7870.2,14:47:56,4.090e-06
7871.4,14:47:57,4.090e-06
7872.5,14:47:58,4.090e-06
7873.7,14:47:59,4.090e-06
7874.9,14:48:00,4.090e-06
7876.0,14:48:01,4.090e-06
7877.2,14:48:03,4.090e-06
7878.4,14:48:04,4.090e-06
7879.5,14:48:05,4.090e-06
7880.7,14:48:06,4.090e-06
7881.9,14:48:07,4.090e-06
7883.0,14:48:08,4.090e-06
7884.2,14:48:10,4.090e-06
7885.3,14:48:11,4.090e-06
7886.5,14:48:12,4.090e-06
7887.7,14:48:13,4.090e-06
7888.9,14:48:14,4.090e-06
7890.0,14:48:15,4.090e-06
7891.2,14:48:17,4.080e-06
7892.3,14:48:18,4.080e-06
7893.5,14:48:19,4.080e-06
7894.7,14:48:20,4.080e-06
7895.8,14:48:21,4.080e-06
7897.0,14:48:22,4.080e-06
7898.2,14:48:24,4.080e-06
7899.3,14:48:25,4.080e-06
7900.5,14:48:26,4.080e-06
7901.7,14:48:27,4.080e-06
7902.8,14:48:28,4.080e-06
7904.0,14:48:29,4.080e-06
7905.2,14:48:31,4.080e-06
7906.3,14:48:32,4.080e-06
7907.5,14:48:33,4.080e-06
7908.6,14:48:34,4.080e-06
7909.8,14:48:35,4.080e-06
7911.0,14:48:36,4.080e-06
7912.2,14:48:38,4.080e-06
7913.3,14:48:39,4.080e-06
7914.5,14:48:40,4.080e-06
7915.7,14:48:41,4.080e-06
7916.9,14:48:42,4.080e-06
7918.0,14:48:43,4.080e-06
7919.2,14:48:45,4.080e-06
7920.3,14:48:46,4.080e-06
7921.5,14:48:47,4.080e-06
7922.7,14:48:48,4.080e-06
7923.9,14:48:49,4.080e-06
7925.0,14:48:50,4.080e-06
7926.2,14:48:52,4.080e-06
7927.4,14:48:53,4.080e-06
7928.5,14:48:54,4.080e-06
7929.7,14:48:55,4.080e-06
7930.9,14:48:56,4.080e-06
7932.0,14:48:57,4.080e-06
7933.2,14:48:59,4.080e-06
7934.4,14:49:00,4.080e-06
7935.5,14:49:01,4.080e-06
7936.7,14:49:02,4.080e-06
7937.9,14:49:03,4.080e-06
7939.0,14:49:04,4.070e-06
7940.2,14:49:06,4.080e-06
7941.3,14:49:07,4.080e-06
7942.5,14:49:08,4.070e-06
7943.7,14:49:09,4.070e-06
7944.9,14:49:10,4.070e-06
7946.0,14:49:11,4.070e-06
7947.2,14:49:13,4.070e-06
7948.4,14:49:14,4.070e-06
7949.5,14:49:15,4.070e-06
7950.7,14:49:16,4.070e-06
7951.9,14:49:17,4.070e-06
7953.0,14:49:18,4.070e-06
7954.2,14:49:20,4.070e-06
7955.4,14:49:21,4.070e-06
7956.5,14:49:22,4.070e-06
7957.7,14:49:23,4.070e-06
7958.9,14:49:24,4.070e-06
7960.0,14:49:25,4.070e-06
7961.2,14:49:27,4.070e-06
7962.4,14:49:28,4.070e-06
7963.5,14:49:29,4.060e-06
7964.7,14:49:30,4.060e-06
7965.9,14:49:31,4.060e-06
7967.0,14:49:32,4.060e-06
7968.2,14:49:34,4.050e-06
7969.3,14:49:35,4.050e-06
7970.5,14:49:36,4.050e-06
7971.7,14:49:37,4.050e-06
7972.9,14:49:38,4.050e-06
7974.0,14:49:39,4.050e-06
7975.2,14:49:41,4.050e-06
7976.4,14:49:42,4.050e-06
7977.5,14:49:43,4.050e-06
7978.7,14:49:44,4.050e-06
7979.9,14:49:45,4.050e-06
7981.0,14:49:46,4.050e-06
7982.2,14:49:48,4.050e-06
7983.3,14:49:49,4.050e-06
7984.5,14:49:50,4.050e-06
7985.7,14:49:51,4.050e-06
7986.8,14:49:52,4.050e-06
7988.0,14:49:53,4.050e-06
7989.2,14:49:55,4.050e-06
7990.3,14:49:56,4.050e-06
7991.5,14:49:57,4.050e-06
7992.7,14:49:58,4.050e-06
7993.8,14:49:59,4.050e-06
7995.0,14:50:00,4.050e-06
7996.2,14:50:02,4.050e-06
7997.3,14:50:03,4.050e-06
7998.5,14:50:04,4.050e-06
7999.7,14:50:05,4.050e-06
8000.9,14:50:06,4.050e-06
8002.0,14:50:07,4.050e-06
8003.2,14:50:09,4.050e-06
8004.3,14:50:10,4.050e-06
8005.5,14:50:11,4.050e-06
8006.7,14:50:12,4.050e-06
8007.8,14:50:13,4.050e-06
8009.0,14:50:14,4.050e-06
8010.2,14:50:16,4.050e-06
8011.3,14:50:17,4.050e-06
8012.5,14:50:18,4.050e-06
8013.7,14:50:19,4.050e-06
8014.8,14:50:20,4.050e-06
8016.0,14:50:21,4.050e-06
8017.2,14:50:23,4.050e-06
8018.3,14:50:24,4.050e-06
8019.5,14:50:25,4.050e-06
8020.7,14:50:26,4.050e-06
8021.8,14:50:27,4.050e-06
8023.0,14:50:28,4.050e-06
8024.2,14:50:30,4.050e-06
8025.4,14:50:31,4.050e-06
8026.5,14:50:32,4.050e-06
8027.7,14:50:33,4.060e-06
8028.9,14:50:34,4.060e-06
8030.0,14:50:35,4.060e-06
8031.2,14:50:37,4.060e-06
8032.4,14:50:38,4.050e-06
8033.5,14:50:39,4.060e-06
8034.7,14:50:40,4.060e-06
8035.9,14:50:41,4.060e-06
8037.0,14:50:42,4.060e-06
8038.2,14:50:44,4.060e-06
8039.4,14:50:45,4.060e-06
8040.5,14:50:46,4.060e-06
8041.7,14:50:47,4.060e-06
8042.9,14:50:48,4.060e-06
8044.0,14:50:49,4.060e-06
8045.2,14:50:51,4.060e-06
8046.4,14:50:52,4.060e-06
8047.5,14:50:53,4.060e-06
8048.7,14:50:54,4.060e-06
8049.8,14:50:55,4.060e-06
8051.0,14:50:56,4.060e-06
8052.2,14:50:58,4.060e-06
8053.4,14:50:59,4.060e-06
8054.5,14:51:00,4.060e-06
8055.7,14:51:01,4.060e-06
8056.8,14:51:02,4.060e-06
8058.0,14:51:03,4.060e-06
8059.2,14:51:05,4.060e-06
8060.3,14:51:06,4.060e-06
8061.5,14:51:07,4.060e-06
8062.6,14:51:08,4.060e-06
8063.8,14:51:09,4.060e-06
8065.0,14:51:10,4.060e-06
8066.2,14:51:12,4.060e-06
8067.3,14:51:13,4.060e-06
8068.5,14:51:14,4.060e-06
8069.6,14:51:15,4.060e-06
8070.8,14:51:16,4.060e-06
8072.0,14:51:17,4.060e-06
8073.1,14:51:19,4.060e-06
8074.3,14:51:20,4.060e-06
8075.5,14:51:21,4.060e-06
8076.6,14:51:22,4.050e-06
8077.8,14:51:23,4.050e-06
8079.0,14:51:24,4.050e-06
8080.1,14:51:26,4.050e-06
8081.3,14:51:27,4.050e-06
8082.4,14:51:28,4.050e-06
8083.6,14:51:29,4.050e-06
8084.8,14:51:30,4.050e-06
8085.9,14:51:31,4.050e-06
8087.1,14:51:33,4.050e-06
8088.3,14:51:34,4.050e-06
8089.4,14:51:35,4.050e-06
8090.6,14:51:36,4.050e-06
8091.7,14:51:37,4.050e-06
8092.9,14:51:38,4.050e-06
8094.1,14:51:39,4.050e-06
8095.2,14:51:41,4.050e-06
8096.4,14:51:42,4.050e-06
8097.5,14:51:43,4.050e-06
8098.7,14:51:44,4.050e-06
8099.9,14:51:45,4.050e-06
8101.0,14:51:46,4.050e-06
8102.2,14:51:48,4.050e-06
8103.4,14:51:49,4.050e-06
8104.5,14:51:50,4.050e-06
8105.7,14:51:51,4.050e-06
8106.9,14:51:52,4.050e-06
8108.1,14:51:53,4.050e-06
8109.2,14:51:55,4.050e-06
8110.4,14:51:56,4.050e-06
8111.5,14:51:57,4.050e-06
8112.7,14:51:58,4.050e-06
8113.9,14:51:59,4.050e-06
8115.0,14:52:00,4.050e-06
8116.2,14:52:02,4.050e-06
8117.4,14:52:03,4.050e-06
8118.5,14:52:04,4.050e-06
8119.7,14:52:05,4.050e-06
8120.9,14:52:06,4.050e-06
8122.0,14:52:07,4.050e-06
8123.2,14:52:09,4.050e-06
8124.4,14:52:10,4.050e-06
8125.5,14:52:11,4.050e-06
8126.7,14:52:12,4.050e-06
8127.9,14:52:13,4.050e-06
8129.1,14:52:14,4.050e-06
8130.2,14:52:16,4.050e-06
8131.4,14:52:17,4.050e-06
8132.5,14:52:18,4.050e-06
8133.7,14:52:19,4.050e-06
8134.9,14:52:20,4.050e-06
8136.0,14:52:21,4.050e-06
8137.2,14:52:23,4.050e-06
8138.4,14:52:24,4.050e-06
8139.5,14:52:25,4.050e-06
8140.7,14:52:26,4.050e-06
8141.9,14:52:27,4.050e-06
8143.0,14:52:28,4.050e-06
8144.2,14:52:30,4.050e-06
8145.4,14:52:31,4.050e-06
8146.5,14:52:32,4.050e-06
8147.7,14:52:33,4.040e-06
8148.9,14:52:34,4.040e-06
8150.0,14:52:35,4.050e-06
8151.2,14:52:37,4.050e-06
8152.4,14:52:38,4.050e-06
8153.5,14:52:39,4.040e-06
8154.7,14:52:40,4.050e-06
8155.9,14:52:41,4.050e-06
8157.0,14:52:42,4.040e-06
8158.2,14:52:44,4.040e-06
8159.4,14:52:45,4.040e-06
8160.5,14:52:46,4.040e-06
8161.7,14:52:47,4.040e-06
8162.9,14:52:48,4.040e-06
8164.0,14:52:49,4.040e-06
8165.2,14:52:51,4.040e-06
8166.4,14:52:52,4.040e-06
8167.5,14:52:53,4.040e-06
8168.7,14:52:54,4.040e-06
8169.8,14:52:55,4.040e-06
8171.0,14:52:56,4.040e-06
8172.2,14:52:58,4.040e-06
8173.3,14:52:59,4.040e-06
8174.5,14:53:00,4.040e-06
8175.7,14:53:01,4.040e-06
8176.8,14:53:02,4.040e-06
8178.0,14:53:03,4.040e-06
8179.2,14:53:05,4.040e-06
8180.3,14:53:06,4.040e-06
8181.5,14:53:07,4.040e-06
8182.7,14:53:08,4.040e-06
8183.8,14:53:09,4.040e-06
8185.0,14:53:10,4.040e-06
8186.2,14:53:12,4.030e-06
8187.3,14:53:13,4.030e-06
8188.5,14:53:14,4.030e-06
8189.7,14:53:15,4.030e-06
8190.8,14:53:16,4.030e-06
8192.0,14:53:17,4.030e-06
8193.2,14:53:19,4.030e-06
8194.3,14:53:20,4.030e-06
8195.5,14:53:21,4.030e-06
8196.7,14:53:22,4.030e-06
8197.8,14:53:23,4.030e-06
8199.0,14:53:24,4.030e-06
8200.2,14:53:26,4.030e-06
8201.3,14:53:27,4.030e-06
8202.5,14:53:28,4.030e-06
8203.7,14:53:29,4.030e-06
8204.8,14:53:30,4.030e-06
8206.0,14:53:31,4.030e-06
8207.2,14:53:33,4.030e-06
8208.3,14:53:34,4.030e-06
8209.5,14:53:35,4.030e-06
8210.6,14:53:36,4.030e-06
8211.8,14:53:37,4.030e-06
8213.0,14:53:38,4.030e-06
8214.2,14:53:40,4.030e-06
8215.3,14:53:41,4.030e-06
8216.5,14:53:42,4.030e-06
8217.6,14:53:43,4.030e-06
8218.8,14:53:44,4.030e-06
8220.0,14:53:45,4.030e-06
8221.1,14:53:47,4.030e-06
8222.3,14:53:48,4.030e-06
8223.4,14:53:49,4.030e-06
8224.6,14:53:50,4.030e-06
8225.8,14:53:51,4.030e-06
8226.9,14:53:52,4.030e-06
8228.1,14:53:54,4.030e-06
8229.3,14:53:55,4.030e-06
8230.4,14:53:56,4.030e-06
8231.6,14:53:57,4.030e-06
8232.7,14:53:58,4.030e-06
8233.9,14:53:59,4.030e-06
8235.1,14:54:01,4.020e-06
8236.3,14:54:02,4.030e-06
8237.4,14:54:03,4.030e-06
8238.6,14:54:04,4.030e-06
8239.7,14:54:05,4.030e-06
8240.9,14:54:06,4.020e-06
8242.1,14:54:08,4.030e-06
8243.2,14:54:09,4.030e-06
8244.4,14:54:10,4.020e-06
8245.6,14:54:11,4.020e-06
8246.7,14:54:12,4.020e-06
8247.9,14:54:13,4.020e-06
8249.0,14:54:14,4.020e-06
8250.2,14:54:16,4.020e-06
8251.4,14:54:17,4.020e-06
8252.6,14:54:18,4.020e-06
8253.7,14:54:19,4.020e-06
8254.9,14:54:20,4.020e-06
8256.1,14:54:21,4.020e-06
8257.2,14:54:23,4.020e-06
8258.4,14:54:24,4.020e-06
8259.5,14:54:25,4.020e-06
8260.7,14:54:26,4.020e-06
8261.9,14:54:27,4.020e-06
8263.0,14:54:28,4.020e-06
8264.2,14:54:30,4.020e-06
8265.4,14:54:31,4.020e-06
8266.6,14:54:32,4.020e-06
8267.7,14:54:33,4.020e-06
8268.9,14:54:34,4.020e-06
8270.1,14:54:36,4.020e-06
8271.2,14:54:37,4.020e-06
8272.4,14:54:38,4.020e-06
8273.6,14:54:39,4.020e-06
8274.7,14:54:40,4.020e-06
8275.9,14:54:41,4.020e-06
8277.1,14:54:42,4.020e-06
8278.2,14:54:44,4.020e-06
8279.4,14:54:45,4.020e-06
8280.5,14:54:46,4.010e-06
8281.7,14:54:47,4.020e-06
8282.9,14:54:48,4.020e-06
8284.0,14:54:49,4.010e-06
8285.2,14:54:51,4.010e-06
8286.4,14:54:52,4.010e-06
8287.5,14:54:53,4.010e-06
8288.7,14:54:54,4.010e-06
8289.9,14:54:55,4.010e-06
8291.0,14:54:56,4.010e-06
8292.2,14:54:58,4.010e-06
8293.4,14:54:59,4.010e-06
8294.5,14:55:00,4.010e-06
8295.7,14:55:01,4.010e-06
8296.8,14:55:02,4.010e-06
8298.0,14:55:03,4.010e-06
8299.2,14:55:05,4.010e-06
8300.4,14:55:06,4.010e-06
8301.5,14:55:07,4.010e-06
8302.7,14:55:08,4.010e-06
8303.9,14:55:09,4.010e-06
8305.0,14:55:10,4.010e-06
8306.2,14:55:12,4.000e-06
8307.4,14:55:13,4.010e-06
8308.5,14:55:14,4.010e-06
8309.7,14:55:15,4.010e-06
8310.9,14:55:16,4.010e-06
8312.0,14:55:17,4.010e-06
8313.2,14:55:19,4.000e-06
8314.3,14:55:20,4.010e-06
8315.5,14:55:21,4.000e-06
8316.7,14:55:22,4.000e-06
8317.8,14:55:23,4.000e-06
8319.0,14:55:24,4.000e-06
8320.2,14:55:26,4.000e-06
8321.4,14:55:27,4.000e-06
8322.5,14:55:28,4.000e-06
8323.7,14:55:29,4.000e-06
8324.9,14:55:30,4.000e-06
8326.0,14:55:31,4.000e-06
8327.2,14:55:33,4.000e-06
8328.4,14:55:34,4.000e-06
8329.5,14:55:35,4.000e-06
8330.7,14:55:36,4.000e-06
8331.9,14:55:37,4.000e-06
8333.0,14:55:38,4.000e-06
8334.2,14:55:40,4.000e-06
8335.4,14:55:41,4.000e-06
8336.5,14:55:42,4.000e-06
8337.7,14:55:43,4.000e-06
8338.9,14:55:44,4.000e-06
8340.0,14:55:45,4.000e-06
8341.2,14:55:47,4.000e-06
8342.4,14:55:48,4.000e-06
8343.5,14:55:49,4.000e-06
8344.7,14:55:50,4.000e-06
8345.9,14:55:51,4.000e-06
8347.0,14:55:52,4.000e-06
8348.2,14:55:54,4.000e-06
8349.3,14:55:55,4.000e-06
8350.5,14:55:56,3.990e-06
8351.7,14:55:57,3.990e-06
8352.9,14:55:58,4.000e-06
8354.0,14:55:59,3.990e-06
8355.2,14:56:01,3.990e-06
8356.4,14:56:02,3.990e-06
8357.5,14:56:03,3.990e-06
8358.7,14:56:04,3.990e-06
8359.8,14:56:05,3.990e-06
8361.0,14:56:06,3.990e-06
8362.2,14:56:08,3.990e-06
8363.3,14:56:09,3.990e-06
8364.5,14:56:10,3.990e-06
8365.7,14:56:11,3.990e-06
8366.8,14:56:12,3.990e-06
8368.0,14:56:13,3.990e-06
8369.2,14:56:15,3.990e-06
8370.3,14:56:16,3.990e-06
8371.5,14:56:17,3.990e-06
8372.7,14:56:18,3.990e-06
8373.9,14:56:19,3.990e-06
8375.0,14:56:20,3.990e-06
8376.2,14:56:22,3.990e-06
8377.4,14:56:23,3.990e-06
8378.5,14:56:24,3.990e-06
8379.7,14:56:25,3.990e-06
8380.8,14:56:26,4.000e-06
8382.0,14:56:27,3.990e-06
8383.2,14:56:29,4.000e-06
8384.3,14:56:30,4.000e-06
8385.5,14:56:31,4.000e-06
8386.7,14:56:32,4.000e-06
8387.8,14:56:33,4.000e-06
8389.0,14:56:34,4.000e-06
8390.2,14:56:36,4.000e-06
8391.3,14:56:37,4.000e-06
8392.5,14:56:38,4.000e-06
8393.7,14:56:39,4.000e-06
8394.8,14:56:40,4.000e-06
8396.0,14:56:41,4.010e-06
8397.1,14:56:43,4.010e-06
8398.3,14:56:44,4.010e-06
8399.5,14:56:45,4.010e-06
8400.7,14:56:46,4.010e-06
8401.9,14:56:47,4.010e-06
8403.0,14:56:48,4.010e-06
8404.2,14:56:50,4.010e-06
8405.4,14:56:51,4.010e-06
8406.5,14:56:52,4.000e-06
8407.7,14:56:53,4.000e-06
8408.9,14:56:54,4.000e-06
8410.0,14:56:55,4.000e-06
8411.2,14:56:57,4.000e-06
8412.4,14:56:58,4.000e-06
8413.5,14:56:59,4.000e-06
8414.7,14:57:00,4.000e-06
8415.9,14:57:01,4.000e-06
8417.0,14:57:02,4.000e-06
8418.2,14:57:04,4.000e-06
8419.4,14:57:05,4.000e-06
8420.5,14:57:06,4.000e-06
8421.7,14:57:07,4.010e-06
8422.9,14:57:08,4.010e-06
8424.0,14:57:09,4.010e-06
8425.2,14:57:11,4.010e-06
8426.4,14:57:12,4.010e-06
8427.5,14:57:13,4.010e-06
8428.7,14:57:14,4.010e-06
8429.9,14:57:15,4.010e-06
8431.0,14:57:16,4.010e-06
8432.2,14:57:18,4.010e-06
8433.4,14:57:19,4.010e-06
8434.5,14:57:20,4.010e-06
8435.7,14:57:21,4.010e-06
8436.8,14:57:22,4.010e-06
8438.0,14:57:23,4.010e-06
8439.2,14:57:25,4.010e-06
8440.3,14:57:26,4.010e-06
8441.5,14:57:27,4.010e-06
8442.7,14:57:28,4.010e-06
8443.8,14:57:29,4.010e-06
8445.0,14:57:30,4.010e-06
8446.2,14:57:32,4.010e-06
8447.3,14:57:33,4.010e-06
8448.5,14:57:34,4.010e-06
8449.6,14:57:35,4.010e-06
8450.8,14:57:36,4.010e-06
8452.0,14:57:37,4.010e-06
8453.2,14:57:39,4.010e-06
8454.3,14:57:40,4.010e-06
8455.5,14:57:41,4.010e-06
8456.7,14:57:42,4.010e-06
8457.8,14:57:43,4.010e-06
8459.0,14:57:44,4.010e-06
8460.2,14:57:46,4.010e-06
8461.3,14:57:47,4.010e-06
8462.5,14:57:48,4.010e-06
8463.6,14:57:49,4.010e-06
8464.8,14:57:50,4.010e-06
8466.0,14:57:51,4.010e-06
8467.1,14:57:53,4.010e-06
8468.3,14:57:54,4.010e-06
8469.5,14:57:55,4.020e-06
8470.6,14:57:56,4.010e-06
8471.8,14:57:57,4.020e-06
8473.0,14:57:58,4.020e-06
8474.1,14:58:00,4.020e-06
8475.3,14:58:01,4.020e-06
8476.5,14:58:02,4.020e-06
8477.6,14:58:03,4.020e-06
8478.8,14:58:04,4.020e-06
8480.0,14:58:05,4.010e-06
8481.2,14:58:07,4.010e-06
8482.3,14:58:08,4.020e-06
8483.5,14:58:09,4.010e-06
8484.7,14:58:10,4.020e-06
8485.8,14:58:11,4.010e-06
8487.0,14:58:12,4.020e-06
8488.2,14:58:14,4.020e-06
8489.3,14:58:15,4.020e-06
8490.5,14:58:16,4.010e-06
8491.7,14:58:17,4.020e-06
8492.8,14:58:18,4.020e-06
8494.0,14:58:19,4.020e-06
8495.2,14:58:21,4.020e-06
8496.3,14:58:22,4.020e-06
8497.5,14:58:23,4.020e-06
8498.6,14:58:24,4.020e-06
8499.8,14:58:25,4.020e-06
8501.0,14:58:26,4.020e-06
8502.2,14:58:28,4.020e-06
8503.3,14:58:29,4.020e-06
8504.5,14:58:30,4.020e-06
8505.6,14:58:31,4.020e-06
8506.8,14:58:32,4.020e-06
8508.0,14:58:33,4.020e-06
8509.1,14:58:35,4.010e-06
8510.3,14:58:36,4.010e-06
8511.5,14:58:37,4.010e-06
8512.6,14:58:38,4.010e-06
8513.8,14:58:39,4.010e-06
8515.0,14:58:40,4.010e-06
8516.1,14:58:42,4.010e-06
8517.3,14:58:43,4.010e-06
8518.5,14:58:44,4.010e-06
8519.6,14:58:45,4.010e-06
8520.8,14:58:46,4.010e-06
8522.0,14:58:47,4.010e-06
8523.1,14:58:49,4.010e-06
8524.3,14:58:50,4.010e-06
8525.5,14:58:51,4.010e-06
8526.6,14:58:52,4.010e-06
8527.8,14:58:53,4.010e-06
8529.0,14:58:54,4.010e-06
8530.1,14:58:56,4.010e-06
8531.3,14:58:57,4.010e-06
8532.4,14:58:58,4.010e-06
8533.6,14:58:59,4.010e-06
8534.8,14:59:00,4.010e-06
8535.9,14:59:01,4.010e-06
8537.1,14:59:03,4.010e-06
8538.3,14:59:04,4.010e-06
8539.4,14:59:05,4.010e-06
8540.6,14:59:06,4.010e-06
8541.8,14:59:07,4.000e-06
8542.9,14:59:08,4.010e-06
8544.1,14:59:10,4.010e-06
8545.3,14:59:11,4.010e-06
8546.4,14:59:12,4.010e-06
8547.6,14:59:13,4.010e-06
8548.8,14:59:14,4.010e-06
8549.9,14:59:15,4.010e-06
8551.1,14:59:17,4.010e-06
8552.3,14:59:18,4.010e-06
8553.4,14:59:19,4.010e-06
8554.6,14:59:20,4.010e-06
8555.8,14:59:21,4.010e-06
8556.9,14:59:22,4.010e-06
8558.1,14:59:24,4.010e-06
8559.3,14:59:25,4.000e-06
8560.4,14:59:26,4.010e-06
8561.6,14:59:27,4.010e-06
8562.8,14:59:28,4.000e-06
8563.9,14:59:29,4.000e-06
8565.1,14:59:31,4.000e-06
8566.3,14:59:32,4.000e-06
8567.4,14:59:33,4.000e-06
8568.6,14:59:34,4.000e-06
8569.8,14:59:35,4.000e-06
8570.9,14:59:36,4.000e-06
8572.1,14:59:38,4.000e-06
8573.3,14:59:39,4.000e-06
8574.4,14:59:40,4.000e-06
8575.6,14:59:41,4.000e-06
8576.7,14:59:42,4.000e-06
8577.9,14:59:43,4.000e-06
8579.0,14:59:44,4.000e-06
8580.2,14:59:46,4.000e-06
8581.4,14:59:47,4.000e-06
8582.5,14:59:48,4.000e-06
8583.7,14:59:49,4.000e-06
8584.8,14:59:50,4.000e-06
8586.0,14:59:51,4.000e-06
8587.1,14:59:53,4.000e-06
8588.3,14:59:54,4.000e-06
8589.5,14:59:55,4.000e-06
8590.6,14:59:56,4.000e-06
8591.8,14:59:57,4.000e-06
8593.0,14:59:58,3.990e-06
8594.1,15:00:00,4.000e-06
8595.3,15:00:01,4.000e-06
8596.5,15:00:02,4.000e-06
8597.6,15:00:03,4.000e-06
8598.8,15:00:04,4.000e-06
8599.9,15:00:05,4.000e-06
8601.1,15:00:07,4.000e-06
8602.3,15:00:08,4.000e-06
8603.4,15:00:09,4.000e-06
8604.6,15:00:10,4.000e-06
8605.7,15:00:11,4.000e-06
8606.9,15:00:12,4.000e-06
8608.0,15:00:13,4.000e-06
8609.2,15:00:15,4.000e-06
8610.4,15:00:16,4.000e-06
8611.5,15:00:17,4.000e-06
8612.7,15:00:18,4.000e-06
8613.8,15:00:19,4.000e-06
8615.0,15:00:20,3.990e-06
8616.1,15:00:22,3.990e-06
8617.3,15:00:23,3.990e-06
8618.4,15:00:24,3.990e-06
8619.6,15:00:25,3.990e-06
8620.8,15:00:26,3.990e-06
8621.9,15:00:27,3.990e-06
8623.1,15:00:29,3.990e-06
8624.2,15:00:30,3.990e-06
8625.4,15:00:31,3.990e-06
8626.6,15:00:32,3.990e-06
8627.7,15:00:33,3.990e-06
8628.9,15:00:34,3.990e-06
8630.0,15:00:35,3.990e-06
8631.2,15:00:37,3.990e-06
8632.3,15:00:38,3.990e-06
8633.5,15:00:39,3.990e-06
8634.7,15:00:40,3.990e-06
8635.8,15:00:41,3.990e-06
8637.0,15:00:42,3.990e-06
8638.1,15:00:44,3.990e-06
8639.3,15:00:45,3.990e-06
8640.4,15:00:46,3.990e-06
8641.6,15:00:47,3.990e-06
8642.8,15:00:48,3.990e-06
8643.9,15:00:49,3.990e-06
8645.1,15:00:51,3.990e-06
8646.3,15:00:52,3.990e-06
8647.4,15:00:53,3.990e-06
8648.6,15:00:54,3.990e-06
8649.7,15:00:55,3.990e-06
8650.9,15:00:56,3.990e-06
8652.0,15:00:57,3.990e-06
8653.2,15:00:59,3.990e-06
8654.3,15:01:00,3.990e-06
8655.5,15:01:01,3.990e-06
8656.7,15:01:02,3.990e-06
8657.8,15:01:03,3.990e-06
8659.0,15:01:04,3.990e-06
8660.2,15:01:06,3.990e-06
8661.3,15:01:07,3.990e-06
8662.5,15:01:08,3.990e-06
8663.6,15:01:09,3.990e-06
8664.8,15:01:10,3.990e-06
8665.9,15:01:11,3.990e-06
8667.1,15:01:13,3.990e-06
8668.3,15:01:14,3.990e-06
8669.4,15:01:15,3.990e-06
8670.6,15:01:16,3.990e-06
8671.7,15:01:17,3.990e-06
8672.9,15:01:18,3.990e-06
8674.0,15:01:19,3.990e-06
8675.2,15:01:21,3.990e-06
8676.4,15:01:22,3.990e-06
8677.5,15:01:23,3.990e-06
8678.7,15:01:24,3.990e-06
8679.8,15:01:25,3.990e-06
8681.0,15:01:26,3.990e-06
8682.2,15:01:28,3.990e-06
8683.3,15:01:29,3.990e-06
8684.5,15:01:30,3.990e-06
8685.6,15:01:31,3.990e-06
8686.8,15:01:32,3.990e-06
8687.9,15:01:33,3.990e-06
8689.1,15:01:35,3.990e-06
8690.3,15:01:36,3.990e-06
8691.4,15:01:37,3.990e-06
8692.6,15:01:38,3.990e-06
8693.8,15:01:39,3.990e-06
8694.9,15:01:40,3.990e-06
8696.1,15:01:42,3.990e-06
8697.2,15:01:43,3.990e-06
8698.4,15:01:44,3.990e-06
8699.5,15:01:45,3.990e-06
8700.7,15:01:46,3.990e-06
8701.9,15:01:47,3.990e-06
8703.0,15:01:48,3.990e-06
8704.2,15:01:50,3.990e-06
8705.3,15:01:51,3.990e-06
8706.5,15:01:52,3.990e-06
8707.6,15:01:53,3.990e-06
8708.8,15:01:54,3.990e-06
8710.0,15:01:55,3.990e-06
8711.1,15:01:57,3.990e-06
8712.3,15:01:58,3.990e-06
8713.4,15:01:59,3.990e-06
8714.6,15:02:00,3.990e-06
8715.7,15:02:01,3.990e-06
8716.9,15:02:02,3.990e-06
8718.1,15:02:03,3.990e-06
8719.2,15:02:05,3.990e-06
8720.4,15:02:06,3.990e-06
8721.5,15:02:07,3.990e-06
8722.7,15:02:08,3.990e-06
8723.9,15:02:09,3.990e-06
8725.0,15:02:10,3.990e-06
8726.2,15:02:12,3.990e-06
8727.4,15:02:13,3.990e-06
8728.5,15:02:14,3.990e-06
8729.7,15:02:15,3.990e-06
8730.8,15:02:16,3.990e-06
8732.0,15:02:17,3.990e-06
8733.1,15:02:19,3.990e-06
8734.3,15:02:20,3.990e-06
8735.4,15:02:21,3.990e-06
8736.6,15:02:22,3.990e-06
8737.8,15:02:23,3.990e-06
8738.9,15:02:24,3.990e-06
8740.1,15:02:26,3.990e-06
8741.2,15:02:27,3.990e-06
8742.4,15:02:28,3.990e-06
8743.5,15:02:29,3.990e-06
8744.7,15:02:30,3.990e-06
8745.9,15:02:31,3.990e-06
8747.0,15:02:32,3.990e-06
8748.2,15:02:34,3.990e-06
8749.3,15:02:35,3.990e-06
8750.5,15:02:36,4.000e-06
8751.6,15:02:37,4.000e-06
8752.8,15:02:38,4.000e-06
8753.9,15:02:39,4.000e-06
8755.1,15:02:41,4.000e-06
8756.3,15:02:42,4.000e-06
8757.4,15:02:43,4.000e-06
8758.6,15:02:44,4.000e-06
8759.7,15:02:45,4.000e-06
8760.9,15:02:46,4.000e-06
8762.0,15:02:47,4.000e-06
8763.2,15:02:49,4.000e-06
8764.3,15:02:50,4.000e-06
8765.5,15:02:51,4.000e-06
8766.7,15:02:52,4.000e-06
8767.8,15:02:53,4.000e-06
8769.0,15:02:54,4.000e-06
8770.1,15:02:56,4.000e-06
8771.3,15:02:57,4.000e-06
8772.4,15:02:58,4.000e-06
8773.6,15:02:59,4.000e-06
8774.8,15:03:00,4.000e-06
8775.9,15:03:01,4.000e-06
8777.1,15:03:03,4.000e-06
8778.2,15:03:04,4.000e-06
8779.4,15:03:05,4.000e-06
8780.6,15:03:06,4.000e-06
8781.7,15:03:07,4.000e-06
8782.9,15:03:08,4.000e-06
8784.0,15:03:09,4.000e-06
8785.2,15:03:11,4.000e-06
8786.4,15:03:12,4.000e-06
8787.5,15:03:13,4.000e-06
8788.7,15:03:14,4.000e-06
8789.8,15:03:15,4.000e-06
8791.0,15:03:16,4.000e-06
8792.2,15:03:18,4.000e-06
8793.3,15:03:19,4.000e-06
8794.5,15:03:20,4.000e-06
8795.7,15:03:21,4.000e-06
8796.8,15:03:22,4.000e-06
8798.0,15:03:23,4.000e-06
8799.1,15:03:25,4.000e-06
8800.3,15:03:26,4.000e-06
8801.4,15:03:27,4.000e-06
8802.6,15:03:28,4.000e-06
8803.8,15:03:29,4.000e-06
8804.9,15:03:30,4.000e-06
8806.1,15:03:32,4.000e-06
8807.2,15:03:33,4.000e-06
8808.4,15:03:34,4.000e-06
8809.6,15:03:35,4.000e-06
8810.7,15:03:36,4.000e-06
8811.9,15:03:37,4.000e-06
8813.0,15:03:38,4.000e-06
8814.2,15:03:40,4.000e-06
8815.4,15:03:41,4.000e-06
8816.5,15:03:42,4.000e-06
8817.7,15:03:43,4.000e-06
8818.8,15:03:44,4.000e-06
8820.0,15:03:45,4.000e-06
8821.2,15:03:47,4.000e-06
8822.3,15:03:48,4.000e-06
8823.5,15:03:49,4.000e-06
8824.6,15:03:50,4.000e-06
8825.8,15:03:51,4.000e-06
8827.0,15:03:52,4.000e-06
8828.1,15:03:54,4.000e-06
8829.3,15:03:55,4.000e-06
8830.4,15:03:56,4.000e-06
8831.6,15:03:57,4.000e-06
8832.8,15:03:58,4.000e-06
8833.9,15:03:59,4.000e-06
8835.1,15:04:01,4.000e-06
8836.2,15:04:02,4.000e-06
8837.4,15:04:03,4.000e-06
8838.5,15:04:04,3.990e-06
8839.7,15:04:05,3.990e-06
8840.8,15:04:06,3.990e-06
8842.0,15:04:07,3.990e-06
8843.2,15:04:09,3.990e-06
8844.3,15:04:10,3.990e-06
8845.5,15:04:11,3.990e-06
8846.7,15:04:12,3.990e-06
8847.8,15:04:13,3.990e-06
8849.0,15:04:14,3.990e-06
8850.1,15:04:16,3.990e-06
8851.3,15:04:17,3.990e-06
8852.5,15:04:18,3.990e-06
8853.6,15:04:19,3.990e-06
8854.8,15:04:20,3.990e-06
8855.9,15:04:21,3.990e-06
8857.1,15:04:23,3.990e-06
8858.2,15:04:24,3.990e-06
8859.4,15:04:25,3.990e-06
8860.5,15:04:26,3.990e-06
8861.7,15:04:27,3.990e-06
8862.9,15:04:28,3.990e-06
8864.0,15:04:29,3.990e-06
8865.2,15:04:31,3.990e-06
8866.3,15:04:32,3.990e-06
8867.5,15:04:33,3.990e-06
8868.6,15:04:34,3.990e-06
8869.8,15:04:35,3.990e-06
8871.0,15:04:36,3.990e-06
8872.2,15:04:38,3.990e-06
8873.3,15:04:39,3.990e-06
8874.5,15:04:40,3.990e-06
8875.6,15:04:41,3.990e-06
8876.8,15:04:42,3.990e-06
8877.9,15:04:43,3.990e-06
8879.1,15:04:45,3.990e-06
8880.3,15:04:46,3.990e-06
8881.4,15:04:47,3.990e-06
8882.6,15:04:48,3.990e-06
8883.7,15:04:49,3.990e-06
8884.9,15:04:50,3.990e-06
8886.0,15:04:51,3.990e-06
8887.2,15:04:53,3.990e-06
8888.4,15:04:54,3.990e-06
8889.5,15:04:55,3.990e-06
8890.7,15:04:56,3.990e-06
8891.8,15:04:57,3.990e-06
8893.0,15:04:58,3.990e-06
8894.1,15:05:00,3.990e-06
8895.3,15:05:01,3.990e-06
8896.5,15:05:02,3.990e-06
8897.6,15:05:03,3.990e-06
8898.8,15:05:04,3.990e-06
8900.0,15:05:05,3.990e-06
8901.1,15:05:07,3.990e-06
8902.3,15:05:08,3.990e-06
8903.4,15:05:09,3.990e-06
8904.6,15:05:10,3.990e-06
8905.7,15:05:11,3.990e-06
8906.9,15:05:12,3.990e-06
8908.0,15:05:13,3.990e-06
8909.2,15:05:15,3.980e-06
8910.3,15:05:16,3.990e-06
8911.5,15:05:17,3.980e-06
8912.7,15:05:18,3.980e-06
8913.8,15:05:19,3.980e-06
8915.0,15:05:20,3.980e-06
8916.1,15:05:22,3.980e-06
8917.3,15:05:23,3.980e-06
8918.5,15:05:24,3.980e-06
8919.6,15:05:25,3.980e-06
8920.8,15:05:26,3.980e-06
8922.0,15:05:27,3.980e-06
8923.1,15:05:29,3.980e-06
8924.3,15:05:30,3.980e-06
8925.5,15:05:31,3.980e-06
8926.6,15:05:32,3.980e-06
8927.8,15:05:33,3.980e-06
8928.9,15:05:34,3.980e-06
8930.1,15:05:36,3.980e-06
8931.3,15:05:37,3.980e-06
8932.4,15:05:38,3.980e-06
8933.6,15:05:39,3.980e-06
8934.7,15:05:40,3.980e-06
8935.9,15:05:41,3.980e-06
8937.1,15:05:42,3.980e-06
8938.2,15:05:44,3.980e-06
8939.4,15:05:45,3.980e-06
8940.5,15:05:46,3.980e-06
8941.7,15:05:47,3.980e-06
8942.9,15:05:48,3.980e-06
8944.0,15:05:49,3.980e-06
8945.2,15:05:51,3.980e-06
8946.3,15:05:52,3.980e-06
8947.5,15:05:53,3.980e-06
8948.6,15:05:54,3.980e-06
8949.8,15:05:55,3.980e-06
8951.0,15:05:56,3.980e-06
8952.1,15:05:58,3.980e-06
8953.3,15:05:59,3.970e-06
8954.4,15:06:00,3.970e-06
8955.6,15:06:01,3.970e-06
8956.7,15:06:02,3.970e-06
8957.9,15:06:03,3.970e-06
8959.0,15:06:04,3.970e-06
8960.2,15:06:06,3.970e-06
8961.4,15:06:07,3.970e-06
8962.6,15:06:08,3.970e-06
8963.7,15:06:09,3.970e-06
8964.9,15:06:10,3.970e-06
8966.0,15:06:11,3.970e-06
8967.2,15:06:13,3.970e-06
8968.3,15:06:14,3.970e-06
8969.5,15:06:15,3.970e-06
8970.7,15:06:16,3.970e-06
8971.8,15:06:17,3.970e-06
8973.0,15:06:18,3.970e-06
8974.2,15:06:20,3.970e-06
8975.3,15:06:21,3.970e-06
8976.5,15:06:22,3.970e-06
8977.6,15:06:23,3.970e-06
8978.8,15:06:24,3.970e-06
8979.9,15:06:25,3.970e-06
8981.1,15:06:27,3.960e-06
8982.3,15:06:28,3.970e-06
8983.4,15:06:29,3.970e-06
8984.6,15:06:30,3.970e-06
8985.7,15:06:31,3.970e-06
8986.9,15:06:32,3.970e-06
8988.1,15:06:33,3.970e-06
8989.2,15:06:35,3.970e-06
8990.4,15:06:36,3.970e-06
8991.5,15:06:37,3.970e-06
8992.7,15:06:38,3.970e-06
8993.8,15:06:39,3.970e-06
8995.0,15:06:40,3.960e-06
8996.2,15:06:42,3.970e-06
8997.3,15:06:43,3.970e-06
8998.5,15:06:44,3.970e-06
8999.6,15:06:45,3.960e-06
9000.8,15:06:46,3.960e-06
9001.9,15:06:47,3.960e-06
9003.1,15:06:49,3.960e-06
9004.3,15:06:50,3.960e-06
9005.4,15:06:51,3.960e-06
9006.6,15:06:52,3.960e-06
9007.7,15:06:53,3.960e-06
9008.9,15:06:54,3.960e-06
9010.0,15:06:55,3.960e-06
9011.2,15:06:57,3.960e-06
9012.4,15:06:58,3.960e-06
9013.5,15:06:59,3.960e-06
9014.7,15:07:00,3.960e-06
9015.8,15:07:01,3.960e-06
9017.0,15:07:02,3.960e-06
9018.2,15:07:04,3.960e-06
9019.3,15:07:05,3.960e-06
9020.5,15:07:06,3.960e-06
9021.6,15:07:07,3.960e-06
9022.8,15:07:08,3.960e-06
9024.0,15:07:09,3.960e-06
9025.1,15:07:11,3.960e-06
9026.3,15:07:12,3.960e-06
9027.4,15:07:13,3.960e-06
9028.6,15:07:14,3.960e-06
9029.8,15:07:15,3.960e-06
9030.9,15:07:16,3.960e-06
9032.1,15:07:18,3.960e-06
9033.2,15:07:19,3.960e-06
9034.4,15:07:20,3.960e-06
9035.5,15:07:21,3.960e-06
9036.7,15:07:22,3.960e-06
9037.8,15:07:23,3.960e-06
9039.0,15:07:24,3.960e-06
9040.2,15:07:26,3.960e-06
9041.3,15:07:27,3.960e-06
9042.5,15:07:28,3.960e-06
9043.6,15:07:29,3.960e-06
9044.8,15:07:30,3.960e-06
9046.0,15:07:31,3.960e-06
9047.1,15:07:33,3.960e-06
9048.3,15:07:34,3.960e-06
9049.4,15:07:35,3.960e-06
9050.6,15:07:36,3.960e-06
9051.7,15:07:37,3.960e-06
9052.9,15:07:38,3.960e-06
9054.0,15:07:39,3.960e-06
9055.2,15:07:41,3.960e-06
9056.4,15:07:42,3.960e-06
9057.5,15:07:43,3.960e-06
9058.7,15:07:44,3.960e-06
9059.8,15:07:45,3.960e-06
9061.0,15:07:46,3.960e-06
9062.1,15:07:48,3.960e-06
9063.3,15:07:49,3.960e-06
9064.4,15:07:50,3.960e-06
9065.6,15:07:51,3.960e-06
9066.8,15:07:52,3.950e-06
9067.9,15:07:53,3.950e-06
9069.1,15:07:55,3.950e-06
9070.2,15:07:56,3.950e-06
9071.4,15:07:57,3.950e-06
9072.6,15:07:58,3.940e-06
9073.7,15:07:59,3.950e-06
9074.9,15:08:00,3.940e-06
9076.1,15:08:01,3.940e-06
9077.2,15:08:03,3.950e-06
9078.4,15:08:04,3.940e-06
9079.5,15:08:05,3.950e-06
9080.7,15:08:06,3.940e-06
9081.8,15:08:07,3.950e-06
9083.0,15:08:08,3.940e-06
9084.2,15:08:10,3.940e-06
9085.3,15:08:11,3.940e-06
9086.5,15:08:12,3.940e-06
9087.6,15:08:13,3.940e-06
9088.8,15:08:14,3.940e-06
9089.9,15:08:15,3.940e-06
9091.1,15:08:17,3.940e-06
9092.3,15:08:18,3.940e-06
9093.4,15:08:19,3.940e-06
9094.6,15:08:20,3.940e-06
9095.7,15:08:21,3.940e-06
9096.9,15:08:22,3.940e-06
9098.1,15:08:24,3.940e-06
9099.2,15:08:25,3.940e-06
9100.4,15:08:26,3.940e-06
9101.5,15:08:27,3.940e-06
9102.7,15:08:28,3.940e-06
9103.9,15:08:29,3.940e-06
9105.0,15:08:30,3.940e-06
9106.2,15:08:32,3.940e-06
9107.3,15:08:33,3.940e-06
9108.5,15:08:34,3.940e-06
9109.6,15:08:35,3.940e-06
9110.8,15:08:36,3.940e-06
9111.9,15:08:37,3.940e-06
9113.1,15:08:39,3.940e-06
9114.3,15:08:40,3.940e-06
9115.4,15:08:41,3.940e-06
9116.6,15:08:42,3.940e-06
9117.7,15:08:43,3.940e-06
9118.9,15:08:44,3.940e-06
9120.1,15:08:45,3.940e-06
9121.2,15:08:47,3.940e-06
9122.4,15:08:48,3.940e-06
9123.5,15:08:49,3.940e-06
9124.7,15:08:50,3.940e-06
9125.8,15:08:51,3.940e-06
9127.0,15:08:52,3.940e-06
9128.2,15:08:54,3.940e-06
9129.3,15:08:55,3.940e-06
9130.5,15:08:56,3.940e-06
9131.7,15:08:57,3.940e-06
9132.8,15:08:58,3.940e-06
9134.0,15:08:59,3.940e-06
9135.1,15:09:01,3.940e-06
9136.3,15:09:02,3.940e-06
9137.4,15:09:03,3.940e-06
9138.6,15:09:04,3.940e-06
9139.8,15:09:05,3.940e-06
9140.9,15:09:06,3.940e-06
9142.1,15:09:08,3.940e-06
9143.2,15:09:09,3.940e-06
9144.4,15:09:10,3.940e-06
9145.6,15:09:11,3.940e-06
9146.7,15:09:12,3.940e-06
9147.9,15:09:13,3.940e-06
9149.1,15:09:14,3.940e-06
9150.2,15:09:16,3.930e-06
9151.4,15:09:17,3.930e-06
9152.6,15:09:18,3.930e-06
9153.7,15:09:19,3.930e-06
9154.9,15:09:20,3.930e-06
9156.0,15:09:21,3.930e-06
9157.2,15:09:23,3.930e-06
9158.4,15:09:24,3.930e-06
9159.5,15:09:25,3.930e-06
9160.7,15:09:26,3.930e-06
9161.8,15:09:27,3.930e-06
9163.0,15:09:28,3.930e-06
9164.2,15:09:30,3.930e-06
9165.3,15:09:31,3.930e-06
9166.5,15:09:32,3.930e-06
9167.6,15:09:33,3.930e-06
9168.8,15:09:34,3.930e-06
9170.0,15:09:35,3.930e-06
9171.1,15:09:37,3.930e-06
9172.3,15:09:38,3.930e-06
9173.4,15:09:39,3.930e-06
9174.6,15:09:40,3.930e-06
9175.7,15:09:41,3.930e-06
9176.9,15:09:42,3.930e-06
9178.0,15:09:43,3.930e-06
9179.2,15:09:45,3.920e-06
9180.4,15:09:46,3.930e-06
9181.5,15:09:47,3.930e-06
9182.7,15:09:48,3.930e-06
9183.9,15:09:49,3.930e-06
9185.0,15:09:50,3.920e-06
9186.2,15:09:52,3.920e-06
9187.3,15:09:53,3.920e-06
9188.5,15:09:54,3.910e-06
9189.7,15:09:55,3.920e-06
9190.8,15:09:56,3.920e-06
9192.0,15:09:57,3.920e-06
9193.1,15:09:59,3.920e-06
9194.3,15:10:00,3.920e-06
9195.5,15:10:01,3.920e-06
9196.6,15:10:02,3.920e-06
9197.8,15:10:03,3.910e-06
9198.9,15:10:04,3.910e-06
9200.1,15:10:06,3.910e-06
9201.3,15:10:07,3.910e-06
9202.4,15:10:08,3.910e-06
9203.6,15:10:09,3.910e-06
9204.8,15:10:10,3.910e-06
9205.9,15:10:11,3.910e-06
9207.1,15:10:13,3.910e-06
9208.2,15:10:14,3.910e-06
9209.4,15:10:15,3.910e-06
9210.6,15:10:16,3.910e-06
9211.7,15:10:17,3.910e-06
9212.9,15:10:18,3.910e-06
9214.0,15:10:19,3.910e-06
9215.2,15:10:21,3.910e-06
9216.3,15:10:22,3.910e-06
9217.5,15:10:23,3.910e-06
9218.7,15:10:24,3.910e-06
9219.8,15:10:25,3.910e-06
9221.0,15:10:26,3.910e-06
9222.1,15:10:28,3.910e-06
9223.3,15:10:29,3.910e-06
9224.4,15:10:30,3.910e-06
9225.6,15:10:31,3.910e-06
9226.8,15:10:32,3.900e-06
9227.9,15:10:33,3.910e-06
9229.1,15:10:35,3.910e-06
9230.2,15:10:36,3.910e-06
9231.4,15:10:37,3.910e-06
9232.6,15:10:38,3.910e-06
9233.7,15:10:39,3.910e-06
9234.9,15:10:40,3.910e-06
9236.0,15:10:41,3.910e-06
9237.2,15:10:43,3.900e-06
9238.4,15:10:44,3.910e-06
9239.5,15:10:45,3.900e-06
9240.7,15:10:46,3.900e-06
9241.8,15:10:47,3.910e-06
9243.0,15:10:48,3.910e-06
9244.2,15:10:50,3.910e-06
9245.3,15:10:51,3.900e-06
9246.5,15:10:52,3.900e-06
9247.7,15:10:53,3.900e-06
9248.8,15:10:54,3.900e-06
9250.0,15:10:55,3.900e-06
9251.1,15:10:57,3.900e-06
9252.3,15:10:58,3.900e-06
9253.4,15:10:59,3.900e-06
9254.6,15:11:00,3.900e-06
9255.7,15:11:01,3.900e-06
9256.9,15:11:02,3.900e-06
9258.0,15:11:03,3.900e-06
9259.2,15:11:05,3.900e-06
9260.4,15:11:06,3.900e-06
9261.5,15:11:07,3.900e-06
9262.7,15:11:08,3.900e-06
9263.8,15:11:09,3.900e-06
9265.0,15:11:10,3.900e-06
9266.2,15:11:12,3.900e-06
9267.3,15:11:13,3.900e-06
9268.5,15:11:14,3.900e-06
9269.7,15:11:15,3.900e-06
9270.8,15:11:16,3.900e-06
9272.0,15:11:17,3.900e-06
9273.1,15:11:19,3.900e-06
9274.3,15:11:20,3.900e-06
9275.5,15:11:21,3.900e-06
9276.6,15:11:22,3.900e-06
9277.8,15:11:23,3.900e-06
9278.9,15:11:24,3.900e-06
9280.1,15:11:26,3.900e-06
9281.2,15:11:27,3.900e-06
9282.4,15:11:28,3.900e-06
9283.5,15:11:29,3.900e-06
9284.7,15:11:30,3.900e-06
9285.9,15:11:31,3.900e-06
9287.0,15:11:32,3.900e-06
9288.2,15:11:34,3.900e-06
9289.3,15:11:35,3.900e-06
9290.5,15:11:36,3.910e-06
9291.7,15:11:37,3.910e-06
9292.8,15:11:38,3.910e-06
9294.0,15:11:39,3.910e-06
9295.2,15:11:41,3.910e-06
9296.3,15:11:42,3.910e-06
9297.5,15:11:43,3.910e-06
9298.6,15:11:44,3.910e-06
9299.8,15:11:45,3.910e-06
9301.0,15:11:46,3.910e-06
9302.1,15:11:48,3.900e-06
9303.3,15:11:49,3.900e-06
9304.4,15:11:50,3.900e-06
9305.6,15:11:51,3.900e-06
9306.8,15:11:52,3.900e-06
9307.9,15:11:53,3.900e-06
9309.1,15:11:55,3.900e-06
9310.2,15:11:56,3.910e-06
9311.4,15:11:57,3.910e-06
9312.5,15:11:58,3.910e-06
9313.7,15:11:59,3.910e-06
9314.9,15:12:00,3.910e-06
9316.0,15:12:01,3.910e-06
9317.2,15:12:03,3.910e-06
9318.3,15:12:04,3.910e-06
9319.5,15:12:05,3.910e-06
9320.6,15:12:06,3.910e-06
9321.8,15:12:07,3.910e-06
9323.0,15:12:08,3.910e-06
9324.1,15:12:10,3.910e-06
9325.3,15:12:11,3.910e-06
9326.5,15:12:12,3.910e-06
9327.6,15:12:13,3.910e-06
9328.8,15:12:14,3.910e-06
9329.9,15:12:15,3.910e-06
9331.1,15:12:17,3.910e-06
9332.3,15:12:18,3.910e-06
9333.4,15:12:19,3.920e-06
9334.6,15:12:20,3.910e-06
9335.7,15:12:21,3.920e-06
9336.9,15:12:22,3.910e-06
9338.0,15:12:23,3.920e-06
9339.2,15:12:25,3.920e-06
9340.4,15:12:26,3.920e-06
9341.5,15:12:27,3.920e-06
9342.7,15:12:28,3.920e-06
9343.8,15:12:29,3.920e-06
9345.0,15:12:30,3.920e-06
9346.1,15:12:32,3.920e-06
9347.3,15:12:33,3.920e-06
9348.5,15:12:34,3.920e-06
9349.6,15:12:35,3.920e-06
9350.8,15:12:36,3.920e-06
9352.0,15:12:37,3.920e-06
9353.1,15:12:39,3.920e-06
9354.3,15:12:40,3.920e-06
9355.4,15:12:41,3.920e-06
9356.6,15:12:42,3.920e-06
9357.8,15:12:43,3.920e-06
9358.9,15:12:44,3.920e-06
9360.1,15:12:46,3.920e-06
9361.2,15:12:47,3.920e-06
9362.4,15:12:48,3.920e-06
9363.6,15:12:49,3.920e-06
9364.7,15:12:50,3.920e-06
9365.9,15:12:51,3.920e-06
9367.1,15:12:53,3.920e-06
9368.2,15:12:54,3.920e-06
9369.4,15:12:55,3.920e-06
9370.5,15:12:56,3.920e-06
9371.7,15:12:57,3.920e-06
9372.9,15:12:58,3.920e-06
9374.0,15:12:59,3.920e-06
9375.2,15:13:01,3.920e-06
9376.4,15:13:02,3.920e-06
9377.5,15:13:03,3.920e-06
9378.7,15:13:04,3.920e-06
9379.8,15:13:05,3.920e-06
9381.0,15:13:06,3.920e-06
9382.1,15:13:08,3.920e-06
9383.3,15:13:09,3.920e-06
9384.5,15:13:10,3.920e-06
9385.6,15:13:11,3.920e-06
9386.8,15:13:12,3.920e-06
9387.9,15:13:13,3.920e-06
9389.1,15:13:15,3.920e-06
9390.3,15:13:16,3.920e-06
9391.4,15:13:17,3.920e-06
9392.6,15:13:18,3.920e-06
9393.8,15:13:19,3.920e-06
9394.9,15:13:20,3.920e-06
9396.1,15:13:22,3.920e-06
9397.2,15:13:23,3.920e-06
9398.4,15:13:24,3.920e-06
9399.5,15:13:25,3.920e-06
9400.7,15:13:26,3.920e-06
9401.9,15:13:27,3.920e-06
9403.0,15:13:28,3.920e-06
9404.2,15:13:30,3.920e-06
9405.3,15:13:31,3.920e-06
9406.5,15:13:32,3.920e-06
9407.7,15:13:33,3.920e-06
9408.8,15:13:34,3.910e-06
9410.0,15:13:35,3.920e-06
9411.2,15:13:37,3.920e-06
9412.3,15:13:38,3.920e-06
9413.5,15:13:39,3.920e-06
9414.6,15:13:40,3.920e-06
9415.8,15:13:41,3.920e-06
9416.9,15:13:42,3.920e-06
9418.1,15:13:44,3.920e-06
9419.3,15:13:45,3.920e-06
9420.4,15:13:46,3.920e-06
9421.6,15:13:47,3.920e-06
9422.8,15:13:48,3.920e-06
9423.9,15:13:49,3.920e-06
9425.1,15:13:51,3.910e-06
9426.3,15:13:52,3.910e-06
9427.4,15:13:53,3.900e-06
9428.6,15:13:54,3.900e-06
9429.7,15:13:55,3.900e-06
9430.9,15:13:56,3.900e-06
9432.1,15:13:57,3.900e-06
9433.2,15:13:59,3.900e-06
9434.4,15:14:00,3.900e-06
9435.5,15:14:01,3.900e-06
9436.7,15:14:02,3.900e-06
9437.8,15:14:03,3.900e-06
9439.0,15:14:04,3.900e-06
9440.2,15:14:06,3.900e-06
9441.3,15:14:07,3.900e-06
9442.5,15:14:08,3.900e-06
9443.6,15:14:09,3.900e-06
9444.8,15:14:10,3.900e-06
9446.0,15:14:11,3.900e-06
9447.1,15:14:13,3.900e-06
9448.3,15:14:14,3.900e-06
9449.4,15:14:15,3.900e-06
9450.6,15:14:16,3.890e-06
9451.8,15:14:17,3.890e-06
9452.9,15:14:18,3.900e-06
9454.1,15:14:20,3.900e-06
9455.3,15:14:21,3.900e-06
9456.4,15:14:22,3.890e-06
9457.6,15:14:23,3.890e-06
9458.7,15:14:24,3.890e-06
9459.9,15:14:25,3.890e-06
9461.0,15:14:26,3.890e-06
9462.2,15:14:28,3.890e-06
9463.4,15:14:29,3.890e-06
9464.6,15:14:30,3.890e-06
9465.7,15:14:31,3.890e-06
9466.9,15:14:32,3.890e-06
9468.0,15:14:33,3.890e-06
9469.2,15:14:35,3.890e-06
9470.3,15:14:36,3.890e-06
9471.5,15:14:37,3.890e-06
9472.6,15:14:38,3.890e-06
9473.8,15:14:39,3.890e-06
9475.0,15:14:40,3.890e-06
9476.1,15:14:42,3.890e-06
9477.3,15:14:43,3.890e-06
9478.4,15:14:44,3.890e-06
9479.6,15:14:45,3.890e-06
9480.8,15:14:46,3.890e-06
9481.9,15:14:47,3.890e-06
9483.1,15:14:48,3.890e-06
9484.2,15:14:50,3.890e-06
9485.4,15:14:51,3.890e-06
9486.5,15:14:52,3.890e-06
9487.7,15:14:53,3.890e-06
9488.9,15:14:54,3.890e-06
9490.0,15:14:55,3.890e-06
9491.2,15:14:57,3.890e-06
9492.3,15:14:58,3.890e-06
9493.5,15:14:59,3.890e-06
9494.6,15:15:00,3.890e-06
9495.8,15:15:01,3.890e-06
9497.0,15:15:02,3.890e-06
9498.1,15:15:04,3.890e-06
9499.3,15:15:05,3.890e-06
9500.4,15:15:06,3.900e-06
9501.6,15:15:07,3.900e-06
9502.8,15:15:08,3.900e-06
9503.9,15:15:09,3.920e-06
9505.1,15:15:11,3.920e-06
9506.2,15:15:12,3.930e-06
9507.4,15:15:13,3.930e-06
9508.5,15:15:14,3.940e-06
9509.7,15:15:15,3.930e-06
9510.9,15:15:16,3.940e-06
9512.0,15:15:17,3.940e-06
9513.2,15:15:19,3.940e-06
9514.4,15:15:20,3.940e-06
9515.5,15:15:21,3.940e-06
9516.7,15:15:22,3.940e-06
9517.8,15:15:23,3.940e-06
9519.0,15:15:24,3.940e-06
9520.2,15:15:26,3.950e-06
9521.3,15:15:27,3.950e-06
9522.5,15:15:28,3.950e-06
9523.7,15:15:29,3.950e-06
9524.8,15:15:30,3.960e-06
9526.0,15:15:31,3.960e-06
9527.1,15:15:33,3.960e-06
9528.3,15:15:34,3.960e-06
9529.5,15:15:35,3.960e-06
9530.6,15:15:36,3.960e-06
9531.8,15:15:37,3.960e-06
9532.9,15:15:38,3.970e-06
9534.1,15:15:40,3.970e-06
9535.3,15:15:41,3.970e-06
9536.4,15:15:42,3.980e-06
9537.6,15:15:43,3.980e-06
9538.7,15:15:44,3.980e-06
9539.9,15:15:45,3.980e-06
9541.1,15:15:46,3.980e-06
9542.2,15:15:48,3.990e-06
9543.4,15:15:49,3.990e-06
9544.6,15:15:50,3.990e-06
9545.7,15:15:51,3.990e-06
9546.9,15:15:52,3.990e-06
9548.0,15:15:53,3.990e-06
9549.2,15:15:55,3.990e-06
9550.4,15:15:56,3.990e-06
9551.5,15:15:57,3.990e-06
9552.7,15:15:58,3.990e-06
9553.8,15:15:59,3.990e-06
9555.0,15:16:00,3.990e-06
9556.2,15:16:02,3.990e-06
9557.3,15:16:03,3.990e-06
9558.5,15:16:04,3.990e-06
9559.6,15:16:05,3.990e-06
9560.8,15:16:06,3.990e-06
9561.9,15:16:07,4.000e-06
9563.1,15:16:09,4.000e-06
9564.3,15:16:10,4.000e-06
9565.4,15:16:11,4.000e-06
9566.6,15:16:12,4.000e-06
9567.8,15:16:13,4.000e-06
9568.9,15:16:14,4.000e-06
9570.1,15:16:16,4.000e-06
9571.3,15:16:17,4.010e-06
9572.4,15:16:18,4.010e-06
9573.6,15:16:19,4.010e-06
9574.7,15:16:20,4.010e-06
9575.9,15:16:21,4.010e-06
9577.1,15:16:23,4.010e-06
9578.2,15:16:24,4.010e-06
9579.4,15:16:25,4.010e-06
9580.5,15:16:26,4.010e-06
9581.7,15:16:27,4.010e-06
9582.9,15:16:28,4.010e-06
9584.0,15:16:29,4.020e-06
9585.2,15:16:31,4.020e-06
9586.4,15:16:32,4.020e-06
9587.6,15:16:33,4.020e-06
9588.7,15:16:34,4.020e-06
9589.9,15:16:35,4.020e-06
9591.1,15:16:37,4.020e-06
9592.2,15:16:38,4.020e-06
9593.4,15:16:39,4.020e-06
9594.5,15:16:40,4.030e-06
9595.7,15:16:41,4.030e-06
9596.9,15:16:42,4.030e-06
9598.0,15:16:43,4.030e-06
9599.2,15:16:45,4.030e-06
9600.3,15:16:46,4.030e-06
9601.5,15:16:47,4.030e-06
9602.7,15:16:48,4.030e-06
9603.8,15:16:49,4.030e-06
9605.0,15:16:50,4.030e-06
9606.2,15:16:52,4.030e-06
9607.3,15:16:53,4.030e-06
9608.5,15:16:54,4.040e-06
9609.6,15:16:55,4.040e-06
9610.8,15:16:56,4.040e-06
9612.0,15:16:57,4.040e-06
9613.1,15:16:59,4.040e-06
9614.3,15:17:00,4.040e-06
9615.4,15:17:01,4.040e-06
9616.6,15:17:02,4.040e-06
9617.7,15:17:03,4.040e-06
9618.9,15:17:04,4.050e-06
9620.1,15:17:06,4.050e-06
9621.2,15:17:07,4.050e-06
9622.4,15:17:08,4.050e-06
9623.5,15:17:09,4.050e-06
9624.7,15:17:10,4.050e-06
9625.9,15:17:11,4.050e-06
9627.0,15:17:12,4.050e-06
9628.2,15:17:14,4.050e-06
9629.4,15:17:15,4.050e-06
9630.5,15:17:16,4.050e-06
9631.7,15:17:17,4.050e-06
9632.8,15:17:18,4.050e-06
9634.0,15:17:19,4.050e-06
9635.2,15:17:21,4.060e-06
9636.3,15:17:22,4.050e-06
9637.5,15:17:23,4.060e-06
9638.6,15:17:24,4.060e-06
9639.8,15:17:25,4.060e-06
9640.9,15:17:26,4.060e-06
9642.1,15:17:28,4.060e-06
9643.3,15:17:29,4.060e-06
9644.5,15:17:30,4.060e-06
9645.6,15:17:31,4.060e-06
9646.8,15:17:32,4.070e-06
9647.9,15:17:33,4.070e-06
9649.1,15:17:35,4.070e-06
9650.2,15:17:36,4.070e-06
9651.4,15:17:37,4.070e-06
9652.6,15:17:38,4.070e-06
9653.7,15:17:39,4.070e-06
9654.9,15:17:40,4.070e-06
9656.0,15:17:41,4.070e-06
9657.2,15:17:43,4.070e-06
9658.4,15:17:44,4.070e-06
9659.5,15:17:45,4.080e-06
9660.7,15:17:46,4.080e-06
9661.8,15:17:47,4.080e-06
9663.0,15:17:48,4.080e-06
9664.1,15:17:50,4.080e-06
9665.3,15:17:51,4.080e-06
9666.5,15:17:52,4.080e-06
9667.6,15:17:53,4.080e-06
9668.8,15:17:54,4.080e-06
9669.9,15:17:55,4.080e-06
9671.1,15:17:57,4.080e-06
9672.3,15:17:58,4.080e-06
9673.4,15:17:59,4.070e-06
9674.6,15:18:00,4.070e-06
9675.8,15:18:01,4.080e-06
9676.9,15:18:02,4.080e-06
9678.1,15:18:04,4.080e-06
9679.2,15:18:05,4.080e-06
9680.4,15:18:06,4.080e-06
9681.6,15:18:07,4.080e-06
9682.7,15:18:08,4.080e-06
9683.9,15:18:09,4.080e-06
9685.0,15:18:10,4.080e-06
9686.2,15:18:12,4.080e-06
9687.3,15:18:13,4.080e-06
9688.5,15:18:14,4.080e-06
9689.6,15:18:15,4.080e-06
9690.8,15:18:16,4.080e-06
9692.0,15:18:17,4.080e-06
9693.1,15:18:19,4.090e-06
9694.3,15:18:20,4.080e-06
9695.4,15:18:21,4.090e-06
9696.6,15:18:22,4.090e-06
9697.8,15:18:23,4.090e-06
9698.9,15:18:24,4.090e-06
9700.1,15:18:26,4.090e-06
9701.2,15:18:27,4.090e-06
9702.4,15:18:28,4.090e-06
9703.6,15:18:29,4.090e-06
9704.7,15:18:30,4.090e-06
9705.9,15:18:31,4.100e-06
9707.0,15:18:32,4.100e-06
9708.2,15:18:34,4.100e-06
9709.4,15:18:35,4.100e-06
9710.5,15:18:36,4.100e-06
9711.7,15:18:37,4.100e-06
9712.9,15:18:38,4.100e-06
9714.0,15:18:39,4.100e-06
9715.2,15:18:41,4.100e-06
9716.3,15:18:42,4.100e-06
9717.5,15:18:43,4.100e-06
9718.7,15:18:44,4.100e-06
9719.9,15:18:45,4.100e-06
9721.0,15:18:46,4.100e-06
9722.2,15:18:48,4.100e-06
9723.3,15:18:49,4.100e-06
9724.5,15:18:50,4.100e-06
9725.7,15:18:51,4.100e-06
9726.8,15:18:52,4.100e-06
9728.0,15:18:53,4.100e-06
9729.2,15:18:55,4.100e-06
9730.3,15:18:56,4.100e-06
9731.5,15:18:57,4.100e-06
9732.6,15:18:58,4.100e-06
9733.8,15:18:59,4.110e-06
9735.0,15:19:00,4.110e-06
9736.1,15:19:02,4.100e-06
9737.3,15:19:03,4.110e-06
9738.5,15:19:04,4.100e-06
9739.6,15:19:05,4.110e-06
9740.8,15:19:06,4.110e-06
9742.0,15:19:07,4.110e-06
9743.1,15:19:09,4.110e-06
9744.3,15:19:10,4.110e-06
9745.5,15:19:11,4.110e-06
9746.6,15:19:12,4.110e-06
9747.8,15:19:13,4.110e-06
9749.0,15:19:14,4.110e-06
9750.1,15:19:16,4.110e-06
9751.3,15:19:17,4.110e-06
9752.5,15:19:18,4.110e-06
9753.6,15:19:19,4.110e-06
9754.8,15:19:20,4.110e-06
9756.0,15:19:21,4.110e-06
9757.1,15:19:23,4.120e-06
9758.3,15:19:24,4.120e-06
9759.4,15:19:25,4.120e-06
9760.6,15:19:26,4.120e-06
9761.8,15:19:27,4.120e-06
9762.9,15:19:28,4.120e-06
9764.1,15:19:30,4.120e-06
9765.3,15:19:31,4.120e-06
9766.4,15:19:32,4.120e-06
9767.6,15:19:33,4.120e-06
9768.7,15:19:34,4.120e-06
9769.9,15:19:35,4.120e-06
9771.1,15:19:37,4.120e-06
9772.2,15:19:38,4.120e-06
9773.4,15:19:39,4.120e-06
9774.6,15:19:40,4.120e-06
9775.7,15:19:41,4.120e-06
9776.9,15:19:42,4.120e-06
9778.0,15:19:43,4.120e-06
9779.2,15:19:45,4.130e-06
9780.4,15:19:46,4.130e-06
9781.5,15:19:47,4.150e-06
9782.7,15:19:48,4.260e-06
9783.8,15:19:49,4.340e-06
9785.0,15:19:50,4.330e-06
9786.1,15:19:52,4.310e-06
9787.3,15:19:53,4.310e-06
9788.5,15:19:54,4.310e-06
9789.6,15:19:55,4.330e-06
9790.8,15:19:56,4.330e-06
9791.9,15:19:57,4.350e-06
9793.1,15:19:59,4.360e-06
9794.3,15:20:00,4.370e-06
9795.4,15:20:01,4.380e-06
9796.6,15:20:02,4.400e-06
9797.8,15:20:03,4.410e-06
9798.9,15:20:04,4.420e-06
9800.1,15:20:06,4.440e-06
9801.3,15:20:07,4.460e-06
9802.4,15:20:08,4.470e-06
9803.6,15:20:09,4.490e-06
9804.7,15:20:10,4.500e-06
9805.9,15:20:11,4.510e-06
9807.1,15:20:13,4.530e-06
9808.2,15:20:14,4.540e-06
9809.4,15:20:15,4.550e-06
9810.5,15:20:16,4.560e-06
9811.7,15:20:17,4.570e-06
9812.9,15:20:18,4.590e-06
9814.0,15:20:19,4.600e-06
9815.2,15:20:21,4.610e-06
9816.4,15:20:22,4.630e-06
9817.5,15:20:23,4.640e-06
9818.7,15:20:24,4.660e-06
9819.8,15:20:25,4.670e-06
9821.0,15:20:26,4.680e-06
9822.2,15:20:28,4.700e-06
9823.3,15:20:29,4.710e-06
9824.5,15:20:30,4.720e-06
9825.6,15:20:31,4.730e-06
9826.8,15:20:32,4.750e-06
9828.0,15:20:33,4.760e-06
9829.1,15:20:35,4.770e-06
9830.3,15:20:36,4.780e-06
9831.4,15:20:37,4.800e-06
9832.6,15:20:38,4.810e-06
9833.8,15:20:39,4.820e-06
9834.9,15:20:40,4.830e-06
9836.1,15:20:42,4.840e-06
9837.3,15:20:43,4.860e-06
9838.4,15:20:44,4.870e-06
9839.6,15:20:45,4.880e-06
9840.7,15:20:46,4.890e-06
9841.9,15:20:47,4.910e-06
9843.1,15:20:49,4.920e-06
9844.2,15:20:50,4.930e-06
9845.4,15:20:51,4.940e-06
9846.5,15:20:52,4.950e-06
9847.7,15:20:53,4.960e-06
9848.9,15:20:54,4.980e-06
9850.0,15:20:55,4.990e-06
9851.2,15:20:57,5.000e-06
9852.4,15:20:58,5.010e-06
9853.5,15:20:59,5.020e-06
9854.7,15:21:00,5.030e-06
9855.9,15:21:01,5.050e-06
9857.0,15:21:02,5.060e-06
9858.2,15:21:04,5.070e-06
9859.3,15:21:05,5.080e-06
9860.5,15:21:06,5.090e-06
9861.7,15:21:07,5.100e-06
9862.8,15:21:08,5.110e-06
9864.0,15:21:09,5.120e-06
9865.2,15:21:11,5.140e-06
9866.3,15:21:12,5.140e-06
9867.5,15:21:13,5.160e-06
9868.6,15:21:14,5.160e-06
9869.8,15:21:15,5.180e-06
9871.0,15:21:16,5.190e-06
9872.1,15:21:18,5.200e-06
9873.3,15:21:19,5.210e-06
9874.4,15:21:20,5.220e-06
9875.6,15:21:21,5.230e-06
9876.8,15:21:22,5.240e-06
9877.9,15:21:23,5.250e-06
9879.1,15:21:25,5.260e-06
9880.2,15:21:26,5.270e-06
9881.4,15:21:27,5.280e-06
9882.6,15:21:28,5.290e-06
9883.7,15:21:29,5.300e-06
9884.9,15:21:30,5.310e-06
9886.0,15:21:31,5.320e-06
9887.2,15:21:33,5.330e-06
9888.4,15:21:34,5.340e-06
9889.5,15:21:35,5.350e-06
9890.7,15:21:36,5.360e-06
9891.9,15:21:37,5.370e-06
9893.0,15:21:38,5.380e-06
9894.2,15:21:40,5.390e-06
9895.4,15:21:41,5.400e-06
9896.5,15:21:42,5.410e-06
9897.7,15:21:43,5.420e-06
9898.8,15:21:44,5.430e-06
9900.0,15:21:45,5.440e-06
9901.2,15:21:47,5.450e-06
9902.3,15:21:48,5.460e-06
9903.5,15:21:49,5.470e-06
9904.6,15:21:50,5.470e-06
9905.8,15:21:51,5.480e-06
9907.0,15:21:52,5.490e-06
9908.1,15:21:54,5.500e-06
9909.3,15:21:55,5.510e-06
9910.4,15:21:56,5.520e-06
9911.6,15:21:57,5.520e-06
9912.8,15:21:58,5.530e-06
9913.9,15:21:59,5.530e-06
9915.1,15:22:01,5.550e-06
9916.3,15:22:02,5.550e-06
9917.4,15:22:03,5.560e-06
9918.6,15:22:04,5.570e-06
9919.7,15:22:05,5.580e-06
9920.9,15:22:06,5.590e-06
9922.1,15:22:08,5.600e-06
9923.2,15:22:09,5.600e-06
9924.4,15:22:10,5.610e-06
9925.6,15:22:11,5.620e-06
9926.7,15:22:12,5.630e-06
9927.9,15:22:13,5.640e-06
9929.1,15:22:15,5.640e-06
9930.2,15:22:16,5.650e-06
9931.4,15:22:17,5.660e-06
9932.6,15:22:18,5.670e-06
9933.7,15:22:19,5.680e-06
9934.9,15:22:20,5.690e-06
9936.0,15:22:21,5.690e-06
9937.2,15:22:23,5.700e-06
9938.4,15:22:24,5.710e-06
9939.5,15:22:25,5.720e-06
9940.7,15:22:26,5.720e-06
9941.8,15:22:27,5.730e-06
9943.0,15:22:28,5.740e-06
9944.2,15:22:30,5.750e-06
9945.3,15:22:31,5.760e-06
9946.5,15:22:32,5.760e-06
9947.6,15:22:33,5.770e-06
9948.8,15:22:34,5.780e-06
9950.0,15:22:35,5.780e-06
9951.1,15:22:37,5.790e-06
9952.3,15:22:38,5.800e-06
9953.5,15:22:39,5.810e-06
9954.6,15:22:40,5.820e-06
9955.8,15:22:41,5.820e-06
9957.0,15:22:42,5.830e-06
9958.1,15:22:44,5.840e-06
9959.3,15:22:45,5.840e-06
9960.4,15:22:46,5.850e-06
9961.6,15:22:47,5.860e-06
9962.8,15:22:48,5.870e-06
9963.9,15:22:49,5.870e-06
9965.1,15:22:51,5.880e-06
9966.2,15:22:52,5.890e-06
9967.4,15:22:53,5.890e-06
9968.6,15:22:54,5.900e-06
9969.7,15:22:55,5.910e-06
9970.9,15:22:56,5.910e-06
9972.0,15:22:57,5.920e-06
9973.2,15:22:59,5.920e-06
9974.4,15:23:00,5.930e-06
9975.5,15:23:01,5.940e-06
9976.7,15:23:02,5.940e-06
9977.8,15:23:03,5.950e-06
9979.0,15:23:04,5.960e-06
9980.2,15:23:06,5.960e-06
9981.3,15:23:07,5.960e-06
9982.5,15:23:08,5.970e-06
9983.7,15:23:09,5.980e-06
9984.8,15:23:10,5.980e-06
9986.0,15:23:11,5.990e-06
9987.1,15:23:13,6.000e-06
9988.3,15:23:14,6.010e-06
9989.5,15:23:15,6.010e-06
9990.6,15:23:16,6.020e-06
9991.8,15:23:17,6.020e-06
9993.0,15:23:18,6.030e-06
9994.1,15:23:20,6.030e-06
9995.3,15:23:21,6.040e-06
9996.4,15:23:22,6.050e-06
9997.6,15:23:23,6.050e-06
9998.7,15:23:24,6.060e-06
9999.9,15:23:25,6.060e-06
10001.1,15:23:27,6.070e-06
10002.2,15:23:28,6.080e-06
10003.4,15:23:29,6.080e-06
10004.5,15:23:30,6.090e-06
10005.7,15:23:31,6.090e-06
10006.9,15:23:32,6.100e-06
10008.0,15:23:33,6.110e-06
10009.2,15:23:35,6.110e-06
10010.4,15:23:36,6.120e-06
10011.5,15:23:37,6.120e-06
10012.7,15:23:38,6.130e-06
10013.8,15:23:39,6.140e-06
10015.0,15:23:40,6.140e-06
10016.2,15:23:42,6.150e-06
10017.3,15:23:43,6.150e-06
10018.5,15:23:44,6.160e-06
10019.7,15:23:45,6.170e-06
10020.8,15:23:46,6.170e-06
10022.0,15:23:47,6.180e-06
10023.2,15:23:49,6.180e-06
10024.3,15:23:50,6.190e-06
10025.5,15:23:51,6.190e-06
10026.6,15:23:52,6.200e-06
10027.8,15:23:53,6.210e-06
10029.0,15:23:54,6.210e-06
10030.1,15:23:56,6.220e-06
10031.3,15:23:57,6.220e-06
10032.4,15:23:58,6.230e-06
10033.6,15:23:59,6.240e-06
10034.7,15:24:00,6.230e-06
10035.9,15:24:01,6.230e-06
10037.1,15:24:03,6.240e-06
10038.2,15:24:04,6.240e-06
10039.4,15:24:05,6.240e-06
10040.6,15:24:06,6.250e-06
10041.7,15:24:07,6.260e-06
10042.9,15:24:08,6.260e-06
10044.1,15:24:09,6.260e-06
10045.2,15:24:11,6.270e-06
10046.4,15:24:12,6.270e-06
10047.6,15:24:13,6.280e-06
10048.7,15:24:14,6.280e-06
10049.9,15:24:15,6.280e-06
10051.0,15:24:16,6.290e-06
10052.2,15:24:18,6.300e-06
10053.4,15:24:19,6.300e-06
10054.5,15:24:20,6.300e-06
10055.7,15:24:21,6.310e-06
10056.8,15:24:22,6.310e-06
10058.0,15:24:23,6.320e-06
10059.2,15:24:25,6.320e-06
10060.3,15:24:26,6.330e-06
10061.5,15:24:27,6.330e-06
10062.6,15:24:28,6.340e-06
10063.8,15:24:29,6.340e-06
10065.0,15:24:30,6.350e-06
10066.1,15:24:32,6.350e-06
10067.3,15:24:33,6.350e-06
10068.5,15:24:34,6.360e-06
10069.7,15:24:35,6.360e-06
10070.8,15:24:36,6.370e-06
10072.0,15:24:37,6.370e-06
10073.1,15:24:39,6.370e-06
10074.3,15:24:40,6.370e-06
10075.5,15:24:41,6.380e-06
10076.6,15:24:42,6.380e-06
10077.8,15:24:43,6.390e-06
10079.0,15:24:44,6.390e-06
10080.1,15:24:46,6.400e-06
10081.3,15:24:47,6.400e-06
10082.4,15:24:48,6.400e-06
10083.6,15:24:49,6.410e-06
10084.7,15:24:50,6.410e-06
10085.9,15:24:51,6.410e-06
10087.1,15:24:52,6.420e-06
10088.2,15:24:54,6.420e-06
10089.4,15:24:55,6.420e-06
10090.5,15:24:56,6.430e-06
10091.7,15:24:57,6.430e-06
10092.8,15:24:58,6.430e-06
10094.0,15:24:59,6.440e-06
10095.2,15:25:01,6.440e-06
10096.3,15:25:02,6.440e-06
10097.5,15:25:03,6.450e-06
10098.7,15:25:04,6.450e-06
10099.8,15:25:05,6.450e-06
10101.0,15:25:06,6.460e-06
10102.1,15:25:08,6.460e-06
10103.3,15:25:09,6.460e-06
10104.5,15:25:10,6.460e-06
10105.6,15:25:11,6.470e-06
10106.8,15:25:12,6.470e-06
10107.9,15:25:13,6.480e-06
10109.1,15:25:15,6.480e-06
10110.3,15:25:16,6.480e-06
10111.4,15:25:17,6.490e-06
10112.6,15:25:18,6.490e-06
10113.8,15:25:19,6.490e-06
10114.9,15:25:20,6.490e-06
10116.1,15:25:21,6.500e-06
10117.2,15:25:23,6.500e-06
10118.4,15:25:24,6.500e-06
10119.5,15:25:25,6.500e-06
10120.7,15:25:26,6.510e-06
10121.9,15:25:27,6.510e-06
10123.0,15:25:28,6.510e-06
10124.2,15:25:30,6.510e-06
10125.3,15:25:31,6.520e-06
10126.5,15:25:32,6.520e-06
10127.7,15:25:33,6.520e-06
10128.9,15:25:34,6.530e-06
10130.0,15:25:35,6.530e-06
10131.2,15:25:37,6.530e-06
10132.4,15:25:38,6.530e-06
10133.5,15:25:39,6.530e-06
10134.7,15:25:40,6.530e-06
10135.9,15:25:41,6.540e-06
10137.0,15:25:42,6.540e-06
10138.2,15:25:44,6.550e-06
10139.3,15:25:45,6.540e-06
10140.5,15:25:46,6.550e-06
10141.7,15:25:47,6.550e-06
10142.8,15:25:48,6.550e-06
10144.0,15:25:49,6.550e-06
10145.1,15:25:51,6.550e-06
10146.3,15:25:52,6.560e-06
10147.5,15:25:53,6.560e-06
10148.6,15:25:54,6.560e-06
10149.8,15:25:55,6.560e-06
10151.0,15:25:56,6.570e-06
10152.1,15:25:58,6.570e-06
10153.3,15:25:59,6.570e-06
10154.4,15:26:00,6.570e-06
10155.6,15:26:01,6.580e-06
10156.8,15:26:02,6.580e-06
10157.9,15:26:03,6.580e-06
10159.1,15:26:05,6.600e-06
10160.2,15:26:06,6.600e-06
10161.4,15:26:07,6.610e-06
10162.6,15:26:08,6.620e-06
10163.7,15:26:09,6.630e-06
10164.9,15:26:10,6.630e-06
10166.1,15:26:11,6.640e-06
10167.2,15:26:13,6.650e-06
10168.4,15:26:14,6.670e-06
10169.5,15:26:15,6.680e-06
10170.7,15:26:16,6.690e-06
10171.9,15:26:17,6.710e-06
10173.0,15:26:18,6.740e-06
10174.2,15:26:20,6.760e-06
10175.3,15:26:21,6.780e-06
10176.5,15:26:22,6.810e-06
10177.7,15:26:23,6.830e-06
10178.8,15:26:24,6.850e-06
10180.0,15:26:25,6.870e-06
10181.2,15:26:27,6.880e-06
10182.3,15:26:28,6.900e-06
10183.5,15:26:29,6.920e-06
10184.6,15:26:30,6.940e-06
10185.8,15:26:31,6.960e-06
10187.0,15:26:32,6.970e-06
10188.1,15:26:34,6.990e-06
10189.3,15:26:35,7.010e-06
10190.5,15:26:36,7.030e-06
10191.6,15:26:37,7.040e-06
10192.8,15:26:38,7.060e-06
10194.0,15:26:39,7.080e-06
10195.1,15:26:41,7.110e-06
10196.3,15:26:42,7.120e-06
10197.5,15:26:43,7.140e-06
10198.6,15:26:44,7.160e-06
10199.8,15:26:45,7.170e-06
10201.0,15:26:46,7.200e-06
10202.1,15:26:48,7.210e-06
10203.3,15:26:49,7.230e-06
10204.4,15:26:50,7.240e-06
10205.6,15:26:51,7.260e-06
10206.8,15:26:52,7.280e-06
10208.0,15:26:53,7.300e-06
10209.1,15:26:55,7.320e-06
10210.3,15:26:56,7.330e-06
10211.4,15:26:57,7.340e-06
10212.6,15:26:58,7.370e-06
10213.8,15:26:59,7.380e-06
10214.9,15:27:00,7.400e-06
10216.1,15:27:02,7.410e-06
10217.3,15:27:03,7.430e-06
10218.5,15:27:04,7.450e-06
10219.6,15:27:05,7.460e-06
10220.8,15:27:06,7.480e-06
10221.9,15:27:07,7.490e-06
10223.1,15:27:09,7.500e-06
10224.3,15:27:10,7.520e-06
10225.4,15:27:11,7.540e-06
10226.6,15:27:12,7.550e-06
10227.7,15:27:13,7.570e-06
10228.9,15:27:14,7.570e-06
10230.1,15:27:15,7.590e-06
10231.2,15:27:17,7.600e-06
10232.4,15:27:18,7.610e-06
10233.6,15:27:19,7.630e-06
10234.7,15:27:20,7.650e-06
10235.9,15:27:21,7.660e-06
10237.1,15:27:22,7.670e-06
10238.2,15:27:24,7.680e-06
10239.4,15:27:25,7.690e-06
10240.6,15:27:26,7.700e-06
10241.7,15:27:27,7.720e-06
10242.9,15:27:28,7.730e-06
10244.1,15:27:30,7.750e-06
10245.3,15:27:31,7.750e-06
10246.4,15:27:32,7.760e-06
10247.6,15:27:33,7.780e-06
10248.8,15:27:34,7.780e-06
10249.9,15:27:35,7.800e-06
10251.1,15:27:37,7.810e-06
10252.3,15:27:38,7.820e-06
10253.4,15:27:39,7.830e-06
10254.6,15:27:40,7.840e-06
10255.8,15:27:41,7.850e-06
10256.9,15:27:42,7.860e-06
10258.1,15:27:44,7.870e-06
10259.2,15:27:45,7.890e-06
10260.4,15:27:46,7.900e-06
10261.6,15:27:47,7.910e-06
10262.8,15:27:48,7.910e-06
10263.9,15:27:49,7.920e-06
10265.1,15:27:51,7.930e-06
10266.2,15:27:52,7.940e-06
10267.4,15:27:53,7.950e-06
10268.5,15:27:54,7.960e-06
10269.7,15:27:55,7.960e-06
10270.9,15:27:56,7.980e-06
10272.1,15:27:57,7.990e-06
10273.2,15:27:59,7.990e-06
10274.4,15:28:00,8.000e-06
10275.5,15:28:01,8.010e-06
10276.7,15:28:02,8.020e-06
10277.9,15:28:03,8.020e-06
10279.0,15:28:04,8.030e-06
10280.2,15:28:06,8.040e-06
10281.4,15:28:07,8.040e-06
10282.5,15:28:08,8.050e-06
10283.7,15:28:09,8.070e-06
10284.9,15:28:10,8.070e-06
10286.0,15:28:11,8.080e-06
10287.2,15:28:13,8.090e-06
10288.4,15:28:14,8.090e-06
10289.5,15:28:15,8.080e-06
10290.7,15:28:16,8.090e-06
10291.9,15:28:17,8.090e-06
10293.0,15:28:18,8.090e-06
10294.2,15:28:20,8.100e-06
10295.3,15:28:21,8.100e-06
10296.5,15:28:22,8.110e-06
10297.7,15:28:23,8.110e-06
10298.8,15:28:24,8.120e-06
10300.0,15:28:25,8.120e-06
10301.2,15:28:27,8.130e-06
10302.3,15:28:28,8.130e-06
10303.5,15:28:29,8.140e-06
10304.7,15:28:30,8.140e-06
10305.8,15:28:31,8.140e-06
10307.0,15:28:32,8.160e-06
10308.2,15:28:34,8.170e-06
10309.3,15:28:35,8.170e-06
10310.5,15:28:36,8.170e-06
10311.7,15:28:37,8.170e-06
10312.8,15:28:38,8.180e-06
10314.0,15:28:39,8.180e-06
10315.2,15:28:41,8.190e-06
10316.3,15:28:42,8.190e-06
10317.5,15:28:43,8.190e-06
10318.6,15:28:44,8.200e-06
10319.8,15:28:45,8.200e-06
10321.0,15:28:46,8.200e-06
10322.1,15:28:48,8.210e-06
10323.3,15:28:49,8.210e-06
10324.5,15:28:50,8.210e-06
10325.6,15:28:51,8.220e-06
10326.8,15:28:52,8.220e-06
10327.9,15:28:53,8.230e-06
10329.1,15:28:55,8.230e-06
10330.3,15:28:56,8.230e-06
10331.5,15:28:57,8.230e-06
10332.6,15:28:58,8.250e-06
10333.8,15:28:59,8.250e-06
10335.0,15:29:00,8.250e-06
10336.1,15:29:02,8.250e-06
10337.3,15:29:03,8.250e-06
10338.5,15:29:04,8.260e-06
10339.6,15:29:05,8.260e-06
10340.8,15:29:06,8.260e-06
10342.0,15:29:07,8.270e-06
10343.1,15:29:09,8.270e-06
10344.3,15:29:10,8.270e-06
10345.4,15:29:11,8.270e-06
10346.6,15:29:12,8.270e-06
10347.8,15:29:13,8.270e-06
10348.9,15:29:14,8.280e-06
10350.1,15:29:16,8.280e-06
10351.2,15:29:17,8.280e-06
10352.4,15:29:18,8.280e-06
10353.6,15:29:19,8.280e-06
10354.7,15:29:20,8.290e-06
10355.9,15:29:21,8.290e-06
10357.1,15:29:23,8.290e-06
10358.2,15:29:24,8.290e-06
10359.4,15:29:25,8.290e-06
10360.6,15:29:26,8.290e-06
10361.7,15:29:27,8.290e-06
10362.9,15:29:28,8.290e-06
10364.0,15:29:29,8.300e-06
10365.2,15:29:31,8.300e-06
10366.3,15:29:32,8.300e-06
10367.5,15:29:33,8.300e-06
10368.7,15:29:34,8.300e-06
10369.8,15:29:35,8.300e-06
10371.0,15:29:36,8.300e-06
10372.1,15:29:38,8.300e-06
10373.3,15:29:39,8.310e-06
10374.4,15:29:40,8.310e-06
10375.6,15:29:41,8.310e-06
10376.7,15:29:42,8.310e-06
10377.9,15:29:43,8.310e-06
10379.1,15:29:45,8.310e-06
10380.2,15:29:46,8.310e-06
10381.4,15:29:47,8.310e-06
10382.5,15:29:48,8.310e-06
10383.7,15:29:49,8.310e-06
10384.8,15:29:50,8.320e-06
10386.0,15:29:51,8.320e-06
10387.2,15:29:53,8.310e-06
10388.3,15:29:54,8.320e-06
10389.5,15:29:55,8.320e-06
10390.6,15:29:56,8.320e-06
10391.8,15:29:57,8.320e-06
10393.0,15:29:58,8.320e-06
10394.1,15:30:00,8.320e-06
10395.3,15:30:01,8.320e-06
10396.4,15:30:02,8.320e-06
10397.6,15:30:03,8.320e-06
10398.8,15:30:04,8.320e-06
10399.9,15:30:05,8.320e-06
10401.1,15:30:07,8.320e-06
10402.2,15:30:08,8.320e-06
10403.4,15:30:09,8.320e-06
10404.6,15:30:10,8.320e-06
10405.7,15:30:11,8.320e-06
10406.9,15:30:12,8.320e-06
10408.0,15:30:13,8.310e-06
10409.2,15:30:15,8.310e-06
10410.3,15:30:16,8.310e-06
10411.5,15:30:17,8.310e-06
10412.6,15:30:18,8.310e-06
10413.8,15:30:19,8.310e-06
10415.0,15:30:20,8.300e-06
10416.1,15:30:22,8.290e-06
10417.3,15:30:23,8.290e-06
10418.4,15:30:24,8.280e-06
10419.6,15:30:25,8.280e-06
10420.7,15:30:26,8.280e-06
10421.9,15:30:27,8.280e-06
10423.0,15:30:28,8.280e-06
10424.2,15:30:30,8.280e-06
10425.4,15:30:31,8.280e-06
10426.5,15:30:32,8.280e-06
10427.7,15:30:33,8.280e-06
10428.8,15:30:34,8.280e-06
10430.0,15:30:35,8.270e-06
10431.1,15:30:37,8.270e-06
10432.3,15:30:38,8.270e-06
10433.5,15:30:39,8.270e-06
10434.6,15:30:40,8.270e-06
10435.8,15:30:41,8.270e-06
10436.9,15:30:42,8.270e-06
10438.1,15:30:44,8.270e-06
10439.2,15:30:45,8.270e-06
10440.4,15:30:46,8.270e-06
10441.6,15:30:47,8.260e-06
10442.7,15:30:48,8.260e-06
10443.9,15:30:49,8.260e-06
10445.1,15:30:50,8.260e-06
10446.2,15:30:52,8.260e-06
10447.4,15:30:53,8.260e-06
10448.5,15:30:54,8.260e-06
10449.7,15:30:55,8.250e-06
10450.8,15:30:56,8.250e-06
10452.0,15:30:57,8.250e-06
10453.1,15:30:59,8.250e-06
10454.3,15:31:00,8.250e-06
10455.5,15:31:01,8.250e-06
10456.6,15:31:02,8.250e-06
10457.8,15:31:03,8.230e-06
10458.9,15:31:04,8.230e-06
10460.1,15:31:06,8.230e-06
10461.3,15:31:07,8.230e-06
10462.4,15:31:08,8.230e-06
10463.5,15:31:09,8.230e-06
10464.7,15:31:10,8.220e-06
10465.9,15:31:11,8.220e-06
10467.0,15:31:12,8.220e-06
10468.2,15:31:14,8.220e-06
10469.3,15:31:15,8.210e-06
10470.5,15:31:16,8.210e-06
10471.6,15:31:17,8.210e-06
10472.8,15:31:18,8.210e-06
10474.0,15:31:19,8.210e-06
10475.1,15:31:21,8.210e-06
10476.3,15:31:22,8.200e-06
10477.4,15:31:23,8.200e-06
10478.6,15:31:24,8.200e-06
10479.8,15:31:25,8.200e-06
10480.9,15:31:26,8.190e-06
10482.1,15:31:28,8.190e-06
10483.3,15:31:29,8.190e-06
10484.4,15:31:30,8.190e-06
10485.6,15:31:31,8.190e-06
10486.7,15:31:32,8.190e-06
10487.9,15:31:33,8.180e-06
10489.1,15:31:34,8.180e-06
10490.2,15:31:36,8.170e-06
10491.4,15:31:37,8.170e-06
10492.6,15:31:38,8.170e-06
10493.7,15:31:39,8.170e-06
10494.9,15:31:40,8.170e-06
10496.0,15:31:41,8.170e-06
10497.2,15:31:43,8.160e-06
10498.4,15:31:44,8.160e-06
10499.5,15:31:45,8.160e-06
10500.7,15:31:46,8.140e-06
10501.8,15:31:47,8.140e-06
10503.0,15:31:48,8.140e-06
10504.2,15:31:50,8.140e-06
10505.3,15:31:51,8.140e-06
10506.5,15:31:52,8.140e-06
10507.7,15:31:53,8.130e-06
10508.8,15:31:54,8.130e-06
10510.0,15:31:55,8.120e-06
10511.1,15:31:57,8.120e-06
10512.3,15:31:58,8.120e-06
10513.5,15:31:59,8.120e-06
10514.6,15:32:00,8.110e-06
10515.8,15:32:01,8.110e-06
10517.0,15:32:02,8.110e-06
10518.1,15:32:04,8.110e-06
10519.3,15:32:05,8.100e-06
10520.4,15:32:06,8.100e-06
10521.6,15:32:07,8.100e-06
10522.8,15:32:08,8.090e-06
10523.9,15:32:09,8.090e-06
10525.1,15:32:11,8.090e-06
10526.3,15:32:12,8.090e-06
10527.4,15:32:13,8.080e-06
10528.6,15:32:14,8.080e-06
10529.7,15:32:15,8.080e-06
10530.9,15:32:16,8.070e-06
10532.1,15:32:17,8.070e-06
10533.2,15:32:19,8.070e-06
10534.4,15:32:20,8.050e-06
10535.6,15:32:21,8.050e-06
10536.7,15:32:22,8.040e-06
10537.9,15:32:23,8.040e-06
10539.0,15:32:24,8.040e-06
10540.2,15:32:26,8.030e-06
10541.3,15:32:27,8.030e-06
10542.5,15:32:28,8.030e-06
10543.6,15:32:29,8.030e-06
10544.8,15:32:30,8.000e-06
10545.9,15:32:31,7.990e-06
10547.1,15:32:33,7.990e-06
10548.3,15:32:34,7.990e-06
10549.5,15:32:35,7.980e-06
10550.6,15:32:36,7.980e-06
10551.8,15:32:37,7.980e-06
10552.9,15:32:38,7.960e-06
10554.1,15:32:40,7.960e-06
10555.2,15:32:41,7.960e-06
10556.4,15:32:42,7.950e-06
10557.5,15:32:43,7.950e-06
10558.7,15:32:44,7.950e-06
10559.9,15:32:45,7.940e-06
10561.0,15:32:46,7.940e-06
10562.2,15:32:48,7.930e-06
10563.3,15:32:49,7.930e-06
10564.5,15:32:50,7.930e-06
10565.7,15:32:51,7.930e-06
10566.8,15:32:52,7.920e-06
10568.0,15:32:53,7.920e-06
10569.2,15:32:55,7.910e-06
10570.3,15:32:56,7.910e-06
10571.5,15:32:57,7.910e-06
10572.6,15:32:58,7.910e-06
10573.8,15:32:59,7.900e-06
10575.0,15:33:00,7.900e-06
10576.1,15:33:02,7.900e-06
10577.3,15:33:03,7.890e-06
10578.4,15:33:04,7.890e-06
10579.6,15:33:05,7.890e-06
10580.8,15:33:06,7.870e-06
10581.9,15:33:07,7.870e-06
10583.1,15:33:09,7.860e-06
10584.3,15:33:10,7.860e-06
10585.4,15:33:11,7.860e-06
10586.6,15:33:12,7.850e-06
10587.7,15:33:13,7.850e-06
10588.9,15:33:14,7.840e-06
10590.0,15:33:15,7.840e-06
10591.2,15:33:17,7.840e-06
10592.4,15:33:18,7.830e-06
10593.5,15:33:19,7.830e-06
10594.7,15:33:20,7.830e-06
10595.8,15:33:21,7.820e-06
10597.0,15:33:22,7.820e-06
10598.2,15:33:24,7.810e-06
10599.3,15:33:25,7.810e-06
10600.5,15:33:26,7.810e-06
10601.6,15:33:27,7.810e-06
10602.8,15:33:28,7.800e-06
10604.0,15:33:29,7.800e-06
10605.1,15:33:31,7.800e-06
10606.3,15:33:32,7.780e-06
10607.5,15:33:33,7.780e-06
10608.6,15:33:34,7.780e-06
10609.8,15:33:35,7.780e-06
10611.0,15:33:36,7.770e-06
10612.1,15:33:38,7.770e-06
10613.3,15:33:39,7.760e-06
10614.4,15:33:40,7.760e-06
10615.6,15:33:41,7.750e-06
10616.8,15:33:42,7.750e-06
10617.9,15:33:43,7.750e-06
10619.1,15:33:45,7.750e-06
10620.3,15:33:46,7.740e-06
10621.4,15:33:47,7.740e-06
10622.6,15:33:48,7.730e-06
10623.7,15:33:49,7.730e-06
10624.9,15:33:50,7.730e-06
10626.1,15:33:52,7.730e-06
10627.2,15:33:53,7.720e-06
10628.4,15:33:54,7.720e-06
10629.5,15:33:55,7.700e-06
10630.7,15:33:56,7.700e-06
10631.9,15:33:57,7.700e-06
10633.0,15:33:58,7.700e-06
10634.2,15:34:00,7.690e-06
10635.3,15:34:01,7.690e-06
10636.5,15:34:02,7.680e-06
10637.7,15:34:03,7.680e-06
10638.8,15:34:04,7.680e-06
10640.0,15:34:05,7.670e-06
10641.1,15:34:07,7.670e-06
10642.3,15:34:08,7.670e-06
10643.5,15:34:09,7.660e-06
10644.6,15:34:10,7.660e-06
10645.8,15:34:11,7.660e-06
10647.0,15:34:12,7.650e-06
10648.1,15:34:14,7.650e-06
10649.3,15:34:15,7.650e-06
10650.5,15:34:16,7.650e-06
10651.6,15:34:17,7.640e-06
10652.8,15:34:18,7.640e-06
10653.9,15:34:19,7.630e-06
10655.1,15:34:21,7.630e-06
10656.2,15:34:22,7.630e-06
10657.4,15:34:23,7.630e-06
10658.6,15:34:24,7.610e-06
10659.7,15:34:25,7.610e-06
10660.9,15:34:26,7.610e-06
10662.0,15:34:27,7.600e-06
10663.2,15:34:29,7.600e-06
10664.4,15:34:30,7.600e-06
10665.5,15:34:31,7.600e-06
10666.7,15:34:32,7.590e-06
10667.8,15:34:33,7.590e-06
10669.0,15:34:34,7.590e-06
10670.2,15:34:36,7.570e-06
10671.3,15:34:37,7.560e-06
10672.5,15:34:38,7.550e-06
10673.6,15:34:39,7.550e-06
10674.8,15:34:40,7.550e-06
10676.0,15:34:41,7.550e-06
10677.1,15:34:43,7.540e-06
10678.3,15:34:44,7.540e-06
10679.5,15:34:45,7.520e-06
10680.6,15:34:46,7.520e-06
10681.8,15:34:47,7.520e-06
10682.9,15:34:48,7.520e-06
10684.1,15:34:50,7.510e-06
10685.2,15:34:51,7.510e-06
10686.4,15:34:52,7.500e-06
10687.5,15:34:53,7.500e-06
10688.7,15:34:54,7.500e-06
10689.9,15:34:55,7.490e-06
10691.0,15:34:56,7.490e-06
10692.2,15:34:58,7.490e-06
10693.3,15:34:59,7.480e-06
10694.5,15:35:00,7.480e-06
10695.6,15:35:01,7.470e-06
10696.8,15:35:02,7.470e-06
10698.0,15:35:03,7.470e-06
10699.1,15:35:05,7.470e-06
10700.3,15:35:06,7.460e-06
10701.4,15:35:07,7.460e-06
10702.6,15:35:08,7.450e-06
10703.7,15:35:09,7.450e-06
10704.9,15:35:10,7.450e-06
10706.1,15:35:12,7.450e-06
10707.2,15:35:13,7.430e-06
10708.4,15:35:14,7.430e-06
10709.6,15:35:15,7.430e-06
10710.7,15:35:16,7.420e-06
10711.9,15:35:17,7.420e-06
10713.0,15:35:18,7.420e-06
10714.2,15:35:20,7.410e-06
10715.4,15:35:21,7.410e-06
10716.5,15:35:22,7.400e-06
10717.7,15:35:23,7.400e-06
10718.8,15:35:24,7.400e-06
10720.0,15:35:25,7.390e-06
10721.2,15:35:27,7.390e-06
10722.3,15:35:28,7.390e-06
10723.5,15:35:29,7.390e-06
10724.6,15:35:30,7.380e-06
10725.8,15:35:31,7.380e-06
10727.0,15:35:32,7.370e-06
10728.1,15:35:34,7.370e-06
10729.3,15:35:35,7.370e-06
10730.4,15:35:36,7.370e-06
10731.6,15:35:37,7.350e-06
10732.8,15:35:38,7.350e-06
10733.9,15:35:39,7.350e-06
10735.1,15:35:41,7.340e-06
10736.3,15:35:42,7.340e-06
10737.4,15:35:43,7.340e-06
10738.6,15:35:44,7.340e-06
10739.7,15:35:45,7.330e-06
10740.9,15:35:46,7.330e-06
10742.1,15:35:48,7.320e-06
10743.2,15:35:49,7.320e-06
10744.4,15:35:50,7.320e-06
10745.6,15:35:51,7.320e-06
10746.7,15:35:52,7.310e-06
10747.9,15:35:53,7.310e-06
10749.1,15:35:54,7.300e-06
10750.2,15:35:56,7.300e-06
10751.4,15:35:57,7.300e-06
10752.5,15:35:58,7.290e-06
10753.7,15:35:59,7.290e-06
10754.8,15:36:00,7.290e-06
10756.0,15:36:01,7.290e-06
10757.1,15:36:03,7.280e-06
10758.3,15:36:04,7.280e-06
10759.5,15:36:05,7.280e-06
10760.6,15:36:06,7.260e-06
10761.8,15:36:07,7.260e-06
10763.0,15:36:08,7.260e-06
10764.1,15:36:10,7.250e-06
10765.3,15:36:11,7.250e-06
10766.4,15:36:12,7.250e-06
10767.6,15:36:13,7.240e-06
10768.8,15:36:14,7.240e-06
10769.9,15:36:15,7.240e-06
10771.1,15:36:17,7.240e-06
10772.3,15:36:18,7.230e-06
10773.4,15:36:19,7.230e-06
10774.6,15:36:20,7.220e-06
10775.7,15:36:21,7.220e-06
10776.9,15:36:22,7.220e-06
10778.1,15:36:24,7.210e-06
10779.3,15:36:25,7.210e-06
10780.4,15:36:26,7.210e-06
10781.6,15:36:27,7.210e-06
10782.8,15:36:28,7.200e-06
10783.9,15:36:29,7.200e-06
10785.1,15:36:31,7.190e-06
10786.3,15:36:32,7.190e-06
10787.4,15:36:33,7.190e-06
10788.6,15:36:34,7.170e-06
10789.8,15:36:35,7.170e-06
10790.9,15:36:36,7.170e-06
10792.1,15:36:38,7.160e-06
10793.3,15:36:39,7.160e-06
10794.5,15:36:40,7.160e-06
10795.6,15:36:41,7.160e-06
10796.8,15:36:42,7.150e-06
10797.9,15:36:43,7.150e-06
10799.1,15:36:45,7.140e-06
10800.3,15:36:46,7.120e-06
10801.4,15:36:47,7.110e-06
10802.6,15:36:48,7.110e-06
10803.8,15:36:49,7.110e-06
10804.9,15:36:50,7.110e-06
10806.1,15:36:52,7.100e-06
10807.3,15:36:53,7.100e-06
10808.4,15:36:54,7.080e-06
10809.6,15:36:55,7.080e-06
10810.8,15:36:56,7.080e-06
10811.9,15:36:57,7.080e-06
10813.1,15:36:59,7.070e-06
10814.2,15:37:00,7.070e-06
10815.4,15:37:01,7.060e-06
10816.6,15:37:02,7.060e-06
10817.7,15:37:03,7.060e-06
10818.9,15:37:04,7.060e-06
10820.1,15:37:05,7.050e-06
10821.2,15:37:07,7.050e-06
10822.4,15:37:08,7.050e-06
10823.6,15:37:09,7.040e-06
10824.7,15:37:10,7.040e-06
10825.9,15:37:11,7.030e-06
10827.0,15:37:12,7.030e-06
10828.2,15:37:14,7.030e-06
10829.3,15:37:15,7.030e-06
10830.5,15:37:16,7.020e-06
10831.7,15:37:17,7.020e-06
10832.8,15:37:18,7.020e-06
10834.0,15:37:19,7.010e-06
10835.2,15:37:21,7.010e-06
10836.3,15:37:22,7.010e-06
10837.5,15:37:23,7.010e-06
10838.6,15:37:24,7.000e-06
10839.8,15:37:25,7.000e-06
10841.0,15:37:26,7.000e-06
10842.1,15:37:28,6.990e-06
10843.3,15:37:29,6.990e-06
10844.5,15:37:30,6.990e-06
10845.6,15:37:31,6.980e-06
10846.8,15:37:32,6.980e-06
10848.0,15:37:33,6.980e-06
10849.1,15:37:35,6.970e-06
10850.3,15:37:36,6.970e-06
10851.5,15:37:37,6.970e-06
10852.6,15:37:38,6.960e-06
10853.8,15:37:39,6.960e-06
10854.9,15:37:40,6.960e-06
10856.1,15:37:42,6.950e-06
10857.3,15:37:43,6.950e-06
10858.4,15:37:44,6.950e-06
10859.6,15:37:45,6.940e-06
10860.8,15:37:46,6.940e-06
10861.9,15:37:47,6.940e-06
10863.1,15:37:49,6.940e-06
10864.3,15:37:50,6.930e-06
10865.4,15:37:51,6.930e-06
10866.6,15:37:52,6.930e-06
10867.8,15:37:53,6.920e-06
10868.9,15:37:54,6.920e-06
10870.1,15:37:56,6.920e-06
10871.3,15:37:57,6.920e-06
10872.4,15:37:58,6.910e-06
10873.6,15:37:59,6.910e-06
10874.7,15:38:00,6.910e-06
10875.9,15:38:01,6.910e-06
10877.1,15:38:03,6.900e-06
10878.2,15:38:04,6.900e-06
10879.4,15:38:05,6.900e-06
10880.6,15:38:06,6.900e-06
10881.7,15:38:07,6.890e-06
10882.9,15:38:08,6.890e-06
10884.1,15:38:10,6.880e-06
10885.3,15:38:11,6.880e-06
10886.4,15:38:12,6.880e-06
10887.6,15:38:13,6.870e-06
10888.8,15:38:14,6.870e-06
10889.9,15:38:15,6.870e-06
10891.1,15:38:17,6.870e-06
10892.2,15:38:18,6.860e-06
10893.4,15:38:19,6.860e-06
10894.6,15:38:20,6.860e-06
10895.7,15:38:21,6.860e-06
10896.9,15:38:22,6.850e-06
10898.0,15:38:23,6.850e-06
10899.2,15:38:25,6.850e-06
10900.4,15:38:26,6.840e-06
10901.5,15:38:27,6.840e-06
10902.7,15:38:28,6.840e-06
10903.9,15:38:29,6.830e-06
10905.0,15:38:30,6.830e-06
10906.2,15:38:32,6.830e-06
10907.4,15:38:33,6.830e-06
10908.5,15:38:34,6.820e-06
10909.7,15:38:35,6.820e-06
10910.9,15:38:36,6.820e-06
10912.0,15:38:37,6.810e-06
10913.2,15:38:39,6.810e-06
10914.3,15:38:40,6.810e-06
10915.5,15:38:41,6.810e-06
10916.7,15:38:42,6.800e-06
10917.8,15:38:43,6.800e-06
10919.0,15:38:44,6.800e-06
10920.2,15:38:46,6.790e-06
10921.3,15:38:47,6.790e-06
10922.5,15:38:48,6.790e-06
10923.7,15:38:49,6.780e-06
10924.8,15:38:50,6.780e-06
10926.0,15:38:51,6.780e-06
10927.2,15:38:53,6.780e-06
10928.3,15:38:54,6.760e-06
10929.5,15:38:55,6.750e-06
10930.7,15:38:56,6.750e-06
10931.9,15:38:57,6.740e-06
10933.0,15:38:58,6.740e-06
10934.2,15:39:00,6.740e-06
10935.4,15:39:01,6.730e-06
10936.5,15:39:02,6.730e-06
10937.7,15:39:03,6.730e-06
10938.9,15:39:04,6.720e-06
10940.0,15:39:05,6.720e-06
10941.2,15:39:07,6.720e-06
10942.4,15:39:08,6.710e-06
10943.5,15:39:09,6.710e-06
10944.7,15:39:10,6.710e-06
10945.9,15:39:11,6.710e-06
10947.0,15:39:12,6.700e-06
10948.2,15:39:14,6.700e-06
10949.4,15:39:15,6.700e-06
10950.5,15:39:16,6.690e-06
10951.7,15:39:17,6.690e-06
10952.9,15:39:18,6.690e-06
10954.0,15:39:19,6.690e-06
10955.2,15:39:21,6.680e-06
10956.3,15:39:22,6.680e-06
10957.5,15:39:23,6.680e-06
10958.7,15:39:24,6.670e-06
10959.9,15:39:25,6.670e-06
10961.0,15:39:26,6.670e-06
10962.2,15:39:28,6.670e-06
10963.4,15:39:29,6.670e-06
10964.5,15:39:30,6.660e-06
10965.7,15:39:31,6.660e-06
10966.8,15:39:32,6.660e-06
10968.0,15:39:33,6.650e-06
10969.2,15:39:35,6.650e-06
10970.3,15:39:36,6.650e-06
10971.5,15:39:37,6.640e-06
10972.7,15:39:38,6.640e-06
10973.8,15:39:39,6.640e-06
10975.0,15:39:40,6.630e-06
10976.2,15:39:42,6.630e-06
10977.3,15:39:43,6.630e-06
10978.5,15:39:44,6.620e-06
10979.6,15:39:45,6.620e-06
10980.8,15:39:46,6.620e-06
10982.0,15:39:47,6.620e-06
10983.1,15:39:49,6.610e-06
10984.3,15:39:50,6.610e-06
10985.5,15:39:51,6.610e-06
10986.6,15:39:52,6.600e-06
10987.8,15:39:53,6.600e-06
10989.0,15:39:54,6.600e-06
10990.1,15:39:56,6.600e-06
10991.3,15:39:57,6.590e-06
10992.5,15:39:58,6.590e-06
10993.6,15:39:59,6.590e-06
10994.8,15:40:00,6.580e-06
10995.9,15:40:01,6.580e-06
10997.1,15:40:03,6.580e-06
10998.2,15:40:04,6.580e-06
10999.4,15:40:05,6.570e-06
11000.6,15:40:06,6.570e-06
11001.8,15:40:07,6.570e-06
11002.9,15:40:08,6.560e-06
11004.1,15:40:10,6.560e-06
11005.2,15:40:11,6.560e-06
11006.4,15:40:12,6.550e-06
11007.6,15:40:13,6.550e-06
11008.7,15:40:14,6.550e-06
11009.9,15:40:15,6.550e-06
11011.1,15:40:17,6.540e-06
11012.2,15:40:18,6.540e-06
11013.4,15:40:19,6.540e-06
11014.6,15:40:20,6.530e-06
11015.7,15:40:21,6.530e-06
11016.9,15:40:22,6.530e-06
11018.1,15:40:24,6.530e-06
11019.2,15:40:25,6.530e-06
11020.4,15:40:26,6.520e-06
11021.6,15:40:27,6.520e-06
11022.7,15:40:28,6.520e-06
11023.9,15:40:29,6.510e-06
11025.1,15:40:31,6.510e-06
11026.2,15:40:32,6.510e-06
11027.4,15:40:33,6.510e-06
11028.6,15:40:34,6.500e-06
11029.7,15:40:35,6.500e-06
11030.9,15:40:36,6.500e-06
11032.1,15:40:38,6.490e-06
11033.2,15:40:39,6.490e-06
11034.4,15:40:40,6.490e-06
11035.6,15:40:41,6.490e-06
11036.7,15:40:42,6.480e-06
11037.9,15:40:43,6.480e-06
11039.1,15:40:44,6.480e-06
11040.2,15:40:46,6.470e-06
11041.4,15:40:47,6.470e-06
11042.5,15:40:48,6.470e-06
11043.7,15:40:49,6.470e-06
11044.9,15:40:50,6.460e-06
11046.0,15:40:51,6.460e-06
11047.2,15:40:53,6.460e-06
11048.4,15:40:54,6.460e-06
11049.5,15:40:55,6.450e-06
11050.7,15:40:56,6.450e-06
11051.9,15:40:57,6.440e-06
11053.0,15:40:58,6.440e-06
11054.2,15:41:00,6.440e-06
11055.4,15:41:01,6.440e-06
11056.5,15:41:02,6.440e-06
11057.7,15:41:03,6.420e-06
11058.8,15:41:04,6.410e-06
11060.0,15:41:05,6.400e-06
11061.2,15:41:07,6.400e-06
11062.3,15:41:08,6.400e-06
11063.5,15:41:09,6.400e-06
11064.7,15:41:10,6.390e-06
11065.8,15:41:11,6.390e-06
11067.0,15:41:12,6.390e-06
11068.2,15:41:14,6.390e-06
11069.4,15:41:15,6.380e-06
11070.5,15:41:16,6.380e-06
11071.7,15:41:17,6.380e-06
11072.8,15:41:18,6.370e-06
11074.0,15:41:19,6.370e-06
11075.2,15:41:21,6.370e-06
11076.3,15:41:22,6.370e-06
11077.5,15:41:23,6.370e-06
11078.6,15:41:24,6.360e-06
11079.8,15:41:25,6.360e-06
11081.0,15:41:26,6.360e-06
11082.1,15:41:28,6.350e-06
11083.3,15:41:29,6.350e-06
11084.5,15:41:30,6.350e-06
11085.6,15:41:31,6.350e-06
11086.8,15:41:32,6.350e-06
11087.9,15:41:33,6.340e-06
11089.1,15:41:35,6.340e-06
11090.3,15:41:36,6.340e-06
11091.4,15:41:37,6.340e-06
11092.6,15:41:38,6.330e-06
11093.8,15:41:39,6.330e-06
11094.9,15:41:40,6.330e-06
11096.1,15:41:42,6.330e-06
11097.3,15:41:43,6.330e-06
11098.4,15:41:44,6.320e-06
11099.6,15:41:45,6.320e-06
11100.7,15:41:46,6.320e-06
11101.9,15:41:47,6.320e-06
11103.1,15:41:48,6.310e-06
11104.2,15:41:50,6.310e-06
11105.4,15:41:51,6.300e-06
11106.6,15:41:52,6.300e-06
11107.7,15:41:53,6.300e-06
11108.9,15:41:54,6.300e-06
11110.1,15:41:56,6.300e-06
11111.2,15:41:57,6.300e-06
11112.4,15:41:58,6.290e-06
11113.6,15:41:59,6.290e-06
11114.7,15:42:00,6.290e-06
11115.9,15:42:01,6.280e-06
11117.1,15:42:03,6.280e-06
11118.2,15:42:04,6.280e-06
11119.4,15:42:05,6.280e-06
11120.6,15:42:06,6.280e-06
11121.7,15:42:07,6.270e-06
11122.9,15:42:08,6.270e-06
11124.1,15:42:10,6.270e-06
11125.2,15:42:11,6.270e-06
11126.4,15:42:12,6.260e-06
11127.6,15:42:13,6.260e-06
11128.7,15:42:14,6.260e-06
11129.9,15:42:15,6.260e-06
11131.1,15:42:16,6.260e-06
11132.2,15:42:18,6.250e-06
11133.4,15:42:19,6.250e-06
11134.6,15:42:20,6.250e-06
11135.7,15:42:21,6.240e-06
11136.9,15:42:22,6.240e-06
11138.1,15:42:24,6.240e-06
11139.2,15:42:25,6.240e-06
11140.4,15:42:26,6.240e-06
11141.6,15:42:27,6.240e-06
11142.7,15:42:28,6.230e-06
11143.9,15:42:29,6.230e-06
11145.1,15:42:31,6.230e-06
11146.3,15:42:32,6.220e-06
11147.4,15:42:33,6.220e-06
11148.6,15:42:34,6.220e-06
11149.7,15:42:35,6.220e-06
11150.9,15:42:36,6.210e-06
11152.1,15:42:38,6.210e-06
11153.2,15:42:39,6.210e-06
11154.4,15:42:40,6.210e-06
11155.6,15:42:41,6.200e-06
11156.7,15:42:42,6.200e-06
11157.9,15:42:43,6.200e-06
11159.1,15:42:45,6.200e-06
11160.2,15:42:46,6.190e-06
11161.4,15:42:47,6.190e-06
11162.6,15:42:48,6.190e-06
11163.7,15:42:49,6.190e-06
11164.9,15:42:50,6.190e-06
11166.1,15:42:52,6.180e-06
11167.2,15:42:53,6.180e-06
11168.4,15:42:54,6.180e-06
11169.6,15:42:55,6.170e-06
11170.7,15:42:56,6.170e-06
11171.9,15:42:57,6.170e-06
11173.1,15:42:59,6.170e-06
11174.2,15:43:00,6.170e-06
11175.4,15:43:01,6.160e-06
11176.6,15:43:02,6.160e-06
11177.8,15:43:03,6.160e-06
11178.9,15:43:04,6.160e-06
11180.1,15:43:06,6.150e-06
11181.2,15:43:07,6.150e-06
11182.4,15:43:08,6.150e-06
11183.6,15:43:09,6.150e-06
11184.7,15:43:10,6.140e-06
11185.9,15:43:11,6.140e-06
11187.0,15:43:12,6.140e-06
11188.2,15:43:14,6.140e-06
11189.4,15:43:15,6.140e-06
11190.5,15:43:16,6.120e-06
11191.7,15:43:17,6.110e-06
11192.8,15:43:18,6.110e-06
11194.0,15:43:19,6.100e-06
11195.1,15:43:21,6.100e-06
11196.3,15:43:22,6.100e-06
11197.5,15:43:23,6.100e-06
11198.6,15:43:24,6.100e-06
11199.8,15:43:25,6.090e-06
11201.0,15:43:26,6.090e-06
11202.1,15:43:28,6.090e-06
11203.3,15:43:29,6.090e-06
11204.4,15:43:30,6.080e-06
11205.6,15:43:31,6.080e-06
11206.8,15:43:32,6.080e-06
11208.0,15:43:33,6.080e-06
11209.1,15:43:35,6.080e-06
11210.3,15:43:36,6.070e-06
11211.4,15:43:37,6.070e-06
11212.6,15:43:38,6.070e-06
11213.8,15:43:39,6.070e-06
11214.9,15:43:40,6.060e-06
11216.1,15:43:42,6.060e-06
11217.3,15:43:43,6.060e-06
11218.4,15:43:44,6.050e-06
11219.6,15:43:45,6.050e-06
11220.8,15:43:46,6.050e-06
11221.9,15:43:47,6.050e-06
11223.1,15:43:49,6.050e-06
11224.3,15:43:50,6.040e-06
11225.4,15:43:51,6.040e-06
11226.6,15:43:52,6.040e-06
11227.7,15:43:53,6.030e-06
11228.9,15:43:54,6.030e-06
11230.1,15:43:56,6.030e-06
11231.2,15:43:57,6.030e-06
11232.4,15:43:58,6.030e-06
11233.6,15:43:59,6.030e-06
11234.7,15:44:00,6.030e-06
11235.9,15:44:01,6.020e-06
11237.1,15:44:02,6.020e-06
11238.2,15:44:04,6.020e-06
11239.4,15:44:05,6.010e-06
11240.6,15:44:06,6.010e-06
11241.7,15:44:07,6.010e-06
11242.9,15:44:08,6.010e-06
11244.0,15:44:09,6.010e-06
11245.2,15:44:11,6.000e-06
11246.4,15:44:12,6.000e-06
11247.5,15:44:13,6.000e-06
11248.7,15:44:14,6.000e-06
11249.9,15:44:15,5.990e-06
11251.1,15:44:16,5.990e-06
11252.2,15:44:18,5.990e-06
11253.4,15:44:19,5.990e-06
11254.5,15:44:20,5.980e-06
11255.7,15:44:21,5.980e-06
11256.9,15:44:22,5.980e-06
11258.0,15:44:23,5.980e-06
11259.2,15:44:25,5.980e-06
11260.4,15:44:26,5.970e-06
11261.6,15:44:27,5.970e-06
11262.7,15:44:28,5.970e-06
11263.9,15:44:29,5.970e-06
11265.0,15:44:30,5.970e-06
11266.2,15:44:32,5.960e-06
11267.4,15:44:33,5.960e-06
11268.5,15:44:34,5.960e-06
11269.7,15:44:35,5.960e-06
11270.8,15:44:36,5.960e-06
11272.0,15:44:37,5.960e-06
11273.2,15:44:39,5.950e-06
11274.3,15:44:40,5.950e-06
11275.5,15:44:41,5.950e-06
11276.7,15:44:42,5.950e-06
11277.8,15:44:43,5.940e-06
11279.0,15:44:44,5.940e-06
11280.1,15:44:46,5.940e-06
11281.3,15:44:47,5.940e-06
11282.4,15:44:48,5.940e-06
11283.6,15:44:49,5.930e-06
11284.8,15:44:50,5.930e-06
11286.0,15:44:51,5.930e-06
11287.1,15:44:53,5.920e-06
11288.3,15:44:54,5.920e-06
11289.5,15:44:55,5.920e-06
11290.6,15:44:56,5.920e-06
11291.8,15:44:57,5.920e-06
11293.0,15:44:58,5.920e-06
11294.1,15:45:00,5.910e-06
11295.3,15:45:01,5.910e-06
11296.5,15:45:02,5.910e-06
11297.7,15:45:03,5.900e-06
11298.8,15:45:04,5.900e-06
11300.0,15:45:05,5.900e-06
11301.2,15:45:07,5.900e-06
11302.3,15:45:08,5.890e-06
11303.5,15:45:09,5.890e-06
11304.7,15:45:10,5.890e-06
11305.8,15:45:11,5.890e-06
11307.0,15:45:12,5.890e-06
11308.2,15:45:14,5.890e-06
11309.3,15:45:15,5.880e-06
11310.5,15:45:16,5.880e-06
11311.6,15:45:17,5.880e-06
11312.8,15:45:18,5.880e-06
11314.0,15:45:19,5.870e-06
11315.2,15:45:21,5.870e-06
11316.3,15:45:22,5.870e-06
11317.5,15:45:23,5.870e-06
11318.7,15:45:24,5.870e-06
11319.8,15:45:25,5.870e-06
11321.0,15:45:26,5.860e-06
11322.1,15:45:28,5.860e-06
11323.3,15:45:29,5.860e-06
11324.5,15:45:30,5.840e-06
11325.6,15:45:31,5.830e-06
11326.8,15:45:32,5.830e-06
11327.9,15:45:33,5.820e-06
11329.1,15:45:35,5.820e-06
11330.3,15:45:36,5.820e-06
11331.5,15:45:37,5.820e-06
11332.6,15:45:38,5.820e-06
11333.8,15:45:39,5.820e-06
11334.9,15:45:40,5.810e-06
11336.1,15:45:42,5.810e-06
11337.3,15:45:43,5.810e-06
11338.4,15:45:44,5.810e-06
11339.6,15:45:45,5.800e-06
11340.8,15:45:46,5.800e-06
11341.9,15:45:47,5.800e-06
11343.1,15:45:49,5.800e-06
11344.3,15:45:50,5.800e-06
11345.5,15:45:51,5.790e-06
11346.6,15:45:52,5.790e-06
11347.8,15:45:53,5.790e-06
11348.9,15:45:54,5.790e-06
11350.1,15:45:56,5.780e-06
11351.3,15:45:57,5.780e-06
11352.4,15:45:58,5.780e-06
11353.6,15:45:59,5.780e-06
11354.8,15:46:00,5.780e-06
11355.9,15:46:01,5.780e-06
11357.1,15:46:03,5.770e-06
11358.3,15:46:04,5.770e-06
11359.4,15:46:05,5.770e-06
11360.6,15:46:06,5.770e-06
11361.8,15:46:07,5.770e-06
11363.0,15:46:08,5.760e-06
11364.1,15:46:10,5.760e-06
11365.3,15:46:11,5.760e-06
11366.5,15:46:12,5.760e-06
11367.6,15:46:13,5.760e-06
11368.8,15:46:14,5.750e-06
11369.9,15:46:15,5.750e-06
11371.1,15:46:17,5.750e-06
11372.3,15:46:18,5.750e-06
11373.4,15:46:19,5.740e-06
11374.6,15:46:20,5.740e-06
11375.8,15:46:21,5.740e-06
11377.0,15:46:22,5.740e-06
11378.1,15:46:24,5.730e-06
11379.3,15:46:25,5.730e-06
11380.4,15:46:26,5.730e-06
11381.6,15:46:27,5.730e-06
11382.8,15:46:28,5.730e-06
11383.9,15:46:29,5.730e-06
11385.1,15:46:31,5.730e-06
11386.3,15:46:32,5.720e-06
11387.5,15:46:33,5.720e-06
11388.6,15:46:34,5.720e-06
11389.8,15:46:35,5.720e-06
11390.9,15:46:36,5.710e-06
11392.1,15:46:38,5.710e-06
11393.3,15:46:39,5.710e-06
11394.4,15:46:40,5.710e-06
11395.6,15:46:41,5.710e-06
11396.8,15:46:42,5.710e-06
11397.9,15:46:43,5.700e-06
11399.1,15:46:45,5.700e-06
11400.3,15:46:46,5.700e-06
11401.4,15:46:47,5.700e-06
11402.6,15:46:48,5.690e-06
11403.8,15:46:49,5.690e-06
11404.9,15:46:50,5.690e-06
11406.1,15:46:52,5.690e-06
11407.3,15:46:53,5.690e-06
11408.4,15:46:54,5.690e-06
11409.6,15:46:55,5.680e-06
11410.8,15:46:56,5.680e-06
11411.9,15:46:57,5.680e-06
11413.1,15:46:59,5.680e-06
11414.3,15:47:00,5.680e-06
11415.4,15:47:01,5.670e-06
11416.6,15:47:02,5.670e-06
11417.8,15:47:03,5.670e-06
11418.9,15:47:04,5.670e-06
11420.1,15:47:06,5.660e-06
11421.3,15:47:07,5.660e-06
11422.4,15:47:08,5.660e-06
11423.6,15:47:09,5.660e-06
11424.8,15:47:10,5.660e-06
11425.9,15:47:11,5.660e-06
11427.1,15:47:13,5.660e-06
11428.3,15:47:14,5.660e-06
11429.4,15:47:15,5.650e-06
11430.6,15:47:16,5.650e-06
11431.8,15:47:17,5.650e-06
11432.9,15:47:18,5.650e-06
11434.1,15:47:20,5.640e-06
11435.3,15:47:21,5.640e-06
11436.4,15:47:22,5.640e-06
11437.6,15:47:23,5.640e-06
11438.8,15:47:24,5.640e-06
11439.9,15:47:25,5.640e-06
11441.1,15:47:27,5.640e-06
11442.3,15:47:28,5.630e-06
11443.4,15:47:29,5.630e-06
11444.6,15:47:30,5.630e-06
11445.8,15:47:31,5.630e-06
11447.0,15:47:32,5.630e-06
11448.1,15:47:34,5.620e-06
11449.3,15:47:35,5.620e-06
11450.5,15:47:36,5.620e-06
11451.6,15:47:37,5.620e-06
11452.8,15:47:38,5.620e-06
11454.0,15:47:39,5.620e-06
11455.1,15:47:41,5.600e-06
11456.3,15:47:42,5.590e-06
11457.5,15:47:43,5.590e-06
11458.7,15:47:44,5.580e-06
11459.8,15:47:45,5.580e-06
11461.0,15:47:46,5.580e-06
11462.2,15:47:48,5.580e-06
11463.4,15:47:49,5.570e-06
11464.5,15:47:50,5.570e-06
11465.7,15:47:51,5.570e-06
11466.8,15:47:52,5.570e-06
11468.0,15:47:53,5.570e-06
11469.2,15:47:55,5.570e-06
11470.3,15:47:56,5.570e-06
11471.5,15:47:57,5.570e-06
11472.7,15:47:58,5.560e-06
11473.8,15:47:59,5.560e-06
11475.0,15:48:00,5.560e-06
11476.2,15:48:02,5.550e-06
11477.3,15:48:03,5.550e-06
11478.5,15:48:04,5.550e-06
11479.7,15:48:05,5.550e-06
11480.8,15:48:06,5.550e-06
11482.0,15:48:07,5.550e-06
11483.2,15:48:09,5.550e-06
11484.3,15:48:10,5.540e-06
11485.5,15:48:11,5.540e-06
11486.7,15:48:12,5.540e-06
11487.8,15:48:13,5.540e-06
11489.0,15:48:14,5.540e-06
11490.2,15:48:16,5.530e-06
11491.3,15:48:17,5.530e-06
11492.5,15:48:18,5.530e-06
11493.7,15:48:19,5.530e-06
11494.8,15:48:20,5.530e-06
11496.0,15:48:21,5.530e-06
11497.2,15:48:23,5.530e-06
11498.3,15:48:24,5.520e-06
11499.5,15:48:25,5.520e-06
11500.7,15:48:26,5.520e-06
11501.8,15:48:27,5.520e-06
11503.0,15:48:28,5.520e-06
11504.2,15:48:30,5.520e-06
11505.4,15:48:31,5.510e-06
11506.5,15:48:32,5.510e-06
11507.7,15:48:33,5.510e-06
11508.9,15:48:34,5.510e-06
11510.0,15:48:35,5.500e-06
11511.2,15:48:37,5.500e-06
11512.3,15:48:38,5.500e-06
11513.5,15:48:39,5.500e-06
11514.7,15:48:40,5.500e-06
11515.8,15:48:41,5.500e-06
11517.0,15:48:42,5.500e-06
11518.2,15:48:44,5.490e-06
11519.4,15:48:45,5.490e-06
11520.5,15:48:46,5.490e-06
11521.7,15:48:47,5.490e-06
11522.9,15:48:48,5.490e-06
11524.0,15:48:49,5.490e-06
11525.2,15:48:51,5.480e-06
11526.4,15:48:52,5.480e-06
11527.5,15:48:53,5.480e-06
11528.7,15:48:54,5.480e-06
11529.9,15:48:55,5.480e-06
11531.0,15:48:56,5.480e-06
11532.2,15:48:58,5.480e-06
11533.4,15:48:59,5.470e-06
11534.5,15:49:00,5.470e-06
11535.7,15:49:01,5.470e-06
11536.9,15:49:02,5.470e-06
11538.0,15:49:03,5.460e-06
11539.2,15:49:05,5.460e-06
11540.4,15:49:06,5.460e-06
11541.5,15:49:07,5.460e-06
11542.7,15:49:08,5.460e-06
11543.9,15:49:09,5.460e-06
11545.1,15:49:10,5.460e-06
11546.2,15:49:12,5.460e-06
11547.4,15:49:13,5.450e-06
11548.6,15:49:14,5.450e-06
11549.7,15:49:15,5.450e-06
11550.9,15:49:16,5.450e-06
11552.1,15:49:18,5.450e-06
11553.2,15:49:19,5.440e-06
11554.4,15:49:20,5.440e-06
11555.6,15:49:21,5.440e-06
11556.7,15:49:22,5.440e-06
11557.9,15:49:23,5.440e-06
11559.1,15:49:25,5.440e-06
11560.2,15:49:26,5.430e-06
11561.4,15:49:27,5.430e-06
11562.6,15:49:28,5.430e-06
11563.7,15:49:29,5.430e-06
11564.9,15:49:30,5.430e-06
11566.1,15:49:32,5.430e-06
11567.2,15:49:33,5.420e-06
11568.4,15:49:34,5.420e-06
11569.6,15:49:35,5.420e-06
11570.7,15:49:36,5.420e-06
11571.9,15:49:37,5.420e-06
11573.1,15:49:39,5.410e-06
11574.3,15:49:40,5.410e-06
11575.4,15:49:41,5.410e-06
11576.6,15:49:42,5.410e-06
11577.7,15:49:43,5.410e-06
11578.9,15:49:44,5.410e-06
11580.1,15:49:46,5.410e-06
11581.3,15:49:47,5.400e-06
11582.4,15:49:48,5.400e-06
11583.6,15:49:49,5.400e-06
11584.8,15:49:50,5.400e-06
11585.9,15:49:51,5.390e-06
11587.1,15:49:53,5.380e-06
11588.3,15:49:54,5.370e-06
11589.4,15:49:55,5.370e-06
11590.6,15:49:56,5.370e-06
11591.8,15:49:57,5.370e-06
11592.9,15:49:58,5.370e-06
11594.1,15:50:00,5.370e-06
11595.3,15:50:01,5.360e-06
11596.4,15:50:02,5.360e-06
11597.6,15:50:03,5.360e-06
11598.8,15:50:04,5.360e-06
11600.0,15:50:05,5.360e-06
11601.1,15:50:07,5.360e-06
11602.3,15:50:08,5.350e-06
11603.5,15:50:09,5.350e-06
11604.6,15:50:10,5.350e-06
11605.8,15:50:11,5.350e-06
11607.0,15:50:12,5.350e-06
11608.2,15:50:14,5.350e-06
11609.3,15:50:15,5.350e-06
11610.5,15:50:16,5.350e-06
11611.7,15:50:17,5.340e-06
11612.8,15:50:18,5.340e-06
11614.0,15:50:19,5.340e-06
11615.2,15:50:21,5.340e-06
11616.3,15:50:22,5.330e-06
11617.5,15:50:23,5.330e-06
11618.7,15:50:24,5.330e-06
11619.8,15:50:25,5.330e-06
11621.0,15:50:26,5.330e-06
11622.2,15:50:28,5.320e-06
11623.3,15:50:29,5.320e-06
11624.5,15:50:30,5.320e-06
11625.7,15:50:31,5.320e-06
11626.8,15:50:32,5.320e-06
11628.0,15:50:33,5.320e-06
11629.2,15:50:35,5.320e-06
11630.4,15:50:36,5.320e-06
11631.5,15:50:37,5.320e-06
11632.7,15:50:38,5.310e-06
11633.9,15:50:39,5.310e-06
11635.0,15:50:40,5.310e-06
11636.2,15:50:42,5.310e-06
11637.4,15:50:43,5.310e-06
11638.5,15:50:44,5.300e-06
11639.7,15:50:45,5.300e-06
11640.9,15:50:46,5.300e-06
11642.0,15:50:47,5.300e-06
11643.2,15:50:49,5.300e-06
11644.4,15:50:50,5.300e-06
11645.5,15:50:51,5.300e-06
11646.7,15:50:52,5.300e-06
11647.9,15:50:53,5.300e-06
11649.0,15:50:54,5.290e-06
11650.2,15:50:56,5.290e-06
11651.4,15:50:57,5.290e-06
11652.5,15:50:58,5.290e-06
11653.7,15:50:59,5.290e-06
11654.9,15:51:00,5.280e-06
11656.1,15:51:02,5.280e-06
11657.2,15:51:03,5.280e-06
11658.4,15:51:04,5.280e-06
11659.6,15:51:05,5.280e-06
11660.7,15:51:06,5.280e-06
11661.9,15:51:07,5.280e-06
11663.1,15:51:08,5.280e-06
11664.2,15:51:10,5.270e-06
11665.4,15:51:11,5.270e-06
11666.6,15:51:12,5.270e-06
11667.7,15:51:13,5.270e-06
11668.9,15:51:14,5.270e-06
11670.1,15:51:16,5.260e-06
11671.2,15:51:17,5.260e-06
11672.4,15:51:18,5.260e-06
11673.6,15:51:19,5.260e-06
11674.7,15:51:20,5.260e-06
11675.9,15:51:21,5.260e-06
11677.1,15:51:23,5.250e-06
11678.3,15:51:24,5.250e-06
11679.4,15:51:25,5.250e-06
11680.6,15:51:26,5.250e-06
11681.7,15:51:27,5.250e-06
11682.9,15:51:28,5.250e-06
11684.1,15:51:30,5.250e-06
11685.2,15:51:31,5.250e-06
11686.4,15:51:32,5.250e-06
11687.6,15:51:33,5.240e-06
11688.8,15:51:34,5.240e-06
11689.9,15:51:35,5.240e-06
11691.1,15:51:37,5.240e-06
11692.2,15:51:38,5.230e-06
11693.4,15:51:39,5.230e-06
11694.6,15:51:40,5.230e-06
11695.7,15:51:41,5.230e-06
11696.9,15:51:42,5.230e-06
11698.1,15:51:44,5.230e-06
11699.2,15:51:45,5.230e-06
11700.4,15:51:46,5.230e-06
11701.6,15:51:47,5.230e-06
11702.7,15:51:48,5.230e-06
11703.9,15:51:49,5.230e-06
11705.1,15:51:51,5.220e-06
11706.3,15:51:52,5.220e-06
11707.4,15:51:53,5.220e-06
11708.6,15:51:54,5.220e-06
11709.8,15:51:55,5.220e-06
11710.9,15:51:56,5.220e-06
11712.1,15:51:58,5.210e-06
11713.3,15:51:59,5.210e-06
11714.4,15:52:00,5.210e-06
11715.6,15:52:01,5.210e-06
11716.8,15:52:02,5.210e-06
11717.9,15:52:03,5.210e-06
11719.1,15:52:05,5.190e-06
11720.3,15:52:06,5.190e-06
11721.4,15:52:07,5.180e-06
11722.6,15:52:08,5.180e-06
11723.8,15:52:09,5.180e-06
11724.9,15:52:10,5.180e-06
11726.1,15:52:12,5.180e-06
11727.3,15:52:13,5.170e-06
11728.4,15:52:14,5.170e-06
11729.6,15:52:15,5.170e-06
11730.8,15:52:16,5.170e-06
11731.9,15:52:17,5.170e-06
11733.1,15:52:19,5.160e-06
11734.3,15:52:20,5.170e-06
11735.4,15:52:21,5.160e-06
11736.6,15:52:22,5.160e-06
11737.8,15:52:23,5.160e-06
11738.9,15:52:24,5.160e-06
11740.1,15:52:26,5.160e-06
11741.3,15:52:27,5.160e-06
11742.4,15:52:28,5.160e-06
11743.6,15:52:29,5.160e-06
11744.8,15:52:30,5.160e-06
11746.0,15:52:31,5.150e-06
11747.1,15:52:33,5.150e-06
11748.3,15:52:34,5.150e-06
11749.4,15:52:35,5.150e-06
11750.6,15:52:36,5.150e-06
11751.8,15:52:37,5.150e-06
11752.9,15:52:38,5.150e-06
11754.1,15:52:40,5.140e-06
11755.3,15:52:41,5.150e-06
11756.5,15:52:42,5.140e-06
11757.6,15:52:43,5.140e-06
11758.8,15:52:44,5.140e-06
11760.0,15:52:45,5.140e-06
11761.1,15:52:47,5.140e-06
11762.3,15:52:48,5.140e-06
11763.5,15:52:49,5.140e-06
11764.7,15:52:50,5.130e-06
11765.8,15:52:51,5.130e-06
11767.0,15:52:52,5.130e-06
11768.2,15:52:54,5.130e-06
11769.3,15:52:55,5.130e-06
11770.5,15:52:56,5.130e-06
11771.6,15:52:57,5.130e-06
11772.8,15:52:58,5.120e-06
11774.0,15:52:59,5.120e-06
11775.2,15:53:01,5.120e-06
11776.4,15:53:02,5.120e-06
11777.5,15:53:03,5.120e-06
11778.7,15:53:04,5.120e-06
11779.9,15:53:05,5.120e-06
11781.0,15:53:06,5.120e-06
11782.2,15:53:08,5.110e-06
11783.4,15:53:09,5.110e-06
11784.5,15:53:10,5.110e-06
11785.7,15:53:11,5.110e-06
11786.8,15:53:12,5.110e-06
11788.0,15:53:13,5.110e-06
11789.2,15:53:15,5.110e-06
11790.3,15:53:16,5.110e-06
11791.5,15:53:17,5.100e-06
11792.7,15:53:18,5.100e-06
11793.9,15:53:19,5.100e-06
11795.0,15:53:20,5.100e-06
11796.2,15:53:22,5.100e-06
11797.4,15:53:23,5.100e-06
11798.5,15:53:24,5.100e-06
11799.7,15:53:25,5.090e-06
11800.9,15:53:26,5.090e-06
11802.1,15:53:28,5.090e-06
11803.2,15:53:29,5.090e-06
11804.4,15:53:30,5.090e-06
11805.6,15:53:31,5.090e-06
11806.7,15:53:32,5.090e-06
11807.9,15:53:33,5.090e-06
11809.1,15:53:35,5.090e-06
11810.2,15:53:36,5.080e-06
11811.4,15:53:37,5.080e-06
11812.6,15:53:38,5.080e-06
11813.7,15:53:39,5.080e-06
11814.9,15:53:40,5.080e-06
11816.1,15:53:42,5.080e-06
11817.2,15:53:43,5.070e-06
11818.4,15:53:44,5.070e-06
11819.6,15:53:45,5.070e-06
11820.7,15:53:46,5.070e-06
11821.9,15:53:47,5.070e-06
11823.1,15:53:49,5.070e-06
11824.2,15:53:50,5.070e-06
11825.4,15:53:51,5.070e-06
11826.6,15:53:52,5.070e-06
11827.7,15:53:53,5.070e-06
11828.9,15:53:54,5.070e-06
11830.1,15:53:56,5.070e-06
11831.2,15:53:57,5.060e-06
11832.4,15:53:58,5.060e-06
11833.6,15:53:59,5.060e-06
11834.7,15:54:00,5.060e-06
11835.9,15:54:01,5.060e-06
11837.1,15:54:02,5.060e-06
11838.2,15:54:04,5.060e-06
11839.4,15:54:05,5.060e-06
11840.6,15:54:06,5.060e-06
11841.7,15:54:07,5.050e-06
11842.9,15:54:08,5.050e-06
11844.1,15:54:09,5.050e-06
11845.2,15:54:11,5.050e-06
11846.4,15:54:12,5.050e-06
11847.6,15:54:13,5.050e-06
11848.7,15:54:14,5.050e-06
11849.9,15:54:15,5.050e-06
11851.1,15:54:16,5.030e-06
11852.2,15:54:18,5.030e-06
11853.4,15:54:19,5.020e-06
11854.6,15:54:20,5.020e-06
11855.7,15:54:21,5.020e-06
11856.9,15:54:22,5.020e-06
11858.1,15:54:23,5.020e-06
11859.2,15:54:25,5.020e-06
11860.4,15:54:26,5.020e-06
11861.6,15:54:27,5.020e-06
11862.7,15:54:28,5.010e-06
11863.9,15:54:29,5.010e-06
11865.1,15:54:31,5.010e-06
11866.2,15:54:32,5.010e-06
11867.4,15:54:33,5.010e-06
11868.6,15:54:34,5.010e-06
11869.7,15:54:35,5.010e-06
11870.9,15:54:36,5.000e-06
11872.1,15:54:37,5.000e-06
11873.2,15:54:39,5.000e-06
11874.4,15:54:40,5.000e-06
11875.5,15:54:41,5.000e-06
11876.7,15:54:42,5.000e-06
11877.9,15:54:43,5.000e-06
11879.1,15:54:44,5.000e-06
11880.2,15:54:46,5.000e-06
11881.4,15:54:47,5.000e-06
11882.6,15:54:48,5.000e-06
11883.7,15:54:49,4.990e-06
11884.9,15:54:50,4.990e-06
11886.0,15:54:51,4.990e-06
11887.2,15:54:53,4.990e-06
11888.4,15:54:54,4.990e-06
11889.5,15:54:55,4.990e-06
11890.7,15:54:56,4.990e-06
11891.9,15:54:57,4.980e-06
11893.1,15:54:58,4.980e-06
11894.2,15:55:00,4.980e-06
11895.4,15:55:01,4.980e-06
11896.6,15:55:02,4.980e-06
11897.7,15:55:03,4.980e-06
11898.9,15:55:04,4.980e-06
11900.1,15:55:06,4.980e-06
11901.2,15:55:07,4.980e-06
11902.4,15:55:08,4.980e-06
11903.6,15:55:09,4.980e-06
11904.7,15:55:10,4.980e-06
11905.9,15:55:11,4.980e-06
11907.1,15:55:13,4.980e-06
11908.3,15:55:14,4.970e-06
11909.4,15:55:15,4.970e-06
11910.6,15:55:16,4.970e-06
11911.8,15:55:17,4.970e-06
11912.9,15:55:18,4.970e-06
11914.1,15:55:20,4.970e-06
11915.3,15:55:21,4.970e-06
11916.4,15:55:22,4.970e-06
11917.6,15:55:23,4.960e-06
11918.8,15:55:24,4.960e-06
11920.0,15:55:25,4.960e-06
11921.1,15:55:27,4.960e-06
11922.3,15:55:28,4.960e-06
11923.4,15:55:29,4.960e-06
11924.6,15:55:30,4.960e-06
11925.8,15:55:31,4.960e-06
11926.9,15:55:32,4.960e-06
11928.1,15:55:34,4.960e-06
11929.3,15:55:35,4.950e-06
11930.5,15:55:36,4.950e-06
11931.6,15:55:37,4.950e-06
11932.8,15:55:38,4.950e-06
11934.0,15:55:39,4.950e-06
11935.1,15:55:41,4.950e-06
11936.3,15:55:42,4.950e-06
11937.5,15:55:43,4.950e-06
11938.6,15:55:44,4.950e-06
11939.8,15:55:45,4.940e-06
11941.0,15:55:46,4.940e-06
11942.1,15:55:48,4.940e-06
11943.3,15:55:49,4.940e-06
11944.5,15:55:50,4.940e-06
11945.6,15:55:51,4.940e-06
11946.8,15:55:52,4.940e-06
11948.0,15:55:53,4.940e-06
11949.1,15:55:55,4.940e-06
11950.3,15:55:56,4.930e-06
11951.5,15:55:57,4.930e-06
11952.6,15:55:58,4.930e-06
11953.8,15:55:59,4.930e-06
11955.0,15:56:00,4.930e-06
11956.1,15:56:02,4.930e-06
11957.3,15:56:03,4.930e-06
11958.5,15:56:04,4.930e-06
11959.6,15:56:05,4.930e-06
11960.8,15:56:06,4.930e-06
11962.0,15:56:07,4.930e-06
11963.1,15:56:09,4.930e-06
11964.3,15:56:10,4.920e-06
11965.5,15:56:11,4.920e-06
11966.6,15:56:12,4.920e-06
11967.8,15:56:13,4.920e-06
11969.0,15:56:14,4.920e-06
11970.2,15:56:16,4.920e-06
11971.3,15:56:17,4.920e-06
11972.5,15:56:18,4.920e-06
11973.7,15:56:19,4.900e-06
11974.8,15:56:20,4.890e-06
11976.0,15:56:21,4.890e-06
11977.2,15:56:23,4.890e-06
11978.4,15:56:24,4.890e-06
11979.5,15:56:25,4.890e-06
11980.7,15:56:26,4.890e-06
11981.9,15:56:27,4.890e-06
11983.0,15:56:28,4.890e-06
11984.2,15:56:30,4.890e-06
11985.4,15:56:31,4.880e-06
11986.5,15:56:32,4.880e-06
11987.7,15:56:33,4.880e-06
11988.9,15:56:34,4.880e-06
11990.0,15:56:35,4.880e-06
11991.2,15:56:37,4.880e-06
11992.4,15:56:38,4.880e-06
11993.5,15:56:39,4.880e-06
11994.7,15:56:40,4.880e-06
11995.9,15:56:41,4.870e-06
11997.0,15:56:42,4.870e-06
11998.2,15:56:44,4.870e-06
11999.4,15:56:45,4.870e-06
12000.5,15:56:46,4.870e-06
12001.7,15:56:47,4.870e-06
12002.9,15:56:48,4.870e-06
12004.0,15:56:49,4.870e-06
12005.2,15:56:51,4.870e-06
12006.4,15:56:52,4.870e-06
12007.6,15:56:53,4.870e-06
12008.7,15:56:54,4.870e-06
12009.9,15:56:55,4.870e-06
12011.1,15:56:56,4.860e-06
12012.2,15:56:58,4.860e-06
12013.4,15:56:59,4.860e-06
12014.6,15:57:00,4.860e-06
12015.7,15:57:01,4.860e-06
12016.9,15:57:02,4.860e-06
12018.1,15:57:04,4.850e-06
12019.2,15:57:05,4.860e-06
12020.4,15:57:06,4.850e-06
12021.6,15:57:07,4.850e-06
12022.7,15:57:08,4.850e-06
12023.9,15:57:09,4.850e-06
12025.1,15:57:11,4.850e-06
12026.2,15:57:12,4.850e-06
12027.4,15:57:13,4.850e-06
12028.6,15:57:14,4.840e-06
12029.7,15:57:15,4.840e-06
12030.9,15:57:16,4.840e-06
12032.1,15:57:18,4.840e-06
12033.3,15:57:19,4.840e-06
12034.4,15:57:20,4.840e-06
12035.6,15:57:21,4.840e-06
12036.8,15:57:22,4.840e-06
12037.9,15:57:23,4.840e-06
12039.1,15:57:25,4.840e-06
12040.3,15:57:26,4.840e-06
12041.4,15:57:27,4.840e-06
12042.6,15:57:28,4.830e-06
12043.8,15:57:29,4.830e-06
12044.9,15:57:30,4.830e-06
12046.1,15:57:32,4.830e-06
12047.3,15:57:33,4.830e-06
12048.4,15:57:34,4.830e-06
12049.6,15:57:35,4.830e-06
12050.7,15:57:36,4.830e-06
12051.9,15:57:37,4.820e-06
12053.1,15:57:39,4.820e-06
12054.2,15:57:40,4.820e-06
12055.4,15:57:41,4.820e-06
12056.6,15:57:42,4.820e-06
12057.8,15:57:43,4.820e-06
12058.9,15:57:44,4.820e-06
12060.1,15:57:46,4.820e-06
12061.3,15:57:47,4.820e-06
12062.5,15:57:48,4.820e-06
12063.6,15:57:49,4.820e-06
12064.8,15:57:50,4.820e-06
12066.0,15:57:51,4.810e-06
12067.1,15:57:53,4.810e-06
12068.3,15:57:54,4.810e-06
12069.5,15:57:55,4.810e-06
12070.7,15:57:56,4.810e-06
12071.8,15:57:57,4.810e-06
12073.0,15:57:58,4.810e-06
12074.2,15:58:00,4.810e-06
12075.3,15:58:01,4.800e-06
12076.5,15:58:02,4.800e-06
12077.7,15:58:03,4.800e-06
12078.9,15:58:04,4.800e-06
12080.0,15:58:05,4.800e-06
12081.2,15:58:07,4.800e-06
12082.4,15:58:08,4.800e-06
12083.5,15:58:09,4.800e-06
12084.7,15:58:10,4.800e-06
12085.9,15:58:11,4.800e-06
12087.0,15:58:12,4.800e-06
12088.2,15:58:14,4.800e-06
12089.4,15:58:15,4.800e-06
12090.5,15:58:16,4.790e-06
12091.7,15:58:17,4.790e-06
12092.9,15:58:18,4.790e-06
12094.0,15:58:19,4.790e-06
12095.2,15:58:21,4.790e-06
12096.4,15:58:22,4.790e-06
12097.5,15:58:23,4.790e-06
12098.7,15:58:24,4.790e-06
12099.9,15:58:25,4.790e-06
12101.1,15:58:26,4.790e-06
12102.2,15:58:28,4.780e-06
12103.4,15:58:29,4.770e-06
12104.6,15:58:30,4.760e-06
12105.7,15:58:31,4.760e-06
12106.9,15:58:32,4.760e-06
12108.1,15:58:33,4.760e-06
12109.2,15:58:35,4.750e-06
12110.4,15:58:36,4.750e-06
12111.6,15:58:37,4.750e-06
12112.7,15:58:38,4.750e-06
12113.9,15:58:39,4.750e-06
12115.1,15:58:40,4.750e-06
12116.2,15:58:42,4.750e-06
12117.4,15:58:43,4.750e-06
12118.5,15:58:44,4.750e-06
12119.7,15:58:45,4.750e-06
12120.9,15:58:46,4.750e-06
12122.1,15:58:47,4.750e-06
12123.2,15:58:49,4.750e-06
12124.4,15:58:50,4.750e-06
12125.6,15:58:51,4.750e-06
12126.7,15:58:52,4.750e-06
12127.9,15:58:53,4.740e-06
12129.1,15:58:55,4.740e-06
12130.2,15:58:56,4.740e-06
12131.4,15:58:57,4.740e-06
12132.6,15:58:58,4.740e-06
12133.7,15:58:59,4.740e-06
12134.9,15:59:00,4.740e-06
12136.1,15:59:02,4.740e-06
12137.2,15:59:03,4.740e-06
12138.4,15:59:04,4.740e-06
12139.6,15:59:05,4.730e-06
12140.8,15:59:06,4.730e-06
12141.9,15:59:07,4.730e-06
12143.1,15:59:09,4.730e-06
12144.3,15:59:10,4.730e-06
12145.4,15:59:11,4.730e-06
12146.6,15:59:12,4.730e-06
12147.8,15:59:13,4.730e-06
12148.9,15:59:14,4.730e-06
12150.1,15:59:16,4.730e-06
12151.3,15:59:17,4.730e-06
12152.4,15:59:18,4.730e-06
12153.6,15:59:19,4.730e-06
12154.8,15:59:20,4.720e-06
12156.0,15:59:21,4.730e-06
12157.1,15:59:23,4.730e-06
12158.3,15:59:24,4.720e-06
12159.5,15:59:25,4.720e-06
12160.7,15:59:26,4.720e-06
12161.8,15:59:27,4.720e-06
12163.0,15:59:28,4.720e-06
12164.2,15:59:30,4.720e-06
12165.3,15:59:31,4.720e-06
12166.5,15:59:32,4.720e-06
12167.7,15:59:33,4.720e-06
12168.9,15:59:34,4.720e-06
12170.0,15:59:35,4.710e-06
12171.2,15:59:37,4.710e-06
12172.3,15:59:38,4.710e-06
12173.5,15:59:39,4.710e-06
12174.7,15:59:40,4.710e-06
12175.8,15:59:41,4.710e-06
12177.0,15:59:42,4.710e-06
12178.2,15:59:44,4.710e-06
12179.3,15:59:45,4.710e-06
12180.5,15:59:46,4.710e-06
12181.7,15:59:47,4.710e-06
12182.9,15:59:48,4.710e-06
12184.0,15:59:49,4.710e-06
12185.2,15:59:51,4.710e-06
12186.4,15:59:52,4.710e-06
12187.5,15:59:53,4.710e-06
12188.7,15:59:54,4.700e-06
12189.9,15:59:55,4.700e-06
12191.0,15:59:56,4.700e-06
12192.2,15:59:58,4.700e-06
12193.4,15:59:59,4.700e-06
12194.6,16:00:00,4.700e-06
12195.7,16:00:01,4.700e-06
12196.9,16:00:02,4.700e-06
12198.1,16:00:03,4.700e-06
12199.2,16:00:05,4.690e-06
12200.4,16:00:06,4.690e-06
12201.6,16:00:07,4.690e-06
12202.7,16:00:08,4.690e-06
12203.9,16:00:09,4.690e-06
12205.0,16:00:10,4.690e-06
12206.2,16:00:12,4.690e-06
12207.4,16:00:13,4.690e-06
12208.5,16:00:14,4.690e-06
12209.7,16:00:15,4.690e-06
12210.9,16:00:16,4.690e-06
12212.0,16:00:17,4.690e-06
12213.2,16:00:19,4.690e-06
12214.4,16:00:20,4.690e-06
12215.5,16:00:21,4.690e-06
12216.7,16:00:22,4.680e-06
12217.9,16:00:23,4.680e-06
12219.0,16:00:24,4.680e-06
12220.2,16:00:26,4.680e-06
12221.4,16:00:27,4.680e-06
12222.5,16:00:28,4.680e-06
12223.7,16:00:29,4.680e-06
12224.9,16:00:30,4.680e-06
12226.0,16:00:31,4.680e-06
12227.2,16:00:33,4.680e-06
12228.4,16:00:34,4.680e-06
12229.5,16:00:35,4.680e-06
12230.7,16:00:36,4.680e-06
12231.9,16:00:37,4.660e-06
12233.0,16:00:38,4.660e-06
12234.2,16:00:40,4.660e-06
12235.4,16:00:41,4.660e-06
12236.5,16:00:42,4.660e-06
12237.7,16:00:43,4.650e-06
12238.9,16:00:44,4.650e-06
12240.0,16:00:45,4.650e-06
12241.2,16:00:47,4.650e-06
12242.4,16:00:48,4.650e-06
12243.5,16:00:49,4.650e-06
12244.7,16:00:50,4.650e-06
12245.9,16:00:51,4.650e-06
12247.0,16:00:52,4.650e-06
12248.2,16:00:54,4.650e-06
12249.4,16:00:55,4.650e-06
12250.6,16:00:56,4.650e-06
12251.7,16:00:57,4.650e-06
12252.9,16:00:58,4.650e-06
12254.1,16:01:00,4.650e-06
12255.2,16:01:01,4.650e-06
12256.4,16:01:02,4.650e-06
12257.6,16:01:03,4.640e-06
12258.8,16:01:04,4.640e-06
12259.9,16:01:05,4.640e-06
12261.1,16:01:07,4.640e-06
12262.3,16:01:08,4.640e-06
12263.4,16:01:09,4.640e-06
12264.6,16:01:10,4.640e-06
12265.8,16:01:11,4.640e-06
12267.0,16:01:12,4.640e-06
12268.1,16:01:14,4.640e-06
12269.3,16:01:15,4.640e-06
12270.5,16:01:16,4.640e-06
12271.6,16:01:17,4.640e-06
12272.8,16:01:18,4.640e-06
12274.0,16:01:19,4.640e-06
12275.1,16:01:21,4.640e-06
12276.3,16:01:22,4.640e-06
12277.5,16:01:23,4.640e-06
12278.6,16:01:24,4.640e-06
12279.8,16:01:25,4.640e-06
12281.0,16:01:26,4.640e-06
12282.1,16:01:28,4.640e-06
12283.3,16:01:29,4.640e-06
12284.5,16:01:30,4.640e-06
12285.6,16:01:31,4.640e-06
12286.8,16:01:32,4.640e-06
12288.0,16:01:33,4.630e-06
12289.1,16:01:35,4.630e-06
12290.3,16:01:36,4.630e-06
12291.5,16:01:37,4.630e-06
12292.6,16:01:38,4.630e-06
12293.8,16:01:39,4.630e-06
12295.0,16:01:40,4.630e-06
12296.1,16:01:42,4.630e-06
12297.3,16:01:43,4.630e-06
12298.5,16:01:44,4.630e-06
12299.6,16:01:45,4.630e-06
12300.8,16:01:46,4.630e-06
12302.0,16:01:47,4.630e-06
12303.1,16:01:49,4.630e-06
12304.3,16:01:50,4.630e-06
12305.5,16:01:51,4.630e-06
12306.6,16:01:52,4.630e-06
12307.8,16:01:53,4.620e-06
12309.0,16:01:54,4.620e-06
12310.2,16:01:56,4.620e-06
12311.3,16:01:57,4.620e-06
12312.5,16:01:58,4.620e-06
12313.7,16:01:59,4.620e-06
12314.8,16:02:00,4.620e-06
12316.0,16:02:01,4.620e-06
12317.1,16:02:03,4.620e-06
12318.3,16:02:04,4.620e-06
12319.5,16:02:05,4.620e-06
12320.7,16:02:06,4.620e-06
12321.8,16:02:07,4.620e-06
12323.0,16:02:08,4.620e-06
12324.2,16:02:10,4.620e-06
12325.3,16:02:11,4.620e-06
12326.5,16:02:12,4.620e-06
12327.7,16:02:13,4.620e-06
12328.9,16:02:14,4.620e-06
12330.0,16:02:15,4.620e-06
12331.2,16:02:17,4.620e-06
12332.4,16:02:18,4.620e-06
12333.5,16:02:19,4.610e-06
12334.7,16:02:20,4.610e-06
12335.9,16:02:21,4.610e-06
12337.1,16:02:23,4.610e-06
12338.2,16:02:24,4.610e-06
12339.4,16:02:25,4.610e-06
12340.6,16:02:26,4.610e-06
12341.8,16:02:27,4.610e-06
12342.9,16:02:28,4.610e-06
12344.1,16:02:30,4.610e-06
12345.3,16:02:31,4.610e-06
12346.4,16:02:32,4.610e-06
12347.6,16:02:33,4.610e-06
12348.8,16:02:34,4.610e-06
12349.9,16:02:35,4.610e-06
12351.1,16:02:37,4.610e-06
12352.3,16:02:38,4.590e-06
12353.5,16:02:39,4.590e-06
12354.6,16:02:40,4.590e-06
12355.8,16:02:41,4.590e-06
12357.0,16:02:42,4.580e-06
12358.1,16:02:44,4.580e-06
12359.3,16:02:45,4.580e-06
12360.5,16:02:46,4.580e-06
12361.6,16:02:47,4.580e-06
12362.8,16:02:48,4.580e-06
12364.0,16:02:49,4.580e-06
12365.2,16:02:51,4.580e-06
12366.3,16:02:52,4.580e-06
12367.5,16:02:53,4.580e-06
12368.7,16:02:54,4.580e-06
12369.8,16:02:55,4.580e-06
12371.0,16:02:56,4.580e-06
12372.2,16:02:58,4.570e-06
12373.3,16:02:59,4.580e-06
12374.5,16:03:00,4.570e-06
12375.7,16:03:01,4.570e-06
12376.8,16:03:02,4.570e-06
12378.0,16:03:03,4.570e-06
12379.2,16:03:05,4.570e-06
12380.3,16:03:06,4.570e-06
12381.5,16:03:07,4.570e-06
12382.7,16:03:08,4.570e-06
12383.8,16:03:09,4.570e-06
12385.0,16:03:10,4.570e-06
12386.2,16:03:12,4.570e-06
12387.4,16:03:13,4.570e-06
12388.5,16:03:14,4.570e-06
12389.7,16:03:15,4.570e-06
12390.9,16:03:16,4.570e-06
12392.1,16:03:18,4.570e-06
12393.2,16:03:19,4.570e-06
12394.4,16:03:20,4.570e-06
12395.6,16:03:21,4.570e-06
12396.7,16:03:22,4.570e-06
12397.9,16:03:23,4.570e-06
12399.0,16:03:24,4.560e-06
12400.2,16:03:26,4.560e-06
12401.4,16:03:27,4.560e-06
12402.6,16:03:28,4.560e-06
12403.7,16:03:29,4.560e-06
12404.9,16:03:30,4.560e-06
12406.1,16:03:32,4.560e-06
12407.2,16:03:33,4.560e-06
12408.4,16:03:34,4.560e-06
12409.6,16:03:35,4.560e-06
12410.8,16:03:36,4.560e-06
12411.9,16:03:37,4.560e-06
12413.1,16:03:39,4.550e-06
12414.3,16:03:40,4.550e-06
12415.4,16:03:41,4.550e-06
12416.6,16:03:42,4.550e-06
12417.8,16:03:43,4.550e-06
12418.9,16:03:44,4.550e-06
12420.1,16:03:46,4.550e-06
12421.3,16:03:47,4.550e-06
12422.4,16:03:48,4.550e-06
12423.6,16:03:49,4.550e-06
12424.8,16:03:50,4.550e-06
12425.9,16:03:51,4.550e-06
12427.1,16:03:53,4.550e-06
12428.3,16:03:54,4.550e-06
12429.4,16:03:55,4.550e-06
12430.6,16:03:56,4.550e-06
12431.7,16:03:57,4.540e-06
12432.9,16:03:58,4.540e-06
12434.1,16:04:00,4.540e-06
12435.2,16:04:01,4.540e-06
12436.4,16:04:02,4.540e-06
12437.6,16:04:03,4.540e-06
12438.8,16:04:04,4.540e-06
12439.9,16:04:05,4.540e-06
12441.1,16:04:07,4.540e-06
12442.3,16:04:08,4.540e-06
12443.4,16:04:09,4.540e-06
12444.6,16:04:10,4.540e-06
12445.8,16:04:11,4.540e-06
12446.9,16:04:12,4.540e-06
12448.1,16:04:14,4.540e-06
12449.3,16:04:15,4.540e-06
12450.5,16:04:16,4.540e-06
12451.6,16:04:17,4.540e-06
12452.8,16:04:18,4.540e-06
12454.0,16:04:19,4.540e-06
12455.1,16:04:21,4.540e-06
12456.3,16:04:22,4.540e-06
12457.5,16:04:23,4.540e-06
12458.6,16:04:24,4.540e-06
12459.8,16:04:25,4.540e-06
12461.0,16:04:26,4.540e-06
12462.1,16:04:28,4.540e-06
12463.3,16:04:29,4.540e-06
12464.5,16:04:30,4.540e-06
12465.6,16:04:31,4.540e-06
12466.8,16:04:32,4.540e-06
12468.0,16:04:33,4.540e-06
12469.1,16:04:35,4.540e-06
12470.3,16:04:36,4.530e-06
12471.5,16:04:37,4.530e-06
12472.6,16:04:38,4.530e-06
12473.8,16:04:39,4.530e-06
12475.0,16:04:40,4.530e-06
12476.1,16:04:42,4.530e-06
12477.3,16:04:43,4.510e-06
12478.5,16:04:44,4.510e-06
12479.7,16:04:45,4.510e-06
12480.8,16:04:46,4.510e-06
12482.0,16:04:47,4.510e-06
12483.2,16:04:49,4.510e-06
12484.3,16:04:50,4.510e-06
12485.5,16:04:51,4.510e-06
12486.6,16:04:52,4.510e-06
12487.8,16:04:53,4.510e-06
12489.0,16:04:54,4.510e-06
12490.2,16:04:56,4.510e-06
12491.3,16:04:57,4.500e-06
12492.5,16:04:58,4.500e-06
12493.7,16:04:59,4.500e-06
12494.8,16:05:00,4.500e-06
12496.0,16:05:01,4.500e-06
12497.1,16:05:03,4.500e-06
12498.3,16:05:04,4.500e-06
12499.5,16:05:05,4.500e-06
12500.7,16:05:06,4.500e-06
12501.9,16:05:07,4.500e-06
12503.0,16:05:08,4.500e-06
12504.2,16:05:10,4.490e-06
12505.4,16:05:11,4.490e-06
12506.5,16:05:12,4.490e-06
12507.7,16:05:13,4.490e-06
12508.9,16:05:14,4.490e-06
12510.0,16:05:15,4.490e-06
12511.2,16:05:17,4.490e-06
12512.4,16:05:18,4.490e-06
12513.5,16:05:19,4.490e-06
12514.7,16:05:20,4.490e-06
12515.9,16:05:21,4.490e-06
12517.0,16:05:22,4.490e-06
12518.2,16:05:24,4.490e-06
12519.4,16:05:25,4.490e-06
12520.5,16:05:26,4.490e-06
12521.7,16:05:27,4.480e-06
12522.9,16:05:28,4.480e-06
12524.0,16:05:29,4.480e-06
12525.2,16:05:31,4.480e-06
12526.4,16:05:32,4.480e-06
12527.5,16:05:33,4.480e-06
12528.7,16:05:34,4.480e-06
12529.9,16:05:35,4.480e-06
12531.1,16:05:37,4.480e-06
12532.2,16:05:38,4.480e-06
12533.4,16:05:39,4.480e-06
12534.6,16:05:40,4.480e-06
12535.8,16:05:41,4.480e-06
12536.9,16:05:42,4.470e-06
12538.1,16:05:44,4.480e-06
12539.2,16:05:45,4.470e-06
12540.4,16:05:46,4.480e-06
12541.6,16:05:47,4.470e-06
12542.7,16:05:48,4.470e-06
12543.9,16:05:49,4.470e-06
12545.1,16:05:51,4.470e-06
12546.2,16:05:52,4.470e-06
12547.4,16:05:53,4.470e-06
12548.6,16:05:54,4.470e-06
12549.7,16:05:55,4.470e-06
12550.9,16:05:56,4.470e-06
12552.1,16:05:58,4.470e-06
12553.3,16:05:59,4.470e-06
12554.4,16:06:00,4.470e-06
12555.6,16:06:01,4.470e-06
12556.8,16:06:02,4.470e-06
12557.9,16:06:03,4.470e-06
12559.1,16:06:05,4.470e-06
12560.3,16:06:06,4.470e-06
12561.4,16:06:07,4.470e-06
12562.6,16:06:08,4.470e-06
12563.8,16:06:09,4.460e-06
12565.0,16:06:10,4.460e-06
12566.1,16:06:12,4.460e-06
12567.3,16:06:13,4.460e-06
12568.4,16:06:14,4.460e-06
12569.6,16:06:15,4.460e-06
12570.8,16:06:16,4.460e-06
12571.9,16:06:17,4.460e-06
12573.1,16:06:19,4.460e-06
12574.3,16:06:20,4.460e-06
12575.5,16:06:21,4.460e-06
12576.6,16:06:22,4.460e-06
12577.8,16:06:23,4.460e-06
12579.0,16:06:24,4.460e-06
12580.1,16:06:26,4.460e-06
12581.3,16:06:27,4.460e-06
12582.5,16:06:28,4.460e-06
12583.6,16:06:29,4.460e-06
12584.8,16:06:30,4.460e-06
12586.0,16:06:31,4.460e-06
12587.2,16:06:33,4.460e-06
12588.3,16:06:34,4.460e-06
12589.5,16:06:35,4.450e-06
12590.7,16:06:36,4.450e-06
12591.8,16:06:37,4.450e-06
12593.0,16:06:38,4.450e-06
12594.2,16:06:40,4.450e-06
12595.3,16:06:41,4.450e-06
12596.5,16:06:42,4.450e-06
12597.7,16:06:43,4.450e-06
12598.8,16:06:44,4.430e-06
12600.0,16:06:45,4.420e-06
12601.2,16:06:47,4.420e-06
12602.4,16:06:48,4.420e-06
12603.5,16:06:49,4.420e-06
12604.7,16:06:50,4.420e-06
12605.9,16:06:51,4.420e-06
12607.0,16:06:52,4.420e-06
12608.2,16:06:54,4.420e-06
12609.4,16:06:55,4.420e-06
12610.5,16:06:56,4.420e-06
12611.7,16:06:57,4.420e-06
12612.9,16:06:58,4.420e-06
12614.1,16:06:59,4.420e-06
12615.2,16:07:01,4.420e-06
12616.4,16:07:02,4.420e-06
12617.5,16:07:03,4.420e-06
12618.7,16:07:04,4.420e-06
12619.9,16:07:05,4.420e-06
12621.0,16:07:06,4.420e-06
12622.2,16:07:08,4.420e-06
12623.4,16:07:09,4.420e-06
12624.5,16:07:10,4.410e-06
12625.7,16:07:11,4.420e-06
12626.9,16:07:12,4.410e-06
12628.1,16:07:13,4.420e-06
12629.2,16:07:15,4.410e-06
12630.4,16:07:16,4.410e-06
12631.5,16:07:17,4.410e-06
12632.7,16:07:18,4.410e-06
12633.9,16:07:19,4.410e-06
12635.1,16:07:21,4.410e-06
12636.2,16:07:22,4.410e-06
12637.4,16:07:23,4.410e-06
12638.6,16:07:24,4.410e-06
12639.7,16:07:25,4.410e-06
12640.9,16:07:26,4.410e-06
12642.1,16:07:28,4.410e-06
12643.3,16:07:29,4.410e-06
12644.4,16:07:30,4.410e-06
12645.6,16:07:31,4.400e-06
12646.8,16:07:32,4.400e-06
12647.9,16:07:33,4.400e-06
12649.1,16:07:35,4.400e-06
12650.3,16:07:36,4.400e-06
12651.4,16:07:37,4.400e-06
12652.6,16:07:38,4.400e-06
12653.8,16:07:39,4.400e-06
12654.9,16:07:40,4.400e-06
12656.1,16:07:42,4.400e-06
12657.3,16:07:43,4.400e-06
12658.4,16:07:44,4.400e-06
12659.6,16:07:45,4.400e-06
12660.8,16:07:46,4.400e-06
12661.9,16:07:47,4.400e-06
12663.1,16:07:49,4.400e-06
12664.3,16:07:50,4.400e-06
12665.4,16:07:51,4.400e-06
12666.6,16:07:52,4.400e-06
12667.8,16:07:53,4.400e-06
12668.9,16:07:54,4.390e-06
12670.1,16:07:56,4.390e-06
12671.3,16:07:57,4.390e-06
12672.4,16:07:58,4.390e-06
12673.6,16:07:59,4.390e-06
12674.8,16:08:00,4.390e-06
12675.9,16:08:01,4.390e-06
12677.1,16:08:03,4.390e-06
12678.3,16:08:04,4.390e-06
12679.4,16:08:05,4.390e-06
12680.6,16:08:06,4.390e-06
12681.8,16:08:07,4.390e-06
12682.9,16:08:08,4.380e-06
12684.1,16:08:10,4.390e-06
12685.3,16:08:11,4.380e-06
12686.4,16:08:12,4.380e-06
12687.6,16:08:13,4.380e-06
12688.8,16:08:14,4.380e-06
12690.0,16:08:15,4.380e-06
12691.1,16:08:17,4.380e-06
12692.3,16:08:18,4.380e-06
12693.5,16:08:19,4.380e-06
12694.6,16:08:20,4.380e-06
12695.8,16:08:21,4.380e-06
12697.0,16:08:22,4.380e-06
12698.1,16:08:24,4.380e-06
12699.3,16:08:25,4.370e-06
12700.5,16:08:26,4.370e-06
12701.6,16:08:27,4.380e-06
12702.8,16:08:28,4.370e-06
12704.0,16:08:29,4.370e-06
12705.2,16:08:31,4.370e-06
12706.3,16:08:32,4.370e-06
12707.5,16:08:33,4.370e-06
12708.7,16:08:34,4.370e-06
12709.8,16:08:35,4.370e-06
12711.0,16:08:36,4.370e-06
12712.2,16:08:38,4.370e-06
12713.3,16:08:39,4.370e-06
12714.5,16:08:40,4.370e-06
12715.7,16:08:41,4.370e-06
12716.8,16:08:42,4.370e-06
12718.0,16:08:43,4.370e-06
12719.2,16:08:45,4.370e-06
12720.3,16:08:46,4.350e-06
12721.5,16:08:47,4.340e-06
12722.7,16:08:48,4.340e-06
12723.8,16:08:49,4.340e-06
12725.0,16:08:50,4.340e-06
12726.2,16:08:52,4.340e-06
12727.4,16:08:53,4.340e-06
12728.5,16:08:54,4.340e-06
12729.7,16:08:55,4.340e-06
12730.9,16:08:56,4.340e-06
12732.0,16:08:57,4.340e-06
12733.2,16:08:59,4.340e-06
12734.4,16:09:00,4.340e-06
12735.5,16:09:01,4.340e-06
12736.7,16:09:02,4.340e-06
12737.9,16:09:03,4.330e-06
12739.1,16:09:04,4.330e-06
12740.2,16:09:06,4.330e-06
12741.4,16:09:07,4.330e-06
12742.5,16:09:08,4.330e-06
12743.7,16:09:09,4.330e-06
12744.9,16:09:10,4.330e-06
12746.1,16:09:11,4.330e-06
12747.2,16:09:13,4.330e-06
12748.4,16:09:14,4.330e-06
12749.6,16:09:15,4.330e-06
12750.7,16:09:16,4.330e-06
12751.9,16:09:17,4.330e-06
12753.1,16:09:19,4.330e-06
12754.2,16:09:20,4.330e-06
12755.4,16:09:21,4.330e-06
12756.6,16:09:22,4.330e-06
12757.8,16:09:23,4.330e-06
12758.9,16:09:24,4.330e-06
12760.1,16:09:26,4.330e-06
12761.3,16:09:27,4.330e-06
12762.4,16:09:28,4.330e-06
12763.6,16:09:29,4.320e-06
12764.8,16:09:30,4.320e-06
12765.9,16:09:31,4.320e-06
12767.1,16:09:33,4.320e-06
12768.3,16:09:34,4.320e-06
12769.4,16:09:35,4.320e-06
12770.6,16:09:36,4.320e-06
12771.8,16:09:37,4.320e-06
12773.0,16:09:38,4.320e-06
12774.1,16:09:40,4.320e-06
12775.3,16:09:41,4.320e-06
12776.4,16:09:42,4.320e-06
12777.6,16:09:43,4.310e-06
12778.8,16:09:44,4.320e-06
12779.9,16:09:45,4.310e-06
12781.1,16:09:47,4.320e-06
12782.3,16:09:48,4.310e-06
12783.5,16:09:49,4.310e-06
12784.6,16:09:50,4.310e-06
12785.8,16:09:51,4.310e-06
12787.0,16:09:52,4.310e-06
12788.1,16:09:54,4.310e-06
12789.3,16:09:55,4.310e-06
12790.5,16:09:56,4.310e-06
12791.6,16:09:57,4.310e-06
12792.8,16:09:58,4.310e-06
12794.0,16:09:59,4.310e-06
12795.2,16:10:01,4.310e-06
12796.3,16:10:02,4.310e-06
12797.5,16:10:03,4.310e-06
12798.6,16:10:04,4.310e-06
12799.8,16:10:05,4.310e-06
12801.0,16:10:06,4.310e-06
12802.1,16:10:08,4.310e-06
12803.3,16:10:09,4.310e-06
12804.5,16:10:10,4.310e-06
12805.7,16:10:11,4.310e-06
12806.8,16:10:12,4.310e-06
12808.0,16:10:13,4.310e-06
12809.1,16:10:15,4.310e-06
12810.3,16:10:16,4.310e-06
12811.5,16:10:17,4.310e-06
12812.7,16:10:18,4.310e-06
12813.8,16:10:19,4.310e-06
12815.0,16:10:20,4.310e-06
12816.2,16:10:22,4.310e-06
12817.3,16:10:23,4.310e-06
12818.5,16:10:24,4.310e-06
12819.7,16:10:25,4.310e-06
12820.8,16:10:26,4.310e-06
12822.0,16:10:27,4.310e-06
12823.2,16:10:29,4.310e-06
12824.4,16:10:30,4.310e-06
12825.5,16:10:31,4.310e-06
12826.7,16:10:32,4.300e-06
12827.9,16:10:33,4.310e-06
12829.0,16:10:34,4.300e-06
12830.2,16:10:36,4.300e-06
12831.4,16:10:37,4.300e-06
12832.6,16:10:38,4.300e-06
12833.7,16:10:39,4.300e-06
12834.9,16:10:40,4.300e-06
12836.1,16:10:42,4.300e-06
12837.3,16:10:43,4.300e-06
12838.5,16:10:44,4.300e-06
12839.6,16:10:45,4.300e-06
12840.8,16:10:46,4.300e-06
12842.0,16:10:47,4.300e-06
12843.1,16:10:49,4.300e-06
12844.3,16:10:50,4.300e-06
12845.5,16:10:51,4.300e-06
12846.7,16:10:52,4.300e-06
12847.8,16:10:53,4.290e-06
12849.0,16:10:54,4.280e-06
12850.2,16:10:56,4.270e-06
12851.3,16:10:57,4.270e-06
12852.5,16:10:58,4.270e-06
12853.7,16:10:59,4.270e-06
12854.8,16:11:00,4.270e-06
12856.0,16:11:01,4.270e-06
12857.2,16:11:03,4.270e-06
12858.3,16:11:04,4.270e-06
12859.5,16:11:05,4.260e-06
12860.7,16:11:06,4.270e-06
12861.9,16:11:07,4.270e-06
12863.0,16:11:08,4.270e-06
12864.2,16:11:10,4.260e-06
12865.4,16:11:11,4.260e-06
12866.6,16:11:12,4.260e-06
12867.7,16:11:13,4.260e-06
12868.9,16:11:14,4.260e-06
12870.1,16:11:15,4.260e-06
12871.2,16:11:17,4.260e-06
12872.4,16:11:18,4.260e-06
12873.6,16:11:19,4.260e-06
12874.7,16:11:20,4.260e-06
12875.9,16:11:21,4.260e-06
12877.1,16:11:23,4.260e-06
12878.3,16:11:24,4.260e-06
12879.4,16:11:25,4.260e-06
12880.6,16:11:26,4.260e-06
12881.8,16:11:27,4.260e-06
12882.9,16:11:28,4.260e-06
12884.1,16:11:30,4.260e-06
12885.3,16:11:31,4.260e-06
12886.4,16:11:32,4.260e-06
12887.6,16:11:33,4.260e-06
12888.8,16:11:34,4.260e-06
12889.9,16:11:35,4.260e-06
12891.1,16:11:37,4.260e-06
12892.3,16:11:38,4.250e-06
12893.5,16:11:39,4.250e-06
12894.6,16:11:40,4.250e-06
12895.8,16:11:41,4.250e-06
12897.0,16:11:42,4.250e-06
12898.1,16:11:44,4.250e-06
12899.3,16:11:45,4.250e-06
12900.5,16:11:46,4.250e-06
12901.6,16:11:47,4.250e-06
12902.8,16:11:48,4.250e-06
12904.0,16:11:49,4.250e-06
12905.1,16:11:51,4.250e-06
12906.3,16:11:52,4.250e-06
12907.5,16:11:53,4.250e-06
12908.7,16:11:54,4.250e-06
12909.8,16:11:55,4.250e-06
12911.0,16:11:56,4.250e-06
12912.2,16:11:58,4.250e-06
12913.3,16:11:59,4.240e-06
12914.5,16:12:00,4.250e-06
12915.7,16:12:01,4.250e-06
12916.8,16:12:02,4.240e-06
12918.0,16:12:03,4.240e-06
12919.2,16:12:05,4.240e-06
12920.3,16:12:06,4.240e-06
12921.5,16:12:07,4.240e-06
12922.7,16:12:08,4.240e-06
12923.9,16:12:09,4.240e-06
12925.0,16:12:10,4.240e-06
12926.2,16:12:12,4.240e-06
12927.4,16:12:13,4.240e-06
12928.6,16:12:14,4.240e-06
12929.7,16:12:15,4.240e-06
12930.9,16:12:16,4.240e-06
12932.0,16:12:17,4.240e-06
12933.2,16:12:19,4.240e-06
12934.4,16:12:20,4.240e-06
12935.6,16:12:21,4.240e-06
12936.7,16:12:22,4.240e-06
12937.9,16:12:23,4.240e-06
12939.1,16:12:25,4.240e-06
12940.2,16:12:26,4.240e-06
12941.4,16:12:27,4.240e-06
12942.6,16:12:28,4.240e-06
12943.7,16:12:29,4.240e-06
12944.9,16:12:30,4.240e-06
12946.1,16:12:32,4.240e-06
12947.2,16:12:33,4.240e-06
12948.4,16:12:34,4.230e-06
12949.6,16:12:35,4.230e-06
12950.7,16:12:36,4.230e-06
12951.9,16:12:37,4.230e-06
12953.1,16:12:39,4.230e-06
12954.3,16:12:40,4.230e-06
12955.4,16:12:41,4.230e-06
12956.6,16:12:42,4.230e-06
12957.8,16:12:43,4.230e-06
12958.9,16:12:44,4.230e-06
12960.1,16:12:46,4.230e-06
12961.3,16:12:47,4.230e-06
12962.4,16:12:48,4.230e-06
12963.6,16:12:49,4.230e-06
12964.8,16:12:50,4.230e-06
12965.9,16:12:51,4.220e-06
12967.1,16:12:53,4.230e-06
12968.3,16:12:54,4.230e-06
12969.5,16:12:55,4.230e-06
12970.6,16:12:56,4.230e-06
12971.8,16:12:57,4.220e-06
12973.0,16:12:58,4.220e-06
12974.1,16:13:00,4.220e-06
12975.3,16:13:01,4.220e-06
12976.5,16:13:02,4.200e-06
12977.7,16:13:03,4.200e-06
12978.8,16:13:04,4.200e-06
12980.0,16:13:05,4.200e-06
12981.2,16:13:07,4.200e-06
12982.3,16:13:08,4.200e-06
12983.5,16:13:09,4.200e-06
12984.7,16:13:10,4.190e-06
12985.9,16:13:11,4.190e-06
12987.0,16:13:12,4.190e-06
12988.2,16:13:14,4.190e-06
12989.4,16:13:15,4.190e-06
12990.5,16:13:16,4.190e-06
12991.7,16:13:17,4.190e-06
12992.9,16:13:18,4.190e-06
12994.0,16:13:19,4.190e-06
12995.2,16:13:21,4.190e-06
12996.4,16:13:22,4.190e-06
12997.5,16:13:23,4.190e-06
12998.7,16:13:24,4.190e-06
12999.9,16:13:25,4.190e-06
13001.0,16:13:26,4.190e-06
13002.2,16:13:28,4.190e-06
13003.4,16:13:29,4.190e-06
13004.5,16:13:30,4.190e-06
13005.7,16:13:31,4.190e-06
13006.9,16:13:32,4.190e-06
13008.0,16:13:33,4.190e-06
13009.2,16:13:35,4.190e-06
13010.4,16:13:36,4.190e-06
13011.5,16:13:37,4.190e-06
13012.7,16:13:38,4.180e-06
13013.9,16:13:39,4.190e-06
13015.0,16:13:40,4.190e-06
13016.2,16:13:42,4.180e-06
13017.4,16:13:43,4.180e-06
13018.6,16:13:44,4.180e-06
13019.7,16:13:45,4.180e-06
13020.9,16:13:46,4.180e-06
13022.1,16:13:48,4.180e-06
13023.2,16:13:49,4.180e-06
13024.4,16:13:50,4.180e-06
13025.6,16:13:51,4.180e-06
13026.7,16:13:52,4.180e-06
13027.9,16:13:53,4.180e-06
13029.1,16:13:55,4.180e-06
13030.2,16:13:56,4.180e-06
13031.4,16:13:57,4.180e-06
13032.6,16:13:58,4.180e-06
13033.8,16:13:59,4.180e-06
13034.9,16:14:00,4.180e-06
13036.1,16:14:02,4.180e-06
13037.3,16:14:03,4.180e-06
13038.4,16:14:04,4.180e-06
13039.6,16:14:05,4.180e-06
13040.8,16:14:06,4.180e-06
13041.9,16:14:07,4.180e-06
13043.1,16:14:09,4.180e-06
13044.3,16:14:10,4.180e-06
13045.4,16:14:11,4.180e-06
13046.6,16:14:12,4.180e-06
13047.8,16:14:13,4.180e-06
13048.9,16:14:14,4.180e-06
13050.1,16:14:16,4.180e-06
13051.3,16:14:17,4.170e-06
13052.4,16:14:18,4.170e-06
13053.6,16:14:19,4.170e-06
13054.8,16:14:20,4.170e-06
13055.9,16:14:21,4.170e-06
13057.1,16:14:23,4.170e-06
13058.3,16:14:24,4.170e-06
13059.4,16:14:25,4.170e-06
13060.6,16:14:26,4.170e-06
13061.8,16:14:27,4.170e-06
13062.9,16:14:28,4.170e-06
13064.1,16:14:30,4.170e-06
13065.3,16:14:31,4.170e-06
13066.4,16:14:32,4.170e-06
13067.6,16:14:33,4.170e-06
13068.8,16:14:34,4.170e-06
13069.9,16:14:35,4.170e-06
13071.1,16:14:37,4.170e-06
13072.3,16:14:38,4.170e-06
13073.5,16:14:39,4.170e-06
13074.6,16:14:40,4.170e-06
13075.8,16:14:41,4.170e-06
13077.0,16:14:42,4.170e-06
13078.1,16:14:44,4.170e-06
13079.3,16:14:45,4.170e-06
13080.5,16:14:46,4.170e-06
13081.7,16:14:47,4.170e-06
13082.8,16:14:48,4.170e-06
13084.0,16:14:49,4.170e-06
13085.2,16:14:51,4.170e-06
13086.3,16:14:52,4.170e-06
13087.5,16:14:53,4.170e-06
13088.7,16:14:54,4.170e-06
13089.8,16:14:55,4.170e-06
13091.0,16:14:56,4.170e-06
13092.2,16:14:58,4.170e-06
13093.4,16:14:59,4.170e-06
13094.5,16:15:00,4.170e-06
13095.7,16:15:01,4.170e-06
13096.9,16:15:02,4.170e-06
13098.1,16:15:03,4.170e-06
13099.2,16:15:05,4.170e-06
13100.4,16:15:06,4.170e-06
13101.6,16:15:07,4.170e-06
13102.7,16:15:08,4.170e-06
13103.9,16:15:09,4.170e-06
13105.1,16:15:10,4.150e-06
13106.2,16:15:12,4.150e-06
13107.4,16:15:13,4.150e-06
13108.6,16:15:14,4.140e-06
13109.7,16:15:15,4.150e-06
13110.9,16:15:16,4.150e-06
13112.1,16:15:18,4.150e-06
13113.2,16:15:19,4.150e-06
13114.4,16:15:20,4.150e-06
13115.6,16:15:21,4.150e-06
13116.8,16:15:22,4.140e-06
13117.9,16:15:23,4.140e-06
13119.1,16:15:25,4.140e-06
13120.3,16:15:26,4.140e-06
13121.4,16:15:27,4.140e-06
13122.6,16:15:28,4.140e-06
13123.8,16:15:29,4.140e-06
13124.9,16:15:30,4.140e-06
13126.1,16:15:32,4.140e-06
13127.3,16:15:33,4.140e-06
13128.5,16:15:34,4.140e-06
13129.6,16:15:35,4.140e-06
13130.8,16:15:36,4.140e-06
13132.0,16:15:37,4.140e-06
13133.1,16:15:39,4.140e-06
13134.3,16:15:40,4.140e-06
13135.4,16:15:41,4.140e-06
13136.6,16:15:42,4.140e-06
13137.8,16:15:43,4.140e-06
13138.9,16:15:44,4.140e-06
13140.1,16:15:46,4.140e-06
13141.3,16:15:47,4.140e-06
13142.4,16:15:48,4.140e-06
13143.6,16:15:49,4.130e-06
13144.8,16:15:50,4.130e-06
13145.9,16:15:51,4.130e-06
13147.1,16:15:53,4.130e-06
13148.3,16:15:54,4.130e-06
13149.5,16:15:55,4.130e-06
13150.6,16:15:56,4.130e-06
13151.8,16:15:57,4.130e-06
13153.0,16:15:58,4.130e-06
13154.1,16:16:00,4.130e-06
13155.3,16:16:01,4.130e-06
13156.5,16:16:02,4.130e-06
13157.6,16:16:03,4.130e-06
13158.8,16:16:04,4.130e-06
13160.0,16:16:05,4.130e-06
13161.1,16:16:07,4.130e-06
13162.3,16:16:08,4.130e-06
13163.5,16:16:09,4.120e-06
13164.6,16:16:10,4.130e-06
13165.8,16:16:11,4.120e-06
13167.0,16:16:12,4.120e-06
13168.1,16:16:14,4.120e-06
13169.3,16:16:15,4.120e-06
13170.5,16:16:16,4.120e-06
13171.6,16:16:17,4.120e-06
13172.8,16:16:18,4.120e-06
13174.0,16:16:19,4.120e-06
13175.2,16:16:21,4.120e-06
13176.3,16:16:22,4.120e-06
13177.5,16:16:23,4.120e-06
13178.7,16:16:24,4.120e-06
13179.8,16:16:25,4.120e-06
13181.0,16:16:26,4.120e-06
13182.2,16:16:28,4.120e-06
13183.4,16:16:29,4.120e-06
13184.5,16:16:30,4.120e-06
13185.7,16:16:31,4.120e-06
13186.9,16:16:32,4.120e-06
13188.0,16:16:33,4.120e-06
13189.2,16:16:35,4.120e-06
13190.4,16:16:36,4.120e-06
13191.6,16:16:37,4.120e-06
13192.7,16:16:38,4.120e-06
13193.9,16:16:39,4.120e-06
13195.1,16:16:40,4.120e-06
13196.2,16:16:42,4.120e-06
13197.4,16:16:43,4.120e-06
13198.6,16:16:44,4.120e-06
13199.7,16:16:45,4.120e-06
13200.9,16:16:46,4.120e-06
13202.1,16:16:48,4.120e-06
13203.3,16:16:49,4.120e-06
13204.4,16:16:50,4.120e-06
13205.6,16:16:51,4.120e-06
13206.8,16:16:52,4.120e-06
13207.9,16:16:53,4.120e-06
13209.1,16:16:55,4.120e-06
13210.3,16:16:56,4.120e-06
13211.4,16:16:57,4.110e-06
13212.6,16:16:58,4.120e-06
13213.8,16:16:59,4.110e-06
13214.9,16:17:00,4.110e-06
13216.1,16:17:02,4.110e-06
13217.3,16:17:03,4.110e-06
13218.5,16:17:04,4.110e-06
13219.6,16:17:05,4.110e-06
13220.8,16:17:06,4.110e-06
13221.9,16:17:07,4.110e-06
13223.1,16:17:09,4.110e-06
13224.3,16:17:10,4.110e-06
13225.5,16:17:11,4.110e-06
13226.6,16:17:12,4.110e-06
13227.8,16:17:13,4.110e-06
13229.0,16:17:14,4.110e-06
13230.1,16:17:16,4.110e-06
13231.3,16:17:17,4.090e-06
13232.5,16:17:18,4.080e-06
13233.6,16:17:19,4.080e-06
13234.8,16:17:20,4.080e-06
13236.0,16:17:21,4.080e-06
13237.1,16:17:23,4.080e-06
13238.3,16:17:24,4.080e-06
13239.5,16:17:25,4.080e-06
13240.6,16:17:26,4.080e-06
13241.8,16:17:27,4.080e-06
13243.0,16:17:28,4.080e-06
13244.2,16:17:30,4.080e-06
13245.3,16:17:31,4.080e-06
13246.5,16:17:32,4.080e-06
13247.7,16:17:33,4.080e-06
13248.8,16:17:34,4.080e-06
13250.0,16:17:35,4.080e-06
13251.1,16:17:37,4.080e-06
13252.3,16:17:38,4.080e-06
13253.5,16:17:39,4.080e-06
13254.7,16:17:40,4.080e-06
13255.8,16:17:41,4.080e-06
13257.0,16:17:42,4.080e-06
13258.2,16:17:44,4.070e-06
13259.3,16:17:45,4.070e-06
13260.5,16:17:46,4.070e-06
13261.7,16:17:47,4.070e-06
13262.9,16:17:48,4.070e-06
13264.0,16:17:49,4.070e-06
13265.2,16:17:51,4.070e-06
13266.4,16:17:52,4.070e-06
13267.5,16:17:53,4.070e-06
13268.7,16:17:54,4.070e-06
13269.9,16:17:55,4.070e-06
13271.1,16:17:56,4.070e-06
13272.2,16:17:58,4.070e-06
13273.4,16:17:59,4.070e-06
13274.6,16:18:00,4.060e-06
13275.7,16:18:01,4.060e-06
13276.9,16:18:02,4.060e-06
13278.1,16:18:04,4.060e-06
13279.2,16:18:05,4.060e-06
13280.4,16:18:06,4.060e-06
13281.6,16:18:07,4.060e-06
13282.7,16:18:08,4.060e-06
13283.9,16:18:09,4.060e-06
13285.1,16:18:11,4.060e-06
13286.3,16:18:12,4.060e-06
13287.4,16:18:13,4.060e-06
13288.6,16:18:14,4.060e-06
13289.8,16:18:15,4.060e-06
13290.9,16:18:16,4.060e-06
13292.1,16:18:18,4.050e-06
13293.3,16:18:19,4.050e-06
13294.4,16:18:20,4.060e-06
13295.6,16:18:21,4.050e-06
13296.8,16:18:22,4.060e-06
13297.9,16:18:23,4.050e-06
13299.1,16:18:25,4.050e-06
13300.3,16:18:26,4.050e-06
13301.4,16:18:27,4.050e-06
13302.6,16:18:28,4.050e-06
13303.8,16:18:29,4.050e-06
13304.9,16:18:30,4.050e-06
13306.1,16:18:32,4.050e-06
13307.3,16:18:33,4.050e-06
13308.4,16:18:34,4.050e-06
13309.6,16:18:35,4.050e-06
13310.8,16:18:36,4.050e-06
13311.9,16:18:37,4.050e-06
13313.1,16:18:39,4.050e-06
13314.3,16:18:40,4.050e-06
13315.4,16:18:41,4.050e-06
13316.6,16:18:42,4.050e-06
13317.8,16:18:43,4.050e-06
13319.0,16:18:44,4.050e-06
13320.1,16:18:46,4.050e-06
13321.3,16:18:47,4.050e-06
13322.5,16:18:48,4.050e-06
13323.6,16:18:49,4.050e-06
13324.8,16:18:50,4.050e-06
13326.0,16:18:51,4.050e-06
13327.1,16:18:53,4.050e-06
13328.3,16:18:54,4.050e-06
13329.5,16:18:55,4.050e-06
13330.6,16:18:56,4.050e-06
13331.8,16:18:57,4.050e-06
13333.0,16:18:58,4.040e-06
13334.1,16:19:00,4.040e-06
13335.3,16:19:01,4.040e-06
13336.5,16:19:02,4.040e-06
13337.6,16:19:03,4.040e-06
13338.8,16:19:04,4.040e-06
13340.0,16:19:05,4.040e-06
13341.1,16:19:07,4.040e-06
13342.3,16:19:08,4.040e-06
13343.5,16:19:09,4.040e-06
13344.7,16:19:10,4.040e-06
13345.8,16:19:11,4.040e-06
13347.0,16:19:12,4.040e-06
13348.2,16:19:14,4.040e-06
13349.3,16:19:15,4.040e-06
13350.5,16:19:16,4.040e-06
13351.7,16:19:17,4.040e-06
13352.9,16:19:18,4.030e-06
13354.0,16:19:19,4.040e-06
13355.2,16:19:21,4.040e-06
13356.4,16:19:22,4.040e-06
13357.6,16:19:23,4.040e-06
13358.7,16:19:24,4.040e-06
13359.9,16:19:25,4.030e-06
13361.1,16:19:27,4.030e-06
13362.3,16:19:28,4.030e-06
13363.4,16:19:29,4.030e-06
13364.6,16:19:30,4.030e-06
13365.8,16:19:31,4.010e-06
13366.9,16:19:32,4.010e-06
13368.1,16:19:34,4.010e-06
13369.3,16:19:35,4.010e-06
13370.5,16:19:36,4.010e-06
13371.6,16:19:37,4.010e-06
13372.8,16:19:38,4.010e-06
13374.0,16:19:39,4.010e-06
13375.2,16:19:41,4.000e-06
13376.3,16:19:42,4.000e-06
13377.5,16:19:43,4.000e-06
13378.7,16:19:44,4.000e-06
13379.8,16:19:45,4.000e-06
13381.0,16:19:46,4.000e-06
13382.2,16:19:48,4.000e-06
13383.3,16:19:49,4.000e-06
13384.5,16:19:50,4.000e-06
13385.7,16:19:51,4.000e-06
13386.9,16:19:52,4.000e-06
13388.0,16:19:53,4.000e-06
13389.2,16:19:55,4.000e-06
13390.4,16:19:56,3.990e-06
13391.6,16:19:57,3.990e-06
13392.7,16:19:58,3.990e-06
13393.9,16:19:59,4.000e-06
13395.1,16:20:01,3.990e-06
13396.3,16:20:02,3.990e-06
13397.4,16:20:03,3.990e-06
13398.6,16:20:04,3.990e-06
13399.8,16:20:05,3.990e-06
13401.0,16:20:06,3.990e-06
13402.1,16:20:08,3.990e-06
13403.3,16:20:09,3.990e-06
13404.5,16:20:10,3.990e-06
13405.7,16:20:11,3.990e-06
13406.8,16:20:12,3.990e-06
13408.0,16:20:13,3.990e-06
13409.2,16:20:15,3.990e-06
13410.4,16:20:16,3.990e-06
13411.5,16:20:17,3.990e-06
13412.7,16:20:18,3.990e-06
13413.9,16:20:19,3.990e-06
13415.0,16:20:20,3.990e-06
13416.2,16:20:22,3.990e-06
13417.4,16:20:23,3.990e-06
13418.6,16:20:24,3.990e-06
13419.7,16:20:25,3.990e-06
13420.9,16:20:26,3.990e-06
13422.1,16:20:28,3.990e-06
13423.3,16:20:29,3.990e-06
13424.4,16:20:30,3.980e-06
13425.6,16:20:31,3.980e-06
13426.8,16:20:32,3.990e-06
13428.0,16:20:33,3.980e-06
13429.1,16:20:35,3.990e-06
13430.3,16:20:36,3.990e-06
13431.5,16:20:37,3.980e-06
13432.7,16:20:38,3.980e-06
13433.8,16:20:39,3.980e-06
13435.0,16:20:40,3.980e-06
13436.2,16:20:42,3.980e-06
13437.3,16:20:43,3.980e-06
13438.5,16:20:44,3.980e-06
13439.7,16:20:45,3.980e-06
13440.9,16:20:46,3.980e-06
13442.0,16:20:47,3.980e-06
13443.2,16:20:49,3.980e-06
13444.4,16:20:50,3.980e-06
13445.5,16:20:51,3.980e-06
13446.7,16:20:52,3.980e-06
13447.9,16:20:53,3.980e-06
13449.0,16:20:54,3.980e-06
13450.2,16:20:56,3.980e-06
13451.4,16:20:57,3.980e-06
13452.6,16:20:58,3.980e-06
13453.8,16:20:59,3.980e-06
13454.9,16:21:00,3.970e-06
13456.1,16:21:02,3.980e-06
13457.3,16:21:03,3.970e-06
13458.4,16:21:04,3.970e-06
13459.6,16:21:05,3.970e-06
13460.8,16:21:06,3.970e-06
13462.0,16:21:07,3.970e-06
13463.2,16:21:09,3.970e-06
13464.3,16:21:10,3.970e-06
13465.5,16:21:11,3.970e-06
13466.7,16:21:12,3.970e-06
13467.8,16:21:13,3.970e-06
13469.0,16:21:14,3.970e-06
13470.2,16:21:16,3.970e-06
13471.3,16:21:17,3.970e-06
13472.5,16:21:18,3.970e-06
13473.7,16:21:19,3.970e-06
13474.9,16:21:20,3.970e-06
13476.1,16:21:21,3.960e-06
13477.2,16:21:23,3.970e-06
13478.4,16:21:24,3.970e-06
13479.6,16:21:25,3.960e-06
13480.8,16:21:26,3.960e-06
13481.9,16:21:27,3.960e-06
13483.1,16:21:29,3.960e-06
13484.3,16:21:30,3.960e-06
13485.5,16:21:31,3.960e-06
13486.6,16:21:32,3.960e-06
13487.8,16:21:33,3.960e-06
13488.9,16:21:34,3.960e-06
13490.1,16:21:36,3.960e-06
13491.3,16:21:37,3.960e-06
13492.5,16:21:38,3.960e-06
13493.7,16:21:39,3.960e-06
13494.8,16:21:40,3.940e-06
13496.0,16:21:41,3.940e-06
13497.2,16:21:43,3.940e-06
13498.4,16:21:44,3.940e-06
13499.6,16:21:45,3.940e-06
13500.7,16:21:46,3.940e-06
13501.9,16:21:47,3.930e-06
13503.1,16:21:48,3.940e-06
13504.2,16:21:50,3.930e-06
13505.4,16:21:51,3.930e-06
13506.6,16:21:52,3.930e-06
13507.7,16:21:53,3.930e-06
13508.9,16:21:54,3.930e-06
13510.1,16:21:56,3.930e-06
13511.2,16:21:57,3.930e-06
13512.4,16:21:58,3.930e-06
13513.6,16:21:59,3.930e-06
13514.8,16:22:00,3.930e-06
13515.9,16:22:01,3.930e-06
13517.1,16:22:03,3.930e-06
13518.3,16:22:04,3.930e-06
13519.4,16:22:05,3.930e-06
13520.6,16:22:06,3.930e-06
13521.8,16:22:07,3.930e-06
13522.9,16:22:08,3.930e-06
13524.1,16:22:10,3.930e-06
13525.3,16:22:11,3.930e-06
13526.5,16:22:12,3.930e-06
13527.6,16:22:13,3.930e-06
13528.8,16:22:14,3.930e-06
13530.0,16:22:15,3.930e-06
13531.1,16:22:17,3.930e-06
13532.3,16:22:18,3.930e-06
13533.5,16:22:19,3.930e-06
13534.7,16:22:20,3.930e-06
13535.8,16:22:21,3.930e-06
13537.0,16:22:22,3.930e-06
13538.2,16:22:24,3.930e-06
13539.3,16:22:25,3.930e-06
13540.5,16:22:26,3.930e-06
13541.7,16:22:27,3.930e-06
13542.8,16:22:28,3.930e-06
13544.0,16:22:29,3.920e-06
13545.2,16:22:31,3.930e-06
13546.3,16:22:32,3.920e-06
13547.5,16:22:33,3.920e-06
13548.7,16:22:34,3.920e-06
13549.8,16:22:35,3.920e-06
13551.0,16:22:36,3.920e-06
13552.2,16:22:38,3.920e-06
13553.4,16:22:39,3.920e-06
13554.5,16:22:40,3.920e-06
13555.7,16:22:41,3.920e-06
13556.9,16:22:42,3.920e-06
13558.1,16:22:43,3.920e-06
13559.2,16:22:45,3.920e-06
13560.4,16:22:46,3.920e-06
13561.6,16:22:47,3.920e-06
13562.7,16:22:48,3.920e-06
13563.9,16:22:49,3.920e-06
13565.1,16:22:51,3.920e-06
13566.2,16:22:52,3.920e-06
13567.4,16:22:53,3.920e-06
13568.6,16:22:54,3.920e-06
13569.8,16:22:55,3.920e-06
13570.9,16:22:56,3.920e-06
13572.1,16:22:58,3.920e-06
13573.3,16:22:59,3.920e-06
13574.4,16:23:00,3.920e-06
13575.6,16:23:01,3.920e-06
13576.8,16:23:02,3.920e-06
13577.9,16:23:03,3.920e-06
13579.1,16:23:05,3.920e-06
13580.3,16:23:06,3.920e-06
13581.4,16:23:07,3.920e-06
13582.6,16:23:08,3.920e-06
13583.8,16:23:09,3.920e-06
13584.9,16:23:10,3.920e-06
13586.1,16:23:12,3.920e-06
13587.3,16:23:13,3.920e-06
13588.4,16:23:14,3.920e-06
13589.6,16:23:15,3.920e-06
13590.8,16:23:16,3.920e-06
13592.0,16:23:17,3.920e-06
13593.1,16:23:19,3.920e-06
13594.3,16:23:20,3.920e-06
13595.5,16:23:21,3.920e-06
13596.6,16:23:22,3.920e-06
13597.8,16:23:23,3.920e-06
13599.0,16:23:24,3.910e-06
13600.2,16:23:26,3.910e-06
13601.3,16:23:27,3.910e-06
13602.5,16:23:28,3.920e-06
13603.7,16:23:29,3.920e-06
13604.9,16:23:30,3.910e-06
13606.0,16:23:31,3.910e-06
13607.2,16:23:33,3.910e-06
13608.4,16:23:34,3.910e-06
13609.6,16:23:35,3.910e-06
13610.7,16:23:36,3.910e-06
13611.9,16:23:37,3.910e-06
13613.1,16:23:39,3.910e-06
13614.2,16:23:40,3.910e-06
13615.4,16:23:41,3.910e-06
13616.6,16:23:42,3.910e-06
13617.7,16:23:43,3.910e-06
13618.9,16:23:44,3.910e-06
13620.1,16:23:46,3.890e-06
13621.3,16:23:47,3.890e-06
13622.4,16:23:48,3.880e-06
13623.6,16:23:49,3.890e-06
13624.8,16:23:50,3.890e-06
13626.0,16:23:51,3.890e-06
13627.1,16:23:53,3.880e-06
13628.3,16:23:54,3.890e-06
13629.5,16:23:55,3.880e-06
13630.6,16:23:56,3.880e-06
13631.8,16:23:57,3.880e-06
13633.0,16:23:58,3.880e-06
13634.2,16:24:00,3.880e-06
13635.3,16:24:01,3.880e-06
13636.5,16:24:02,3.880e-06
13637.7,16:24:03,3.880e-06
13638.9,16:24:04,3.880e-06
13640.1,16:24:05,3.880e-06
13641.2,16:24:07,3.880e-06
13642.4,16:24:08,3.880e-06
13643.6,16:24:09,3.880e-06
13644.7,16:24:10,3.880e-06
13645.9,16:24:11,3.880e-06
13647.1,16:24:13,3.880e-06
13648.3,16:24:14,3.880e-06
13649.4,16:24:15,3.880e-06
13650.6,16:24:16,3.880e-06
13651.8,16:24:17,3.870e-06
13652.9,16:24:18,3.870e-06
13654.1,16:24:20,3.870e-06
13655.3,16:24:21,3.870e-06
13656.5,16:24:22,3.870e-06
13657.6,16:24:23,3.870e-06
13658.8,16:24:24,3.870e-06
13659.9,16:24:25,3.870e-06
13661.1,16:24:27,3.870e-06
13662.3,16:24:28,3.870e-06
13663.4,16:24:29,3.870e-06
13664.6,16:24:30,3.870e-06
13665.8,16:24:31,3.870e-06
13667.0,16:24:32,3.870e-06
13668.2,16:24:34,3.870e-06
13669.3,16:24:35,3.870e-06
13670.5,16:24:36,3.870e-06
13671.7,16:24:37,3.870e-06
13672.9,16:24:38,3.870e-06
13674.0,16:24:39,3.870e-06
13675.2,16:24:41,3.870e-06
13676.4,16:24:42,3.870e-06
13677.5,16:24:43,3.870e-06
13678.7,16:24:44,3.870e-06
13679.9,16:24:45,3.870e-06
13681.1,16:24:46,3.870e-06
13682.2,16:24:48,3.870e-06
13683.4,16:24:49,3.870e-06
13684.6,16:24:50,3.870e-06
13685.7,16:24:51,3.870e-06
13686.9,16:24:52,3.870e-06
13688.1,16:24:54,3.870e-06
13689.2,16:24:55,3.870e-06
13690.4,16:24:56,3.870e-06
13691.6,16:24:57,3.870e-06
13692.8,16:24:58,3.870e-06
13693.9,16:24:59,3.860e-06
13695.1,16:25:01,3.870e-06
13696.3,16:25:02,3.860e-06
13697.4,16:25:03,3.860e-06
13698.6,16:25:04,3.860e-06
13699.8,16:25:05,3.860e-06
13701.0,16:25:06,3.860e-06
13702.1,16:25:08,3.860e-06
13703.3,16:25:09,3.860e-06
13704.5,16:25:10,3.860e-06
13705.6,16:25:11,3.860e-06
13706.8,16:25:12,3.860e-06
13708.0,16:25:13,3.860e-06
13709.2,16:25:15,3.860e-06
13710.3,16:25:16,3.860e-06
13711.5,16:25:17,3.860e-06
13712.7,16:25:18,3.860e-06
13713.8,16:25:19,3.850e-06
13715.0,16:25:20,3.850e-06
13716.2,16:25:22,3.850e-06
13717.3,16:25:23,3.850e-06
13718.5,16:25:24,3.850e-06
13719.7,16:25:25,3.850e-06
13720.9,16:25:26,3.850e-06
13722.0,16:25:27,3.850e-06
13723.2,16:25:29,3.850e-06
13724.4,16:25:30,3.850e-06
13725.6,16:25:31,3.850e-06
13726.7,16:25:32,3.850e-06
13727.9,16:25:33,3.850e-06
13729.1,16:25:35,3.850e-06
13730.2,16:25:36,3.850e-06
13731.4,16:25:37,3.850e-06
13732.6,16:25:38,3.850e-06
13733.8,16:25:39,3.850e-06
13734.9,16:25:40,3.850e-06
13736.1,16:25:42,3.850e-06
13737.3,16:25:43,3.850e-06
13738.4,16:25:44,3.850e-06
13739.6,16:25:45,3.850e-06
13740.8,16:25:46,3.850e-06
13742.0,16:25:47,3.850e-06
13743.1,16:25:49,3.850e-06
13744.3,16:25:50,3.850e-06
13745.5,16:25:51,3.830e-06
13746.6,16:25:52,3.830e-06
13747.8,16:25:53,3.830e-06
13749.0,16:25:54,3.820e-06
13750.2,16:25:56,3.830e-06
13751.4,16:25:57,3.820e-06
13752.5,16:25:58,3.820e-06
13753.7,16:25:59,3.820e-06
13754.9,16:26:00,3.820e-06
13756.1,16:26:01,3.820e-06
13757.2,16:26:03,3.820e-06
13758.4,16:26:04,3.820e-06
13759.6,16:26:05,3.820e-06
13760.8,16:26:06,3.820e-06
13761.9,16:26:07,3.820e-06
13763.1,16:26:09,3.820e-06
13764.3,16:26:10,3.810e-06
13765.4,16:26:11,3.810e-06
13766.6,16:26:12,3.810e-06
13767.8,16:26:13,3.810e-06
13769.0,16:26:14,3.810e-06
13770.1,16:26:16,3.810e-06
13771.3,16:26:17,3.810e-06
13772.5,16:26:18,3.810e-06
13773.6,16:26:19,3.810e-06
13774.8,16:26:20,3.810e-06
13776.0,16:26:21,3.810e-06
13777.2,16:26:23,3.810e-06
13778.3,16:26:24,3.810e-06
13779.5,16:26:25,3.810e-06
13780.7,16:26:26,3.810e-06
13781.9,16:26:27,3.810e-06
13783.0,16:26:28,3.810e-06
13784.2,16:26:30,3.810e-06
13785.4,16:26:31,3.810e-06
13786.5,16:26:32,3.810e-06
13787.7,16:26:33,3.810e-06
13788.9,16:26:34,3.810e-06
13790.0,16:26:35,3.810e-06
13791.2,16:26:37,3.810e-06
13792.4,16:26:38,3.810e-06
13793.6,16:26:39,3.810e-06
13794.7,16:26:40,3.800e-06
13795.9,16:26:41,3.800e-06
13797.1,16:26:43,3.800e-06
13798.3,16:26:44,3.800e-06
13799.4,16:26:45,3.800e-06
13800.6,16:26:46,3.800e-06
13801.8,16:26:47,3.800e-06
13803.0,16:26:48,3.800e-06
13804.1,16:26:50,3.800e-06
13805.3,16:26:51,3.800e-06
13806.5,16:26:52,3.800e-06
13807.6,16:26:53,3.800e-06
13808.8,16:26:54,3.800e-06
13809.9,16:26:55,3.800e-06
13811.1,16:26:57,3.800e-06
13812.3,16:26:58,3.800e-06
13813.5,16:26:59,3.800e-06
13814.6,16:27:00,3.800e-06
13815.8,16:27:01,3.800e-06
13817.0,16:27:02,3.800e-06
13818.1,16:27:04,3.800e-06
13819.3,16:27:05,3.800e-06
13820.5,16:27:06,3.800e-06
13821.7,16:27:07,3.800e-06
13822.8,16:27:08,3.800e-06
13824.0,16:27:09,3.800e-06
13825.2,16:27:11,3.800e-06
13826.3,16:27:12,3.790e-06
13827.5,16:27:13,3.790e-06
13828.7,16:27:14,3.790e-06
13829.9,16:27:15,3.800e-06
13831.0,16:27:16,3.790e-06
13832.2,16:27:18,3.790e-06
13833.4,16:27:19,3.790e-06
13834.5,16:27:20,3.790e-06
13835.7,16:27:21,3.790e-06
13836.9,16:27:22,3.790e-06
13838.0,16:27:23,3.790e-06
13839.2,16:27:25,3.790e-06
13840.4,16:27:26,3.790e-06
13841.6,16:27:27,3.790e-06
13842.7,16:27:28,3.790e-06
13843.9,16:27:29,3.790e-06
13845.1,16:27:30,3.790e-06
13846.2,16:27:32,3.790e-06
13847.4,16:27:33,3.790e-06
13848.6,16:27:34,3.790e-06
13849.7,16:27:35,3.790e-06
13850.9,16:27:36,3.790e-06
13852.1,16:27:37,3.790e-06
13853.2,16:27:39,3.790e-06
13854.4,16:27:40,3.790e-06
13855.6,16:27:41,3.790e-06
13856.7,16:27:42,3.790e-06
13857.9,16:27:43,3.790e-06
13859.1,16:27:45,3.790e-06
13860.3,16:27:46,3.790e-06
13861.4,16:27:47,3.790e-06
13862.6,16:27:48,3.790e-06
13863.8,16:27:49,3.780e-06
13865.0,16:27:50,3.790e-06
13866.2,16:27:52,3.790e-06
13867.3,16:27:53,3.780e-06
13868.5,16:27:54,3.780e-06
13869.7,16:27:55,3.790e-06
13870.8,16:27:56,3.780e-06
13872.0,16:27:57,3.780e-06
13873.2,16:27:59,3.780e-06
13874.3,16:28:00,3.760e-06
13875.5,16:28:01,3.760e-06
13876.7,16:28:02,3.760e-06
13877.9,16:28:03,3.760e-06
13879.0,16:28:04,3.760e-06
13880.2,16:28:06,3.760e-06
13881.4,16:28:07,3.760e-06
13882.5,16:28:08,3.760e-06
13883.7,16:28:09,3.760e-06
13884.9,16:28:10,3.760e-06
13886.1,16:28:11,3.760e-06
13887.2,16:28:13,3.760e-06
13888.4,16:28:14,3.760e-06
13889.6,16:28:15,3.760e-06
13890.8,16:28:16,3.760e-06
13891.9,16:28:17,3.760e-06
13893.1,16:28:19,3.760e-06
13894.3,16:28:20,3.760e-06
13895.5,16:28:21,3.760e-06
13896.6,16:28:22,3.760e-06
13897.8,16:28:23,3.760e-06
13899.0,16:28:24,3.760e-06
13900.2,16:28:26,3.760e-06
13901.3,16:28:27,3.760e-06
13902.5,16:28:28,3.760e-06
13903.7,16:28:29,3.750e-06
13904.8,16:28:30,3.750e-06
13906.0,16:28:31,3.760e-06
13907.2,16:28:33,3.750e-06
13908.4,16:28:34,3.750e-06
13909.5,16:28:35,3.750e-06
13910.7,16:28:36,3.750e-06
13911.9,16:28:37,3.750e-06
13913.1,16:28:39,3.750e-06
13914.2,16:28:40,3.750e-06
13915.4,16:28:41,3.750e-06
13916.6,16:28:42,3.750e-06
13917.7,16:28:43,3.750e-06
13918.9,16:28:44,3.750e-06
13920.1,16:28:46,3.750e-06
13921.3,16:28:47,3.750e-06
13922.4,16:28:48,3.750e-06
13923.6,16:28:49,3.750e-06
13924.8,16:28:50,3.750e-06
13925.9,16:28:51,3.750e-06
13927.1,16:28:53,3.750e-06
13928.3,16:28:54,3.750e-06
13929.5,16:28:55,3.750e-06
13930.6,16:28:56,3.750e-06
13931.8,16:28:57,3.750e-06
13933.0,16:28:58,3.740e-06
13934.1,16:29:00,3.750e-06
13935.3,16:29:01,3.740e-06
13936.5,16:29:02,3.740e-06
13937.7,16:29:03,3.740e-06
13938.8,16:29:04,3.740e-06
13940.0,16:29:05,3.740e-06
13941.2,16:29:07,3.740e-06
13942.4,16:29:08,3.740e-06
13943.5,16:29:09,3.750e-06
13944.7,16:29:10,3.740e-06
13945.9,16:29:11,3.740e-06
13947.1,16:29:12,3.740e-06
13948.2,16:29:14,3.740e-06
13949.4,16:29:15,3.740e-06
13950.6,16:29:16,3.740e-06
13951.8,16:29:17,3.740e-06
13952.9,16:29:18,3.740e-06
13954.1,16:29:20,3.740e-06
13955.3,16:29:21,3.740e-06
13956.4,16:29:22,3.740e-06
13957.6,16:29:23,3.740e-06
13958.8,16:29:24,3.740e-06
13959.9,16:29:25,3.740e-06
13961.1,16:29:27,3.740e-06
13962.3,16:29:28,3.740e-06
13963.4,16:29:29,3.740e-06
13964.6,16:29:30,3.740e-06
13965.8,16:29:31,3.740e-06
13966.9,16:29:32,3.740e-06
13968.1,16:29:34,3.740e-06
13969.3,16:29:35,3.740e-06
13970.5,16:29:36,3.740e-06
13971.7,16:29:37,3.730e-06
13972.8,16:29:38,3.740e-06
13974.0,16:29:39,3.740e-06
13975.2,16:29:41,3.740e-06
13976.3,16:29:42,3.740e-06
13977.5,16:29:43,3.740e-06
13978.7,16:29:44,3.730e-06
13979.9,16:29:45,3.740e-06
13981.0,16:29:46,3.730e-06
13982.2,16:29:48,3.730e-06
13983.4,16:29:49,3.730e-06
13984.5,16:29:50,3.730e-06
13985.7,16:29:51,3.730e-06
13986.9,16:29:52,3.730e-06
13988.0,16:29:53,3.730e-06
13989.2,16:29:55,3.730e-06
13990.4,16:29:56,3.730e-06
13991.6,16:29:57,3.730e-06
13992.7,16:29:58,3.730e-06
13993.9,16:29:59,3.730e-06
13995.1,16:30:01,3.730e-06
13996.2,16:30:02,3.720e-06
13997.4,16:30:03,3.720e-06
13998.6,16:30:04,3.720e-06
13999.8,16:30:05,3.720e-06
14001.0,16:30:06,3.720e-06
14002.1,16:30:08,3.720e-06
14003.3,16:30:09,3.720e-06
14004.5,16:30:10,3.720e-06
14005.6,16:30:11,3.720e-06
14006.8,16:30:12,3.720e-06
14008.0,16:30:13,3.720e-06
14009.2,16:30:15,3.720e-06
14010.3,16:30:16,3.720e-06
14011.5,16:30:17,3.720e-06
14012.7,16:30:18,3.720e-06
14013.9,16:30:19,3.720e-06
14015.0,16:30:20,3.720e-06
14016.2,16:30:22,3.720e-06
14017.4,16:30:23,3.720e-06
14018.6,16:30:24,3.720e-06
14019.7,16:30:25,3.720e-06
14020.9,16:30:26,3.720e-06
14022.1,16:30:28,3.720e-06
14023.2,16:30:29,3.720e-06
14024.4,16:30:30,3.720e-06
14025.6,16:30:31,3.720e-06
14026.8,16:30:32,3.720e-06
14027.9,16:30:33,3.710e-06
14029.1,16:30:35,3.710e-06
14030.3,16:30:36,3.720e-06
14031.4,16:30:37,3.710e-06
14032.6,16:30:38,3.710e-06
14033.8,16:30:39,3.710e-06
14035.0,16:30:40,3.710e-06
14036.1,16:30:42,3.710e-06
14037.3,16:30:43,3.710e-06
14038.5,16:30:44,3.710e-06
14039.6,16:30:45,3.710e-06
14040.8,16:30:46,3.710e-06
14042.0,16:30:47,3.710e-06
14043.2,16:30:49,3.710e-06
14044.3,16:30:50,3.710e-06
14045.5,16:30:51,3.710e-06
14046.7,16:30:52,3.710e-06
14047.8,16:30:53,3.710e-06
14049.0,16:30:54,3.710e-06
14050.2,16:30:56,3.710e-06
14051.3,16:30:57,3.710e-06
14052.5,16:30:58,3.710e-06
14053.7,16:30:59,3.710e-06
14054.8,16:31:00,3.710e-06
14056.0,16:31:01,3.710e-06
14057.2,16:31:03,3.710e-06
14058.4,16:31:04,3.710e-06
14059.5,16:31:05,3.710e-06
14060.7,16:31:06,3.710e-06
14061.9,16:31:07,3.710e-06
14063.0,16:31:08,3.710e-06
14064.2,16:31:10,3.710e-06
14065.4,16:31:11,3.710e-06
14066.6,16:31:12,3.710e-06
14067.7,16:31:13,3.710e-06
14068.9,16:31:14,3.710e-06
14070.1,16:31:15,3.710e-06
14071.2,16:31:17,3.710e-06
14072.4,16:31:18,3.710e-06
14073.6,16:31:19,3.710e-06
14074.7,16:31:20,3.710e-06
14075.9,16:31:21,3.710e-06
14077.1,16:31:23,3.710e-06
14078.3,16:31:24,3.700e-06
14079.4,16:31:25,3.700e-06
14080.6,16:31:26,3.710e-06
14081.8,16:31:27,3.700e-06
14083.0,16:31:28,3.700e-06
14084.1,16:31:30,3.700e-06
14085.3,16:31:31,3.700e-06
14086.5,16:31:32,3.700e-06
14087.6,16:31:33,3.700e-06
14088.8,16:31:34,3.700e-06
14090.0,16:31:35,3.700e-06
14091.2,16:31:37,3.700e-06
14092.3,16:31:38,3.700e-06
14093.5,16:31:39,3.700e-06
14094.7,16:31:40,3.700e-06
14095.8,16:31:41,3.700e-06
14097.0,16:31:42,3.700e-06
14098.2,16:31:44,3.700e-06
14099.4,16:31:45,3.700e-06
14100.5,16:31:46,3.700e-06
14101.7,16:31:47,3.700e-06
14102.9,16:31:48,3.700e-06
14104.0,16:31:49,3.700e-06
14105.2,16:31:51,3.700e-06
14106.4,16:31:52,3.700e-06
14107.6,16:31:53,3.700e-06
14108.7,16:31:54,3.700e-06
14109.9,16:31:55,3.700e-06
14111.1,16:31:57,3.700e-06
14112.3,16:31:58,3.700e-06
14113.4,16:31:59,3.700e-06
14114.6,16:32:00,3.700e-06
14115.8,16:32:01,3.700e-06
14117.0,16:32:02,3.700e-06
14118.1,16:32:04,3.700e-06
14119.3,16:32:05,3.700e-06
14120.5,16:32:06,3.690e-06
14121.6,16:32:07,3.680e-06
14122.8,16:32:08,3.680e-06
14124.0,16:32:09,3.680e-06
14125.2,16:32:11,3.680e-06
14126.3,16:32:12,3.680e-06
14127.5,16:32:13,3.680e-06
14128.7,16:32:14,3.680e-06
14129.9,16:32:15,3.680e-06
14131.0,16:32:16,3.680e-06
14132.2,16:32:18,3.680e-06
14133.4,16:32:19,3.680e-06
14134.5,16:32:20,3.680e-06
14135.7,16:32:21,3.680e-06
14136.9,16:32:22,3.670e-06
14138.0,16:32:23,3.670e-06
14139.2,16:32:25,3.670e-06
14140.4,16:32:26,3.670e-06
14141.6,16:32:27,3.670e-06
14142.7,16:32:28,3.670e-06
14143.9,16:32:29,3.670e-06
14145.1,16:32:31,3.670e-06
14146.2,16:32:32,3.670e-06
14147.4,16:32:33,3.670e-06
14148.6,16:32:34,3.670e-06
14149.8,16:32:35,3.670e-06
14150.9,16:32:36,3.670e-06
14152.1,16:32:38,3.670e-06
14153.3,16:32:39,3.670e-06
14154.5,16:32:40,3.670e-06
14155.6,16:32:41,3.670e-06
14156.8,16:32:42,3.670e-06
14158.0,16:32:43,3.670e-06
14159.2,16:32:45,3.670e-06
14160.3,16:32:46,3.670e-06
14161.5,16:32:47,3.670e-06
14162.7,16:32:48,3.670e-06
14163.9,16:32:49,3.670e-06
14165.0,16:32:50,3.670e-06
14166.2,16:32:52,3.660e-06
14167.4,16:32:53,3.670e-06
14168.6,16:32:54,3.670e-06
14169.7,16:32:55,3.660e-06
14170.9,16:32:56,3.660e-06
14172.1,16:32:58,3.660e-06
14173.2,16:32:59,3.660e-06
14174.4,16:33:00,3.660e-06
14175.6,16:33:01,3.660e-06
14176.7,16:33:02,3.660e-06
14177.9,16:33:03,3.660e-06
14179.1,16:33:05,3.660e-06
14180.3,16:33:06,3.660e-06
14181.4,16:33:07,3.660e-06
14182.6,16:33:08,3.660e-06
14183.8,16:33:09,3.660e-06
14184.9,16:33:10,3.660e-06
14186.1,16:33:12,3.660e-06
14187.3,16:33:13,3.660e-06
14188.4,16:33:14,3.660e-06
14189.6,16:33:15,3.660e-06
14190.8,16:33:16,3.660e-06
14192.0,16:33:17,3.660e-06
14193.1,16:33:19,3.660e-06
14194.3,16:33:20,3.660e-06
14195.5,16:33:21,3.660e-06
14196.7,16:33:22,3.660e-06
14197.8,16:33:23,3.660e-06
14199.0,16:33:24,3.660e-06
14200.2,16:33:26,3.660e-06
14201.3,16:33:27,3.660e-06
14202.5,16:33:28,3.660e-06
14203.7,16:33:29,3.660e-06
14204.9,16:33:30,3.650e-06
14206.0,16:33:31,3.650e-06
14207.2,16:33:33,3.650e-06
14208.4,16:33:34,3.650e-06
14209.5,16:33:35,3.650e-06
14210.7,16:33:36,3.650e-06
14211.9,16:33:37,3.650e-06
14213.1,16:33:39,3.650e-06
14214.2,16:33:40,3.650e-06
14215.4,16:33:41,3.650e-06
14216.6,16:33:42,3.650e-06
14217.8,16:33:43,3.650e-06
14218.9,16:33:44,3.650e-06
14220.1,16:33:46,3.650e-06
14221.3,16:33:47,3.650e-06
14222.5,16:33:48,3.650e-06
14223.6,16:33:49,3.650e-06
14224.8,16:33:50,3.650e-06
14226.0,16:33:51,3.650e-06
14227.1,16:33:53,3.650e-06
14228.3,16:33:54,3.650e-06
14229.5,16:33:55,3.650e-06
14230.6,16:33:56,3.650e-06
14231.8,16:33:57,3.650e-06
14233.0,16:33:58,3.650e-06
14234.1,16:34:00,3.650e-06
14235.3,16:34:01,3.650e-06
14236.5,16:34:02,3.650e-06
14237.6,16:34:03,3.650e-06
14238.8,16:34:04,3.650e-06
14240.0,16:34:05,3.650e-06
14241.2,16:34:07,3.650e-06
14242.3,16:34:08,3.650e-06
14243.5,16:34:09,3.650e-06
14244.7,16:34:10,3.650e-06
14245.8,16:34:11,3.650e-06
14247.0,16:34:12,3.650e-06
14248.2,16:34:14,3.650e-06
14249.4,16:34:15,3.650e-06
14250.5,16:34:16,3.650e-06
14251.7,16:34:17,3.630e-06
14252.9,16:34:18,3.630e-06
14254.1,16:34:19,3.620e-06
14255.2,16:34:21,3.620e-06
14256.4,16:34:22,3.620e-06
14257.6,16:34:23,3.620e-06
14258.7,16:34:24,3.620e-06
14259.9,16:34:25,3.620e-06
14261.1,16:34:27,3.620e-06
14262.3,16:34:28,3.620e-06
14263.4,16:34:29,3.620e-06
14264.6,16:34:30,3.620e-06
14265.8,16:34:31,3.620e-06
14267.0,16:34:32,3.620e-06
14268.1,16:34:34,3.620e-06
14269.3,16:34:35,3.620e-06
14270.5,16:34:36,3.620e-06
14271.6,16:34:37,3.620e-06
14272.8,16:34:38,3.620e-06
14274.0,16:34:39,3.620e-06
14275.1,16:34:41,3.620e-06
14276.3,16:34:42,3.620e-06
14277.5,16:34:43,3.620e-06
14278.6,16:34:44,3.620e-06
14279.8,16:34:45,3.620e-06
14281.0,16:34:46,3.610e-06
14282.2,16:34:48,3.620e-06
14283.3,16:34:49,3.620e-06
14284.5,16:34:50,3.620e-06
14285.7,16:34:51,3.610e-06
14286.8,16:34:52,3.620e-06
14288.0,16:34:53,3.620e-06
14289.2,16:34:55,3.610e-06
14290.3,16:34:56,3.620e-06
14291.5,16:34:57,3.610e-06
14292.7,16:34:58,3.610e-06
14293.9,16:34:59,3.610e-06
14295.0,16:35:00,3.610e-06
14296.2,16:35:02,3.610e-06
14297.4,16:35:03,3.610e-06
14298.5,16:35:04,3.610e-06
14299.7,16:35:05,3.610e-06
14300.9,16:35:06,3.610e-06
14302.1,16:35:07,3.610e-06
14303.2,16:35:09,3.610e-06
14304.4,16:35:10,3.610e-06
14305.6,16:35:11,3.610e-06
14306.7,16:35:12,3.610e-06
14307.9,16:35:13,3.610e-06
14309.1,16:35:15,3.610e-06
14310.3,16:35:16,3.610e-06
14311.4,16:35:17,3.610e-06
14312.6,16:35:18,3.610e-06
14313.8,16:35:19,3.610e-06
14314.9,16:35:20,3.610e-06
14316.1,16:35:22,3.610e-06
14317.3,16:35:23,3.610e-06
14318.4,16:35:24,3.610e-06
14319.6,16:35:25,3.610e-06
14320.8,16:35:26,3.610e-06
14321.9,16:35:27,3.610e-06
14323.1,16:35:29,3.610e-06
14324.3,16:35:30,3.610e-06
14325.5,16:35:31,3.610e-06
14326.6,16:35:32,3.610e-06
14327.8,16:35:33,3.610e-06
14329.0,16:35:34,3.610e-06
14330.1,16:35:36,3.610e-06
14331.3,16:35:37,3.610e-06
14332.5,16:35:38,3.610e-06
14333.7,16:35:39,3.610e-06
14334.8,16:35:40,3.610e-06
14336.0,16:35:41,3.610e-06
14337.2,16:35:43,3.610e-06
14338.4,16:35:44,3.610e-06
14339.5,16:35:45,3.610e-06
14340.7,16:35:46,3.610e-06
14341.9,16:35:47,3.610e-06
14343.1,16:35:48,3.610e-06
14344.2,16:35:50,3.610e-06
14345.4,16:35:51,3.610e-06
14346.6,16:35:52,3.610e-06
14347.7,16:35:53,3.610e-06
14348.9,16:35:54,3.610e-06
14350.1,16:35:56,3.600e-06
14351.3,16:35:57,3.610e-06
14352.4,16:35:58,3.610e-06
14353.6,16:35:59,3.600e-06
14354.8,16:36:00,3.600e-06
14355.9,16:36:01,3.600e-06
14357.1,16:36:03,3.600e-06
14358.3,16:36:04,3.600e-06
14359.5,16:36:05,3.600e-06
14360.6,16:36:06,3.600e-06
14361.8,16:36:07,3.600e-06
14363.0,16:36:08,3.600e-06
14364.1,16:36:10,3.600e-06
14365.3,16:36:11,3.600e-06
14366.5,16:36:12,3.600e-06
14367.7,16:36:13,3.600e-06
14368.8,16:36:14,3.600e-06
14370.0,16:36:15,3.600e-06
14371.2,16:36:17,3.600e-06
14372.3,16:36:18,3.600e-06
14373.5,16:36:19,3.600e-06
14374.7,16:36:20,3.600e-06
14375.9,16:36:21,3.600e-06
14377.0,16:36:22,3.600e-06
14378.2,16:36:24,3.600e-06
14379.4,16:36:25,3.600e-06
14380.5,16:36:26,3.600e-06
14381.7,16:36:27,3.600e-06
14382.9,16:36:28,3.600e-06
14384.1,16:36:30,3.580e-06
14385.3,16:36:31,3.580e-06
14386.4,16:36:32,3.580e-06
14387.6,16:36:33,3.570e-06
14388.8,16:36:34,3.580e-06
14390.0,16:36:35,3.580e-06
14391.1,16:36:37,3.570e-06
14392.3,16:36:38,3.580e-06
14393.5,16:36:39,3.580e-06
14394.7,16:36:40,3.580e-06
14395.8,16:36:41,3.580e-06
14397.0,16:36:42,3.570e-06
14398.2,16:36:44,3.570e-06
14399.3,16:36:45,3.570e-06
14400.5,16:36:46,3.570e-06
14401.7,16:36:47,3.570e-06
14402.9,16:36:48,3.570e-06
14404.0,16:36:49,3.570e-06
14405.2,16:36:51,3.570e-06
14406.4,16:36:52,3.570e-06
14407.5,16:36:53,3.570e-06
14408.7,16:36:54,3.570e-06
14409.9,16:36:55,3.570e-06
14411.0,16:36:56,3.570e-06
14412.2,16:36:58,3.570e-06
14413.4,16:36:59,3.570e-06
14414.6,16:37:00,3.570e-06
14415.7,16:37:01,3.570e-06
14416.9,16:37:02,3.570e-06
14418.1,16:37:04,3.570e-06
14419.2,16:37:05,3.570e-06
14420.4,16:37:06,3.570e-06
14421.6,16:37:07,3.570e-06
14422.7,16:37:08,3.570e-06
14423.9,16:37:09,3.570e-06
14425.1,16:37:11,3.570e-06
14426.3,16:37:12,3.570e-06
14427.4,16:37:13,3.570e-06
14428.6,16:37:14,3.570e-06
14429.8,16:37:15,3.570e-06
14430.9,16:37:16,3.570e-06
14432.1,16:37:18,3.570e-06
14433.3,16:37:19,3.570e-06
14434.5,16:37:20,3.570e-06
14435.6,16:37:21,3.570e-06
14436.8,16:37:22,3.570e-06
14438.0,16:37:23,3.570e-06
14439.2,16:37:25,3.570e-06
14440.4,16:37:26,3.570e-06
14441.5,16:37:27,3.570e-06
14442.7,16:37:28,3.570e-06
14443.9,16:37:29,3.570e-06
14445.0,16:37:30,3.570e-06
14446.2,16:37:32,3.560e-06
14447.4,16:37:33,3.570e-06
14448.6,16:37:34,3.560e-06
14449.8,16:37:35,3.570e-06
14450.9,16:37:36,3.560e-06
14452.1,16:37:38,3.560e-06
14453.3,16:37:39,3.560e-06
14454.4,16:37:40,3.560e-06
14455.6,16:37:41,3.560e-06
14456.8,16:37:42,3.560e-06
14458.0,16:37:43,3.560e-06
14459.1,16:37:45,3.560e-06
14460.3,16:37:46,3.560e-06
14461.4,16:37:47,3.560e-06
14462.6,16:37:48,3.560e-06
14463.8,16:37:49,3.560e-06
14465.0,16:37:50,3.560e-06
14466.1,16:37:52,3.560e-06
14467.3,16:37:53,3.560e-06
14468.5,16:37:54,3.560e-06
14469.6,16:37:55,3.560e-06
14470.8,16:37:56,3.560e-06
14472.0,16:37:57,3.560e-06
14473.2,16:37:59,3.560e-06
14474.3,16:38:00,3.560e-06
14475.5,16:38:01,3.560e-06
14476.7,16:38:02,3.560e-06
14477.8,16:38:03,3.560e-06
14479.0,16:38:04,3.560e-06
14480.2,16:38:06,3.560e-06
14481.3,16:38:07,3.560e-06
14482.5,16:38:08,3.560e-06
14483.7,16:38:09,3.560e-06
14484.8,16:38:10,3.560e-06
14486.0,16:38:11,3.560e-06
14487.2,16:38:13,3.560e-06
14488.4,16:38:14,3.560e-06
14489.5,16:38:15,3.560e-06
14490.7,16:38:16,3.560e-06
14491.9,16:38:17,3.560e-06
14493.0,16:38:18,3.560e-06
14494.2,16:38:20,3.560e-06
14495.4,16:38:21,3.560e-06
14496.6,16:38:22,3.560e-06
14497.8,16:38:23,3.560e-06
14498.9,16:38:24,3.560e-06
14500.1,16:38:26,3.560e-06
14501.3,16:38:27,3.560e-06
14502.4,16:38:28,3.560e-06
14503.6,16:38:29,3.560e-06
14504.8,16:38:30,3.560e-06
14505.9,16:38:31,3.560e-06
14507.1,16:38:33,3.560e-06
14508.3,16:38:34,3.560e-06
14509.5,16:38:35,3.560e-06
14510.6,16:38:36,3.560e-06
14511.8,16:38:37,3.560e-06
14513.0,16:38:38,3.560e-06
14514.1,16:38:40,3.560e-06
14515.3,16:38:41,3.560e-06
14516.5,16:38:42,3.550e-06
14517.7,16:38:43,3.540e-06
14518.8,16:38:44,3.540e-06
14520.0,16:38:45,3.540e-06
14521.2,16:38:47,3.540e-06
14522.3,16:38:48,3.540e-06
14523.5,16:38:49,3.540e-06
14524.7,16:38:50,3.540e-06
14525.9,16:38:51,3.540e-06
14527.0,16:38:52,3.540e-06
14528.2,16:38:54,3.540e-06
14529.4,16:38:55,3.530e-06
14530.5,16:38:56,3.540e-06
14531.7,16:38:57,3.530e-06
14532.9,16:38:58,3.540e-06
14534.1,16:38:59,3.530e-06
14535.2,16:39:01,3.530e-06
14536.4,16:39:02,3.530e-06
14537.6,16:39:03,3.540e-06
14538.7,16:39:04,3.540e-06
14539.9,16:39:05,3.530e-06
14541.1,16:39:07,3.540e-06
14542.3,16:39:08,3.530e-06
14543.4,16:39:09,3.540e-06
14544.6,16:39:10,3.530e-06
14545.8,16:39:11,3.540e-06
14547.0,16:39:12,3.540e-06
14548.1,16:39:14,3.530e-06
14549.3,16:39:15,3.540e-06
14550.5,16:39:16,3.530e-06
14551.6,16:39:17,3.530e-06
14552.8,16:39:18,3.530e-06
14554.0,16:39:19,3.530e-06
14555.2,16:39:21,3.530e-06
14556.3,16:39:22,3.530e-06
14557.5,16:39:23,3.530e-06
14558.7,16:39:24,3.530e-06
14559.9,16:39:25,3.530e-06
14561.0,16:39:26,3.530e-06
14562.2,16:39:28,3.530e-06
14563.4,16:39:29,3.530e-06
14564.5,16:39:30,3.530e-06
14565.7,16:39:31,3.530e-06
14566.9,16:39:32,3.530e-06
14568.0,16:39:33,3.530e-06
14569.2,16:39:35,3.530e-06
14570.4,16:39:36,3.530e-06
14571.6,16:39:37,3.530e-06
14572.7,16:39:38,3.530e-06
14573.9,16:39:39,3.530e-06
14575.1,16:39:40,3.530e-06
14576.2,16:39:42,3.530e-06
14577.4,16:39:43,3.530e-06
14578.6,16:39:44,3.530e-06
14579.8,16:39:45,3.530e-06
14580.9,16:39:46,3.530e-06
14582.1,16:39:48,3.530e-06
14583.3,16:39:49,3.530e-06
14584.4,16:39:50,3.520e-06
14585.6,16:39:51,3.530e-06
14586.8,16:39:52,3.530e-06
14587.9,16:39:53,3.520e-06
14589.1,16:39:55,3.520e-06
14590.3,16:39:56,3.530e-06
14591.5,16:39:57,3.520e-06
14592.6,16:39:58,3.530e-06
14593.8,16:39:59,3.530e-06
14595.0,16:40:00,3.530e-06
14596.2,16:40:02,3.530e-06
14597.3,16:40:03,3.530e-06
14598.5,16:40:04,3.520e-06
14599.7,16:40:05,3.520e-06
14600.9,16:40:06,3.520e-06
14602.1,16:40:07,3.520e-06
14603.2,16:40:09,3.530e-06
14604.4,16:40:10,3.530e-06
14605.6,16:40:11,3.530e-06
14606.7,16:40:12,3.520e-06
14607.9,16:40:13,3.520e-06
14609.1,16:40:14,3.520e-06
14610.2,16:40:16,3.520e-06
14611.4,16:40:17,3.520e-06
14612.6,16:40:18,3.520e-06
14613.7,16:40:19,3.520e-06
14614.9,16:40:20,3.520e-06
14616.1,16:40:22,3.520e-06
14617.3,16:40:23,3.520e-06
14618.4,16:40:24,3.520e-06
14619.6,16:40:25,3.520e-06
14620.8,16:40:26,3.520e-06
14622.0,16:40:27,3.520e-06
14623.1,16:40:29,3.520e-06
14624.3,16:40:30,3.520e-06
14625.5,16:40:31,3.520e-06
14626.6,16:40:32,3.520e-06
14627.8,16:40:33,3.520e-06
14629.0,16:40:34,3.520e-06
14630.2,16:40:36,3.520e-06
14631.3,16:40:37,3.520e-06
14632.5,16:40:38,3.520e-06
14633.7,16:40:39,3.520e-06
14634.8,16:40:40,3.520e-06
14636.0,16:40:41,3.520e-06
14637.2,16:40:43,3.520e-06
14638.4,16:40:44,3.520e-06
14639.5,16:40:45,3.520e-06
14640.7,16:40:46,3.520e-06
14641.9,16:40:47,3.520e-06
14643.1,16:40:49,3.520e-06
14644.2,16:40:50,3.520e-06
14645.4,16:40:51,3.520e-06
14646.6,16:40:52,3.520e-06
14647.8,16:40:53,3.520e-06
14648.9,16:40:54,3.520e-06
14650.1,16:40:56,3.500e-06
14651.3,16:40:57,3.500e-06
14652.4,16:40:58,3.490e-06
14653.6,16:40:59,3.490e-06
14654.8,16:41:00,3.490e-06
14656.0,16:41:01,3.490e-06
14657.1,16:41:03,3.490e-06
14658.3,16:41:04,3.490e-06
14659.5,16:41:05,3.490e-06
14660.6,16:41:06,3.490e-06
14661.8,16:41:07,3.490e-06
14663.0,16:41:08,3.490e-06
14664.2,16:41:10,3.490e-06
14665.4,16:41:11,3.490e-06
14666.5,16:41:12,3.490e-06
14667.7,16:41:13,3.490e-06
14668.9,16:41:14,3.490e-06
14670.0,16:41:15,3.490e-06
14671.2,16:41:17,3.490e-06
14672.4,16:41:18,3.490e-06
14673.6,16:41:19,3.490e-06
14674.7,16:41:20,3.490e-06
14675.9,16:41:21,3.490e-06
14677.1,16:41:23,3.490e-06
14678.2,16:41:24,3.490e-06
14679.4,16:41:25,3.490e-06
14680.6,16:41:26,3.490e-06
14681.7,16:41:27,3.490e-06
14682.9,16:41:28,3.490e-06
14684.1,16:41:30,3.490e-06
14685.2,16:41:31,3.490e-06
14686.4,16:41:32,3.490e-06
14687.6,16:41:33,3.490e-06
14688.8,16:41:34,3.490e-06
14689.9,16:41:35,3.490e-06
14691.1,16:41:37,3.490e-06
14692.3,16:41:38,3.490e-06
14693.5,16:41:39,3.490e-06
14694.7,16:41:40,3.490e-06
14695.8,16:41:41,3.490e-06
14697.0,16:41:42,3.490e-06
14698.2,16:41:44,3.490e-06
14699.3,16:41:45,3.490e-06
14700.5,16:41:46,3.490e-06
14701.7,16:41:47,3.490e-06
14702.9,16:41:48,3.490e-06
14704.0,16:41:49,3.490e-06
14705.2,16:41:51,3.490e-06
14706.4,16:41:52,3.490e-06
14707.5,16:41:53,3.490e-06
14708.7,16:41:54,3.490e-06
14709.9,16:41:55,3.490e-06
14711.0,16:41:56,3.490e-06
14712.2,16:41:58,3.490e-06
14713.4,16:41:59,3.490e-06
14714.6,16:42:00,3.490e-06
14715.7,16:42:01,3.480e-06
14716.9,16:42:02,3.480e-06
14718.1,16:42:03,3.490e-06
14719.2,16:42:05,3.480e-06
14720.4,16:42:06,3.480e-06
14721.6,16:42:07,3.480e-06
14722.7,16:42:08,3.480e-06
14723.9,16:42:09,3.480e-06
14725.1,16:42:11,3.480e-06
14726.2,16:42:12,3.480e-06
14727.4,16:42:13,3.480e-06
14728.6,16:42:14,3.480e-06
14729.8,16:42:15,3.480e-06
14730.9,16:42:16,3.480e-06
14732.1,16:42:18,3.480e-06
14733.3,16:42:19,3.480e-06
14734.5,16:42:20,3.480e-06
14735.6,16:42:21,3.480e-06
14736.8,16:42:22,3.480e-06
14738.0,16:42:23,3.480e-06
14739.1,16:42:25,3.480e-06
14740.3,16:42:26,3.480e-06
14741.5,16:42:27,3.480e-06
14742.6,16:42:28,3.480e-06
14743.8,16:42:29,3.480e-06
14745.0,16:42:30,3.480e-06
14746.1,16:42:32,3.480e-06
14747.3,16:42:33,3.480e-06
14748.5,16:42:34,3.480e-06
14749.7,16:42:35,3.480e-06
14750.8,16:42:36,3.480e-06
14752.0,16:42:37,3.480e-06
14753.2,16:42:39,3.480e-06
14754.4,16:42:40,3.480e-06
14755.5,16:42:41,3.480e-06
14756.7,16:42:42,3.480e-06
14757.9,16:42:43,3.480e-06
14759.0,16:42:44,3.480e-06
14760.2,16:42:46,3.480e-06
14761.4,16:42:47,3.480e-06
14762.5,16:42:48,3.480e-06
14763.7,16:42:49,3.480e-06
14764.9,16:42:50,3.480e-06
14766.1,16:42:52,3.480e-06
14767.2,16:42:53,3.480e-06
14768.4,16:42:54,3.480e-06
14769.6,16:42:55,3.470e-06
14770.8,16:42:56,3.480e-06
14771.9,16:42:57,3.470e-06
14773.1,16:42:59,3.470e-06
14774.3,16:43:00,3.480e-06
14775.5,16:43:01,3.480e-06
14776.6,16:43:02,3.480e-06
14777.8,16:43:03,3.480e-06
14779.0,16:43:04,3.480e-06
14780.2,16:43:06,3.470e-06
14781.3,16:43:07,3.480e-06
14782.5,16:43:08,3.470e-06
14783.7,16:43:09,3.460e-06
14784.9,16:43:10,3.450e-06
14786.0,16:43:11,3.450e-06
14787.2,16:43:13,3.450e-06
14788.4,16:43:14,3.450e-06
14789.5,16:43:15,3.450e-06
14790.7,16:43:16,3.450e-06
14791.9,16:43:17,3.450e-06
14793.1,16:43:18,3.450e-06
14794.2,16:43:20,3.450e-06
14795.4,16:43:21,3.450e-06
14796.6,16:43:22,3.450e-06
14797.7,16:43:23,3.450e-06
14798.9,16:43:24,3.450e-06
14800.1,16:43:26,3.450e-06
14801.3,16:43:27,3.450e-06
14802.4,16:43:28,3.450e-06
14803.6,16:43:29,3.450e-06
14804.8,16:43:30,3.450e-06
14805.9,16:43:31,3.450e-06
14807.1,16:43:33,3.450e-06
14808.3,16:43:34,3.450e-06
14809.4,16:43:35,3.450e-06
14810.6,16:43:36,3.450e-06
14811.8,16:43:37,3.450e-06
14813.0,16:43:38,3.450e-06
14814.1,16:43:40,3.450e-06
14815.3,16:43:41,3.450e-06
14816.5,16:43:42,3.450e-06
14817.6,16:43:43,3.450e-06
14818.8,16:43:44,3.450e-06
14820.0,16:43:45,3.450e-06
14821.2,16:43:47,3.450e-06
14822.4,16:43:48,3.450e-06
14823.5,16:43:49,3.450e-06
14824.7,16:43:50,3.450e-06
14825.9,16:43:51,3.450e-06
14827.0,16:43:52,3.450e-06
14828.2,16:43:54,3.450e-06
14829.4,16:43:55,3.450e-06
14830.6,16:43:56,3.450e-06
14831.7,16:43:57,3.450e-06
14832.9,16:43:58,3.450e-06
14834.1,16:44:00,3.450e-06
14835.2,16:44:01,3.450e-06
14836.4,16:44:02,3.450e-06
14837.6,16:44:03,3.450e-06
14838.8,16:44:04,3.450e-06
14839.9,16:44:05,3.450e-06
14841.1,16:44:07,3.450e-06
14842.3,16:44:08,3.450e-06
14843.4,16:44:09,3.450e-06
14844.6,16:44:10,3.450e-06
14845.8,16:44:11,3.450e-06
14847.0,16:44:12,3.450e-06
14848.1,16:44:14,3.450e-06
14849.3,16:44:15,3.440e-06
14850.5,16:44:16,3.450e-06
14851.6,16:44:17,3.440e-06
14852.8,16:44:18,3.440e-06
14854.0,16:44:19,3.450e-06
14855.2,16:44:21,3.450e-06
14856.3,16:44:22,3.440e-06
14857.5,16:44:23,3.440e-06
14858.7,16:44:24,3.440e-06
14859.8,16:44:25,3.440e-06
14861.0,16:44:26,3.440e-06
14862.2,16:44:28,3.440e-06
14863.3,16:44:29,3.440e-06
14864.5,16:44:30,3.440e-06
14865.7,16:44:31,3.440e-06
14866.9,16:44:32,3.440e-06
14868.1,16:44:33,3.440e-06
14869.2,16:44:35,3.440e-06
14870.4,16:44:36,3.450e-06
14871.6,16:44:37,3.440e-06
14872.7,16:44:38,3.440e-06
14873.9,16:44:39,3.440e-06
14875.1,16:44:41,3.440e-06
14876.3,16:44:42,3.440e-06
14877.4,16:44:43,3.440e-06
14878.6,16:44:44,3.440e-06
14879.8,16:44:45,3.440e-06
14880.9,16:44:46,3.440e-06
14882.1,16:44:48,3.440e-06
14883.3,16:44:49,3.440e-06
14884.4,16:44:50,3.440e-06
14885.6,16:44:51,3.440e-06
14886.8,16:44:52,3.440e-06
14888.0,16:44:53,3.440e-06
14889.1,16:44:55,3.440e-06
14890.3,16:44:56,3.440e-06
14891.5,16:44:57,3.440e-06
14892.6,16:44:58,3.440e-06
14893.8,16:44:59,3.440e-06
14895.0,16:45:00,3.440e-06
14896.2,16:45:02,3.440e-06
14897.3,16:45:03,3.440e-06
14898.5,16:45:04,3.440e-06
14899.7,16:45:05,3.440e-06
14900.9,16:45:06,3.440e-06
14902.0,16:45:07,3.440e-06
14903.2,16:45:09,3.440e-06
14904.4,16:45:10,3.440e-06
14905.5,16:45:11,3.440e-06
14906.7,16:45:12,3.440e-06
14907.9,16:45:13,3.440e-06
14909.1,16:45:14,3.440e-06
14910.2,16:45:16,3.440e-06
14911.4,16:45:17,3.420e-06
14912.5,16:45:18,3.420e-06
14913.7,16:45:19,3.420e-06
14914.9,16:45:20,3.420e-06
14916.1,16:45:22,3.420e-06
14917.3,16:45:23,3.420e-06
14918.5,16:45:24,3.420e-06
14919.6,16:45:25,3.420e-06
14920.8,16:45:26,3.420e-06
14922.0,16:45:27,3.420e-06
14923.2,16:45:29,3.420e-06
14924.3,16:45:30,3.420e-06
14925.5,16:45:31,3.420e-06
14926.7,16:45:32,3.420e-06
14927.9,16:45:33,3.420e-06
14929.1,16:45:35,3.420e-06
14930.2,16:45:36,3.420e-06
14931.4,16:45:37,3.420e-06
14932.6,16:45:38,3.420e-06
14933.7,16:45:39,3.420e-06
14934.9,16:45:40,3.420e-06
14936.1,16:45:42,3.420e-06
14937.3,16:45:43,3.420e-06
14938.4,16:45:44,3.420e-06
14939.6,16:45:45,3.420e-06
14940.8,16:45:46,3.420e-06
14942.0,16:45:47,3.420e-06
14943.1,16:45:49,3.420e-06
14944.3,16:45:50,3.420e-06
14945.5,16:45:51,3.420e-06
14946.6,16:45:52,3.420e-06
14947.8,16:45:53,3.420e-06
14949.0,16:45:54,3.420e-06
14950.2,16:45:56,3.420e-06
14951.3,16:45:57,3.420e-06
14952.5,16:45:58,3.420e-06
14953.7,16:45:59,3.420e-06
14954.9,16:46:00,3.420e-06
14956.0,16:46:01,3.420e-06
14957.2,16:46:03,3.420e-06
14958.4,16:46:04,3.420e-06
14959.5,16:46:05,3.420e-06
14960.7,16:46:06,3.420e-06
14961.9,16:46:07,3.420e-06
14963.0,16:46:08,3.420e-06
14964.2,16:46:10,3.420e-06
14965.4,16:46:11,3.420e-06
14966.6,16:46:12,3.420e-06
14967.7,16:46:13,3.420e-06
14968.9,16:46:14,3.420e-06
14970.1,16:46:16,3.420e-06
14971.3,16:46:17,3.420e-06
14972.4,16:46:18,3.420e-06
14973.6,16:46:19,3.420e-06
14974.8,16:46:20,3.420e-06
14975.9,16:46:21,3.420e-06
14977.1,16:46:23,3.420e-06
14978.3,16:46:24,3.420e-06
14979.4,16:46:25,3.420e-06
14980.6,16:46:26,3.420e-06
14981.8,16:46:27,3.420e-06
14982.9,16:46:28,3.420e-06
14984.1,16:46:30,3.420e-06
14985.3,16:46:31,3.420e-06
14986.5,16:46:32,3.420e-06
14987.6,16:46:33,3.420e-06
14988.8,16:46:34,3.420e-06
14990.0,16:46:35,3.420e-06
14991.2,16:46:37,3.420e-06
14992.3,16:46:38,3.420e-06
14993.5,16:46:39,3.420e-06
14994.7,16:46:40,3.420e-06
14995.9,16:46:41,3.420e-06
14997.1,16:46:42,3.420e-06
14998.2,16:46:44,3.410e-06
14999.4,16:46:45,3.410e-06
15000.6,16:46:46,3.410e-06
15001.7,16:46:47,3.410e-06
15002.9,16:46:48,3.420e-06
15004.1,16:46:50,3.420e-06
15005.2,16:46:51,3.420e-06
15006.4,16:46:52,3.420e-06
15007.6,16:46:53,3.410e-06
15008.7,16:46:54,3.420e-06
15009.9,16:46:55,3.420e-06
15011.1,16:46:57,3.410e-06
15012.3,16:46:58,3.410e-06
15013.4,16:46:59,3.410e-06
15014.6,16:47:00,3.410e-06
15015.8,16:47:01,3.410e-06
15016.9,16:47:02,3.410e-06
15018.1,16:47:04,3.410e-06
15019.3,16:47:05,3.410e-06
15020.5,16:47:06,3.410e-06
15021.6,16:47:07,3.410e-06
15022.8,16:47:08,3.410e-06
15024.0,16:47:09,3.410e-06
15025.2,16:47:11,3.410e-06
15026.3,16:47:12,3.410e-06
15027.5,16:47:13,3.410e-06
15028.7,16:47:14,3.410e-06
15029.8,16:47:15,3.410e-06
15031.0,16:47:16,3.410e-06
15032.2,16:47:18,3.410e-06
15033.3,16:47:19,3.410e-06
15034.5,16:47:20,3.410e-06
15035.7,16:47:21,3.410e-06
15036.9,16:47:22,3.410e-06
15038.0,16:47:23,3.410e-06
15039.2,16:47:25,3.410e-06
15040.4,16:47:26,3.410e-06
15041.5,16:47:27,3.400e-06
15042.7,16:47:28,3.390e-06
15043.9,16:47:29,3.390e-06
15045.1,16:47:30,3.390e-06
15046.2,16:47:32,3.390e-06
15047.4,16:47:33,3.390e-06
15048.6,16:47:34,3.390e-06
15049.7,16:47:35,3.390e-06
15050.9,16:47:36,3.390e-06
15052.1,16:47:38,3.390e-06
15053.2,16:47:39,3.390e-06
15054.4,16:47:40,3.390e-06
15055.6,16:47:41,3.390e-06
15056.7,16:47:42,3.390e-06
15057.9,16:47:43,3.390e-06
15059.1,16:47:45,3.390e-06
15060.3,16:47:46,3.390e-06
15061.4,16:47:47,3.390e-06
15062.6,16:47:48,3.390e-06
15063.8,16:47:49,3.390e-06
15064.9,16:47:50,3.390e-06
15066.1,16:47:52,3.390e-06
15067.3,16:47:53,3.380e-06
15068.5,16:47:54,3.390e-06
15069.6,16:47:55,3.390e-06
15070.8,16:47:56,3.390e-06
15072.0,16:47:57,3.390e-06
15073.2,16:47:59,3.390e-06
15074.3,16:48:00,3.380e-06
15075.5,16:48:01,3.390e-06
15076.7,16:48:02,3.390e-06
15077.9,16:48:03,3.390e-06
15079.0,16:48:04,3.390e-06
15080.2,16:48:06,3.390e-06
15081.4,16:48:07,3.390e-06
15082.6,16:48:08,3.380e-06
15083.7,16:48:09,3.380e-06
15084.9,16:48:10,3.380e-06
15086.1,16:48:12,3.380e-06
15087.2,16:48:13,3.390e-06
15088.4,16:48:14,3.380e-06
15089.6,16:48:15,3.380e-06
15090.7,16:48:16,3.380e-06
15091.9,16:48:17,3.380e-06
15093.1,16:48:19,3.380e-06
15094.3,16:48:20,3.380e-06
15095.4,16:48:21,3.380e-06
15096.6,16:48:22,3.380e-06
15097.8,16:48:23,3.380e-06
15099.0,16:48:24,3.380e-06
15100.2,16:48:26,3.380e-06
15101.3,16:48:27,3.380e-06
15102.5,16:48:28,3.380e-06
15103.7,16:48:29,3.380e-06
15104.8,16:48:30,3.380e-06
15106.0,16:48:31,3.380e-06
15107.2,16:48:33,3.380e-06
15108.4,16:48:34,3.380e-06
15109.5,16:48:35,3.380e-06
15110.7,16:48:36,3.380e-06
15111.9,16:48:37,3.380e-06
15113.0,16:48:38,3.380e-06
15114.2,16:48:40,3.380e-06
15115.4,16:48:41,3.380e-06
15116.6,16:48:42,3.380e-06
15117.7,16:48:43,3.380e-06
15118.9,16:48:44,3.380e-06
15120.1,16:48:46,3.380e-06
15121.2,16:48:47,3.380e-06
15122.4,16:48:48,3.380e-06
15123.6,16:48:49,3.380e-06
15124.8,16:48:50,3.380e-06
15125.9,16:48:51,3.380e-06
15127.1,16:48:53,3.380e-06
15128.3,16:48:54,3.380e-06
15129.4,16:48:55,3.380e-06
15130.6,16:48:56,3.380e-06
15131.8,16:48:57,3.380e-06
15133.0,16:48:58,3.380e-06
15134.1,16:49:00,3.380e-06
15135.3,16:49:01,3.380e-06
15136.5,16:49:02,3.380e-06
15137.7,16:49:03,3.380e-06
15138.8,16:49:04,3.380e-06
15140.0,16:49:05,3.380e-06
15141.2,16:49:07,3.380e-06
15142.3,16:49:08,3.380e-06
15143.5,16:49:09,3.380e-06
15144.7,16:49:10,3.380e-06
15145.9,16:49:11,3.380e-06
15147.0,16:49:12,3.380e-06
15148.2,16:49:14,3.380e-06
15149.4,16:49:15,3.380e-06
15150.5,16:49:16,3.380e-06
15151.7,16:49:17,3.380e-06
15152.9,16:49:18,3.380e-06
15154.1,16:49:19,3.380e-06
15155.2,16:49:21,3.380e-06
15156.4,16:49:22,3.380e-06
15157.6,16:49:23,3.380e-06
15158.7,16:49:24,3.380e-06
15159.9,16:49:25,3.380e-06
15161.1,16:49:26,3.380e-06
15162.2,16:49:28,3.380e-06
15163.4,16:49:29,3.380e-06
15164.6,16:49:30,3.380e-06
15165.8,16:49:31,3.380e-06
15166.9,16:49:32,3.380e-06
15168.1,16:49:34,3.380e-06
15169.3,16:49:35,3.380e-06
15170.4,16:49:36,3.380e-06
15171.6,16:49:37,3.380e-06
15172.8,16:49:38,3.380e-06
15174.0,16:49:39,3.380e-06
15175.2,16:49:41,3.370e-06
15176.3,16:49:42,3.360e-06
15177.5,16:49:43,3.350e-06
15178.7,16:49:44,3.360e-06
15179.9,16:49:45,3.350e-06
15181.0,16:49:46,3.350e-06
15182.2,16:49:48,3.350e-06
15183.4,16:49:49,3.350e-06
15184.5,16:49:50,3.360e-06
15185.7,16:49:51,3.350e-06
15186.9,16:49:52,3.350e-06
15188.0,16:49:53,3.350e-06
15189.2,16:49:55,3.350e-06
15190.4,16:49:56,3.350e-06
15191.6,16:49:57,3.350e-06
15192.8,16:49:58,3.350e-06
15193.9,16:49:59,3.360e-06
15195.1,16:50:01,3.350e-06
15196.3,16:50:02,3.350e-06
15197.4,16:50:03,3.350e-06
15198.6,16:50:04,3.350e-06
15199.8,16:50:05,3.350e-06
15200.9,16:50:06,3.350e-06
15202.1,16:50:08,3.350e-06
15203.3,16:50:09,3.350e-06
15204.5,16:50:10,3.350e-06
15205.6,16:50:11,3.350e-06
15206.8,16:50:12,3.350e-06
15208.0,16:50:13,3.350e-06
15209.2,16:50:15,3.350e-06
15210.3,16:50:16,3.350e-06
15211.5,16:50:17,3.350e-06
15212.7,16:50:18,3.350e-06
15213.9,16:50:19,3.350e-06
15215.0,16:50:20,3.350e-06
15216.2,16:50:22,3.350e-06
15217.4,16:50:23,3.350e-06
15218.5,16:50:24,3.350e-06
15219.7,16:50:25,3.350e-06
15220.9,16:50:26,3.350e-06
15222.1,16:50:27,3.350e-06
15223.2,16:50:29,3.350e-06
15224.4,16:50:30,3.350e-06
15225.6,16:50:31,3.350e-06
15226.7,16:50:32,3.350e-06
15227.9,16:50:33,3.350e-06
15229.1,16:50:35,3.350e-06
15230.3,16:50:36,3.350e-06
15231.5,16:50:37,3.350e-06
15232.6,16:50:38,3.350e-06
15233.8,16:50:39,3.350e-06
15235.0,16:50:40,3.350e-06
15236.1,16:50:42,3.350e-06
15237.3,16:50:43,3.350e-06
15238.5,16:50:44,3.350e-06
15239.7,16:50:45,3.350e-06
15240.8,16:50:46,3.350e-06
15242.0,16:50:47,3.350e-06
15243.2,16:50:49,3.350e-06
15244.3,16:50:50,3.350e-06
15245.5,16:50:51,3.350e-06
15246.7,16:50:52,3.350e-06
15247.8,16:50:53,3.350e-06
15249.0,16:50:54,3.350e-06
15250.2,16:50:56,3.350e-06
15251.4,16:50:57,3.350e-06
15252.6,16:50:58,3.350e-06
15253.7,16:50:59,3.350e-06
15254.9,16:51:00,3.340e-06
15256.1,16:51:02,3.340e-06
15257.3,16:51:03,3.350e-06
15258.4,16:51:04,3.350e-06
15259.6,16:51:05,3.350e-06
15260.8,16:51:06,3.340e-06
15262.0,16:51:07,3.350e-06
15263.1,16:51:09,3.340e-06
15264.3,16:51:10,3.350e-06
15265.5,16:51:11,3.350e-06
15266.7,16:51:12,3.340e-06
15267.8,16:51:13,3.350e-06
15269.0,16:51:14,3.350e-06
15270.2,16:51:16,3.350e-06
15271.4,16:51:17,3.340e-06
15272.6,16:51:18,3.350e-06
15273.8,16:51:19,3.350e-06
15274.9,16:51:20,3.340e-06
15276.1,16:51:22,3.340e-06
15277.3,16:51:23,3.350e-06
15278.4,16:51:24,3.340e-06
15279.6,16:51:25,3.340e-06
15280.8,16:51:26,3.340e-06
15282.0,16:51:27,3.340e-06
15283.1,16:51:29,3.350e-06
15284.3,16:51:30,3.340e-06
15285.5,16:51:31,3.350e-06
15286.6,16:51:32,3.340e-06
15287.8,16:51:33,3.340e-06
15289.0,16:51:34,3.340e-06
15290.1,16:51:36,3.340e-06
15291.3,16:51:37,3.340e-06
15292.5,16:51:38,3.350e-06
15293.7,16:51:39,3.340e-06
15294.9,16:51:40,3.340e-06
15296.0,16:51:41,3.340e-06
15297.2,16:51:43,3.340e-06
15298.4,16:51:44,3.340e-06
15299.6,16:51:45,3.340e-06
15300.7,16:51:46,3.340e-06
15301.9,16:51:47,3.340e-06
15303.1,16:51:49,3.340e-06
15304.3,16:51:50,3.340e-06
15305.4,16:51:51,3.340e-06
15306.6,16:51:52,3.320e-06
15307.8,16:51:53,3.320e-06
15309.0,16:51:54,3.320e-06
15310.2,16:51:56,3.320e-06
15311.3,16:51:57,3.320e-06
15312.5,16:51:58,3.320e-06
15313.7,16:51:59,3.320e-06
15314.9,16:52:00,3.320e-06
15316.1,16:52:01,3.320e-06
15317.2,16:52:03,3.320e-06
15318.4,16:52:04,3.320e-06
15319.6,16:52:05,3.320e-06
15320.8,16:52:06,3.320e-06
15321.9,16:52:07,3.320e-06
15323.1,16:52:09,3.320e-06
15324.3,16:52:10,3.320e-06
15325.4,16:52:11,3.320e-06
15326.6,16:52:12,3.320e-06
15327.8,16:52:13,3.320e-06
15329.0,16:52:14,3.320e-06
15330.1,16:52:16,3.320e-06
15331.3,16:52:17,3.320e-06
15332.5,16:52:18,3.320e-06
15333.7,16:52:19,3.320e-06
15334.8,16:52:20,3.320e-06
15336.0,16:52:21,3.320e-06
15337.2,16:52:23,3.320e-06
15338.4,16:52:24,3.320e-06
15339.5,16:52:25,3.320e-06
15340.7,16:52:26,3.320e-06
15341.9,16:52:27,3.320e-06
15343.1,16:52:29,3.320e-06
15344.3,16:52:30,3.320e-06
15345.4,16:52:31,3.320e-06
15346.6,16:52:32,3.320e-06
15347.8,16:52:33,3.320e-06
15348.9,16:52:34,3.320e-06
15350.1,16:52:36,3.320e-06
15351.3,16:52:37,3.320e-06
15352.5,16:52:38,3.320e-06
15353.6,16:52:39,3.310e-06
15354.8,16:52:40,3.320e-06
15356.0,16:52:41,3.310e-06
15357.2,16:52:43,3.310e-06
15358.3,16:52:44,3.310e-06
15359.6,16:52:45,3.310e-06
15360.7,16:52:46,3.310e-06
15361.9,16:52:47,3.310e-06
15363.1,16:52:49,3.310e-06
15364.3,16:52:50,3.310e-06
15365.5,16:52:51,3.310e-06
15366.6,16:52:52,3.310e-06
15367.8,16:52:53,3.310e-06
15369.0,16:52:54,3.310e-06
15370.1,16:52:56,3.310e-06
15371.3,16:52:57,3.310e-06
15372.5,16:52:58,3.310e-06
15373.7,16:52:59,3.310e-06
15374.9,16:53:00,3.310e-06
15376.0,16:53:01,3.310e-06
15377.2,16:53:03,3.310e-06
15378.4,16:53:04,3.310e-06
15379.5,16:53:05,3.310e-06
15380.7,16:53:06,3.310e-06
15381.9,16:53:07,3.310e-06
15383.1,16:53:09,3.310e-06
15384.3,16:53:10,3.310e-06
15385.4,16:53:11,3.310e-06
15386.6,16:53:12,3.310e-06
15387.8,16:53:13,3.310e-06
15388.9,16:53:14,3.310e-06
15390.1,16:53:16,3.310e-06
15391.3,16:53:17,3.310e-06
15392.5,16:53:18,3.310e-06
15393.7,16:53:19,3.310e-06
15394.9,16:53:20,3.310e-06
15396.0,16:53:21,3.310e-06
15397.2,16:53:23,3.310e-06
15398.4,16:53:24,3.310e-06
15399.6,16:53:25,3.310e-06
15400.7,16:53:26,3.310e-06
15401.9,16:53:27,3.310e-06
15403.1,16:53:29,3.310e-06
15404.3,16:53:30,3.310e-06
15405.4,16:53:31,3.310e-06
15406.6,16:53:32,3.310e-06
15407.8,16:53:33,3.310e-06
15409.0,16:53:34,3.310e-06
15410.1,16:53:36,3.310e-06
15411.3,16:53:37,3.310e-06
15412.5,16:53:38,3.310e-06
15413.7,16:53:39,3.310e-06
15414.8,16:53:40,3.310e-06
15416.0,16:53:41,3.310e-06
15417.2,16:53:43,3.310e-06
15418.4,16:53:44,3.310e-06
15419.5,16:53:45,3.310e-06
15420.7,16:53:46,3.310e-06
15421.9,16:53:47,3.310e-06
15423.1,16:53:48,3.310e-06
15424.2,16:53:50,3.310e-06
15425.4,16:53:51,3.310e-06
15426.6,16:53:52,3.310e-06
15427.7,16:53:53,3.310e-06
15428.9,16:53:54,3.310e-06
15430.1,16:53:56,3.300e-06
15431.3,16:53:57,3.310e-06
15432.5,16:53:58,3.310e-06
15433.6,16:53:59,3.310e-06
15434.8,16:54:00,3.310e-06
15436.0,16:54:01,3.300e-06
15437.2,16:54:03,3.310e-06
15438.4,16:54:04,3.300e-06
15439.5,16:54:05,3.280e-06
15440.7,16:54:06,3.280e-06
15441.9,16:54:07,3.280e-06
15443.1,16:54:09,3.280e-06
15444.3,16:54:10,3.280e-06
15445.4,16:54:11,3.280e-06
15446.6,16:54:12,3.280e-06
15447.8,16:54:13,3.280e-06
15449.0,16:54:14,3.280e-06
15450.1,16:54:16,3.280e-06
15451.3,16:54:17,3.280e-06
15452.5,16:54:18,3.280e-06
15453.7,16:54:19,3.280e-06
15454.8,16:54:20,3.280e-06
15456.0,16:54:21,3.280e-06
15457.2,16:54:23,3.280e-06
15458.4,16:54:24,3.280e-06
15459.5,16:54:25,3.280e-06
15460.7,16:54:26,3.280e-06
15461.9,16:54:27,3.280e-06
15463.1,16:54:28,3.280e-06
15464.2,16:54:30,3.280e-06
15465.4,16:54:31,3.280e-06
15466.6,16:54:32,3.280e-06
15467.7,16:54:33,3.280e-06
15468.9,16:54:34,3.280e-06
15470.1,16:54:36,3.280e-06
15471.3,16:54:37,3.280e-06
15472.4,16:54:38,3.280e-06
15473.6,16:54:39,3.280e-06
15474.8,16:54:40,3.280e-06
15476.0,16:54:41,3.270e-06
15477.1,16:54:43,3.270e-06
15478.3,16:54:44,3.280e-06
15479.5,16:54:45,3.280e-06
15480.7,16:54:46,3.270e-06
15481.8,16:54:47,3.270e-06
15483.0,16:54:48,3.270e-06
15484.2,16:54:50,3.270e-06
15485.4,16:54:51,3.270e-06
15486.6,16:54:52,3.270e-06
15487.7,16:54:53,3.270e-06
15488.9,16:54:54,3.270e-06
15490.1,16:54:56,3.270e-06
15491.3,16:54:57,3.270e-06
15492.5,16:54:58,3.270e-06
15493.7,16:54:59,3.270e-06
15494.8,16:55:00,3.270e-06
15496.0,16:55:01,3.270e-06
15497.2,16:55:03,3.270e-06
15498.4,16:55:04,3.270e-06
15499.6,16:55:05,3.270e-06
15500.7,16:55:06,3.270e-06
15501.9,16:55:07,3.270e-06
15503.1,16:55:09,3.270e-06
15504.3,16:55:10,3.270e-06
15505.4,16:55:11,3.270e-06
15506.6,16:55:12,3.270e-06
15507.8,16:55:13,3.270e-06
15509.0,16:55:14,3.270e-06
15510.1,16:55:16,3.270e-06
15511.3,16:55:17,3.270e-06
15512.5,16:55:18,3.270e-06
15513.7,16:55:19,3.270e-06
15514.9,16:55:20,3.270e-06
15516.1,16:55:21,3.270e-06
15517.2,16:55:23,3.260e-06
15518.4,16:55:24,3.270e-06
15519.6,16:55:25,3.260e-06
15520.8,16:55:26,3.260e-06
15521.9,16:55:27,3.270e-06
15523.1,16:55:29,3.270e-06
15524.3,16:55:30,3.270e-06
15525.5,16:55:31,3.270e-06
15526.6,16:55:32,3.270e-06
15527.8,16:55:33,3.260e-06
15529.0,16:55:34,3.270e-06
15530.1,16:55:36,3.270e-06
15531.3,16:55:37,3.270e-06
15532.5,16:55:38,3.270e-06
15533.7,16:55:39,3.270e-06
15534.8,16:55:40,3.270e-06
15536.0,16:55:41,3.270e-06
15537.2,16:55:43,3.270e-06
15538.4,16:55:44,3.270e-06
15539.5,16:55:45,3.270e-06
15540.7,16:55:46,3.270e-06
15541.9,16:55:47,3.270e-06
15543.1,16:55:49,3.270e-06
15544.3,16:55:50,3.270e-06
15545.4,16:55:51,3.270e-06
15546.6,16:55:52,3.270e-06
15547.8,16:55:53,3.270e-06
15548.9,16:55:54,3.270e-06
15550.1,16:55:56,3.270e-06
15551.3,16:55:57,3.270e-06
15552.4,16:55:58,3.270e-06
15553.6,16:55:59,3.270e-06
15554.8,16:56:00,3.270e-06
15556.0,16:56:01,3.270e-06
15557.1,16:56:03,3.270e-06
15558.3,16:56:04,3.270e-06
15559.5,16:56:05,3.270e-06
15560.7,16:56:06,3.270e-06
15561.9,16:56:07,3.270e-06
15563.0,16:56:08,3.270e-06
15564.2,16:56:10,3.270e-06
15565.4,16:56:11,3.270e-06
15566.6,16:56:12,3.270e-06
15567.8,16:56:13,3.270e-06
15568.9,16:56:14,3.270e-06
15570.1,16:56:16,3.270e-06
15571.3,16:56:17,3.270e-06
15572.5,16:56:18,3.270e-06
15573.6,16:56:19,3.270e-06
15574.8,16:56:20,3.250e-06
15576.0,16:56:21,3.240e-06
15577.2,16:56:23,3.240e-06
15578.4,16:56:24,3.240e-06
15579.5,16:56:25,3.240e-06
15580.7,16:56:26,3.240e-06
15581.9,16:56:27,3.240e-06
15583.1,16:56:28,3.240e-06
15584.2,16:56:30,3.240e-06
15585.4,16:56:31,3.240e-06
15586.6,16:56:32,3.240e-06
15587.7,16:56:33,3.240e-06
15588.9,16:56:34,3.240e-06
15590.1,16:56:35,3.240e-06
15591.2,16:56:37,3.240e-06
15592.4,16:56:38,3.240e-06
15593.6,16:56:39,3.240e-06
15594.7,16:56:40,3.240e-06
15595.9,16:56:41,3.240e-06
15597.1,16:56:43,3.240e-06
15598.3,16:56:44,3.240e-06
15599.5,16:56:45,3.240e-06
15600.6,16:56:46,3.240e-06
15601.8,16:56:47,3.240e-06
15603.0,16:56:48,3.230e-06
15604.2,16:56:50,3.230e-06
15605.3,16:56:51,3.230e-06
15606.5,16:56:52,3.230e-06
15607.7,16:56:53,3.230e-06
15608.9,16:56:54,3.230e-06
15610.1,16:56:56,3.230e-06
15611.2,16:56:57,3.230e-06
15612.4,16:56:58,3.230e-06
15613.6,16:56:59,3.230e-06
15614.8,16:57:00,3.230e-06
15616.0,16:57:01,3.230e-06
15617.1,16:57:03,3.230e-06
15618.3,16:57:04,3.230e-06
15619.5,16:57:05,3.230e-06
15620.7,16:57:06,3.230e-06
15621.8,16:57:07,3.230e-06
15623.0,16:57:08,3.230e-06
15624.2,16:57:10,3.230e-06
15625.4,16:57:11,3.230e-06
15626.5,16:57:12,3.230e-06
15627.7,16:57:13,3.230e-06
15628.9,16:57:14,3.230e-06
15630.1,16:57:15,3.230e-06
15631.2,16:57:17,3.230e-06
15632.4,16:57:18,3.230e-06
15633.6,16:57:19,3.230e-06
15634.8,16:57:20,3.230e-06
15636.0,16:57:21,3.230e-06
15637.1,16:57:23,3.230e-06
15638.3,16:57:24,3.230e-06
15639.5,16:57:25,3.230e-06
15640.7,16:57:26,3.230e-06
15641.8,16:57:27,3.230e-06
15643.0,16:57:28,3.230e-06
15644.2,16:57:30,3.230e-06
15645.4,16:57:31,3.230e-06
15646.5,16:57:32,3.230e-06
15647.7,16:57:33,3.230e-06
15648.9,16:57:34,3.230e-06
15650.1,16:57:35,3.230e-06
15651.2,16:57:37,3.230e-06
15652.4,16:57:38,3.230e-06
15653.6,16:57:39,3.230e-06
15654.8,16:57:40,3.230e-06
15655.9,16:57:41,3.230e-06
15657.1,16:57:43,3.230e-06
15658.3,16:57:44,3.230e-06
15659.4,16:57:45,3.230e-06
15660.6,16:57:46,3.230e-06
15661.8,16:57:47,3.230e-06
15663.0,16:57:48,3.230e-06
15664.2,16:57:50,3.230e-06
15665.4,16:57:51,3.230e-06
15666.5,16:57:52,3.230e-06
15667.7,16:57:53,3.230e-06
15668.9,16:57:54,3.230e-06
15670.1,16:57:56,3.230e-06
15671.2,16:57:57,3.230e-06
15672.4,16:57:58,3.230e-06
15673.6,16:57:59,3.230e-06
15674.8,16:58:00,3.230e-06
15675.9,16:58:01,3.230e-06
15677.1,16:58:03,3.230e-06
15678.3,16:58:04,3.230e-06
15679.5,16:58:05,3.230e-06
15680.6,16:58:06,3.230e-06
15681.8,16:58:07,3.230e-06
15683.0,16:58:08,3.230e-06
15684.2,16:58:10,3.230e-06
15685.3,16:58:11,3.230e-06
15686.5,16:58:12,3.230e-06
15687.7,16:58:13,3.230e-06
15688.8,16:58:14,3.230e-06
15690.0,16:58:15,3.230e-06
15691.2,16:58:17,3.230e-06
15692.4,16:58:18,3.230e-06
15693.5,16:58:19,3.230e-06
15694.7,16:58:20,3.230e-06
15695.9,16:58:21,3.230e-06
15697.1,16:58:23,3.230e-06
15698.3,16:58:24,3.230e-06
15699.4,16:58:25,3.230e-06
15700.6,16:58:26,3.230e-06
15701.8,16:58:27,3.220e-06
15703.0,16:58:28,3.220e-06
15704.1,16:58:30,3.230e-06
15705.3,16:58:31,3.230e-06
15706.5,16:58:32,3.220e-06
15707.7,16:58:33,3.230e-06
15708.9,16:58:34,3.230e-06
15710.0,16:58:35,3.230e-06
15711.2,16:58:37,3.220e-06
15712.4,16:58:38,3.220e-06
15713.6,16:58:39,3.230e-06
15714.8,16:58:40,3.210e-06
15716.0,16:58:41,3.200e-06
15717.1,16:58:43,3.200e-06
15718.3,16:58:44,3.200e-06
15719.5,16:58:45,3.200e-06
15720.6,16:58:46,3.200e-06
15721.8,16:58:47,3.200e-06
15723.0,16:58:48,3.200e-06
15724.2,16:58:50,3.200e-06
15725.3,16:58:51,3.200e-06
15726.5,16:58:52,3.200e-06
15727.7,16:58:53,3.200e-06
15728.9,16:58:54,3.200e-06
15730.1,16:58:55,3.190e-06
15731.2,16:58:57,3.190e-06
15732.4,16:58:58,3.190e-06
15733.6,16:58:59,3.200e-06
15734.7,16:59:00,3.200e-06
15735.9,16:59:01,3.200e-06
15737.1,16:59:03,3.200e-06
15738.3,16:59:04,3.190e-06
15739.5,16:59:05,3.190e-06
15740.6,16:59:06,3.190e-06
15741.8,16:59:07,3.190e-06
15743.0,16:59:08,3.190e-06
15744.1,16:59:10,3.190e-06
15745.3,16:59:11,3.190e-06
15746.5,16:59:12,3.190e-06
15747.7,16:59:13,3.190e-06
15748.9,16:59:14,3.190e-06
15750.0,16:59:15,3.190e-06
15751.2,16:59:17,3.190e-06
15752.4,16:59:18,3.190e-06
15753.6,16:59:19,3.190e-06
15754.7,16:59:20,3.190e-06
15755.9,16:59:21,3.190e-06
15757.1,16:59:23,3.190e-06
15758.3,16:59:24,3.190e-06
15759.4,16:59:25,3.190e-06
15760.6,16:59:26,3.190e-06
15761.8,16:59:27,3.190e-06
15762.9,16:59:28,3.190e-06
15764.1,16:59:30,3.190e-06
15765.3,16:59:31,3.190e-06
15766.5,16:59:32,3.190e-06
15767.6,16:59:33,3.190e-06
15768.8,16:59:34,3.190e-06
15770.0,16:59:35,3.190e-06
15771.2,16:59:37,3.190e-06
15772.4,16:59:38,3.190e-06
15773.5,16:59:39,3.190e-06
15774.7,16:59:40,3.190e-06
15775.9,16:59:41,3.190e-06
15777.0,16:59:42,3.190e-06
15778.2,16:59:44,3.190e-06
15779.4,16:59:45,3.190e-06
15780.5,16:59:46,3.190e-06
15781.7,16:59:47,3.190e-06
15782.9,16:59:48,3.190e-06
15784.1,16:59:50,3.190e-06
15785.2,16:59:51,3.190e-06
15786.4,16:59:52,3.190e-06
15787.6,16:59:53,3.190e-06
15788.8,16:59:54,3.190e-06
15789.9,16:59:55,3.190e-06
15791.1,16:59:57,3.190e-06
15792.3,16:59:58,3.190e-06
15793.5,16:59:59,3.190e-06
15794.7,17:00:00,3.190e-06
15795.8,17:00:01,3.190e-06
15797.0,17:00:02,3.190e-06
15798.2,17:00:04,3.190e-06
15799.4,17:00:05,3.190e-06
15800.5,17:00:06,3.190e-06
15801.7,17:00:07,3.190e-06
15802.9,17:00:08,3.190e-06
15804.1,17:00:10,3.190e-06
15805.2,17:00:11,3.180e-06
15806.4,17:00:12,3.190e-06
15807.6,17:00:13,3.190e-06
15808.8,17:00:14,3.180e-06
15809.9,17:00:15,3.190e-06
15811.1,17:00:17,3.190e-06
15812.3,17:00:18,3.180e-06
15813.5,17:00:19,3.190e-06
15814.6,17:00:20,3.190e-06
15815.8,17:00:21,3.190e-06
15817.0,17:00:22,3.180e-06
15818.1,17:00:24,3.190e-06
15819.3,17:00:25,3.180e-06
15820.5,17:00:26,3.190e-06
15821.7,17:00:27,3.190e-06
15822.9,17:00:28,3.190e-06
15824.0,17:00:29,3.190e-06
15825.2,17:00:31,3.190e-06
15826.4,17:00:32,3.190e-06
15827.6,17:00:33,3.190e-06
15828.8,17:00:34,3.190e-06
15829.9,17:00:35,3.190e-06
15831.1,17:00:37,3.190e-06
15832.3,17:00:38,3.190e-06
15833.5,17:00:39,3.190e-06
15834.6,17:00:40,3.190e-06
15835.8,17:00:41,3.190e-06
15837.0,17:00:42,3.190e-06
15838.1,17:00:44,3.190e-06
15839.3,17:00:45,3.190e-06
15840.5,17:00:46,3.190e-06
15841.7,17:00:47,3.190e-06
15842.8,17:00:48,3.190e-06
15844.0,17:00:49,3.190e-06
15845.2,17:00:51,3.190e-06
15846.3,17:00:52,3.190e-06
15847.5,17:00:53,3.180e-06
15848.7,17:00:54,3.170e-06
15849.9,17:00:55,3.160e-06
15851.0,17:00:56,3.160e-06
15852.2,17:00:58,3.160e-06
15853.4,17:00:59,3.160e-06
15854.6,17:01:00,3.160e-06
15855.7,17:01:01,3.160e-06
15856.9,17:01:02,3.160e-06
15858.1,17:01:04,3.160e-06
15859.3,17:01:05,3.160e-06
15860.4,17:01:06,3.160e-06
15861.6,17:01:07,3.160e-06
15862.8,17:01:08,3.160e-06
15864.0,17:01:09,3.160e-06
15865.1,17:01:11,3.160e-06
15866.3,17:01:12,3.160e-06
15867.5,17:01:13,3.160e-06
15868.6,17:01:14,3.160e-06
15869.8,17:01:15,3.160e-06
15871.0,17:01:16,3.160e-06
15872.2,17:01:18,3.160e-06
15873.3,17:01:19,3.160e-06
15874.5,17:01:20,3.160e-06
15875.7,17:01:21,3.160e-06
15876.9,17:01:22,3.160e-06
15878.1,17:01:24,3.160e-06
15879.3,17:01:25,3.160e-06
15880.5,17:01:26,3.170e-06
15881.6,17:01:27,3.160e-06
15882.8,17:01:28,3.160e-06
15884.0,17:01:29,3.160e-06
15885.2,17:01:31,3.160e-06
15886.4,17:01:32,3.160e-06
15887.5,17:01:33,3.160e-06
15888.7,17:01:34,3.160e-06
15889.9,17:01:35,3.160e-06
15891.1,17:01:36,3.160e-06
15892.2,17:01:38,3.160e-06
15893.4,17:01:39,3.160e-06
15894.6,17:01:40,3.160e-06
15895.7,17:01:41,3.160e-06
15896.9,17:01:42,3.160e-06
15898.1,17:01:44,3.160e-06
15899.3,17:01:45,3.160e-06
15900.4,17:01:46,3.160e-06
15901.6,17:01:47,3.160e-06
15902.8,17:01:48,3.160e-06
15904.0,17:01:49,3.160e-06
15905.1,17:01:51,3.160e-06
15906.3,17:01:52,3.160e-06
15907.5,17:01:53,3.160e-06
15908.7,17:01:54,3.160e-06
15909.8,17:01:55,3.160e-06
15911.0,17:01:56,3.160e-06
15912.2,17:01:58,3.160e-06
15913.4,17:01:59,3.160e-06
15914.5,17:02:00,3.160e-06
15915.7,17:02:01,3.160e-06
15916.9,17:02:02,3.160e-06
15918.1,17:02:04,3.160e-06
15919.2,17:02:05,3.160e-06
15920.4,17:02:06,3.160e-06
15921.6,17:02:07,3.160e-06
15922.8,17:02:08,3.160e-06
15924.0,17:02:09,3.160e-06
15925.1,17:02:11,3.160e-06
15926.3,17:02:12,3.160e-06
15927.5,17:02:13,3.160e-06
15928.7,17:02:14,3.160e-06
15929.8,17:02:15,3.160e-06
15931.0,17:02:16,3.160e-06
15932.2,17:02:18,3.160e-06
15933.4,17:02:19,3.160e-06
15934.6,17:02:20,3.160e-06
15935.7,17:02:21,3.160e-06
15936.9,17:02:22,3.160e-06
15938.1,17:02:24,3.160e-06
15939.3,17:02:25,3.160e-06
15940.5,17:02:26,3.160e-06
15941.6,17:02:27,3.160e-06
15942.8,17:02:28,3.160e-06
15944.0,17:02:29,3.160e-06
15945.2,17:02:31,3.160e-06
15946.3,17:02:32,3.160e-06
15947.5,17:02:33,3.160e-06
15948.7,17:02:34,3.160e-06
15949.8,17:02:35,3.160e-06
15951.0,17:02:36,3.160e-06
15952.2,17:02:38,3.160e-06
15953.4,17:02:39,3.160e-06
15954.5,17:02:40,3.160e-06
15955.7,17:02:41,3.160e-06
15956.9,17:02:42,3.160e-06
15958.1,17:02:44,3.160e-06
15959.3,17:02:45,3.160e-06
15960.4,17:02:46,3.160e-06
15961.6,17:02:47,3.160e-06
15962.8,17:02:48,3.160e-06
15964.0,17:02:49,3.160e-06
15965.1,17:02:51,3.160e-06
15966.3,17:02:52,3.160e-06
15967.5,17:02:53,3.160e-06
15968.6,17:02:54,3.160e-06
15969.8,17:02:55,3.160e-06
15971.0,17:02:56,3.160e-06
15972.2,17:02:58,3.160e-06
15973.3,17:02:59,3.160e-06
15974.5,17:03:00,3.160e-06
15975.7,17:03:01,3.160e-06
15976.9,17:03:02,3.160e-06
15978.0,17:03:03,3.160e-06
15979.2,17:03:05,3.160e-06
15980.4,17:03:06,3.160e-06
15981.6,17:03:07,3.160e-06
15982.8,17:03:08,3.160e-06
15984.0,17:03:09,3.140e-06
15985.2,17:03:11,3.140e-06
15986.3,17:03:12,3.140e-06
15987.5,17:03:13,3.140e-06
15988.7,17:03:14,3.140e-06
15989.9,17:03:15,3.140e-06
15991.0,17:03:16,3.140e-06
15992.2,17:03:18,3.140e-06
15993.4,17:03:19,3.140e-06
15994.6,17:03:20,3.140e-06
15995.8,17:03:21,3.140e-06
15996.9,17:03:22,3.140e-06
15998.1,17:03:24,3.140e-06
15999.3,17:03:25,3.140e-06
16000.4,17:03:26,3.140e-06
16001.6,17:03:27,3.140e-06
16002.8,17:03:28,3.140e-06
16004.0,17:03:29,3.140e-06
16005.1,17:03:31,3.140e-06
16006.3,17:03:32,3.140e-06
16007.5,17:03:33,3.140e-06
16008.6,17:03:34,3.140e-06
16009.8,17:03:35,3.140e-06
16011.0,17:03:36,3.140e-06
16012.1,17:03:38,3.140e-06
16013.3,17:03:39,3.140e-06
16014.5,17:03:40,3.140e-06
16015.7,17:03:41,3.140e-06
16016.8,17:03:42,3.140e-06
16018.0,17:03:43,3.140e-06
16019.2,17:03:45,3.140e-06
16020.4,17:03:46,3.140e-06
16021.6,17:03:47,3.140e-06
16022.7,17:03:48,3.140e-06
16023.9,17:03:49,3.140e-06
16025.1,17:03:51,3.140e-06
16026.3,17:03:52,3.140e-06
16027.4,17:03:53,3.140e-06
16028.6,17:03:54,3.140e-06
16029.8,17:03:55,3.140e-06
16031.0,17:03:56,3.140e-06
16032.1,17:03:58,3.140e-06
16033.3,17:03:59,3.140e-06
16034.5,17:04:00,3.140e-06
16035.7,17:04:01,3.140e-06
16036.9,17:04:02,3.140e-06
16038.0,17:04:03,3.140e-06
16039.2,17:04:05,3.140e-06
16040.4,17:04:06,3.140e-06
16041.6,17:04:07,3.140e-06
16042.8,17:04:08,3.140e-06
16043.9,17:04:09,3.140e-06
16045.1,17:04:11,3.140e-06
16046.3,17:04:12,3.140e-06
16047.5,17:04:13,3.140e-06
16048.6,17:04:14,3.140e-06
16049.8,17:04:15,3.140e-06
16051.0,17:04:16,3.140e-06
16052.2,17:04:18,3.140e-06
16053.4,17:04:19,3.140e-06
16054.5,17:04:20,3.140e-06
16055.7,17:04:21,3.140e-06
16056.9,17:04:22,3.140e-06
16058.1,17:04:24,3.140e-06
16059.3,17:04:25,3.140e-06
16060.4,17:04:26,3.140e-06
16061.6,17:04:27,3.140e-06
16062.8,17:04:28,3.140e-06
16064.0,17:04:29,3.140e-06
16065.1,17:04:31,3.140e-06
16066.3,17:04:32,3.140e-06
16067.5,17:04:33,3.140e-06
16068.7,17:04:34,3.140e-06
16069.9,17:04:35,3.140e-06
16071.0,17:04:36,3.140e-06
16072.2,17:04:38,3.140e-06
16073.4,17:04:39,3.140e-06
16074.6,17:04:40,3.140e-06
16075.7,17:04:41,3.140e-06
16076.9,17:04:42,3.140e-06
16078.1,17:04:44,3.140e-06
16079.3,17:04:45,3.140e-06
16080.4,17:04:46,3.140e-06
16081.6,17:04:47,3.140e-06
16082.8,17:04:48,3.140e-06
16084.0,17:04:49,3.140e-06
16085.1,17:04:51,3.140e-06
16086.3,17:04:52,3.140e-06
16087.5,17:04:53,3.140e-06
16088.6,17:04:54,3.140e-06
16089.8,17:04:55,3.140e-06
16091.0,17:04:56,3.140e-06
16092.2,17:04:58,3.140e-06
16093.3,17:04:59,3.140e-06
16094.5,17:05:00,3.140e-06
16095.7,17:05:01,3.140e-06
16096.9,17:05:02,3.140e-06
16098.0,17:05:03,3.140e-06
16099.2,17:05:05,3.140e-06
16100.4,17:05:06,3.140e-06
16101.6,17:05:07,3.140e-06
16102.8,17:05:08,3.140e-06
16104.0,17:05:09,3.140e-06
16105.1,17:05:11,3.140e-06
16106.3,17:05:12,3.140e-06
16107.5,17:05:13,3.140e-06
16108.7,17:05:14,3.140e-06
16109.8,17:05:15,3.140e-06
16111.0,17:05:16,3.140e-06
16112.2,17:05:18,3.140e-06
16113.3,17:05:19,3.140e-06
16114.5,17:05:20,3.140e-06
16115.7,17:05:21,3.140e-06
16116.9,17:05:22,3.140e-06
16118.0,17:05:23,3.140e-06
16119.2,17:05:25,3.140e-06
16120.4,17:05:26,3.140e-06
16121.6,17:05:27,3.140e-06
16122.7,17:05:28,3.120e-06
16123.9,17:05:29,3.120e-06
16125.1,17:05:31,3.110e-06
16126.3,17:05:32,3.110e-06
16127.5,17:05:33,3.120e-06
16128.6,17:05:34,3.110e-06
16129.8,17:05:35,3.110e-06
16131.0,17:05:36,3.110e-06
16132.2,17:05:38,3.120e-06
16133.4,17:05:39,3.120e-06
16134.5,17:05:40,3.120e-06
16135.7,17:05:41,3.110e-06
16136.9,17:05:42,3.120e-06
16138.1,17:05:44,3.120e-06
16139.2,17:05:45,3.120e-06
16140.4,17:05:46,3.110e-06
16141.6,17:05:47,3.110e-06
16142.8,17:05:48,3.110e-06
16143.9,17:05:49,3.110e-06
16145.1,17:05:51,3.110e-06
16146.3,17:05:52,3.120e-06
16147.5,17:05:53,3.120e-06
16148.6,17:05:54,3.120e-06
16149.8,17:05:55,3.120e-06
16151.0,17:05:56,3.120e-06
16152.2,17:05:58,3.110e-06
16153.3,17:05:59,3.120e-06
16154.5,17:06:00,3.110e-06
16155.7,17:06:01,3.120e-06
16156.8,17:06:02,3.120e-06
16158.0,17:06:03,3.110e-06
16159.2,17:06:05,3.110e-06
16160.3,17:06:06,3.120e-06
16161.5,17:06:07,3.120e-06
16162.7,17:06:08,3.110e-06
16163.9,17:06:09,3.110e-06
16165.0,17:06:10,3.110e-06
16166.2,17:06:12,3.110e-06
16167.4,17:06:13,3.110e-06
16168.6,17:06:14,3.110e-06
16169.7,17:06:15,3.110e-06
16170.9,17:06:16,3.110e-06
16172.1,17:06:18,3.110e-06
16173.3,17:06:19,3.110e-06
16174.5,17:06:20,3.110e-06
16175.6,17:06:21,3.110e-06
16176.8,17:06:22,3.110e-06
16178.0,17:06:23,3.110e-06
16179.2,17:06:25,3.110e-06
16180.3,17:06:26,3.110e-06
16181.5,17:06:27,3.110e-06
16182.7,17:06:28,3.110e-06
16183.8,17:06:29,3.110e-06
16185.0,17:06:30,3.110e-06
16186.2,17:06:32,3.110e-06
16187.4,17:06:33,3.110e-06
16188.6,17:06:34,3.110e-06
16189.7,17:06:35,3.110e-06
16190.9,17:06:36,3.110e-06
16192.1,17:06:38,3.110e-06
16193.3,17:06:39,3.110e-06
16194.5,17:06:40,3.110e-06
16195.6,17:06:41,3.110e-06
16196.8,17:06:42,3.110e-06
16198.0,17:06:43,3.110e-06
16199.2,17:06:45,3.110e-06
16200.3,17:06:46,3.110e-06
16201.5,17:06:47,3.110e-06
16202.7,17:06:48,3.110e-06
16203.9,17:06:49,3.110e-06
16205.1,17:06:50,3.110e-06
16206.2,17:06:52,3.110e-06
16207.4,17:06:53,3.110e-06
16208.6,17:06:54,3.110e-06
16209.7,17:06:55,3.110e-06
16210.9,17:06:56,3.110e-06
16212.1,17:06:58,3.110e-06
16213.3,17:06:59,3.110e-06
16214.4,17:07:00,3.110e-06
16215.6,17:07:01,3.110e-06
16216.8,17:07:02,3.110e-06
16218.0,17:07:03,3.110e-06
16219.1,17:07:05,3.110e-06
16220.3,17:07:06,3.110e-06
16221.5,17:07:07,3.110e-06
16222.7,17:07:08,3.110e-06
16223.8,17:07:09,3.110e-06
16225.0,17:07:10,3.110e-06
16226.2,17:07:12,3.110e-06
16227.3,17:07:13,3.110e-06
16228.5,17:07:14,3.110e-06
16229.7,17:07:15,3.110e-06
16230.9,17:07:16,3.110e-06
16232.0,17:07:17,3.110e-06
16233.2,17:07:19,3.110e-06
16234.4,17:07:20,3.110e-06
16235.6,17:07:21,3.110e-06
16236.7,17:07:22,3.110e-06
16237.9,17:07:23,3.110e-06
16239.1,17:07:25,3.110e-06
16240.3,17:07:26,3.110e-06
16241.5,17:07:27,3.110e-06
16242.6,17:07:28,3.110e-06
16243.8,17:07:29,3.110e-06
16245.0,17:07:30,3.110e-06
16246.1,17:07:32,3.110e-06
16247.3,17:07:33,3.110e-06
16248.5,17:07:34,3.110e-06
16249.7,17:07:35,3.110e-06
16250.8,17:07:36,3.110e-06
16252.0,17:07:37,3.110e-06
16253.2,17:07:39,3.110e-06
16254.4,17:07:40,3.110e-06
16255.6,17:07:41,3.100e-06
16256.7,17:07:42,3.100e-06
16257.9,17:07:43,3.100e-06
16259.1,17:07:45,3.100e-06
16260.2,17:07:46,3.100e-06
16261.4,17:07:47,3.100e-06
16262.6,17:07:48,3.100e-06
16263.8,17:07:49,3.100e-06
16265.0,17:07:50,3.100e-06
16266.1,17:07:52,3.100e-06
16267.3,17:07:53,3.100e-06
16268.5,17:07:54,3.100e-06
16269.7,17:07:55,3.100e-06
16270.8,17:07:56,3.100e-06
16272.0,17:07:57,3.100e-06
16273.2,17:07:59,3.100e-06
16274.3,17:08:00,3.100e-06
16275.5,17:08:01,3.100e-06
16276.7,17:08:02,3.100e-06
16277.9,17:08:03,3.100e-06
16279.1,17:08:04,3.100e-06
16280.2,17:08:06,3.100e-06
16281.4,17:08:07,3.100e-06
16282.6,17:08:08,3.100e-06
16283.8,17:08:09,3.100e-06
16284.9,17:08:10,3.100e-06
16286.1,17:08:12,3.100e-06
16287.3,17:08:13,3.090e-06
16288.4,17:08:14,3.100e-06
16289.6,17:08:15,3.090e-06
16290.8,17:08:16,3.100e-06
16292.0,17:08:17,3.100e-06
16293.2,17:08:19,3.100e-06
16294.3,17:08:20,3.100e-06
16295.5,17:08:21,3.100e-06
16296.7,17:08:22,3.100e-06
16297.9,17:08:23,3.100e-06
16299.0,17:08:24,3.100e-06
16300.2,17:08:26,3.100e-06
16301.4,17:08:27,3.100e-06
16302.6,17:08:28,3.100e-06
16303.8,17:08:29,3.100e-06
16304.9,17:08:30,3.100e-06
16306.1,17:08:32,3.100e-06
16307.3,17:08:33,3.100e-06
16308.4,17:08:34,3.100e-06
16309.6,17:08:35,3.100e-06
16310.8,17:08:36,3.100e-06
16312.0,17:08:37,3.100e-06
16313.1,17:08:39,3.090e-06
16314.3,17:08:40,3.100e-06
16315.5,17:08:41,3.100e-06
16316.7,17:08:42,3.100e-06
16317.8,17:08:43,3.100e-06
16319.0,17:08:44,3.100e-06
16320.2,17:08:46,3.100e-06
16321.4,17:08:47,3.100e-06
16322.5,17:08:48,3.100e-06
16323.7,17:08:49,3.090e-06
16324.9,17:08:50,3.090e-06
16326.1,17:08:52,3.090e-06
16327.2,17:08:53,3.100e-06
16328.4,17:08:54,3.090e-06
16329.6,17:08:55,3.090e-06
16330.7,17:08:56,3.090e-06
16331.9,17:08:57,3.090e-06
16333.1,17:08:59,3.090e-06
16334.3,17:09:00,3.090e-06
16335.4,17:09:01,3.090e-06
16336.6,17:09:02,3.090e-06
16337.8,17:09:03,3.090e-06
16339.0,17:09:04,3.090e-06
16340.1,17:09:06,3.090e-06
16341.3,17:09:07,3.090e-06
16342.5,17:09:08,3.090e-06
16343.7,17:09:09,3.090e-06
16344.9,17:09:10,3.090e-06
16346.0,17:09:11,3.090e-06
16347.2,17:09:13,3.090e-06
16348.4,17:09:14,3.090e-06
16349.6,17:09:15,3.090e-06
16350.7,17:09:16,3.090e-06
16351.9,17:09:17,3.100e-06
16353.1,17:09:19,3.090e-06
16354.3,17:09:20,3.090e-06
16355.5,17:09:21,3.090e-06
16356.6,17:09:22,3.090e-06
16357.8,17:09:23,3.090e-06
16359.0,17:09:24,3.090e-06
16360.2,17:09:26,3.090e-06
16361.3,17:09:27,3.090e-06
16362.5,17:09:28,3.090e-06
16363.7,17:09:29,3.090e-06
16364.9,17:09:30,3.090e-06
16366.0,17:09:31,3.090e-06
16367.2,17:09:33,3.090e-06
16368.4,17:09:34,3.090e-06
16369.6,17:09:35,3.090e-06
16370.7,17:09:36,3.090e-06
16371.9,17:09:37,3.090e-06
16373.1,17:09:39,3.090e-06
16374.3,17:09:40,3.090e-06
16375.5,17:09:41,3.090e-06
16376.6,17:09:42,3.090e-06
16377.8,17:09:43,3.090e-06
16379.0,17:09:44,3.090e-06
16380.1,17:09:46,3.090e-06
16381.3,17:09:47,3.090e-06
16382.5,17:09:48,3.090e-06
16383.7,17:09:49,3.090e-06
16384.8,17:09:50,3.080e-06
16386.0,17:09:51,3.070e-06
16387.2,17:09:53,3.060e-06
16388.4,17:09:54,3.070e-06
16389.6,17:09:55,3.060e-06
16390.8,17:09:56,3.060e-06
16391.9,17:09:57,3.060e-06
16393.1,17:09:59,3.060e-06
16394.3,17:10:00,3.060e-06
16395.5,17:10:01,3.060e-06
16396.6,17:10:02,3.060e-06
16397.8,17:10:03,3.060e-06
16399.0,17:10:04,3.060e-06
16400.2,17:10:06,3.070e-06
16401.3,17:10:07,3.060e-06
16402.5,17:10:08,3.060e-06
16403.7,17:10:09,3.060e-06
16404.9,17:10:10,3.060e-06
16406.1,17:10:11,3.060e-06
16407.2,17:10:13,3.060e-06
16408.4,17:10:14,3.060e-06
16409.6,17:10:15,3.060e-06
16410.7,17:10:16,3.060e-06
16411.9,17:10:17,3.060e-06
16413.1,17:10:19,3.060e-06
16414.3,17:10:20,3.060e-06
16415.5,17:10:21,3.060e-06
16416.6,17:10:22,3.060e-06
16417.8,17:10:23,3.060e-06
16419.0,17:10:24,3.060e-06
16420.2,17:10:26,3.060e-06
16421.4,17:10:27,3.060e-06
16422.5,17:10:28,3.060e-06
16423.7,17:10:29,3.060e-06
16424.9,17:10:30,3.060e-06
16426.0,17:10:31,3.060e-06
16427.2,17:10:33,3.060e-06
16428.4,17:10:34,3.060e-06
16429.6,17:10:35,3.060e-06
16430.8,17:10:36,3.060e-06
16431.9,17:10:37,3.060e-06
16433.1,17:10:39,3.060e-06
16434.3,17:10:40,3.060e-06
16435.5,17:10:41,3.060e-06
16436.6,17:10:42,3.060e-06
16437.8,17:10:43,3.060e-06
16439.0,17:10:44,3.060e-06
16440.2,17:10:46,3.060e-06
16441.3,17:10:47,3.060e-06
16442.5,17:10:48,3.060e-06
16443.7,17:10:49,3.060e-06
16444.9,17:10:50,3.060e-06
16446.0,17:10:51,3.060e-06
16447.2,17:10:53,3.060e-06
16448.4,17:10:54,3.060e-06
16449.6,17:10:55,3.060e-06
16450.7,17:10:56,3.060e-06
16451.9,17:10:57,3.060e-06
16453.1,17:10:59,3.060e-06
16454.3,17:11:00,3.060e-06
16455.4,17:11:01,3.060e-06
16456.6,17:11:02,3.060e-06
16457.8,17:11:03,3.060e-06
16459.0,17:11:04,3.060e-06
16460.1,17:11:06,3.060e-06
16461.3,17:11:07,3.060e-06
16462.5,17:11:08,3.060e-06
16463.7,17:11:09,3.060e-06
16464.9,17:11:10,3.060e-06
16466.0,17:11:11,3.060e-06
16467.2,17:11:13,3.060e-06
16468.4,17:11:14,3.060e-06
16469.5,17:11:15,3.060e-06
16470.7,17:11:16,3.060e-06
16471.9,17:11:17,3.060e-06
16473.1,17:11:19,3.060e-06
16474.3,17:11:20,3.060e-06
16475.4,17:11:21,3.060e-06
16476.6,17:11:22,3.060e-06
16477.8,17:11:23,3.060e-06
16479.0,17:11:24,3.060e-06
16480.2,17:11:26,3.060e-06
16481.3,17:11:27,3.060e-06
16482.5,17:11:28,3.060e-06
16483.7,17:11:29,3.060e-06
16484.9,17:11:30,3.060e-06
16486.0,17:11:31,3.060e-06
16487.2,17:11:33,3.060e-06
16488.4,17:11:34,3.060e-06
16489.6,17:11:35,3.060e-06
16490.7,17:11:36,3.060e-06
16491.9,17:11:37,3.060e-06
16493.1,17:11:39,3.060e-06
16494.3,17:11:40,3.060e-06
16495.4,17:11:41,3.060e-06
16496.6,17:11:42,3.060e-06
16497.8,17:11:43,3.060e-06
16499.0,17:11:44,3.060e-06
16500.1,17:11:46,3.060e-06
16501.3,17:11:47,3.060e-06
16502.5,17:11:48,3.060e-06
16503.7,17:11:49,3.060e-06
16504.8,17:11:50,3.060e-06
16506.0,17:11:51,3.060e-06
16507.2,17:11:53,3.060e-06
16508.4,17:11:54,3.060e-06
16509.6,17:11:55,3.060e-06
16510.7,17:11:56,3.060e-06
16511.9,17:11:57,3.060e-06
16513.1,17:11:59,3.060e-06
16514.2,17:12:00,3.060e-06
16515.4,17:12:01,3.060e-06
16516.6,17:12:02,3.060e-06
16517.8,17:12:03,3.040e-06
16518.9,17:12:04,3.030e-06
16520.1,17:12:06,3.030e-06
16521.3,17:12:07,3.030e-06
16522.5,17:12:08,3.030e-06
16523.6,17:12:09,3.030e-06
16524.8,17:12:10,3.030e-06
16526.0,17:12:11,3.030e-06
16527.2,17:12:13,3.030e-06
16528.4,17:12:14,3.030e-06
16529.5,17:12:15,3.030e-06
16530.7,17:12:16,3.030e-06
16531.9,17:12:17,3.030e-06
16533.1,17:12:19,3.030e-06
16534.2,17:12:20,3.030e-06
16535.4,17:12:21,3.030e-06
16536.6,17:12:22,3.030e-06
16537.8,17:12:23,3.030e-06
16539.0,17:12:24,3.030e-06
16540.2,17:12:26,3.030e-06
16541.3,17:12:27,3.030e-06
16542.5,17:12:28,3.030e-06
16543.7,17:12:29,3.030e-06
16544.8,17:12:30,3.030e-06
16546.0,17:12:31,3.030e-06
16547.2,17:12:33,3.030e-06
16548.4,17:12:34,3.030e-06
16549.6,17:12:35,3.030e-06
16550.7,17:12:36,3.030e-06
16551.9,17:12:37,3.030e-06
16553.1,17:12:39,3.030e-06
16554.3,17:12:40,3.030e-06
16555.4,17:12:41,3.030e-06
16556.6,17:12:42,3.030e-06
16557.8,17:12:43,3.030e-06
16559.0,17:12:44,3.030e-06
16560.1,17:12:46,3.030e-06
16561.3,17:12:47,3.030e-06
16562.5,17:12:48,3.030e-06
16563.6,17:12:49,3.030e-06
16564.8,17:12:50,3.030e-06
16566.0,17:12:51,3.030e-06
16567.2,17:12:53,3.030e-06
16568.3,17:12:54,3.030e-06
16569.5,17:12:55,3.030e-06
16570.7,17:12:56,3.030e-06
16571.9,17:12:57,3.030e-06
16573.0,17:12:58,3.030e-06
16574.2,17:13:00,3.030e-06
16575.4,17:13:01,3.030e-06
16576.6,17:13:02,3.030e-06
16577.7,17:13:03,3.030e-06
16578.9,17:13:04,3.030e-06
16580.1,17:13:06,3.030e-06
16581.3,17:13:07,3.030e-06
16582.4,17:13:08,3.030e-06
16583.6,17:13:09,3.030e-06
16584.8,17:13:10,3.030e-06
16586.0,17:13:11,3.030e-06
16587.1,17:13:13,3.030e-06
16588.3,17:13:14,3.030e-06
16589.5,17:13:15,3.030e-06
16590.7,17:13:16,3.030e-06
16591.8,17:13:17,3.030e-06
16593.0,17:13:18,3.030e-06
16594.2,17:13:20,3.030e-06
16595.4,17:13:21,3.040e-06
16596.6,17:13:22,3.030e-06
16597.8,17:13:23,3.030e-06
16598.9,17:13:24,3.030e-06
16600.1,17:13:26,3.030e-06
16601.3,17:13:27,3.030e-06
16602.5,17:13:28,3.030e-06
16603.6,17:13:29,3.030e-06
16604.8,17:13:30,3.030e-06
16606.0,17:13:31,3.030e-06
16607.2,17:13:33,3.030e-06
16608.3,17:13:34,3.030e-06
16609.5,17:13:35,3.030e-06
16610.7,17:13:36,3.030e-06
16611.9,17:13:37,3.030e-06
16613.0,17:13:38,3.030e-06
16614.2,17:13:40,3.030e-06
16615.4,17:13:41,3.030e-06
16616.5,17:13:42,3.030e-06
16617.7,17:13:43,3.030e-06
16618.9,17:13:44,3.030e-06
16620.1,17:13:46,3.030e-06
16621.3,17:13:47,3.030e-06
16622.4,17:13:48,3.030e-06
16623.6,17:13:49,3.030e-06
16624.8,17:13:50,3.030e-06
16626.0,17:13:51,3.030e-06
16627.1,17:13:53,3.030e-06
16628.3,17:13:54,3.030e-06
16629.5,17:13:55,3.030e-06
16630.7,17:13:56,3.030e-06
16631.9,17:13:57,3.030e-06
16633.0,17:13:58,3.030e-06
16634.2,17:14:00,3.030e-06
16635.4,17:14:01,3.030e-06
16636.6,17:14:02,3.030e-06
16637.8,17:14:03,3.030e-06
16638.9,17:14:04,3.030e-06
16640.1,17:14:06,3.030e-06
16641.3,17:14:07,3.030e-06
16642.4,17:14:08,3.030e-06
16643.6,17:14:09,3.030e-06
16644.8,17:14:10,3.020e-06
16646.0,17:14:11,3.010e-06
16647.2,17:14:13,3.010e-06
16648.3,17:14:14,3.010e-06
16649.5,17:14:15,3.010e-06
16650.7,17:14:16,3.010e-06
16651.9,17:14:17,3.010e-06
16653.0,17:14:18,3.010e-06
16654.2,17:14:20,3.010e-06
16655.4,17:14:21,3.010e-06
16656.5,17:14:22,3.010e-06
16657.7,17:14:23,3.010e-06
16658.9,17:14:24,3.010e-06
16660.1,17:14:26,3.010e-06
16661.3,17:14:27,3.010e-06
16662.4,17:14:28,3.010e-06
16663.6,17:14:29,3.010e-06
16664.8,17:14:30,3.010e-06
16666.0,17:14:31,3.010e-06
16667.2,17:14:33,3.010e-06
16668.3,17:14:34,3.010e-06
16669.5,17:14:35,3.010e-06
16670.7,17:14:36,3.010e-06
16671.9,17:14:37,3.010e-06
16673.0,17:14:38,3.010e-06
16674.2,17:14:40,3.010e-06
16675.4,17:14:41,3.010e-06
16676.5,17:14:42,3.010e-06
16677.7,17:14:43,3.010e-06
16678.9,17:14:44,3.010e-06
16680.1,17:14:46,3.010e-06
16681.3,17:14:47,3.010e-06
16682.4,17:14:48,3.010e-06
16683.6,17:14:49,3.010e-06
16684.8,17:14:50,3.010e-06
16686.0,17:14:51,3.010e-06
16687.1,17:14:53,3.010e-06
16688.3,17:14:54,3.010e-06
16689.5,17:14:55,3.010e-06
16690.7,17:14:56,3.010e-06
16691.9,17:14:57,3.010e-06
16693.1,17:14:59,3.010e-06
16694.2,17:15:00,3.010e-06
16695.4,17:15:01,3.010e-06
16696.6,17:15:02,3.010e-06
16697.8,17:15:03,3.010e-06
16699.0,17:15:04,3.010e-06
16700.1,17:15:06,3.010e-06
16701.3,17:15:07,3.010e-06
16702.5,17:15:08,3.010e-06
16703.7,17:15:09,3.010e-06
16704.8,17:15:10,3.010e-06
16706.0,17:15:11,3.010e-06
16707.2,17:15:13,3.010e-06
16708.4,17:15:14,3.010e-06
16709.5,17:15:15,3.010e-06
16710.7,17:15:16,3.010e-06
16711.9,17:15:17,3.010e-06
16713.1,17:15:19,3.010e-06
16714.2,17:15:20,3.010e-06
16715.4,17:15:21,3.010e-06
16716.6,17:15:22,3.010e-06
16717.8,17:15:23,3.010e-06
16718.9,17:15:24,3.010e-06
16720.1,17:15:26,3.010e-06
16721.3,17:15:27,3.010e-06
16722.5,17:15:28,3.010e-06
16723.7,17:15:29,3.010e-06
16724.8,17:15:30,3.010e-06
16726.0,17:15:31,3.010e-06
16727.2,17:15:33,3.010e-06
16728.4,17:15:34,3.010e-06
16729.6,17:15:35,3.010e-06
16730.7,17:15:36,3.010e-06
16731.9,17:15:37,3.010e-06
16733.1,17:15:39,3.010e-06
16734.3,17:15:40,3.010e-06
16735.4,17:15:41,3.010e-06
16736.6,17:15:42,3.010e-06
16737.8,17:15:43,3.010e-06
16739.0,17:15:44,3.010e-06
16740.1,17:15:46,3.010e-06
16741.3,17:15:47,3.010e-06
16742.5,17:15:48,3.010e-06
16743.7,17:15:49,3.010e-06
16744.9,17:15:50,3.010e-06
16746.0,17:15:51,3.010e-06
16747.2,17:15:53,3.010e-06
16748.4,17:15:54,3.010e-06
16749.6,17:15:55,3.010e-06
16750.7,17:15:56,3.010e-06
16751.9,17:15:57,3.010e-06
16753.1,17:15:59,3.010e-06
16754.2,17:16:00,3.010e-06
16755.4,17:16:01,3.010e-06
16756.6,17:16:02,3.010e-06
16757.8,17:16:03,3.000e-06
16759.0,17:16:04,3.010e-06
16760.2,17:16:06,3.010e-06
16761.3,17:16:07,3.010e-06
16762.5,17:16:08,3.010e-06
16763.7,17:16:09,3.000e-06
16764.8,17:16:10,3.000e-06
16766.0,17:16:11,3.010e-06
16767.2,17:16:13,3.010e-06
16768.4,17:16:14,3.010e-06
16769.5,17:16:15,3.010e-06
16770.7,17:16:16,3.010e-06
16771.9,17:16:17,3.010e-06
16773.1,17:16:19,3.010e-06
16774.2,17:16:20,3.010e-06
16775.4,17:16:21,2.990e-06
16776.6,17:16:22,2.990e-06
16777.8,17:16:23,2.980e-06
16778.9,17:16:24,2.980e-06
16780.1,17:16:26,2.980e-06
16781.3,17:16:27,2.980e-06
16782.5,17:16:28,2.980e-06
16783.6,17:16:29,2.980e-06
16784.8,17:16:30,2.980e-06
16786.0,17:16:31,2.980e-06
16787.2,17:16:33,2.980e-06
16788.4,17:16:34,2.980e-06
16789.5,17:16:35,2.980e-06
16790.7,17:16:36,2.980e-06
16791.9,17:16:37,2.980e-06
16793.1,17:16:38,2.980e-06
16794.2,17:16:40,2.980e-06
16795.4,17:16:41,2.980e-06
16796.6,17:16:42,2.980e-06
16797.8,17:16:43,2.980e-06
16798.9,17:16:44,2.980e-06
16800.1,17:16:46,2.980e-06
16801.3,17:16:47,2.980e-06
16802.5,17:16:48,2.980e-06
16803.6,17:16:49,2.980e-06
16804.8,17:16:50,2.980e-06
16806.0,17:16:51,2.980e-06
16807.2,17:16:53,2.980e-06
16808.4,17:16:54,2.980e-06
16809.5,17:16:55,2.980e-06
16810.7,17:16:56,2.980e-06
16811.9,17:16:57,2.980e-06
16813.1,17:16:58,2.980e-06
16814.2,17:17:00,2.980e-06
16815.4,17:17:01,2.980e-06
16816.6,17:17:02,2.980e-06
16817.8,17:17:03,2.980e-06
16818.9,17:17:04,2.980e-06
16820.1,17:17:06,2.980e-06
16821.3,17:17:07,2.980e-06
16822.5,17:17:08,2.980e-06
16823.6,17:17:09,2.980e-06
16824.8,17:17:10,2.980e-06
16826.0,17:17:11,2.980e-06
16827.2,17:17:13,2.980e-06
16828.3,17:17:14,2.980e-06
16829.5,17:17:15,2.980e-06
16830.7,17:17:16,2.980e-06
16831.8,17:17:17,2.980e-06
16833.0,17:17:18,2.980e-06
16834.2,17:17:20,2.980e-06
16835.4,17:17:21,2.980e-06
16836.6,17:17:22,2.980e-06
16837.7,17:17:23,2.980e-06
16838.9,17:17:24,2.980e-06
16840.1,17:17:26,2.980e-06
16841.2,17:17:27,2.970e-06
16842.4,17:17:28,2.970e-06
16843.6,17:17:29,2.980e-06
16844.8,17:17:30,2.970e-06
16845.9,17:17:31,2.970e-06
16847.1,17:17:33,2.970e-06
16848.3,17:17:34,2.970e-06
16849.5,17:17:35,2.980e-06
16850.7,17:17:36,2.970e-06
16851.8,17:17:37,2.980e-06
16853.0,17:17:38,2.970e-06
16854.2,17:17:40,2.970e-06
16855.4,17:17:41,2.970e-06
16856.5,17:17:42,2.970e-06
16857.7,17:17:43,2.970e-06
16858.9,17:17:44,2.970e-06
16860.1,17:17:45,2.970e-06
16861.2,17:17:47,2.970e-06
16862.4,17:17:48,2.970e-06
16863.6,17:17:49,2.970e-06
16864.8,17:17:50,2.970e-06
16866.0,17:17:51,2.970e-06
16867.1,17:17:53,2.970e-06
16868.3,17:17:54,2.970e-06
16869.5,17:17:55,2.970e-06
16870.7,17:17:56,2.970e-06
16871.9,17:17:57,2.970e-06
16873.0,17:17:58,2.970e-06
16874.2,17:18:00,2.970e-06
16875.4,17:18:01,2.970e-06
16876.6,17:18:02,2.970e-06
16877.7,17:18:03,2.970e-06
16878.9,17:18:04,2.970e-06
16880.1,17:18:06,2.970e-06
16881.2,17:18:07,2.970e-06
16882.4,17:18:08,2.970e-06
16883.6,17:18:09,2.970e-06
16884.8,17:18:10,2.970e-06
16885.9,17:18:11,2.980e-06
16887.1,17:18:13,2.970e-06
16888.3,17:18:14,2.970e-06
16889.4,17:18:15,2.980e-06
16890.6,17:18:16,2.970e-06
16891.8,17:18:17,2.970e-06
16893.0,17:18:18,2.970e-06
16894.1,17:18:20,2.970e-06
16895.3,17:18:21,2.970e-06
16896.5,17:18:22,2.980e-06
16897.7,17:18:23,2.970e-06
16898.9,17:18:24,2.980e-06
16900.1,17:18:26,2.970e-06
16901.2,17:18:27,2.980e-06
16902.4,17:18:28,2.970e-06
16903.6,17:18:29,2.970e-06
16904.8,17:18:30,2.970e-06
16906.0,17:18:31,2.970e-06
16907.2,17:18:33,2.980e-06
16908.4,17:18:34,2.980e-06
16909.5,17:18:35,2.980e-06
16910.7,17:18:36,2.970e-06
16911.9,17:18:37,2.970e-06
16913.1,17:18:39,2.950e-06
16914.2,17:18:40,2.950e-06
16915.4,17:18:41,2.950e-06
16916.6,17:18:42,2.950e-06
16917.8,17:18:43,2.950e-06
16918.9,17:18:44,2.950e-06
16920.1,17:18:46,2.950e-06
16921.3,17:18:47,2.950e-06
16922.5,17:18:48,2.950e-06
16923.6,17:18:49,2.950e-06
16924.8,17:18:50,2.950e-06
16926.0,17:18:51,2.950e-06
16927.2,17:18:53,2.950e-06
16928.3,17:18:54,2.950e-06
16929.5,17:18:55,2.950e-06
16930.7,17:18:56,2.950e-06
16931.8,17:18:57,2.950e-06
16933.0,17:18:58,2.950e-06
16934.2,17:19:00,2.950e-06
16935.4,17:19:01,2.950e-06
16936.5,17:19:02,2.950e-06
16937.7,17:19:03,2.950e-06
16938.9,17:19:04,2.950e-06
16940.1,17:19:06,2.950e-06
16941.3,17:19:07,2.950e-06
16942.5,17:19:08,2.950e-06
16943.6,17:19:09,2.950e-06
16944.8,17:19:10,2.950e-06
16946.0,17:19:11,2.950e-06
16947.1,17:19:13,2.950e-06
16948.3,17:19:14,2.950e-06
16949.5,17:19:15,2.950e-06
16950.7,17:19:16,2.950e-06
16951.9,17:19:17,2.950e-06
16953.0,17:19:18,2.950e-06
16954.2,17:19:20,2.950e-06
16955.4,17:19:21,2.950e-06
16956.6,17:19:22,2.950e-06
16957.8,17:19:23,2.950e-06
16958.9,17:19:24,2.950e-06
16960.1,17:19:26,2.950e-06
16961.3,17:19:27,2.950e-06
16962.5,17:19:28,2.950e-06
16963.7,17:19:29,2.950e-06
16964.8,17:19:30,2.950e-06
16966.0,17:19:31,2.950e-06
16967.2,17:19:33,2.950e-06
16968.4,17:19:34,2.950e-06
16969.5,17:19:35,2.950e-06
16970.7,17:19:36,2.950e-06
16971.9,17:19:37,2.950e-06
16973.0,17:19:38,2.950e-06
16974.2,17:19:40,2.950e-06
16975.4,17:19:41,2.950e-06
16976.6,17:19:42,2.950e-06
16977.8,17:19:43,2.950e-06
16978.9,17:19:44,2.950e-06
16980.1,17:19:46,2.950e-06
16981.3,17:19:47,2.950e-06
16982.5,17:19:48,2.950e-06
16983.6,17:19:49,2.950e-06
16984.8,17:19:50,2.950e-06
16986.0,17:19:51,2.950e-06
16987.2,17:19:53,2.950e-06
16988.4,17:19:54,2.950e-06
16989.6,17:19:55,2.950e-06
16990.7,17:19:56,2.950e-06
16991.9,17:19:57,2.950e-06
16993.1,17:19:59,2.950e-06
16994.3,17:20:00,2.950e-06
16995.4,17:20:01,2.950e-06
16996.6,17:20:02,2.950e-06
16997.8,17:20:03,2.950e-06
16999.0,17:20:04,2.950e-06
17000.2,17:20:06,2.950e-06
17001.3,17:20:07,2.950e-06
17002.5,17:20:08,2.950e-06
17003.7,17:20:09,2.950e-06
17004.9,17:20:10,2.950e-06
17006.0,17:20:11,2.950e-06
17007.2,17:20:13,2.950e-06
17008.4,17:20:14,2.950e-06
17009.6,17:20:15,2.950e-06
17010.7,17:20:16,2.950e-06
17011.9,17:20:17,2.950e-06
17013.1,17:20:19,2.950e-06
17014.3,17:20:20,2.950e-06
17015.4,17:20:21,2.950e-06
17016.6,17:20:22,2.950e-06
17017.8,17:20:23,2.950e-06
17019.0,17:20:24,2.950e-06
17020.1,17:20:26,2.950e-06
17021.3,17:20:27,2.950e-06
17022.5,17:20:28,2.950e-06
17023.7,17:20:29,2.950e-06
17024.9,17:20:30,2.950e-06
17026.0,17:20:31,2.950e-06
17027.2,17:20:33,2.950e-06
17028.4,17:20:34,2.950e-06
17029.5,17:20:35,2.950e-06
17030.7,17:20:36,2.950e-06
17031.9,17:20:37,2.950e-06
17033.1,17:20:39,2.950e-06
17034.3,17:20:40,2.950e-06
17035.4,17:20:41,2.950e-06
17036.6,17:20:42,2.950e-06
17037.8,17:20:43,2.950e-06
17039.0,17:20:44,2.950e-06
17040.2,17:20:46,2.950e-06
17041.4,17:20:47,2.950e-06
17042.6,17:20:48,2.950e-06
17043.8,17:20:49,2.950e-06
17045.0,17:20:50,2.950e-06
17046.1,17:20:52,2.950e-06
17047.3,17:20:53,2.950e-06
17048.5,17:20:54,2.940e-06
17049.7,17:20:55,2.930e-06
17050.8,17:20:56,2.930e-06
17052.0,17:20:57,2.930e-06
17053.2,17:20:59,2.930e-06
17054.4,17:21:00,2.930e-06
17055.5,17:21:01,2.930e-06
17056.7,17:21:02,2.930e-06
17057.9,17:21:03,2.930e-06
17059.1,17:21:05,2.930e-06
17060.2,17:21:06,2.920e-06
17061.4,17:21:07,2.930e-06
17062.6,17:21:08,2.930e-06
17063.8,17:21:09,2.930e-06
17064.9,17:21:10,2.930e-06
17066.1,17:21:12,2.930e-06
17067.3,17:21:13,2.920e-06
17068.5,17:21:14,2.930e-06
17069.7,17:21:15,2.930e-06
17070.8,17:21:16,2.920e-06
17072.0,17:21:17,2.930e-06
17073.2,17:21:19,2.930e-06
17074.4,17:21:20,2.930e-06
17075.5,17:21:21,2.930e-06
17076.7,17:21:22,2.930e-06
17077.9,17:21:23,2.920e-06
17079.1,17:21:25,2.930e-06
17080.2,17:21:26,2.930e-06
17081.4,17:21:27,2.920e-06
17082.6,17:21:28,2.920e-06
17083.8,17:21:29,2.920e-06
17084.9,17:21:30,2.930e-06
17086.1,17:21:32,2.920e-06
17087.3,17:21:33,2.920e-06
17088.5,17:21:34,2.920e-06
17089.7,17:21:35,2.920e-06
17090.8,17:21:36,2.920e-06
17092.0,17:21:37,2.920e-06
17093.2,17:21:39,2.920e-06
17094.3,17:21:40,2.920e-06
17095.5,17:21:41,2.920e-06
17096.7,17:21:42,2.920e-06
17097.9,17:21:43,2.920e-06
17099.0,17:21:44,2.920e-06
17100.2,17:21:46,2.920e-06
17101.4,17:21:47,2.920e-06
17102.6,17:21:48,2.920e-06
17103.7,17:21:49,2.920e-06
17104.9,17:21:50,2.920e-06
17106.1,17:21:52,2.920e-06
17107.2,17:21:53,2.920e-06
17108.4,17:21:54,2.920e-06
17109.6,17:21:55,2.920e-06
17110.8,17:21:56,2.920e-06
17112.0,17:21:57,2.920e-06
17113.1,17:21:59,2.920e-06
17114.3,17:22:00,2.920e-06
17115.5,17:22:01,2.920e-06
17116.7,17:22:02,2.920e-06
17117.8,17:22:03,2.920e-06
17119.0,17:22:04,2.920e-06
17120.2,17:22:06,2.920e-06
17121.4,17:22:07,2.920e-06
17122.6,17:22:08,2.920e-06
17123.8,17:22:09,2.920e-06
17124.9,17:22:10,2.920e-06
17126.1,17:22:12,2.920e-06
17127.3,17:22:13,2.920e-06
17128.5,17:22:14,2.920e-06
17129.6,17:22:15,2.920e-06
17130.8,17:22:16,2.920e-06
17132.0,17:22:17,2.920e-06
17133.2,17:22:19,2.920e-06
17134.3,17:22:20,2.920e-06
17135.5,17:22:21,2.920e-06
17136.7,17:22:22,2.920e-06
17137.9,17:22:23,2.920e-06
17139.0,17:22:24,2.920e-06
17140.2,17:22:26,2.920e-06
17141.4,17:22:27,2.920e-06
17142.6,17:22:28,2.920e-06
17143.7,17:22:29,2.920e-06
17144.9,17:22:30,2.920e-06
17146.1,17:22:32,2.920e-06
17147.3,17:22:33,2.920e-06
17148.4,17:22:34,2.920e-06
17149.6,17:22:35,2.920e-06
17150.8,17:22:36,2.920e-06
17152.0,17:22:37,2.920e-06
17153.1,17:22:39,2.920e-06
17154.3,17:22:40,2.920e-06
17155.5,17:22:41,2.920e-06
17156.6,17:22:42,2.920e-06
17157.8,17:22:43,2.920e-06
17159.0,17:22:44,2.920e-06
17160.1,17:22:46,2.920e-06
17161.3,17:22:47,2.920e-06
17162.5,17:22:48,2.920e-06
17163.7,17:22:49,2.920e-06
17164.8,17:22:50,2.920e-06
17166.0,17:22:51,2.920e-06
17167.2,17:22:53,2.920e-06
17168.4,17:22:54,2.920e-06
17169.5,17:22:55,2.920e-06
17170.7,17:22:56,2.920e-06
17171.9,17:22:57,2.920e-06
17173.1,17:22:59,2.920e-06
17174.2,17:23:00,2.920e-06
17175.4,17:23:01,2.920e-06
17176.6,17:23:02,2.920e-06
17177.8,17:23:03,2.920e-06
17178.9,17:23:04,2.920e-06
17180.1,17:23:06,2.920e-06
17181.3,17:23:07,2.920e-06
17182.5,17:23:08,2.920e-06
17183.6,17:23:09,2.920e-06
17184.8,17:23:10,2.920e-06
17186.0,17:23:11,2.920e-06
17187.1,17:23:13,2.920e-06
17188.3,17:23:14,2.910e-06
17189.5,17:23:15,2.900e-06
17190.7,17:23:16,2.900e-06
17191.9,17:23:17,2.900e-06
17193.0,17:23:18,2.900e-06
17194.2,17:23:20,2.900e-06
17195.4,17:23:21,2.900e-06
17196.5,17:23:22,2.900e-06
17197.7,17:23:23,2.900e-06
17198.9,17:23:24,2.900e-06
17200.1,17:23:26,2.900e-06
17201.2,17:23:27,2.900e-06
17202.4,17:23:28,2.900e-06
17203.6,17:23:29,2.900e-06
17204.8,17:23:30,2.900e-06
17206.0,17:23:31,2.900e-06
17207.2,17:23:33,2.900e-06
17208.3,17:23:34,2.900e-06
17209.5,17:23:35,2.900e-06
17210.7,17:23:36,2.900e-06
17211.9,17:23:37,2.900e-06
17213.0,17:23:38,2.900e-06
17214.2,17:23:40,2.900e-06
17215.4,17:23:41,2.900e-06
17216.6,17:23:42,2.900e-06
17217.8,17:23:43,2.900e-06
17218.9,17:23:44,2.900e-06
17220.1,17:23:46,2.900e-06
17221.3,17:23:47,2.900e-06
17222.4,17:23:48,2.890e-06
17223.6,17:23:49,2.890e-06
17224.8,17:23:50,2.900e-06
17226.0,17:23:51,2.900e-06
17227.1,17:23:53,2.900e-06
17228.3,17:23:54,2.900e-06
17229.5,17:23:55,2.900e-06
17230.6,17:23:56,2.900e-06
17231.8,17:23:57,2.890e-06
17233.0,17:23:58,2.900e-06
17234.2,17:24:00,2.900e-06
17235.4,17:24:01,2.900e-06
17236.5,17:24:02,2.900e-06
17237.7,17:24:03,2.900e-06
17238.9,17:24:04,2.900e-06
17240.0,17:24:05,2.900e-06
17241.2,17:24:07,2.900e-06
17242.4,17:24:08,2.900e-06
17243.6,17:24:09,2.900e-06
17244.8,17:24:10,2.900e-06
17245.9,17:24:11,2.900e-06
17247.1,17:24:13,2.900e-06
17248.3,17:24:14,2.900e-06
17249.5,17:24:15,2.900e-06
17250.6,17:24:16,2.900e-06
17251.8,17:24:17,2.890e-06
17253.0,17:24:18,2.900e-06
17254.2,17:24:20,2.900e-06
17255.4,17:24:21,2.900e-06
17256.5,17:24:22,2.890e-06
17257.7,17:24:23,2.900e-06
17258.9,17:24:24,2.900e-06
17260.1,17:24:25,2.890e-06
17261.2,17:24:27,2.900e-06
17262.4,17:24:28,2.900e-06
17263.6,17:24:29,2.900e-06
17264.8,17:24:30,2.890e-06
17265.9,17:24:31,2.900e-06
17267.1,17:24:33,2.900e-06
17268.3,17:24:34,2.890e-06
17269.5,17:24:35,2.890e-06
17270.6,17:24:36,2.900e-06
17271.8,17:24:37,2.900e-06
17273.0,17:24:38,2.890e-06
17274.2,17:24:40,2.900e-06
17275.3,17:24:41,2.890e-06
17276.5,17:24:42,2.900e-06
17277.7,17:24:43,2.900e-06
17278.9,17:24:44,2.890e-06
17280.1,17:24:45,2.900e-06
17281.2,17:24:47,2.890e-06
17282.4,17:24:48,2.890e-06
17283.6,17:24:49,2.900e-06
17284.8,17:24:50,2.890e-06
17285.9,17:24:51,2.890e-06
17287.1,17:24:53,2.900e-06
17288.3,17:24:54,2.900e-06
17289.5,17:24:55,2.900e-06
17290.6,17:24:56,2.890e-06
17291.8,17:24:57,2.890e-06
17293.0,17:24:58,2.900e-06
17294.2,17:25:00,2.890e-06
17295.4,17:25:01,2.900e-06
17296.6,17:25:02,2.900e-06
17297.7,17:25:03,2.890e-06
17298.9,17:25:04,2.900e-06
17300.1,17:25:06,2.900e-06
17301.3,17:25:07,2.890e-06
17302.4,17:25:08,2.890e-06
17303.6,17:25:09,2.900e-06
17304.8,17:25:10,2.890e-06
17305.9,17:25:11,2.890e-06
17307.1,17:25:13,2.900e-06
17308.3,17:25:14,2.890e-06
17309.5,17:25:15,2.900e-06
17310.6,17:25:16,2.890e-06
17311.8,17:25:17,2.890e-06
17313.0,17:25:18,2.890e-06
17314.2,17:25:20,2.890e-06
17315.4,17:25:21,2.890e-06
17316.5,17:25:22,2.890e-06
17317.7,17:25:23,2.890e-06
17318.9,17:25:24,2.900e-06
17320.1,17:25:25,2.900e-06
17321.2,17:25:27,2.870e-06
17322.4,17:25:28,2.870e-06
17323.6,17:25:29,2.870e-06
17324.8,17:25:30,2.870e-06
17325.9,17:25:31,2.870e-06
17327.1,17:25:33,2.870e-06
17328.3,17:25:34,2.870e-06
17329.4,17:25:35,2.870e-06
17330.6,17:25:36,2.870e-06
17331.8,17:25:37,2.870e-06
17333.0,17:25:38,2.870e-06
17334.2,17:25:40,2.870e-06
17335.3,17:25:41,2.870e-06
17336.5,17:25:42,2.870e-06
17337.7,17:25:43,2.870e-06
17338.9,17:25:44,2.870e-06
17340.0,17:25:45,2.870e-06
17341.2,17:25:47,2.870e-06
17342.4,17:25:48,2.870e-06
17343.6,17:25:49,2.870e-06
17344.7,17:25:50,2.870e-06
17345.9,17:25:51,2.870e-06
17347.1,17:25:52,2.870e-06
17348.2,17:25:54,2.870e-06
17349.4,17:25:55,2.870e-06
17350.6,17:25:56,2.870e-06
17351.8,17:25:57,2.870e-06
17353.0,17:25:58,2.870e-06
17354.1,17:26:00,2.870e-06
17355.3,17:26:01,2.870e-06
17356.5,17:26:02,2.870e-06
17357.6,17:26:03,2.870e-06
17358.8,17:26:04,2.870e-06
17360.0,17:26:05,2.870e-06
17361.2,17:26:07,2.870e-06
17362.3,17:26:08,2.870e-06
17363.5,17:26:09,2.870e-06
17364.7,17:26:10,2.870e-06
17365.9,17:26:11,2.870e-06
17367.0,17:26:12,2.870e-06
17368.2,17:26:14,2.870e-06
17369.4,17:26:15,2.870e-06
17370.6,17:26:16,2.870e-06
17371.7,17:26:17,2.870e-06
17372.9,17:26:18,2.870e-06
17374.1,17:26:20,2.870e-06
17375.3,17:26:21,2.870e-06
17376.4,17:26:22,2.870e-06
17377.6,17:26:23,2.870e-06
17378.8,17:26:24,2.870e-06
17380.0,17:26:25,2.870e-06
17381.1,17:26:27,2.870e-06
17382.3,17:26:28,2.870e-06
17383.5,17:26:29,2.870e-06
17384.7,17:26:30,2.870e-06
17385.8,17:26:31,2.870e-06
17387.0,17:26:32,2.870e-06
17388.2,17:26:34,2.870e-06
17389.4,17:26:35,2.870e-06
17390.6,17:26:36,2.870e-06
17391.7,17:26:37,2.870e-06
17392.9,17:26:38,2.870e-06
17394.1,17:26:40,2.870e-06
17395.3,17:26:41,2.870e-06
17396.4,17:26:42,2.870e-06
17397.6,17:26:43,2.870e-06
17398.8,17:26:44,2.870e-06
17399.9,17:26:45,2.870e-06
17401.1,17:26:47,2.870e-06
17402.3,17:26:48,2.870e-06
17403.5,17:26:49,2.870e-06
17404.6,17:26:50,2.870e-06
17405.8,17:26:51,2.870e-06
17407.0,17:26:52,2.870e-06
17408.2,17:26:54,2.870e-06
17409.3,17:26:55,2.870e-06
17410.5,17:26:56,2.870e-06
17411.7,17:26:57,2.870e-06
17412.8,17:26:58,2.870e-06
17414.0,17:26:59,2.870e-06
17415.2,17:27:01,2.870e-06
17416.4,17:27:02,2.870e-06
17417.5,17:27:03,2.870e-06
17418.7,17:27:04,2.870e-06
17419.9,17:27:05,2.870e-06
17421.1,17:27:06,2.870e-06
17422.2,17:27:08,2.870e-06
17423.4,17:27:09,2.870e-06
17424.6,17:27:10,2.870e-06
17425.8,17:27:11,2.870e-06
17426.9,17:27:12,2.870e-06
17428.1,17:27:14,2.870e-06
17429.3,17:27:15,2.870e-06
17430.5,17:27:16,2.870e-06
17431.6,17:27:17,2.870e-06
17432.8,17:27:18,2.870e-06
17434.0,17:27:19,2.870e-06
17435.1,17:27:21,2.870e-06
17436.4,17:27:22,2.870e-06
17437.5,17:27:23,2.870e-06
17438.7,17:27:24,2.870e-06
17439.9,17:27:25,2.870e-06
17441.0,17:27:26,2.870e-06
17442.2,17:27:28,2.870e-06
17443.4,17:27:29,2.870e-06
17444.6,17:27:30,2.870e-06
17445.7,17:27:31,2.870e-06
17446.9,17:27:32,2.870e-06
17448.1,17:27:34,2.870e-06
17449.3,17:27:35,2.870e-06
17450.4,17:27:36,2.870e-06
17451.6,17:27:37,2.870e-06
17452.8,17:27:38,2.870e-06
17454.0,17:27:39,2.870e-06
17455.2,17:27:41,2.870e-06
17456.3,17:27:42,2.870e-06
17457.5,17:27:43,2.870e-06
17458.7,17:27:44,2.870e-06
17459.9,17:27:45,2.850e-06
17461.0,17:27:46,2.840e-06
17462.2,17:27:48,2.840e-06
17463.4,17:27:49,2.840e-06
17464.6,17:27:50,2.840e-06
17465.7,17:27:51,2.840e-06
17466.9,17:27:52,2.840e-06
17468.1,17:27:54,2.850e-06
17469.3,17:27:55,2.850e-06
17470.5,17:27:56,2.840e-06
17471.6,17:27:57,2.850e-06
17472.8,17:27:58,2.850e-06
17474.0,17:27:59,2.850e-06
17475.2,17:28:01,2.840e-06
17476.4,17:28:02,2.850e-06
17477.5,17:28:03,2.850e-06
17478.7,17:28:04,2.840e-06
17479.9,17:28:05,2.840e-06
17481.1,17:28:06,2.850e-06
17482.2,17:28:08,2.840e-06
17483.4,17:28:09,2.850e-06
17484.6,17:28:10,2.840e-06
17485.8,17:28:11,2.840e-06
17486.9,17:28:12,2.840e-06
17488.1,17:28:14,2.850e-06
17489.3,17:28:15,2.840e-06
17490.5,17:28:16,2.840e-06
17491.6,17:28:17,2.840e-06
17492.8,17:28:18,2.840e-06
17494.0,17:28:19,2.840e-06
17495.1,17:28:21,2.840e-06
17496.3,17:28:22,2.840e-06
17497.5,17:28:23,2.840e-06
17498.7,17:28:24,2.840e-06
17499.9,17:28:25,2.840e-06
17501.0,17:28:26,2.840e-06
17502.2,17:28:28,2.840e-06
17503.4,17:28:29,2.840e-06
17504.6,17:28:30,2.840e-06
17505.7,17:28:31,2.840e-06
17506.9,17:28:32,2.840e-06
17508.1,17:28:34,2.840e-06
17509.3,17:28:35,2.840e-06
17510.4,17:28:36,2.840e-06
17511.6,17:28:37,2.840e-06
17512.8,17:28:38,2.840e-06
17514.0,17:28:39,2.840e-06
17515.1,17:28:41,2.840e-06
17516.3,17:28:42,2.840e-06
17517.5,17:28:43,2.840e-06
17518.7,17:28:44,2.840e-06
17519.9,17:28:45,2.840e-06
17521.0,17:28:46,2.840e-06
17522.2,17:28:48,2.840e-06
17523.4,17:28:49,2.840e-06
17524.6,17:28:50,2.840e-06
17525.7,17:28:51,2.840e-06
17526.9,17:28:52,2.840e-06
17528.1,17:28:54,2.840e-06
17529.2,17:28:55,2.840e-06
17530.4,17:28:56,2.840e-06
17531.6,17:28:57,2.840e-06
17532.8,17:28:58,2.840e-06
17534.0,17:28:59,2.840e-06
17535.1,17:29:01,2.840e-06
17536.3,17:29:02,2.840e-06
17537.5,17:29:03,2.840e-06
17538.7,17:29:04,2.840e-06
17539.8,17:29:05,2.840e-06
17541.0,17:29:06,2.840e-06
17542.2,17:29:08,2.840e-06
17543.4,17:29:09,2.840e-06
17544.5,17:29:10,2.840e-06
17545.7,17:29:11,2.840e-06
17546.9,17:29:12,2.840e-06
17548.1,17:29:14,2.840e-06
17549.3,17:29:15,2.840e-06
17550.4,17:29:16,2.840e-06
17551.6,17:29:17,2.840e-06
17552.8,17:29:18,2.840e-06
17554.0,17:29:19,2.840e-06
17555.1,17:29:21,2.840e-06
17556.3,17:29:22,2.840e-06
17557.5,17:29:23,2.840e-06
17558.7,17:29:24,2.840e-06
17559.8,17:29:25,2.840e-06
17561.0,17:29:26,2.840e-06
17562.2,17:29:28,2.840e-06
17563.4,17:29:29,2.840e-06
17564.5,17:29:30,2.840e-06
17565.7,17:29:31,2.840e-06
17566.9,17:29:32,2.840e-06
17568.0,17:29:33,2.840e-06
17569.2,17:29:35,2.840e-06
17570.4,17:29:36,2.840e-06
17571.6,17:29:37,2.840e-06
17572.7,17:29:38,2.840e-06
17573.9,17:29:39,2.840e-06
17575.1,17:29:41,2.840e-06
17576.2,17:29:42,2.840e-06
17577.4,17:29:43,2.840e-06
17578.6,17:29:44,2.840e-06
17579.8,17:29:45,2.840e-06
17581.0,17:29:46,2.840e-06
17582.1,17:29:48,2.840e-06
17583.3,17:29:49,2.840e-06
17584.5,17:29:50,2.840e-06
17585.7,17:29:51,2.840e-06
17586.8,17:29:52,2.840e-06
17588.0,17:29:53,2.840e-06
17589.2,17:29:55,2.840e-06
17590.3,17:29:56,2.840e-06
17591.5,17:29:57,2.840e-06
17592.7,17:29:58,2.840e-06
17593.9,17:29:59,2.840e-06
17595.0,17:30:00,2.840e-06
17596.2,17:30:02,2.840e-06
17597.4,17:30:03,2.840e-06
17598.6,17:30:04,2.830e-06
17599.7,17:30:05,2.820e-06
17600.9,17:30:06,2.810e-06
17602.1,17:30:08,2.810e-06
17603.3,17:30:09,2.810e-06
17604.4,17:30:10,2.810e-06
17605.6,17:30:11,2.810e-06
17606.8,17:30:12,2.810e-06
17607.9,17:30:13,2.810e-06
17609.1,17:30:15,2.810e-06
17610.3,17:30:16,2.810e-06
17611.5,17:30:17,2.810e-06
17612.7,17:30:18,2.810e-06
17613.8,17:30:19,2.810e-06
17615.0,17:30:20,2.810e-06
17616.2,17:30:22,2.810e-06
17617.3,17:30:23,2.810e-06
17618.5,17:30:24,2.810e-06
17619.7,17:30:25,2.810e-06
17620.8,17:30:26,2.810e-06
17622.0,17:30:27,2.810e-06
17623.2,17:30:29,2.810e-06
17624.4,17:30:30,2.810e-06
17625.5,17:30:31,2.810e-06
17626.7,17:30:32,2.810e-06
17627.9,17:30:33,2.810e-06
17629.0,17:30:34,2.810e-06
17630.2,17:30:36,2.810e-06
17631.4,17:30:37,2.810e-06
17632.6,17:30:38,2.810e-06
17633.8,17:30:39,2.810e-06
17634.9,17:30:40,2.810e-06
17636.1,17:30:42,2.810e-06
17637.3,17:30:43,2.810e-06
17638.4,17:30:44,2.810e-06
17639.6,17:30:45,2.810e-06
17640.8,17:30:46,2.810e-06
17642.0,17:30:47,2.810e-06
17643.1,17:30:49,2.810e-06
17644.3,17:30:50,2.810e-06
17645.5,17:30:51,2.810e-06
17646.7,17:30:52,2.810e-06
17647.8,17:30:53,2.810e-06
17649.0,17:30:54,2.810e-06
17650.2,17:30:56,2.810e-06
17651.4,17:30:57,2.810e-06
17652.6,17:30:58,2.810e-06
17653.7,17:30:59,2.810e-06
17654.9,17:31:00,2.810e-06
17656.1,17:31:02,2.810e-06
17657.2,17:31:03,2.810e-06
17658.4,17:31:04,2.810e-06
17659.6,17:31:05,2.810e-06
17660.8,17:31:06,2.810e-06
17661.9,17:31:07,2.810e-06
17663.1,17:31:09,2.810e-06
17664.3,17:31:10,2.810e-06
17665.4,17:31:11,2.810e-06
17666.6,17:31:12,2.810e-06
17667.8,17:31:13,2.810e-06
17669.0,17:31:14,2.810e-06
17670.1,17:31:16,2.810e-06
17671.3,17:31:17,2.810e-06
17672.5,17:31:18,2.810e-06
17673.7,17:31:19,2.810e-06
17674.8,17:31:20,2.810e-06
17676.0,17:31:21,2.810e-06
17677.2,17:31:23,2.810e-06
17678.4,17:31:24,2.810e-06
17679.5,17:31:25,2.810e-06
17680.7,17:31:26,2.810e-06
17681.9,17:31:27,2.810e-06
17683.0,17:31:28,2.810e-06
17684.2,17:31:30,2.810e-06
17685.4,17:31:31,2.810e-06
17686.5,17:31:32,2.810e-06
17687.7,17:31:33,2.810e-06
17688.9,17:31:34,2.810e-06
17690.1,17:31:36,2.810e-06
17691.3,17:31:37,2.810e-06
17692.4,17:31:38,2.810e-06
17693.6,17:31:39,2.810e-06
17694.8,17:31:40,2.810e-06
17696.0,17:31:41,2.810e-06
17697.2,17:31:43,2.810e-06
17698.3,17:31:44,2.810e-06
17699.5,17:31:45,2.810e-06
17700.7,17:31:46,2.810e-06
17701.9,17:31:47,2.810e-06
17703.1,17:31:49,2.810e-06
17704.2,17:31:50,2.810e-06
17705.4,17:31:51,2.810e-06
17706.6,17:31:52,2.810e-06
17707.8,17:31:53,2.810e-06
17708.9,17:31:54,2.810e-06
17710.1,17:31:56,2.810e-06
17711.3,17:31:57,2.810e-06
17712.5,17:31:58,2.810e-06
17713.6,17:31:59,2.810e-06
17714.8,17:32:00,2.810e-06
17716.0,17:32:01,2.810e-06
17717.2,17:32:03,2.810e-06
17718.3,17:32:04,2.810e-06
17719.5,17:32:05,2.810e-06
17720.7,17:32:06,2.810e-06
17721.9,17:32:07,2.810e-06
17723.0,17:32:08,2.810e-06
17724.2,17:32:10,2.810e-06
17725.4,17:32:11,2.810e-06
17726.6,17:32:12,2.810e-06
17727.7,17:32:13,2.810e-06
17728.9,17:32:14,2.810e-06
17730.1,17:32:16,2.810e-06
17731.2,17:32:17,2.810e-06
17732.4,17:32:18,2.810e-06
17733.6,17:32:19,2.800e-06
17734.8,17:32:20,2.800e-06
17735.9,17:32:21,2.800e-06
17737.1,17:32:23,2.800e-06
17738.3,17:32:24,2.800e-06
17739.5,17:32:25,2.790e-06
17740.6,17:32:26,2.790e-06
17741.8,17:32:27,2.800e-06
17743.0,17:32:28,2.800e-06
17744.2,17:32:30,2.800e-06
17745.4,17:32:31,2.800e-06
17746.5,17:32:32,2.800e-06
17747.7,17:32:33,2.790e-06
17748.9,17:32:34,2.790e-06
17750.1,17:32:36,2.790e-06
17751.2,17:32:37,2.800e-06
17752.4,17:32:38,2.800e-06
17753.6,17:32:39,2.790e-06
17754.8,17:32:40,2.800e-06
17755.9,17:32:41,2.800e-06
17757.1,17:32:43,2.800e-06
17758.3,17:32:44,2.790e-06
17759.4,17:32:45,2.790e-06
17760.6,17:32:46,2.790e-06
17761.8,17:32:47,2.790e-06
17763.0,17:32:48,2.790e-06
17764.2,17:32:50,2.790e-06
17765.3,17:32:51,2.800e-06
17766.5,17:32:52,2.800e-06
17767.7,17:32:53,2.790e-06
17768.8,17:32:54,2.790e-06
17770.0,17:32:55,2.790e-06
17771.2,17:32:57,2.790e-06
17772.4,17:32:58,2.800e-06
17773.6,17:32:59,2.790e-06
17774.7,17:33:00,2.790e-06
17775.9,17:33:01,2.800e-06
17777.1,17:33:03,2.790e-06
17778.3,17:33:04,2.790e-06
17779.4,17:33:05,2.800e-06
17780.6,17:33:06,2.790e-06
17781.8,17:33:07,2.790e-06
17782.9,17:33:08,2.790e-06
17784.2,17:33:10,2.790e-06
17785.3,17:33:11,2.790e-06
17786.5,17:33:12,2.790e-06
17787.7,17:33:13,2.790e-06
17788.8,17:33:14,2.790e-06
17790.0,17:33:15,2.800e-06
17791.2,17:33:17,2.790e-06
17792.4,17:33:18,2.790e-06
17793.5,17:33:19,2.790e-06
17794.7,17:33:20,2.790e-06
17795.9,17:33:21,2.790e-06
17797.1,17:33:23,2.790e-06
17798.2,17:33:24,2.790e-06
17799.4,17:33:25,2.790e-06
17800.6,17:33:26,2.790e-06
17801.8,17:33:27,2.790e-06
17802.9,17:33:28,2.790e-06
17804.1,17:33:30,2.790e-06
17805.3,17:33:31,2.790e-06
17806.5,17:33:32,2.790e-06
17807.7,17:33:33,2.790e-06
17808.9,17:33:34,2.790e-06
17810.0,17:33:35,2.790e-06
17811.2,17:33:37,2.790e-06
17812.4,17:33:38,2.790e-06
17813.5,17:33:39,2.790e-06
17814.7,17:33:40,2.790e-06
17815.9,17:33:41,2.790e-06
17817.1,17:33:43,2.790e-06
17818.2,17:33:44,2.790e-06
17819.4,17:33:45,2.790e-06
17820.6,17:33:46,2.790e-06
17821.8,17:33:47,2.790e-06
17822.9,17:33:48,2.790e-06
17824.1,17:33:50,2.790e-06
17825.3,17:33:51,2.790e-06
17826.5,17:33:52,2.790e-06
17827.7,17:33:53,2.790e-06
17828.8,17:33:54,2.790e-06
17830.0,17:33:55,2.790e-06
17831.2,17:33:57,2.790e-06
17832.4,17:33:58,2.790e-06
17833.5,17:33:59,2.790e-06
17834.7,17:34:00,2.790e-06
17835.9,17:34:01,2.800e-06
17837.0,17:34:02,2.800e-06
17838.2,17:34:04,2.790e-06
17839.4,17:34:05,2.790e-06
17840.6,17:34:06,2.800e-06
17841.7,17:34:07,2.800e-06
17842.9,17:34:08,2.800e-06
17844.1,17:34:10,2.800e-06
17845.2,17:34:11,2.790e-06
17846.4,17:34:12,2.790e-06
17847.6,17:34:13,2.800e-06
17848.8,17:34:14,2.800e-06
17849.9,17:34:15,2.800e-06
17851.1,17:34:17,2.800e-06
17852.3,17:34:18,2.800e-06
17853.4,17:34:19,2.800e-06
17854.6,17:34:20,2.800e-06
17855.8,17:34:21,2.800e-06
17857.0,17:34:22,2.800e-06
17858.2,17:34:24,2.800e-06
17859.3,17:34:25,2.800e-06
17860.5,17:34:26,2.790e-06
17861.7,17:34:27,2.800e-06
17862.9,17:34:28,2.800e-06
17864.1,17:34:29,2.800e-06
17865.2,17:34:31,2.800e-06
17866.4,17:34:32,2.800e-06
17867.6,17:34:33,2.800e-06
17868.7,17:34:34,2.800e-06
17869.9,17:34:35,2.780e-06
17871.1,17:34:37,2.770e-06
17872.3,17:34:38,2.770e-06
17873.5,17:34:39,2.770e-06
17874.6,17:34:40,2.770e-06
17875.8,17:34:41,2.770e-06
17877.0,17:34:42,2.770e-06
17878.2,17:34:44,2.770e-06
17879.3,17:34:45,2.770e-06
17880.5,17:34:46,2.770e-06
17881.7,17:34:47,2.770e-06
17882.9,17:34:48,2.770e-06
17884.1,17:34:50,2.770e-06
17885.2,17:34:51,2.770e-06
17886.4,17:34:52,2.770e-06
17887.6,17:34:53,2.770e-06
17888.8,17:34:54,2.770e-06
17890.0,17:34:55,2.770e-06
17891.1,17:34:57,2.770e-06
17892.3,17:34:58,2.770e-06
17893.5,17:34:59,2.770e-06
17894.7,17:35:00,2.770e-06
17895.8,17:35:01,2.770e-06
17897.0,17:35:02,2.770e-06
17898.2,17:35:04,2.770e-06
17899.4,17:35:05,2.770e-06
17900.6,17:35:06,2.770e-06
17901.8,17:35:07,2.770e-06
17902.9,17:35:08,2.770e-06
17904.1,17:35:10,2.770e-06
17905.3,17:35:11,2.770e-06
17906.4,17:35:12,2.770e-06
17907.6,17:35:13,2.770e-06
17908.8,17:35:14,2.770e-06
17909.9,17:35:15,2.770e-06
17911.1,17:35:17,2.770e-06
17912.3,17:35:18,2.770e-06
17913.4,17:35:19,2.770e-06
17914.6,17:35:20,2.770e-06
17915.8,17:35:21,2.770e-06
17917.0,17:35:22,2.770e-06
17918.1,17:35:24,2.770e-06
17919.3,17:35:25,2.770e-06
17920.5,17:35:26,2.770e-06
17921.7,17:35:27,2.770e-06
17922.8,17:35:28,2.770e-06
17924.0,17:35:29,2.770e-06
17925.2,17:35:31,2.770e-06
17926.4,17:35:32,2.770e-06
17927.5,17:35:33,2.770e-06
17928.7,17:35:34,2.770e-06
17929.9,17:35:35,2.770e-06
17931.1,17:35:36,2.770e-06
17932.2,17:35:38,2.770e-06
17933.4,17:35:39,2.770e-06
17934.6,17:35:40,2.770e-06
17935.8,17:35:41,2.770e-06
17936.9,17:35:42,2.770e-06
17938.1,17:35:44,2.770e-06
17939.3,17:35:45,2.770e-06
17940.5,17:35:46,2.770e-06
17941.6,17:35:47,2.770e-06
17942.8,17:35:48,2.770e-06
17944.0,17:35:49,2.770e-06
17945.2,17:35:51,2.770e-06
17946.4,17:35:52,2.770e-06
17947.5,17:35:53,2.770e-06
17948.7,17:35:54,2.770e-06
17949.9,17:35:55,2.770e-06
17951.0,17:35:56,2.770e-06
17952.2,17:35:58,2.770e-06
17953.4,17:35:59,2.770e-06
17954.6,17:36:00,2.770e-06
17955.7,17:36:01,2.770e-06
17956.9,17:36:02,2.770e-06
17958.1,17:36:04,2.770e-06
17959.2,17:36:05,2.770e-06
17960.4,17:36:06,2.770e-06
17961.6,17:36:07,2.770e-06
17962.8,17:36:08,2.770e-06
17963.9,17:36:09,2.770e-06
17965.1,17:36:11,2.770e-06
17966.3,17:36:12,2.770e-06
17967.4,17:36:13,2.770e-06
17968.6,17:36:14,2.770e-06
17969.8,17:36:15,2.770e-06
17971.0,17:36:16,2.770e-06
17972.1,17:36:18,2.770e-06
17973.3,17:36:19,2.770e-06
17974.5,17:36:20,2.770e-06
17975.7,17:36:21,2.770e-06
17976.8,17:36:22,2.770e-06
17978.0,17:36:23,2.770e-06
17979.2,17:36:25,2.770e-06
17980.4,17:36:26,2.770e-06
17981.6,17:36:27,2.770e-06
17982.7,17:36:28,2.770e-06
17983.9,17:36:29,2.770e-06
17985.1,17:36:31,2.770e-06
17986.3,17:36:32,2.770e-06
17987.4,17:36:33,2.770e-06
17988.6,17:36:34,2.770e-06
17989.8,17:36:35,2.770e-06
17991.0,17:36:36,2.770e-06
17992.1,17:36:38,2.770e-06
17993.3,17:36:39,2.770e-06
17994.5,17:36:40,2.770e-06
17995.6,17:36:41,2.770e-06
17996.8,17:36:42,2.770e-06
17998.0,17:36:43,2.770e-06
17999.2,17:36:45,2.770e-06
18000.3,17:36:46,2.770e-06
18001.5,17:36:47,2.770e-06
18002.7,17:36:48,2.770e-06
18003.9,17:36:49,2.750e-06
18005.0,17:36:50,2.750e-06
18006.2,17:36:52,2.750e-06
18007.4,17:36:53,2.750e-06
18008.6,17:36:54,2.750e-06
18009.8,17:36:55,2.750e-06
18010.9,17:36:56,2.750e-06
18012.1,17:36:58,2.750e-06
18013.3,17:36:59,2.750e-06
18014.5,17:37:00,2.750e-06
18015.7,17:37:01,2.750e-06
18016.8,17:37:02,2.750e-06
18018.0,17:37:03,2.750e-06
18019.2,17:37:05,2.750e-06
18020.4,17:37:06,2.750e-06
18021.5,17:37:07,2.750e-06
18022.7,17:37:08,2.750e-06
18023.9,17:37:09,2.750e-06
18025.1,17:37:10,2.750e-06
18026.2,17:37:12,2.750e-06
18027.4,17:37:13,2.750e-06
18028.6,17:37:14,2.750e-06
18029.8,17:37:15,2.750e-06
18030.9,17:37:16,2.750e-06
18032.1,17:37:18,2.750e-06
18033.3,17:37:19,2.750e-06
18034.5,17:37:20,2.750e-06
18035.6,17:37:21,2.750e-06
18036.8,17:37:22,2.750e-06
18038.0,17:37:23,2.750e-06
18039.2,17:37:25,2.750e-06
18040.3,17:37:26,2.750e-06
18041.5,17:37:27,2.750e-06
18042.7,17:37:28,2.750e-06
18043.9,17:37:29,2.750e-06
18045.0,17:37:30,2.750e-06
18046.2,17:37:32,2.750e-06
18047.4,17:37:33,2.750e-06
18048.6,17:37:34,2.750e-06
18049.7,17:37:35,2.750e-06
18050.9,17:37:36,2.750e-06
18052.1,17:37:38,2.750e-06
18053.3,17:37:39,2.750e-06
18054.4,17:37:40,2.750e-06
18055.6,17:37:41,2.750e-06
18056.8,17:37:42,2.750e-06
18057.9,17:37:43,2.750e-06
18059.1,17:37:45,2.750e-06
18060.3,17:37:46,2.750e-06
18061.4,17:37:47,2.750e-06
18062.6,17:37:48,2.750e-06
18063.8,17:37:49,2.750e-06
18065.0,17:37:50,2.750e-06
18066.2,17:37:52,2.750e-06
18067.3,17:37:53,2.750e-06
18068.5,17:37:54,2.750e-06
18069.7,17:37:55,2.750e-06
18070.8,17:37:56,2.750e-06
18072.1,17:37:58,2.750e-06
18073.2,17:37:59,2.750e-06
18074.4,17:38:00,2.750e-06
18075.6,17:38:01,2.750e-06
18076.8,17:38:02,2.750e-06
18077.9,17:38:03,2.750e-06
18079.1,17:38:05,2.750e-06
18080.3,17:38:06,2.740e-06
18081.5,17:38:07,2.750e-06
18082.6,17:38:08,2.750e-06
18083.8,17:38:09,2.750e-06
18085.0,17:38:10,2.750e-06
18086.1,17:38:12,2.750e-06
18087.3,17:38:13,2.750e-06
18088.5,17:38:14,2.750e-06
18089.7,17:38:15,2.750e-06
18090.8,17:38:16,2.750e-06
18092.0,17:38:17,2.750e-06
18093.2,17:38:19,2.750e-06
18094.4,17:38:20,2.750e-06
18095.6,17:38:21,2.750e-06
18096.7,17:38:22,2.750e-06
18097.9,17:38:23,2.750e-06
18099.1,17:38:25,2.740e-06
18100.3,17:38:26,2.750e-06
18101.4,17:38:27,2.750e-06
18102.6,17:38:28,2.750e-06
18103.8,17:38:29,2.750e-06
18105.0,17:38:30,2.750e-06
18106.1,17:38:32,2.750e-06
18107.3,17:38:33,2.750e-06
18108.5,17:38:34,2.750e-06
18109.6,17:38:35,2.750e-06
18110.8,17:38:36,2.750e-06
18112.0,17:38:37,2.750e-06
18113.1,17:38:39,2.750e-06
18114.3,17:38:40,2.750e-06
18115.5,17:38:41,2.750e-06
18116.7,17:38:42,2.750e-06
18117.8,17:38:43,2.750e-06
18119.0,17:38:44,2.750e-06
18120.2,17:38:46,2.750e-06
18121.4,17:38:47,2.750e-06
18122.5,17:38:48,2.750e-06
18123.7,17:38:49,2.750e-06
18124.9,17:38:50,2.740e-06
18126.1,17:38:52,2.750e-06
18127.2,17:38:53,2.750e-06
18128.4,17:38:54,2.750e-06
18129.6,17:38:55,2.750e-06
18130.8,17:38:56,2.750e-06
18131.9,17:38:57,2.750e-06
18133.1,17:38:59,2.750e-06
18134.3,17:39:00,2.720e-06
18135.5,17:39:01,2.720e-06
18136.6,17:39:02,2.720e-06
18137.8,17:39:03,2.720e-06
18139.0,17:39:04,2.720e-06
18140.1,17:39:06,2.720e-06
18141.3,17:39:07,2.720e-06
18142.5,17:39:08,2.720e-06
18143.7,17:39:09,2.720e-06
18144.8,17:39:10,2.720e-06
18146.0,17:39:11,2.720e-06
18147.2,17:39:13,2.720e-06
18148.3,17:39:14,2.720e-06
18149.5,17:39:15,2.720e-06
18150.7,17:39:16,2.720e-06
18151.9,17:39:17,2.720e-06
18153.1,17:39:18,2.720e-06
18154.2,17:39:20,2.720e-06
18155.4,17:39:21,2.720e-06
18156.6,17:39:22,2.720e-06
18157.7,17:39:23,2.720e-06
18158.9,17:39:24,2.720e-06
18160.1,17:39:26,2.720e-06
18161.3,17:39:27,2.720e-06
18162.5,17:39:28,2.720e-06
18163.7,17:39:29,2.720e-06
18164.8,17:39:30,2.720e-06
18166.0,17:39:31,2.720e-06
18167.2,17:39:33,2.720e-06
18168.4,17:39:34,2.720e-06
18169.6,17:39:35,2.720e-06
18170.7,17:39:36,2.720e-06
18171.9,17:39:37,2.720e-06
18173.1,17:39:39,2.720e-06
18174.3,17:39:40,2.720e-06
18175.4,17:39:41,2.720e-06
18176.6,17:39:42,2.720e-06
18177.8,17:39:43,2.720e-06
18178.9,17:39:44,2.720e-06
18180.1,17:39:46,2.720e-06
18181.3,17:39:47,2.720e-06
18182.5,17:39:48,2.720e-06
18183.7,17:39:49,2.720e-06
18184.8,17:39:50,2.720e-06
18186.0,17:39:51,2.720e-06
18187.2,17:39:53,2.720e-06
18188.4,17:39:54,2.720e-06
18189.5,17:39:55,2.720e-06
18190.7,17:39:56,2.720e-06
18191.9,17:39:57,2.720e-06
18193.1,17:39:59,2.720e-06
18194.2,17:40:00,2.720e-06
18195.4,17:40:01,2.720e-06
18196.6,17:40:02,2.720e-06
18197.8,17:40:03,2.720e-06
18199.0,17:40:04,2.720e-06
18200.1,17:40:06,2.720e-06
18201.3,17:40:07,2.720e-06
18202.5,17:40:08,2.720e-06
18203.7,17:40:09,2.720e-06
18204.8,17:40:10,2.720e-06
18206.0,17:40:11,2.720e-06
18207.2,17:40:13,2.720e-06
18208.4,17:40:14,2.720e-06
18209.5,17:40:15,2.720e-06
18210.7,17:40:16,2.720e-06
18211.9,17:40:17,2.720e-06
18213.1,17:40:19,2.720e-06
18214.2,17:40:20,2.720e-06
18215.4,17:40:21,2.720e-06
18216.6,17:40:22,2.720e-06
18217.8,17:40:23,2.720e-06
18219.0,17:40:24,2.720e-06
18220.1,17:40:26,2.720e-06
18221.3,17:40:27,2.720e-06
18222.5,17:40:28,2.720e-06
18223.7,17:40:29,2.720e-06
18224.8,17:40:30,2.720e-06
18226.0,17:40:31,2.720e-06
18227.2,17:40:33,2.720e-06
18228.4,17:40:34,2.720e-06
18229.5,17:40:35,2.720e-06
18230.7,17:40:36,2.720e-06
18231.9,17:40:37,2.720e-06
18233.1,17:40:38,2.720e-06
18234.2,17:40:40,2.720e-06
18235.4,17:40:41,2.720e-06
18236.6,17:40:42,2.720e-06
18237.8,17:40:43,2.720e-06
18238.9,17:40:44,2.720e-06
18240.1,17:40:46,2.720e-06
18241.3,17:40:47,2.720e-06
18242.5,17:40:48,2.720e-06
18243.6,17:40:49,2.720e-06
18244.8,17:40:50,2.720e-06
18246.0,17:40:51,2.720e-06
18247.2,17:40:53,2.720e-06
18248.4,17:40:54,2.720e-06
18249.5,17:40:55,2.720e-06
18250.7,17:40:56,2.720e-06
18251.9,17:40:57,2.720e-06
18253.1,17:40:58,2.720e-06
18254.2,17:41:00,2.720e-06
18255.4,17:41:01,2.720e-06
18256.6,17:41:02,2.720e-06
18257.8,17:41:03,2.720e-06
18258.9,17:41:04,2.720e-06
18260.1,17:41:06,2.720e-06
18261.3,17:41:07,2.720e-06
18262.5,17:41:08,2.720e-06
18263.6,17:41:09,2.720e-06
18264.8,17:41:10,2.720e-06
18266.0,17:41:11,2.720e-06
18267.2,17:41:13,2.720e-06
18268.3,17:41:14,2.700e-06
18269.5,17:41:15,2.700e-06
18270.7,17:41:16,2.700e-06
18271.9,17:41:17,2.700e-06
18273.0,17:41:18,2.700e-06
18274.3,17:41:20,2.700e-06
18275.4,17:41:21,2.700e-06
18276.6,17:41:22,2.700e-06
18277.8,17:41:23,2.700e-06
18278.9,17:41:24,2.700e-06
18280.1,17:41:26,2.700e-06
18281.3,17:41:27,2.700e-06
18282.5,17:41:28,2.700e-06
18283.6,17:41:29,2.700e-06
18284.8,17:41:30,2.700e-06
18286.0,17:41:31,2.700e-06
18287.2,17:41:33,2.700e-06
18288.3,17:41:34,2.700e-06
18289.5,17:41:35,2.700e-06
18290.7,17:41:36,2.700e-06
18291.9,17:41:37,2.700e-06
18293.1,17:41:38,2.700e-06
18294.2,17:41:40,2.700e-06
18295.4,17:41:41,2.700e-06
18296.6,17:41:42,2.700e-06
18297.8,17:41:43,2.700e-06
18298.9,17:41:44,2.700e-06
18300.1,17:41:46,2.700e-06
18301.3,17:41:47,2.700e-06
18302.4,17:41:48,2.700e-06
18303.6,17:41:49,2.700e-06
18304.8,17:41:50,2.700e-06
18306.0,17:41:51,2.700e-06
18307.2,17:41:53,2.700e-06
18308.3,17:41:54,2.700e-06
18309.5,17:41:55,2.700e-06
18310.7,17:41:56,2.700e-06
18311.8,17:41:57,2.700e-06
18313.0,17:41:58,2.700e-06
18314.2,17:42:00,2.700e-06
18315.4,17:42:01,2.700e-06
18316.5,17:42:02,2.700e-06
18317.7,17:42:03,2.700e-06
18318.9,17:42:04,2.700e-06
18320.1,17:42:06,2.700e-06
18321.3,17:42:07,2.700e-06
18322.4,17:42:08,2.700e-06
18323.6,17:42:09,2.700e-06
18324.8,17:42:10,2.700e-06
18326.0,17:42:11,2.700e-06
18327.2,17:42:13,2.700e-06
18328.3,17:42:14,2.700e-06
18329.5,17:42:15,2.700e-06
18330.7,17:42:16,2.700e-06
18331.9,17:42:17,2.700e-06
18333.1,17:42:19,2.700e-06
18334.3,17:42:20,2.700e-06
18335.4,17:42:21,2.700e-06
18336.6,17:42:22,2.700e-06
18337.8,17:42:23,2.700e-06
18339.0,17:42:24,2.700e-06
18340.1,17:42:26,2.700e-06
18341.3,17:42:27,2.700e-06
18342.5,17:42:28,2.700e-06
18343.7,17:42:29,2.700e-06
18344.8,17:42:30,2.700e-06
18346.0,17:42:31,2.700e-06
18347.2,17:42:33,2.700e-06
18348.4,17:42:34,2.700e-06
18349.5,17:42:35,2.700e-06
18350.7,17:42:36,2.700e-06
18351.9,17:42:37,2.700e-06
18353.0,17:42:38,2.700e-06
18354.2,17:42:40,2.700e-06
18355.4,17:42:41,2.700e-06
18356.6,17:42:42,2.700e-06
18357.7,17:42:43,2.700e-06
18358.9,17:42:44,2.700e-06
18360.1,17:42:46,2.700e-06
18361.3,17:42:47,2.700e-06
18362.4,17:42:48,2.700e-06
18363.6,17:42:49,2.700e-06
18364.8,17:42:50,2.700e-06
18365.9,17:42:51,2.700e-06
18367.1,17:42:53,2.700e-06
18368.3,17:42:54,2.700e-06
18369.5,17:42:55,2.700e-06
18370.6,17:42:56,2.700e-06
18371.8,17:42:57,2.700e-06
18373.0,17:42:58,2.700e-06
18374.1,17:43:00,2.700e-06
18375.3,17:43:01,2.700e-06
18376.5,17:43:02,2.700e-06
18377.7,17:43:03,2.700e-06
18378.8,17:43:04,2.700e-06
18380.0,17:43:05,2.700e-06
18381.2,17:43:07,2.700e-06
18382.4,17:43:08,2.700e-06
18383.5,17:43:09,2.700e-06
18384.7,17:43:10,2.700e-06
18385.9,17:43:11,2.700e-06
18387.1,17:43:13,2.700e-06
18388.3,17:43:14,2.700e-06
18389.4,17:43:15,2.700e-06
18390.6,17:43:16,2.700e-06
18391.8,17:43:17,2.700e-06
18392.9,17:43:18,2.700e-06
18394.1,17:43:20,2.700e-06
18395.3,17:43:21,2.700e-06
18396.4,17:43:22,2.700e-06
18397.6,17:43:23,2.700e-06
18398.8,17:43:24,2.700e-06
18400.0,17:43:25,2.700e-06
18401.2,17:43:27,2.700e-06
18402.4,17:43:28,2.700e-06
18403.5,17:43:29,2.680e-06
18404.7,17:43:30,2.680e-06
18405.9,17:43:31,2.680e-06
18407.1,17:43:32,2.680e-06
18408.2,17:43:34,2.680e-06
18409.4,17:43:35,2.680e-06
18410.6,17:43:36,2.680e-06
18411.8,17:43:37,2.680e-06
18412.9,17:43:38,2.680e-06
18414.1,17:43:40,2.680e-06
18415.3,17:43:41,2.680e-06
18416.4,17:43:42,2.680e-06
18417.6,17:43:43,2.680e-06
18418.8,17:43:44,2.680e-06
18420.0,17:43:45,2.680e-06
18421.1,17:43:47,2.680e-06
18422.3,17:43:48,2.680e-06
18423.5,17:43:49,2.680e-06
18424.7,17:43:50,2.680e-06
18425.8,17:43:51,2.680e-06
18427.0,17:43:52,2.680e-06
18428.2,17:43:54,2.680e-06
18429.4,17:43:55,2.680e-06
18430.5,17:43:56,2.680e-06
18431.7,17:43:57,2.680e-06
18432.9,17:43:58,2.680e-06
18434.0,17:43:59,2.680e-06
18435.2,17:44:01,2.680e-06
18436.4,17:44:02,2.680e-06
18437.6,17:44:03,2.680e-06
18438.7,17:44:04,2.680e-06
18439.9,17:44:05,2.680e-06
18441.1,17:44:07,2.680e-06
18442.3,17:44:08,2.680e-06
18443.5,17:44:09,2.680e-06
18444.6,17:44:10,2.680e-06
18445.8,17:44:11,2.680e-06
18447.0,17:44:12,2.680e-06
18448.2,17:44:14,2.680e-06
18449.3,17:44:15,2.680e-06
18450.5,17:44:16,2.680e-06
18451.7,17:44:17,2.680e-06
18452.9,17:44:18,2.680e-06
18454.1,17:44:19,2.680e-06
18455.2,17:44:21,2.680e-06
18456.4,17:44:22,2.680e-06
18457.6,17:44:23,2.680e-06
18458.8,17:44:24,2.680e-06
18459.9,17:44:25,2.680e-06
18461.1,17:44:27,2.680e-06
18462.3,17:44:28,2.680e-06
18463.5,17:44:29,2.680e-06
18464.6,17:44:30,2.680e-06
18465.8,17:44:31,2.680e-06
18467.0,17:44:32,2.680e-06
18468.1,17:44:34,2.680e-06
18469.3,17:44:35,2.680e-06
18470.5,17:44:36,2.680e-06
18471.7,17:44:37,2.680e-06
18472.9,17:44:38,2.680e-06
18474.0,17:44:39,2.680e-06
18475.2,17:44:41,2.680e-06
18476.4,17:44:42,2.680e-06
18477.6,17:44:43,2.680e-06
18478.7,17:44:44,2.680e-06
18479.9,17:44:45,2.680e-06
18481.1,17:44:47,2.680e-06
18482.3,17:44:48,2.680e-06
18483.4,17:44:49,2.680e-06
18484.6,17:44:50,2.680e-06
18485.8,17:44:51,2.680e-06
18487.0,17:44:52,2.680e-06
18488.1,17:44:54,2.680e-06
18489.3,17:44:55,2.680e-06
18490.5,17:44:56,2.680e-06
18491.7,17:44:57,2.680e-06
18492.9,17:44:58,2.680e-06
18494.0,17:44:59,2.680e-06
18495.2,17:45:01,2.680e-06
18496.4,17:45:02,2.680e-06
18497.6,17:45:03,2.680e-06
18498.7,17:45:04,2.680e-06
18499.9,17:45:05,2.680e-06
18501.1,17:45:07,2.680e-06
18502.2,17:45:08,2.680e-06
18503.4,17:45:09,2.680e-06
18504.6,17:45:10,2.680e-06
18505.8,17:45:11,2.680e-06
18506.9,17:45:12,2.680e-06
18508.1,17:45:14,2.680e-06
18509.3,17:45:15,2.680e-06
18510.5,17:45:16,2.680e-06
18511.6,17:45:17,2.680e-06
18512.8,17:45:18,2.680e-06
18514.0,17:45:19,2.680e-06
18515.2,17:45:21,2.680e-06
18516.3,17:45:22,2.680e-06
18517.5,17:45:23,2.680e-06
18518.7,17:45:24,2.680e-06
18519.9,17:45:25,2.680e-06
18521.0,17:45:26,2.680e-06
18522.2,17:45:28,2.680e-06
18523.4,17:45:29,2.680e-06
18524.6,17:45:30,2.680e-06
18525.7,17:45:31,2.680e-06
18526.9,17:45:32,2.680e-06
18528.1,17:45:34,2.680e-06
18529.3,17:45:35,2.680e-06
18530.4,17:45:36,2.680e-06
18531.6,17:45:37,2.670e-06
18532.8,17:45:38,2.660e-06
18533.9,17:45:39,2.660e-06
18535.1,17:45:41,2.660e-06
18536.3,17:45:42,2.660e-06
18537.5,17:45:43,2.660e-06
18538.6,17:45:44,2.660e-06
18539.8,17:45:45,2.660e-06
18541.0,17:45:46,2.660e-06
18542.2,17:45:48,2.660e-06
18543.3,17:45:49,2.660e-06
18544.5,17:45:50,2.660e-06
18545.7,17:45:51,2.660e-06
18546.9,17:45:52,2.660e-06
18548.1,17:45:54,2.660e-06
18549.3,17:45:55,2.660e-06
18550.4,17:45:56,2.660e-06
18551.6,17:45:57,2.660e-06
18552.8,17:45:58,2.660e-06
18554.0,17:45:59,2.660e-06
18555.2,17:46:01,2.660e-06
18556.3,17:46:02,2.660e-06
18557.5,17:46:03,2.660e-06
18558.7,17:46:04,2.660e-06
18559.9,17:46:05,2.660e-06
18561.0,17:46:06,2.660e-06
18562.2,17:46:08,2.660e-06
18563.4,17:46:09,2.660e-06
18564.5,17:46:10,2.660e-06
18565.7,17:46:11,2.660e-06
18566.9,17:46:12,2.660e-06
18568.1,17:46:14,2.660e-06
18569.2,17:46:15,2.660e-06
18570.4,17:46:16,2.660e-06
18571.6,17:46:17,2.660e-06
18572.8,17:46:18,2.660e-06
18573.9,17:46:19,2.660e-06
18575.1,17:46:21,2.660e-06
18576.3,17:46:22,2.660e-06
18577.4,17:46:23,2.660e-06
18578.6,17:46:24,2.660e-06
18579.8,17:46:25,2.660e-06
18581.0,17:46:26,2.660e-06
18582.2,17:46:28,2.660e-06
18583.3,17:46:29,2.660e-06
18584.5,17:46:30,2.660e-06
18585.7,17:46:31,2.660e-06
18586.9,17:46:32,2.660e-06
18588.0,17:46:33,2.660e-06
18589.2,17:46:35,2.660e-06
18590.4,17:46:36,2.660e-06
18591.6,17:46:37,2.650e-06
18592.7,17:46:38,2.670e-06
18593.9,17:46:39,2.670e-06
18595.1,17:46:41,2.670e-06
18596.3,17:46:42,2.670e-06
18597.5,17:46:43,2.670e-06
18598.6,17:46:44,2.670e-06
18599.8,17:46:45,2.670e-06
18601.0,17:46:46,2.670e-06
18602.1,17:46:48,2.670e-06
18603.3,17:46:49,2.670e-06
18604.5,17:46:50,2.670e-06
18605.7,17:46:51,2.670e-06
18606.8,17:46:52,2.670e-06
18608.0,17:46:53,2.670e-06
18609.2,17:46:55,2.670e-06
18610.4,17:46:56,2.670e-06
18611.5,17:46:57,2.670e-06
18612.7,17:46:58,2.670e-06
18613.9,17:46:59,2.670e-06
18615.1,17:47:01,2.670e-06
18616.2,17:47:02,2.670e-06
18617.4,17:47:03,2.670e-06
18618.6,17:47:04,2.670e-06
18619.7,17:47:05,2.670e-06
18620.9,17:47:06,2.670e-06
18622.1,17:47:08,2.670e-06
18623.3,17:47:09,2.670e-06
18624.4,17:47:10,2.670e-06
18625.6,17:47:11,2.670e-06
18626.8,17:47:12,2.670e-06
18628.0,17:47:13,2.670e-06
18629.1,17:47:15,2.670e-06
18630.3,17:47:16,2.670e-06
18631.5,17:47:17,2.670e-06
18632.6,17:47:18,2.670e-06
18633.8,17:47:19,2.670e-06
18635.0,17:47:20,2.670e-06
18636.2,17:47:22,2.670e-06
18637.3,17:47:23,2.670e-06
18638.5,17:47:24,2.670e-06
18639.7,17:47:25,2.670e-06
18640.8,17:47:26,2.670e-06
18642.0,17:47:27,2.670e-06
18643.2,17:47:29,2.670e-06
18644.4,17:47:30,2.670e-06
18645.6,17:47:31,2.670e-06
18646.7,17:47:32,2.670e-06
18647.9,17:47:33,2.670e-06
18649.1,17:47:35,2.670e-06
18650.3,17:47:36,2.670e-06
18651.4,17:47:37,2.670e-06
18652.6,17:47:38,2.670e-06
18653.8,17:47:39,2.670e-06
18655.0,17:47:40,2.670e-06
18656.2,17:47:42,2.670e-06
18657.3,17:47:43,2.650e-06
18658.6,17:47:44,2.650e-06
18659.7,17:47:45,2.650e-06
18660.9,17:47:46,2.650e-06
18662.1,17:47:48,2.650e-06
18663.3,17:47:49,2.650e-06
18664.4,17:47:50,2.650e-06
18665.6,17:47:51,2.650e-06
18666.8,17:47:52,2.650e-06
18668.0,17:47:53,2.650e-06
18669.2,17:47:55,2.650e-06
18670.3,17:47:56,2.650e-06
18671.5,17:47:57,2.650e-06
18672.7,17:47:58,2.650e-06
18673.8,17:47:59,2.650e-06
18675.0,17:48:00,2.650e-06
18676.2,17:48:02,2.650e-06
18677.4,17:48:03,2.650e-06
18678.5,17:48:04,2.650e-06
18679.7,17:48:05,2.650e-06
18680.9,17:48:06,2.650e-06
18682.1,17:48:08,2.650e-06
18683.3,17:48:09,2.650e-06
18684.4,17:48:10,2.650e-06
18685.6,17:48:11,2.650e-06
18686.8,17:48:12,2.650e-06
18688.0,17:48:13,2.650e-06
18689.1,17:48:15,2.650e-06
18690.3,17:48:16,2.650e-06
18691.5,17:48:17,2.650e-06
18692.7,17:48:18,2.650e-06
18693.8,17:48:19,2.650e-06
18695.0,17:48:20,2.650e-06
18696.2,17:48:22,2.650e-06
18697.4,17:48:23,2.650e-06
18698.5,17:48:24,2.650e-06
18699.7,17:48:25,2.650e-06
18700.9,17:48:26,2.650e-06
18702.1,17:48:28,2.650e-06
18703.3,17:48:29,2.650e-06
18704.4,17:48:30,2.650e-06
18705.6,17:48:31,2.650e-06
18706.8,17:48:32,2.660e-06
18707.9,17:48:33,2.660e-06
18709.1,17:48:35,2.660e-06
18710.3,17:48:36,2.660e-06
18711.5,17:48:37,2.660e-06
18712.6,17:48:38,2.660e-06
18713.8,17:48:39,2.660e-06
18715.0,17:48:40,2.660e-06
18716.2,17:48:42,2.660e-06
18717.4,17:48:43,2.660e-06
18718.5,17:48:44,2.660e-06
18719.7,17:48:45,2.660e-06
18720.9,17:48:46,2.660e-06
18722.1,17:48:48,2.670e-06
18723.2,17:48:49,2.670e-06
18724.4,17:48:50,2.670e-06
18725.6,17:48:51,2.670e-06
18726.8,17:48:52,2.670e-06
18727.9,17:48:53,2.670e-06
18729.1,17:48:55,2.670e-06
18730.3,17:48:56,2.670e-06
18731.4,17:48:57,2.670e-06
18732.6,17:48:58,2.670e-06
18733.8,17:48:59,2.670e-06
18735.0,17:49:00,2.670e-06
18736.1,17:49:02,2.670e-06
18737.3,17:49:03,2.670e-06
18738.5,17:49:04,2.670e-06
18739.7,17:49:05,2.670e-06
18740.8,17:49:06,2.670e-06
18742.0,17:49:07,2.670e-06
18743.2,17:49:09,2.670e-06
18744.4,17:49:10,2.680e-06
18745.5,17:49:11,2.680e-06
18746.7,17:49:12,2.680e-06
18747.9,17:49:13,2.680e-06
18749.1,17:49:14,2.680e-06
18750.2,17:49:16,2.680e-06
18751.4,17:49:17,2.680e-06
18752.6,17:49:18,2.680e-06
18753.8,17:49:19,2.680e-06
18754.9,17:49:20,2.680e-06
18756.1,17:49:22,2.680e-06
18757.3,17:49:23,2.680e-06
18758.5,17:49:24,2.680e-06
18759.7,17:49:25,2.680e-06
18760.8,17:49:26,2.680e-06
18762.0,17:49:27,2.680e-06
18763.2,17:49:29,2.700e-06
18764.3,17:49:30,2.680e-06
18765.5,17:49:31,2.680e-06
18766.7,17:49:32,2.680e-06
18767.9,17:49:33,2.690e-06
18769.1,17:49:35,2.690e-06
18770.3,17:49:36,2.690e-06
18771.4,17:49:37,2.690e-06
18772.6,17:49:38,2.690e-06
18773.8,17:49:39,2.690e-06
18775.0,17:49:40,2.690e-06
18776.1,17:49:42,2.680e-06
18777.3,17:49:43,2.670e-06
18778.5,17:49:44,2.670e-06
18779.7,17:49:45,2.670e-06
18780.8,17:49:46,2.670e-06
18782.0,17:49:47,2.670e-06
18783.2,17:49:49,2.670e-06
18784.4,17:49:50,2.670e-06
18785.5,17:49:51,2.670e-06
18786.7,17:49:52,2.670e-06
18787.9,17:49:53,2.670e-06
18789.0,17:49:54,2.670e-06
18790.2,17:49:56,2.670e-06
18791.4,17:49:57,2.670e-06
18792.6,17:49:58,2.670e-06
18793.8,17:49:59,2.670e-06
18794.9,17:50:00,2.670e-06
18796.1,17:50:02,2.670e-06
18797.3,17:50:03,2.670e-06
18798.5,17:50:04,2.670e-06
18799.6,17:50:05,2.670e-06
18800.8,17:50:06,2.670e-06
18802.0,17:50:07,2.670e-06
18803.2,17:50:09,2.670e-06
18804.4,17:50:10,2.670e-06
18805.6,17:50:11,2.670e-06
18806.7,17:50:12,2.670e-06
18807.9,17:50:13,2.670e-06
18809.1,17:50:15,2.670e-06
18810.3,17:50:16,2.670e-06
18811.4,17:50:17,2.670e-06
18812.6,17:50:18,2.670e-06
18813.8,17:50:19,2.670e-06
18815.0,17:50:20,2.670e-06
18816.2,17:50:22,2.670e-06
18817.3,17:50:23,2.670e-06
18818.5,17:50:24,2.670e-06
18819.7,17:50:25,2.670e-06
18820.9,17:50:26,2.680e-06
18822.0,17:50:27,2.680e-06
18823.2,17:50:29,2.680e-06
18824.4,17:50:30,2.680e-06
18825.6,17:50:31,2.680e-06
18826.8,17:50:32,2.680e-06
18827.9,17:50:33,2.680e-06
18829.1,17:50:35,2.680e-06
18830.3,17:50:36,2.680e-06
18831.5,17:50:37,2.680e-06
18832.7,17:50:38,2.680e-06
18833.8,17:50:39,2.680e-06
18835.0,17:50:40,2.680e-06
18836.2,17:50:42,2.680e-06
18837.3,17:50:43,2.680e-06
18838.5,17:50:44,2.680e-06
18839.7,17:50:45,2.680e-06
18840.9,17:50:46,2.680e-06
18842.1,17:50:47,2.680e-06
18843.2,17:50:49,2.680e-06
18844.4,17:50:50,2.680e-06
18845.6,17:50:51,2.680e-06
18846.8,17:50:52,2.680e-06
18847.9,17:50:53,2.680e-06
18849.1,17:50:55,2.680e-06
18850.3,17:50:56,2.680e-06
18851.4,17:50:57,2.680e-06
18852.6,17:50:58,2.680e-06
18853.8,17:50:59,2.680e-06
18855.0,17:51:00,2.680e-06
18856.2,17:51:02,2.680e-06
18857.3,17:51:03,2.680e-06
18858.5,17:51:04,2.690e-06
18859.7,17:51:05,2.690e-06
18860.9,17:51:06,2.690e-06
18862.0,17:51:07,2.690e-06
18863.2,17:51:09,2.690e-06
18864.4,17:51:10,2.690e-06
18865.5,17:51:11,2.690e-06
18866.7,17:51:12,2.690e-06
18867.9,17:51:13,2.690e-06
18869.1,17:51:15,2.690e-06
18870.3,17:51:16,2.690e-06
18871.4,17:51:17,2.690e-06
18872.6,17:51:18,2.690e-06
18873.8,17:51:19,2.690e-06
18875.0,17:51:20,2.690e-06
18876.1,17:51:22,2.690e-06
18877.3,17:51:23,2.690e-06
18878.5,17:51:24,2.690e-06
18879.7,17:51:25,2.690e-06
18880.8,17:51:26,2.700e-06
18882.0,17:51:27,2.700e-06
18883.2,17:51:29,2.700e-06
18884.3,17:51:30,2.700e-06
18885.5,17:51:31,2.700e-06
18886.7,17:51:32,2.700e-06
18887.9,17:51:33,2.700e-06
18889.1,17:51:35,2.700e-06
18890.3,17:51:36,2.700e-06
18891.4,17:51:37,2.700e-06
18892.6,17:51:38,2.700e-06
18893.8,17:51:39,2.700e-06
18895.0,17:51:40,2.680e-06
18896.1,17:51:42,2.680e-06
18897.3,17:51:43,2.680e-06
18898.5,17:51:44,2.680e-06
18899.6,17:51:45,2.680e-06
18900.8,17:51:46,2.680e-06
18902.0,17:51:47,2.680e-06
18903.2,17:51:49,2.680e-06
18904.4,17:51:50,2.680e-06
18905.5,17:51:51,2.680e-06
18906.7,17:51:52,2.680e-06
18907.9,17:51:53,2.680e-06
18909.1,17:51:55,2.680e-06
18910.3,17:51:56,2.680e-06
18911.4,17:51:57,2.680e-06
18912.6,17:51:58,2.680e-06
18913.8,17:51:59,2.680e-06
18915.0,17:52:00,2.680e-06
18916.2,17:52:02,2.690e-06
18917.3,17:52:03,2.690e-06
18918.5,17:52:04,2.690e-06
18919.7,17:52:05,2.690e-06
18920.9,17:52:06,2.690e-06
18922.0,17:52:07,2.690e-06
18923.2,17:52:09,2.690e-06
18924.4,17:52:10,2.690e-06
18925.6,17:52:11,2.690e-06
18926.7,17:52:12,2.690e-06
18927.9,17:52:13,2.690e-06
18929.1,17:52:15,2.690e-06
18930.3,17:52:16,2.690e-06
18931.4,17:52:17,2.690e-06
18932.6,17:52:18,2.690e-06
18933.8,17:52:19,2.690e-06
18935.0,17:52:20,2.690e-06
18936.1,17:52:22,2.690e-06
18937.3,17:52:23,2.690e-06
18938.5,17:52:24,2.690e-06
18939.7,17:52:25,2.690e-06
18940.9,17:52:26,2.690e-06
18942.1,17:52:28,2.690e-06
18943.2,17:52:29,2.700e-06
18944.4,17:52:30,2.700e-06
18945.6,17:52:31,2.700e-06
18946.8,17:52:32,2.700e-06
18947.9,17:52:33,2.700e-06
18949.1,17:52:35,2.700e-06
18950.3,17:52:36,2.700e-06
18951.5,17:52:37,2.700e-06
18952.7,17:52:38,2.700e-06
18953.8,17:52:39,2.700e-06
18955.0,17:52:40,2.700e-06
18956.2,17:52:42,2.700e-06
18957.4,17:52:43,2.700e-06
18958.5,17:52:44,2.700e-06
18959.7,17:52:45,2.700e-06
18960.9,17:52:46,2.700e-06
18962.1,17:52:47,2.700e-06
18963.2,17:52:49,2.700e-06
18964.4,17:52:50,2.700e-06
18965.6,17:52:51,2.700e-06
18966.8,17:52:52,2.700e-06
18967.9,17:52:53,2.700e-06
18969.1,17:52:55,2.710e-06
18970.3,17:52:56,2.710e-06
18971.5,17:52:57,2.710e-06
18972.6,17:52:58,2.710e-06
18973.8,17:52:59,2.710e-06
18975.0,17:53:00,2.710e-06
18976.1,17:53:02,2.710e-06
18977.3,17:53:03,2.710e-06
18978.5,17:53:04,2.710e-06
18979.7,17:53:05,2.710e-06
18980.9,17:53:06,2.710e-06
18982.0,17:53:07,2.710e-06
18983.2,17:53:09,2.710e-06
18984.4,17:53:10,2.710e-06
18985.6,17:53:11,2.710e-06
18986.7,17:53:12,2.710e-06
18987.9,17:53:13,2.710e-06
18989.1,17:53:15,2.710e-06
18990.3,17:53:16,2.710e-06
18991.4,17:53:17,2.710e-06
18992.6,17:53:18,2.710e-06
18993.8,17:53:19,2.710e-06
18995.0,17:53:20,2.720e-06
18996.1,17:53:22,2.720e-06
18997.3,17:53:23,2.720e-06
18998.5,17:53:24,2.720e-06
18999.7,17:53:25,2.720e-06
19000.8,17:53:26,2.720e-06
19002.0,17:53:27,2.720e-06
19003.2,17:53:29,2.720e-06
19004.3,17:53:30,2.720e-06
19005.5,17:53:31,2.720e-06
19006.7,17:53:32,2.720e-06
19007.9,17:53:33,2.720e-06
19009.1,17:53:35,2.720e-06
19010.2,17:53:36,2.720e-06
19011.4,17:53:37,2.720e-06
19012.6,17:53:38,2.720e-06
19013.8,17:53:39,2.720e-06
19014.9,17:53:40,2.720e-06
19016.1,17:53:42,2.720e-06
19017.3,17:53:43,2.730e-06
19018.5,17:53:44,2.730e-06
19019.6,17:53:45,2.710e-06
19020.8,17:53:46,2.700e-06
19022.0,17:53:47,2.700e-06
19023.2,17:53:49,2.700e-06
19024.3,17:53:50,2.700e-06
19025.5,17:53:51,2.700e-06
19026.7,17:53:52,2.710e-06
19027.8,17:53:53,2.710e-06
19029.0,17:53:54,2.710e-06
19030.2,17:53:56,2.710e-06
19031.4,17:53:57,2.710e-06
19032.6,17:53:58,2.710e-06
19033.7,17:53:59,2.710e-06
19034.9,17:54:00,2.710e-06
19036.1,17:54:02,2.710e-06
19037.3,17:54:03,2.710e-06
19038.4,17:54:04,2.710e-06
19039.6,17:54:05,2.710e-06
19040.8,17:54:06,2.710e-06
19042.0,17:54:07,2.710e-06
19043.1,17:54:09,2.710e-06
19044.3,17:54:10,2.710e-06
19045.5,17:54:11,2.710e-06
19046.6,17:54:12,2.710e-06
19047.8,17:54:13,2.710e-06
19049.0,17:54:14,2.710e-06
19050.2,17:54:16,2.710e-06
19051.4,17:54:17,2.710e-06
19052.5,17:54:18,2.710e-06
19053.7,17:54:19,2.710e-06
19054.9,17:54:20,2.710e-06
19056.1,17:54:22,2.710e-06
19057.3,17:54:23,2.710e-06
19058.5,17:54:24,2.710e-06
19059.6,17:54:25,2.710e-06
19060.8,17:54:26,2.720e-06
19062.0,17:54:27,2.720e-06
19063.2,17:54:29,2.720e-06
19064.3,17:54:30,2.720e-06
19065.5,17:54:31,2.720e-06
19066.7,17:54:32,2.720e-06
19067.9,17:54:33,2.720e-06
19069.0,17:54:34,2.720e-06
19070.2,17:54:36,2.720e-06
19071.4,17:54:37,2.720e-06
19072.6,17:54:38,2.720e-06
19073.8,17:54:39,2.720e-06
19074.9,17:54:40,2.720e-06
19076.1,17:54:42,2.720e-06
19077.3,17:54:43,2.720e-06
19078.5,17:54:44,2.720e-06
19079.7,17:54:45,2.720e-06
19080.8,17:54:46,2.720e-06
19082.0,17:54:47,2.720e-06
19083.2,17:54:49,2.720e-06
19084.4,17:54:50,2.720e-06
19085.6,17:54:51,2.720e-06
19086.7,17:54:52,2.720e-06
19087.9,17:54:53,2.730e-06
19089.1,17:54:55,2.730e-06
19090.3,17:54:56,2.730e-06
19091.5,17:54:57,2.730e-06
19092.6,17:54:58,2.730e-06
19093.8,17:54:59,2.730e-06
19095.0,17:55:00,2.730e-06
19096.2,17:55:02,2.730e-06
19097.4,17:55:03,2.730e-06
19098.5,17:55:04,2.730e-06
19099.7,17:55:05,2.730e-06
19100.9,17:55:06,2.730e-06
19102.1,17:55:08,2.730e-06
19103.3,17:55:09,2.730e-06
19104.4,17:55:10,2.730e-06
19105.6,17:55:11,2.730e-06
19106.8,17:55:12,2.730e-06
19107.9,17:55:13,2.730e-06
19109.1,17:55:15,2.730e-06
19110.3,17:55:16,2.730e-06
19111.5,17:55:17,2.730e-06
19112.7,17:55:18,2.730e-06
19113.9,17:55:19,2.730e-06
19115.0,17:55:20,2.730e-06
19116.2,17:55:22,2.730e-06
19117.4,17:55:23,2.740e-06
19118.6,17:55:24,2.740e-06
19119.8,17:55:25,2.740e-06
19121.0,17:55:26,2.740e-06
19122.1,17:55:28,2.740e-06
19123.3,17:55:29,2.740e-06
19124.5,17:55:30,2.740e-06
19125.7,17:55:31,2.740e-06
19126.9,17:55:32,2.740e-06
19128.0,17:55:33,2.740e-06
19129.2,17:55:35,2.740e-06
19130.4,17:55:36,2.740e-06
19131.6,17:55:37,2.740e-06
19132.7,17:55:38,2.740e-06
19133.9,17:55:39,2.740e-06
19135.1,17:55:41,2.740e-06
19136.3,17:55:42,2.740e-06
19137.4,17:55:43,2.730e-06
19138.6,17:55:44,2.720e-06
19139.8,17:55:45,2.720e-06
19141.0,17:55:46,2.720e-06
19142.1,17:55:48,2.720e-06
19143.3,17:55:49,2.720e-06
19144.5,17:55:50,2.720e-06
19145.7,17:55:51,2.720e-06
19146.9,17:55:52,2.720e-06
19148.1,17:55:53,2.720e-06
19149.2,17:55:55,2.720e-06
19150.4,17:55:56,2.720e-06
19151.6,17:55:57,2.720e-06
19152.8,17:55:58,2.720e-06
19154.0,17:55:59,2.720e-06
19155.1,17:56:01,2.720e-06
19156.3,17:56:02,2.720e-06
19157.5,17:56:03,2.720e-06
19158.7,17:56:04,2.720e-06
19159.9,17:56:05,2.720e-06
19161.0,17:56:06,2.720e-06
19162.2,17:56:08,2.720e-06
19163.4,17:56:09,2.730e-06
19164.6,17:56:10,2.730e-06
19165.8,17:56:11,2.730e-06
19166.9,17:56:12,2.730e-06
19168.1,17:56:14,2.730e-06
19169.3,17:56:15,2.730e-06
19170.5,17:56:16,2.730e-06
19171.6,17:56:17,2.730e-06
19172.8,17:56:18,2.730e-06
19174.0,17:56:19,2.730e-06
19175.2,17:56:21,2.730e-06
19176.4,17:56:22,2.730e-06
19177.5,17:56:23,2.730e-06
19178.7,17:56:24,2.730e-06
19179.9,17:56:25,2.730e-06
19181.1,17:56:27,2.730e-06
19182.3,17:56:28,2.730e-06
19183.4,17:56:29,2.730e-06
19184.6,17:56:30,2.730e-06
19185.8,17:56:31,2.730e-06
19187.0,17:56:32,2.730e-06
19188.1,17:56:34,2.730e-06
19189.3,17:56:35,2.730e-06
19190.5,17:56:36,2.730e-06
19191.7,17:56:37,2.730e-06
19192.9,17:56:38,2.730e-06
19194.0,17:56:39,2.730e-06
19195.2,17:56:41,2.730e-06
19196.4,17:56:42,2.740e-06
19197.6,17:56:43,2.740e-06
19198.8,17:56:44,2.740e-06
19200.0,17:56:45,2.740e-06
19201.1,17:56:47,2.740e-06
19202.3,17:56:48,2.740e-06
19203.5,17:56:49,2.740e-06
19204.7,17:56:50,2.740e-06
19205.9,17:56:51,2.740e-06
19207.0,17:56:52,2.740e-06
19208.2,17:56:54,2.740e-06
19209.4,17:56:55,2.740e-06
19210.6,17:56:56,2.740e-06
19211.8,17:56:57,2.740e-06
19213.0,17:56:58,2.740e-06
19214.1,17:57:00,2.740e-06
19215.3,17:57:01,2.740e-06
19216.5,17:57:02,2.740e-06
19217.7,17:57:03,2.740e-06
19218.9,17:57:04,2.740e-06
19220.0,17:57:05,2.740e-06
19221.2,17:57:07,2.740e-06
19222.4,17:57:08,2.740e-06
19223.6,17:57:09,2.740e-06
19224.8,17:57:10,2.740e-06
19225.9,17:57:11,2.740e-06
19227.1,17:57:13,2.740e-06
19228.3,17:57:14,2.740e-06
19229.4,17:57:15,2.740e-06
19230.6,17:57:16,2.740e-06
19231.8,17:57:17,2.740e-06
19233.0,17:57:18,2.740e-06
19234.2,17:57:20,2.750e-06
19235.3,17:57:21,2.750e-06
19236.5,17:57:22,2.750e-06
19237.7,17:57:23,2.750e-06
19238.9,17:57:24,2.750e-06
19240.1,17:57:25,2.750e-06
19241.2,17:57:27,2.750e-06
19242.4,17:57:28,2.750e-06
19243.6,17:57:29,2.750e-06
19244.8,17:57:30,2.750e-06
19246.0,17:57:31,2.750e-06
19247.1,17:57:33,2.750e-06
19248.3,17:57:34,2.750e-06
19249.5,17:57:35,2.750e-06
19250.7,17:57:36,2.750e-06
19251.9,17:57:37,2.750e-06
19253.0,17:57:38,2.750e-06
19254.2,17:57:40,2.750e-06
19255.4,17:57:41,2.750e-06
19256.6,17:57:42,2.750e-06
19257.7,17:57:43,2.750e-06
19258.9,17:57:44,2.750e-06
19260.1,17:57:46,2.750e-06
19261.3,17:57:47,2.750e-06
19262.4,17:57:48,2.750e-06
19263.6,17:57:49,2.750e-06
19264.8,17:57:50,2.750e-06
19266.0,17:57:51,2.740e-06
19267.2,17:57:53,2.730e-06
19268.3,17:57:54,2.730e-06
19269.5,17:57:55,2.730e-06
19270.7,17:57:56,2.730e-06
19271.9,17:57:57,2.730e-06
19273.1,17:57:58,2.730e-06
19274.2,17:58:00,2.730e-06
19275.4,17:58:01,2.730e-06
19276.6,17:58:02,2.730e-06
19277.8,17:58:03,2.730e-06
19278.9,17:58:04,2.730e-06
19280.1,17:58:06,2.730e-06
19281.3,17:58:07,2.730e-06
19282.5,17:58:08,2.730e-06
19283.6,17:58:09,2.730e-06
19284.8,17:58:10,2.730e-06
19286.0,17:58:11,2.730e-06
19287.2,17:58:13,2.730e-06
19288.3,17:58:14,2.730e-06
19289.5,17:58:15,2.730e-06
19290.7,17:58:16,2.730e-06
19291.9,17:58:17,2.740e-06
19293.1,17:58:18,2.740e-06
19294.2,17:58:20,2.740e-06
19295.4,17:58:21,2.740e-06
19296.6,17:58:22,2.740e-06
19297.8,17:58:23,2.740e-06
19298.9,17:58:24,2.740e-06
19300.1,17:58:26,2.740e-06
19301.3,17:58:27,2.740e-06
19302.5,17:58:28,2.740e-06
19303.7,17:58:29,2.740e-06
19304.8,17:58:30,2.740e-06
19306.0,17:58:31,2.740e-06
19307.2,17:58:33,2.740e-06
19308.4,17:58:34,2.740e-06
19309.6,17:58:35,2.740e-06
19310.7,17:58:36,2.740e-06
19311.9,17:58:37,2.740e-06
19313.1,17:58:39,2.740e-06
19314.3,17:58:40,2.740e-06
19315.4,17:58:41,2.740e-06
19316.6,17:58:42,2.740e-06
19317.8,17:58:43,2.740e-06
19319.0,17:58:44,2.740e-06
19320.1,17:58:46,2.740e-06
19321.4,17:58:47,2.740e-06
19322.5,17:58:48,2.740e-06
19323.7,17:58:49,2.740e-06
19324.9,17:58:50,2.740e-06
19326.1,17:58:52,2.740e-06
19327.3,17:58:53,2.740e-06
19328.5,17:58:54,2.740e-06
19329.6,17:58:55,2.740e-06
19330.8,17:58:56,2.740e-06
19332.0,17:58:57,2.740e-06
19333.2,17:58:59,2.740e-06
19334.3,17:59:00,2.740e-06
19335.5,17:59:01,2.740e-06
19336.7,17:59:02,2.750e-06
19337.9,17:59:03,2.750e-06
19339.1,17:59:05,2.750e-06
19340.2,17:59:06,2.750e-06
19341.4,17:59:07,2.750e-06
19342.6,17:59:08,2.750e-06
19343.8,17:59:09,2.750e-06
19345.0,17:59:10,2.750e-06
19346.1,17:59:12,2.750e-06
19347.3,17:59:13,2.750e-06
19348.5,17:59:14,2.750e-06
19349.7,17:59:15,2.750e-06
19350.8,17:59:16,2.750e-06
19352.0,17:59:17,2.750e-06
19353.2,17:59:19,2.750e-06
19354.4,17:59:20,2.750e-06
19355.6,17:59:21,2.750e-06
19356.7,17:59:22,2.750e-06
19357.9,17:59:23,2.750e-06
19359.1,17:59:25,2.750e-06
19360.3,17:59:26,2.750e-06
19361.4,17:59:27,2.750e-06
19362.6,17:59:28,2.750e-06
19363.8,17:59:29,2.750e-06
19365.0,17:59:30,2.750e-06
19366.1,17:59:32,2.750e-06
19367.3,17:59:33,2.750e-06
19368.5,17:59:34,2.750e-06
19369.7,17:59:35,2.750e-06
19370.9,17:59:36,2.750e-06
19372.0,17:59:37,2.750e-06
19373.2,17:59:39,2.750e-06
19374.4,17:59:40,2.750e-06
19375.6,17:59:41,2.760e-06
19376.8,17:59:42,2.760e-06
19378.0,17:59:43,2.760e-06
19379.1,17:59:45,2.760e-06
19380.3,17:59:46,2.760e-06
19381.5,17:59:47,2.760e-06
19382.7,17:59:48,2.760e-06
19383.8,17:59:49,2.760e-06
19385.0,17:59:50,2.760e-06
19386.2,17:59:52,2.760e-06
19387.4,17:59:53,2.760e-06
19388.5,17:59:54,2.760e-06
19389.7,17:59:55,2.760e-06
19390.9,17:59:56,2.760e-06
19392.1,17:59:57,2.760e-06
19393.2,17:59:59,2.760e-06
19394.4,18:00:00,2.760e-06
19395.6,18:00:01,2.760e-06
19396.8,18:00:02,2.740e-06
19397.9,18:00:03,2.740e-06
19399.1,18:00:05,2.740e-06
19400.3,18:00:06,2.740e-06
19401.5,18:00:07,2.740e-06
19402.7,18:00:08,2.740e-06
19403.8,18:00:09,2.740e-06
19405.0,18:00:10,2.740e-06
19406.2,18:00:12,2.740e-06
19407.4,18:00:13,2.740e-06
19408.6,18:00:14,2.740e-06
19409.8,18:00:15,2.740e-06
19410.9,18:00:16,2.740e-06
19412.1,18:00:18,2.740e-06
19413.3,18:00:19,2.740e-06
19414.5,18:00:20,2.740e-06
19415.7,18:00:21,2.740e-06
19416.9,18:00:22,2.740e-06
19418.0,18:00:23,2.740e-06
19419.2,18:00:25,2.740e-06
19420.4,18:00:26,2.740e-06
19421.6,18:00:27,2.740e-06
19422.7,18:00:28,2.740e-06
19423.9,18:00:29,2.740e-06
19425.1,18:00:31,2.740e-06
19426.3,18:00:32,2.740e-06
19427.5,18:00:33,2.740e-06
19428.6,18:00:34,2.740e-06
19429.8,18:00:35,2.740e-06
19431.0,18:00:36,2.740e-06
19432.2,18:00:38,2.740e-06
19433.3,18:00:39,2.740e-06
19434.5,18:00:40,2.740e-06
19435.7,18:00:41,2.740e-06
19436.9,18:00:42,2.740e-06
19438.1,18:00:44,2.740e-06
19439.3,18:00:45,2.750e-06
19440.4,18:00:46,2.750e-06
19441.6,18:00:47,2.750e-06
19442.8,18:00:48,2.750e-06
19444.0,18:00:49,2.750e-06
19445.2,18:00:51,2.750e-06
19446.3,18:00:52,2.750e-06
19447.5,18:00:53,2.750e-06
19448.7,18:00:54,2.750e-06
19449.9,18:00:55,2.750e-06
19451.1,18:00:57,2.750e-06
19452.2,18:00:58,2.750e-06
19453.4,18:00:59,2.750e-06
19454.6,18:01:00,2.750e-06
19455.8,18:01:01,2.750e-06
19457.0,18:01:02,2.750e-06
19458.2,18:01:04,2.750e-06
19459.3,18:01:05,2.750e-06
19460.5,18:01:06,2.750e-06
19461.7,18:01:07,2.750e-06
19462.9,18:01:08,2.750e-06
19464.0,18:01:09,2.750e-06
19465.2,18:01:11,2.750e-06
19466.4,18:01:12,2.750e-06
19467.6,18:01:13,2.750e-06
19468.7,18:01:14,2.750e-06
19469.9,18:01:15,2.750e-06
19471.1,18:01:17,2.750e-06
19472.3,18:01:18,2.750e-06
19473.5,18:01:19,2.750e-06
19474.6,18:01:20,2.750e-06
19475.8,18:01:21,2.750e-06
19477.0,18:01:22,2.750e-06
19478.2,18:01:24,2.750e-06
19479.4,18:01:25,2.760e-06
19480.5,18:01:26,2.760e-06
19481.7,18:01:27,2.760e-06
19482.9,18:01:28,2.760e-06
19484.1,18:01:30,2.760e-06
19485.3,18:01:31,2.760e-06
19486.5,18:01:32,2.760e-06
19487.6,18:01:33,2.760e-06
19488.8,18:01:34,2.760e-06
19490.0,18:01:35,2.760e-06
19491.2,18:01:37,2.760e-06
19492.3,18:01:38,2.760e-06
19493.5,18:01:39,2.760e-06
19494.7,18:01:40,2.760e-06
19495.9,18:01:41,2.760e-06
19497.0,18:01:42,2.760e-06
19498.2,18:01:44,2.760e-06
19499.4,18:01:45,2.760e-06
19500.6,18:01:46,2.760e-06
19501.8,18:01:47,2.760e-06
19502.9,18:01:48,2.760e-06
19504.1,18:01:50,2.760e-06
19505.3,18:01:51,2.760e-06
19506.4,18:01:52,2.760e-06
19507.6,18:01:53,2.760e-06
19508.8,18:01:54,2.760e-06
19510.0,18:01:55,2.760e-06
19511.2,18:01:57,2.770e-06
19512.4,18:01:58,2.770e-06
19513.5,18:01:59,2.770e-06
19514.7,18:02:00,2.770e-06
19515.9,18:02:01,2.770e-06
19517.1,18:02:03,2.770e-06
19518.3,18:02:04,2.770e-06
19519.4,18:02:05,2.770e-06
19520.6,18:02:06,2.770e-06
19521.8,18:02:07,2.770e-06
19523.0,18:02:08,2.770e-06
19524.1,18:02:10,2.770e-06
19525.3,18:02:11,2.760e-06
19526.5,18:02:12,2.750e-06
19527.7,18:02:13,2.740e-06
19528.9,18:02:14,2.740e-06
19530.0,18:02:15,2.740e-06
19531.2,18:02:17,2.740e-06
19532.4,18:02:18,2.740e-06
19533.6,18:02:19,2.750e-06
19534.7,18:02:20,2.750e-06
19535.9,18:02:21,2.750e-06
19537.1,18:02:23,2.750e-06
19538.3,18:02:24,2.750e-06
19539.5,18:02:25,2.750e-06
19540.6,18:02:26,2.750e-06
19541.8,18:02:27,2.750e-06
19543.0,18:02:28,2.750e-06
19544.2,18:02:30,2.750e-06
19545.3,18:02:31,2.750e-06
19546.5,18:02:32,2.750e-06
19547.7,18:02:33,2.750e-06
19548.9,18:02:34,2.750e-06
19550.0,18:02:35,2.750e-06
19551.2,18:02:37,2.750e-06
19552.4,18:02:38,2.750e-06
19553.6,18:02:39,2.750e-06
19554.8,18:02:40,2.750e-06
19555.9,18:02:41,2.750e-06
19557.1,18:02:43,2.750e-06
19558.3,18:02:44,2.750e-06
19559.5,18:02:45,2.750e-06
19560.6,18:02:46,2.750e-06
19561.8,18:02:47,2.750e-06
19563.0,18:02:48,2.750e-06
19564.2,18:02:50,2.760e-06
19565.4,18:02:51,2.760e-06
19566.5,18:02:52,2.760e-06
19567.7,18:02:53,2.760e-06
19568.9,18:02:54,2.760e-06
19570.1,18:02:56,2.760e-06
19571.3,18:02:57,2.760e-06
19572.4,18:02:58,2.760e-06
19573.6,18:02:59,2.760e-06
19574.8,18:03:00,2.760e-06
19576.0,18:03:01,2.760e-06
19577.2,18:03:03,2.760e-06
19578.3,18:03:04,2.760e-06
19579.5,18:03:05,2.760e-06
19580.7,18:03:06,2.760e-06
19581.9,18:03:07,2.760e-06
19583.1,18:03:09,2.760e-06
19584.2,18:03:10,2.760e-06
19585.4,18:03:11,2.760e-06
19586.6,18:03:12,2.760e-06
19587.8,18:03:13,2.760e-06
19589.0,18:03:14,2.760e-06
19590.1,18:03:16,2.760e-06
19591.3,18:03:17,2.760e-06
19592.5,18:03:18,2.760e-06
19593.7,18:03:19,2.760e-06
19594.8,18:03:20,2.760e-06
19596.0,18:03:21,2.760e-06
19597.2,18:03:23,2.760e-06
19598.4,18:03:24,2.760e-06
19599.6,18:03:25,2.760e-06
19600.7,18:03:26,2.760e-06
19601.9,18:03:27,2.760e-06
19603.1,18:03:29,2.770e-06
19604.3,18:03:30,2.770e-06
19605.5,18:03:31,2.770e-06
19606.6,18:03:32,2.770e-06
19607.8,18:03:33,2.770e-06
19609.0,18:03:34,2.770e-06
19610.2,18:03:36,2.770e-06
19611.4,18:03:37,2.770e-06
19612.5,18:03:38,2.770e-06
19613.7,18:03:39,2.770e-06
19614.9,18:03:40,2.770e-06
19616.1,18:03:42,2.770e-06
19617.3,18:03:43,2.770e-06
19618.5,18:03:44,2.770e-06
19619.7,18:03:45,2.770e-06
19620.9,18:03:46,2.770e-06
19622.0,18:03:47,2.770e-06
19623.2,18:03:49,2.770e-06
19624.4,18:03:50,2.770e-06
19625.6,18:03:51,2.770e-06
19626.7,18:03:52,2.770e-06
19627.9,18:03:53,2.770e-06
19629.1,18:03:55,2.770e-06
19630.3,18:03:56,2.770e-06
19631.5,18:03:57,2.770e-06
19632.7,18:03:58,2.770e-06
19633.8,18:03:59,2.770e-06
19635.0,18:04:00,2.770e-06
19636.2,18:04:02,2.770e-06
19637.4,18:04:03,2.770e-06
19638.5,18:04:04,2.770e-06
19639.7,18:04:05,2.770e-06
19640.9,18:04:06,2.770e-06
19642.1,18:04:08,2.770e-06
19643.2,18:04:09,2.770e-06
19644.4,18:04:10,2.770e-06
19645.6,18:04:11,2.770e-06
19646.8,18:04:12,2.780e-06
19648.0,18:04:13,2.780e-06
19649.2,18:04:15,2.780e-06
19650.3,18:04:16,2.780e-06
19651.5,18:04:17,2.760e-06
19652.7,18:04:18,2.750e-06
19653.9,18:04:19,2.750e-06
19655.0,18:04:20,2.750e-06
19656.2,18:04:22,2.750e-06
19657.4,18:04:23,2.750e-06
19658.6,18:04:24,2.750e-06
19659.7,18:04:25,2.750e-06
19660.9,18:04:26,2.750e-06
19662.1,18:04:28,2.750e-06
19663.3,18:04:29,2.750e-06
19664.4,18:04:30,2.750e-06
19665.6,18:04:31,2.750e-06
19666.8,18:04:32,2.750e-06
19668.0,18:04:33,2.750e-06
19669.1,18:04:35,2.750e-06
19670.3,18:04:36,2.750e-06
19671.5,18:04:37,2.750e-06
19672.7,18:04:38,2.750e-06
19673.9,18:04:39,2.750e-06
19675.1,18:04:41,2.750e-06
19676.3,18:04:42,2.750e-06
19677.4,18:04:43,2.750e-06
19678.6,18:04:44,2.750e-06
19679.8,18:04:45,2.750e-06
19681.0,18:04:46,2.750e-06
19682.1,18:04:48,2.750e-06
19683.3,18:04:49,2.760e-06
19684.5,18:04:50,2.760e-06
19685.7,18:04:51,2.760e-06
19686.8,18:04:52,2.760e-06
19688.0,18:04:53,2.760e-06
19689.2,18:04:55,2.760e-06
19690.4,18:04:56,2.760e-06
19691.6,18:04:57,2.760e-06
19692.7,18:04:58,2.760e-06
19693.9,18:04:59,2.760e-06
19695.1,18:05:01,2.760e-06
19696.3,18:05:02,2.760e-06
19697.4,18:05:03,2.760e-06
19698.6,18:05:04,2.760e-06
19699.8,18:05:05,2.760e-06
19701.0,18:05:06,2.760e-06
19702.2,18:05:08,2.760e-06
19703.4,18:05:09,2.760e-06
19704.5,18:05:10,2.760e-06
19705.7,18:05:11,2.760e-06
19706.9,18:05:12,2.760e-06
19708.1,18:05:14,2.760e-06
19709.3,18:05:15,2.760e-06
19710.4,18:05:16,2.760e-06
19711.6,18:05:17,2.760e-06
19712.8,18:05:18,2.760e-06
19714.0,18:05:19,2.760e-06
19715.2,18:05:21,2.760e-06
19716.4,18:05:22,2.760e-06
19717.5,18:05:23,2.760e-06
19718.7,18:05:24,2.760e-06
19719.9,18:05:25,2.760e-06
19721.1,18:05:26,2.760e-06
19722.2,18:05:28,2.760e-06
19723.4,18:05:29,2.760e-06
19724.6,18:05:30,2.760e-06
19725.8,18:05:31,2.760e-06
19727.0,18:05:32,2.760e-06
19728.1,18:05:34,2.760e-06
19729.3,18:05:35,2.760e-06
19730.5,18:05:36,2.760e-06
19731.7,18:05:37,2.760e-06
19732.9,18:05:38,2.760e-06
19734.0,18:05:39,2.760e-06
19735.2,18:05:41,2.760e-06
19736.4,18:05:42,2.760e-06
19737.6,18:05:43,2.760e-06
19738.8,18:05:44,2.760e-06
19740.0,18:05:45,2.760e-06
19741.1,18:05:47,2.760e-06
19742.3,18:05:48,2.760e-06
19743.5,18:05:49,2.760e-06
19744.7,18:05:50,2.760e-06
19745.9,18:05:51,2.760e-06
19747.0,18:05:52,2.760e-06
19748.2,18:05:54,2.760e-06
19749.4,18:05:55,2.760e-06
19750.6,18:05:56,2.760e-06
19751.7,18:05:57,2.760e-06
19752.9,18:05:58,2.760e-06
19754.1,18:06:00,2.760e-06
19755.3,18:06:01,2.760e-06
19756.5,18:06:02,2.760e-06
19757.7,18:06:03,2.760e-06
19758.8,18:06:04,2.760e-06
19760.0,18:06:05,2.760e-06
19761.2,18:06:07,2.760e-06
19762.4,18:06:08,2.760e-06
19763.6,18:06:09,2.760e-06
19764.7,18:06:10,2.760e-06
19765.9,18:06:11,2.760e-06
19767.1,18:06:13,2.770e-06
19768.3,18:06:14,2.770e-06
19769.5,18:06:15,2.770e-06
19770.6,18:06:16,2.770e-06
19771.8,18:06:17,2.770e-06
19773.0,18:06:18,2.770e-06
19774.2,18:06:20,2.770e-06
19775.3,18:06:21,2.770e-06
19776.5,18:06:22,2.770e-06
19777.7,18:06:23,2.770e-06
19778.9,18:06:24,2.770e-06
19780.1,18:06:25,2.770e-06
19781.2,18:06:27,2.770e-06
19782.4,18:06:28,2.770e-06
19783.6,18:06:29,2.760e-06
19784.8,18:06:30,2.740e-06
19786.0,18:06:31,2.740e-06
19787.1,18:06:33,2.740e-06
19788.3,18:06:34,2.740e-06
19789.5,18:06:35,2.740e-06
19790.7,18:06:36,2.740e-06
19791.9,18:06:37,2.740e-06
19793.0,18:06:38,2.740e-06
19794.2,18:06:40,2.740e-06
19795.4,18:06:41,2.740e-06
19796.6,18:06:42,2.740e-06
19797.7,18:06:43,2.740e-06
19798.9,18:06:44,2.740e-06
19800.1,18:06:46,2.740e-06
19801.3,18:06:47,2.740e-06
19802.5,18:06:48,2.740e-06
19803.6,18:06:49,2.740e-06
19804.8,18:06:50,2.740e-06
19806.0,18:06:51,2.740e-06
19807.2,18:06:53,2.740e-06
19808.3,18:06:54,2.740e-06
19809.5,18:06:55,2.740e-06
19810.7,18:06:56,2.740e-06
19811.9,18:06:57,2.740e-06
19813.1,18:06:59,2.740e-06
19814.3,18:07:00,2.740e-06
19815.4,18:07:01,2.740e-06
19816.6,18:07:02,2.740e-06
19817.8,18:07:03,2.750e-06
19819.0,18:07:04,2.750e-06
19820.2,18:07:06,2.740e-06
19821.3,18:07:07,2.740e-06
19822.5,18:07:08,2.740e-06
19823.7,18:07:09,2.740e-06
19824.9,18:07:10,2.740e-06
19826.1,18:07:11,2.740e-06
19827.2,18:07:13,2.740e-06
19828.4,18:07:14,2.740e-06
19829.6,18:07:15,2.740e-06
19830.8,18:07:16,2.740e-06
19831.9,18:07:17,2.740e-06
19833.1,18:07:19,2.740e-06
19834.3,18:07:20,2.740e-06
19835.5,18:07:21,2.740e-06
19836.6,18:07:22,2.740e-06
19837.8,18:07:23,2.740e-06
19839.0,18:07:24,2.740e-06
19840.2,18:07:26,2.740e-06
19841.3,18:07:27,2.740e-06
19842.5,18:07:28,2.740e-06
19843.7,18:07:29,2.740e-06
19844.9,18:07:30,2.740e-06
19846.0,18:07:31,2.740e-06
19847.2,18:07:33,2.740e-06
19848.4,18:07:34,2.740e-06
19849.6,18:07:35,2.740e-06
19850.7,18:07:36,2.740e-06
19851.9,18:07:37,2.740e-06
19853.1,18:07:39,2.740e-06
19854.3,18:07:40,2.740e-06
19855.5,18:07:41,2.740e-06
19856.6,18:07:42,2.750e-06
19857.8,18:07:43,2.750e-06
19859.0,18:07:44,2.750e-06
19860.2,18:07:46,2.750e-06
19861.3,18:07:47,2.750e-06
19862.5,18:07:48,2.750e-06
19863.7,18:07:49,2.750e-06
19864.9,18:07:50,2.750e-06
19866.1,18:07:51,2.750e-06
19867.2,18:07:53,2.750e-06
19868.4,18:07:54,2.750e-06
19869.6,18:07:55,2.750e-06
19870.8,18:07:56,2.750e-06
19871.9,18:07:57,2.750e-06
19873.1,18:07:59,2.750e-06
19874.3,18:08:00,2.750e-06
19875.5,18:08:01,2.740e-06
19876.6,18:08:02,2.750e-06
19877.8,18:08:03,2.750e-06
19879.0,18:08:04,2.750e-06
19880.2,18:08:06,2.750e-06
19881.4,18:08:07,2.750e-06
19882.6,18:08:08,2.750e-06
19883.7,18:08:09,2.750e-06
19884.9,18:08:10,2.750e-06
19886.1,18:08:12,2.750e-06
19887.3,18:08:13,2.750e-06
19888.5,18:08:14,2.750e-06
19889.6,18:08:15,2.750e-06
19890.8,18:08:16,2.750e-06
19892.0,18:08:17,2.750e-06
19893.2,18:08:19,2.750e-06
19894.4,18:08:20,2.750e-06
19895.5,18:08:21,2.750e-06
19896.7,18:08:22,2.750e-06
19897.9,18:08:23,2.750e-06
19899.1,18:08:25,2.750e-06
19900.3,18:08:26,2.750e-06
19901.5,18:08:27,2.750e-06
19902.6,18:08:28,2.750e-06
19903.8,18:08:29,2.750e-06
19905.0,18:08:30,2.750e-06
19906.2,18:08:32,2.750e-06
19907.3,18:08:33,2.750e-06
19908.5,18:08:34,2.750e-06
19909.7,18:08:35,2.750e-06
19910.9,18:08:36,2.750e-06
19912.1,18:08:38,2.750e-06
19913.3,18:08:39,2.750e-06
19914.4,18:08:40,2.750e-06
19915.6,18:08:41,2.750e-06
19916.8,18:08:42,2.750e-06
19918.0,18:08:43,2.750e-06
19919.2,18:08:45,2.730e-06
19920.4,18:08:46,2.730e-06
19921.5,18:08:47,2.730e-06
19922.7,18:08:48,2.730e-06
19923.9,18:08:49,2.730e-06
19925.1,18:08:51,2.730e-06
19926.2,18:08:52,2.730e-06
19927.4,18:08:53,2.730e-06
19928.6,18:08:54,2.730e-06
19929.8,18:08:55,2.730e-06
19931.0,18:08:56,2.730e-06
19932.1,18:08:58,2.730e-06
19933.3,18:08:59,2.730e-06
19934.5,18:09:00,2.730e-06
19935.7,18:09:01,2.730e-06
19936.9,18:09:02,2.730e-06
19938.1,18:09:03,2.730e-06
19939.2,18:09:05,2.730e-06
19940.4,18:09:06,2.730e-06
19941.6,18:09:07,2.730e-06
19942.8,18:09:08,2.730e-06
19944.0,18:09:09,2.730e-06
19945.1,18:09:11,2.730e-06
19946.3,18:09:12,2.730e-06
19947.5,18:09:13,2.730e-06
19948.7,18:09:14,2.730e-06
19949.9,18:09:15,2.730e-06
19951.1,18:09:16,2.730e-06
19952.2,18:09:18,2.730e-06
19953.4,18:09:19,2.730e-06
19954.6,18:09:20,2.730e-06
19955.8,18:09:21,2.730e-06
19956.9,18:09:22,2.730e-06
19958.1,18:09:24,2.730e-06
19959.3,18:09:25,2.730e-06
19960.5,18:09:26,2.730e-06
19961.7,18:09:27,2.730e-06
19962.8,18:09:28,2.730e-06
19964.0,18:09:29,2.730e-06
19965.2,18:09:31,2.730e-06
19966.4,18:09:32,2.730e-06
19967.6,18:09:33,2.730e-06
19968.8,18:09:34,2.730e-06
19969.9,18:09:35,2.730e-06
19971.1,18:09:37,2.730e-06
19972.3,18:09:38,2.730e-06
19973.5,18:09:39,2.730e-06
19974.7,18:09:40,2.730e-06
19975.9,18:09:41,2.730e-06
19977.0,18:09:42,2.730e-06
19978.2,18:09:44,2.730e-06
19979.4,18:09:45,2.730e-06
19980.6,18:09:46,2.730e-06
19981.7,18:09:47,2.730e-06
19982.9,18:09:48,2.730e-06
19984.1,18:09:50,2.730e-06
19985.3,18:09:51,2.730e-06
19986.4,18:09:52,2.730e-06
19987.6,18:09:53,2.730e-06
19988.8,18:09:54,2.730e-06
19990.0,18:09:55,2.730e-06
19991.2,18:09:57,2.730e-06
19992.3,18:09:58,2.730e-06
19993.5,18:09:59,2.730e-06
19994.7,18:10:00,2.730e-06
19995.9,18:10:01,2.730e-06
19997.0,18:10:02,2.740e-06
19998.2,18:10:04,2.740e-06
19999.4,18:10:05,2.740e-06
20000.6,18:10:06,2.740e-06
20001.7,18:10:07,2.740e-06
20002.9,18:10:08,2.740e-06
20004.1,18:10:10,2.740e-06
20005.3,18:10:11,2.740e-06
20006.5,18:10:12,2.740e-06
20007.6,18:10:13,2.740e-06
20008.8,18:10:14,2.740e-06
20010.0,18:10:15,2.740e-06
20011.2,18:10:17,2.740e-06
20012.4,18:10:18,2.740e-06
20013.5,18:10:19,2.740e-06
20014.7,18:10:20,2.740e-06
20015.9,18:10:21,2.740e-06
20017.1,18:10:22,2.740e-06
20018.2,18:10:24,2.740e-06
20019.4,18:10:25,2.740e-06
20020.6,18:10:26,2.740e-06
20021.8,18:10:27,2.740e-06
20023.0,18:10:28,2.740e-06
20024.2,18:10:30,2.740e-06
20025.4,18:10:31,2.740e-06
20026.6,18:10:32,2.740e-06
20027.7,18:10:33,2.740e-06
20028.9,18:10:34,2.740e-06
20030.1,18:10:36,2.740e-06
20031.3,18:10:37,2.740e-06
20032.4,18:10:38,2.740e-06
20033.6,18:10:39,2.740e-06
20034.8,18:10:40,2.740e-06
20036.0,18:10:41,2.740e-06
20037.1,18:10:43,2.740e-06
20038.3,18:10:44,2.740e-06
20039.5,18:10:45,2.740e-06
20040.7,18:10:46,2.740e-06
20041.9,18:10:47,2.740e-06
20043.1,18:10:48,2.740e-06
20044.2,18:10:50,2.740e-06
20045.4,18:10:51,2.740e-06
20046.6,18:10:52,2.750e-06
20047.8,18:10:53,2.750e-06
20049.0,18:10:54,2.750e-06
20050.1,18:10:56,2.750e-06
20051.3,18:10:57,2.750e-06
20052.5,18:10:58,2.750e-06
20053.7,18:10:59,2.750e-06
20054.8,18:11:00,2.750e-06
20056.0,18:11:01,2.730e-06
20057.2,18:11:03,2.720e-06
20058.4,18:11:04,2.720e-06
20059.6,18:11:05,2.720e-06
20060.7,18:11:06,2.720e-06
20061.9,18:11:07,2.720e-06
20063.1,18:11:09,2.720e-06
20064.3,18:11:10,2.720e-06
20065.4,18:11:11,2.720e-06
20066.6,18:11:12,2.720e-06
20067.8,18:11:13,2.720e-06
20069.0,18:11:14,2.720e-06
20070.1,18:11:16,2.720e-06
20071.3,18:11:17,2.720e-06
20072.5,18:11:18,2.720e-06
20073.7,18:11:19,2.720e-06
20074.8,18:11:20,2.720e-06
20076.0,18:11:21,2.720e-06
20077.2,18:11:23,2.720e-06
20078.4,18:11:24,2.730e-06
20079.6,18:11:25,2.730e-06
20080.8,18:11:26,2.730e-06
20081.9,18:11:27,2.730e-06
20083.1,18:11:29,2.730e-06
20084.3,18:11:30,2.730e-06
20085.5,18:11:31,2.730e-06
20086.7,18:11:32,2.730e-06
20087.8,18:11:33,2.730e-06
20089.0,18:11:34,2.730e-06
20090.2,18:11:36,2.730e-06
20091.4,18:11:37,2.730e-06
20092.5,18:11:38,2.730e-06
20093.7,18:11:39,2.730e-06
20094.9,18:11:40,2.730e-06
20096.1,18:11:42,2.730e-06
20097.3,18:11:43,2.730e-06
20098.5,18:11:44,2.730e-06
20099.6,18:11:45,2.730e-06
20100.8,18:11:46,2.730e-06
20102.0,18:11:47,2.730e-06
20103.2,18:11:49,2.730e-06
20104.3,18:11:50,2.730e-06
20105.5,18:11:51,2.730e-06
20106.7,18:11:52,2.730e-06
20107.9,18:11:53,2.730e-06
20109.0,18:11:54,2.730e-06
20110.2,18:11:56,2.730e-06
20111.4,18:11:57,2.730e-06
20112.6,18:11:58,2.730e-06
20113.8,18:11:59,2.730e-06
20114.9,18:12:00,2.730e-06
20116.1,18:12:02,2.730e-06
20117.3,18:12:03,2.730e-06
20118.5,18:12:04,2.730e-06
20119.6,18:12:05,2.730e-06
20120.8,18:12:06,2.730e-06
20122.0,18:12:07,2.730e-06
20123.2,18:12:09,2.740e-06
20124.4,18:12:10,2.740e-06
20125.5,18:12:11,2.740e-06
20126.7,18:12:12,2.740e-06
20127.9,18:12:13,2.740e-06
20129.1,18:12:15,2.740e-06
20130.3,18:12:16,2.740e-06
20131.5,18:12:17,2.740e-06
20132.7,18:12:18,2.740e-06
20133.8,18:12:19,2.740e-06
20135.0,18:12:20,2.740e-06
20136.2,18:12:22,2.740e-06
20137.4,18:12:23,2.740e-06
20138.6,18:12:24,2.740e-06
20139.7,18:12:25,2.740e-06
20140.9,18:12:26,2.740e-06
20142.1,18:12:28,2.740e-06
20143.3,18:12:29,2.740e-06
20144.4,18:12:30,2.740e-06
20145.6,18:12:31,2.740e-06
20146.8,18:12:32,2.740e-06
20148.0,18:12:33,2.740e-06
20149.1,18:12:35,2.740e-06
20150.3,18:12:36,2.740e-06
20151.5,18:12:37,2.740e-06
20152.7,18:12:38,2.740e-06
20153.8,18:12:39,2.740e-06
20155.0,18:12:40,2.740e-06
20156.2,18:12:42,2.740e-06
20157.4,18:12:43,2.740e-06
20158.6,18:12:44,2.740e-06
20159.7,18:12:45,2.740e-06
20160.9,18:12:46,2.740e-06
20162.1,18:12:48,2.740e-06
20163.3,18:12:49,2.740e-06
20164.4,18:12:50,2.740e-06
20165.6,18:12:51,2.740e-06
20166.8,18:12:52,2.740e-06
20168.0,18:12:53,2.740e-06
20169.2,18:12:55,2.750e-06
20170.3,18:12:56,2.750e-06
20171.5,18:12:57,2.750e-06
20172.7,18:12:58,2.750e-06
20173.9,18:12:59,2.750e-06
20175.1,18:13:00,2.750e-06
20176.2,18:13:02,2.750e-06
20177.4,18:13:03,2.750e-06
20178.6,18:13:04,2.750e-06
20179.8,18:13:05,2.750e-06
20180.9,18:13:06,2.750e-06
20182.1,18:13:08,2.750e-06
20183.3,18:13:09,2.750e-06
20184.5,18:13:10,2.750e-06
20185.7,18:13:11,2.750e-06
20186.8,18:13:12,2.750e-06
20188.0,18:13:13,2.730e-06
20189.3,18:13:15,2.730e-06
20190.4,18:13:16,2.720e-06
20191.6,18:13:17,2.720e-06
20192.8,18:13:18,2.720e-06
20194.0,18:13:19,2.730e-06
20195.2,18:13:21,2.730e-06
20196.3,18:13:22,2.730e-06
20197.5,18:13:23,2.730e-06
20198.7,18:13:24,2.730e-06
20199.9,18:13:25,2.730e-06
20201.1,18:13:26,2.730e-06
20202.3,18:13:28,2.730e-06
20203.4,18:13:29,2.730e-06
20204.6,18:13:30,2.730e-06
20205.8,18:13:31,2.730e-06
20207.0,18:13:32,2.730e-06
20208.1,18:13:34,2.730e-06
20209.3,18:13:35,2.730e-06
20210.5,18:13:36,2.730e-06
20211.7,18:13:37,2.730e-06
20212.9,18:13:38,2.730e-06
20214.0,18:13:39,2.730e-06
20215.2,18:13:41,2.730e-06
20216.4,18:13:42,2.730e-06
20217.6,18:13:43,2.730e-06
20218.7,18:13:44,2.730e-06
20219.9,18:13:45,2.730e-06
20221.1,18:13:47,2.730e-06
20222.3,18:13:48,2.730e-06
20223.5,18:13:49,2.730e-06
20224.6,18:13:50,2.730e-06
20225.8,18:13:51,2.730e-06
20227.0,18:13:52,2.730e-06
20228.2,18:13:54,2.730e-06
20229.3,18:13:55,2.730e-06
20230.5,18:13:56,2.730e-06
20231.7,18:13:57,2.730e-06
20232.9,18:13:58,2.730e-06
20234.1,18:14:00,2.730e-06
20235.3,18:14:01,2.730e-06
20236.5,18:14:02,2.730e-06
20237.6,18:14:03,2.730e-06
20238.8,18:14:04,2.730e-06
20240.0,18:14:05,2.730e-06
20241.2,18:14:07,2.730e-06
20242.3,18:14:08,2.740e-06
20243.5,18:14:09,2.740e-06
20244.7,18:14:10,2.740e-06
20245.9,18:14:11,2.740e-06
20247.1,18:14:13,2.740e-06
20248.2,18:14:14,2.740e-06
20249.4,18:14:15,2.740e-06
20250.6,18:14:16,2.740e-06
20251.8,18:14:17,2.740e-06
20252.9,18:14:18,2.740e-06
20254.1,18:14:20,2.740e-06
20255.3,18:14:21,2.740e-06
20256.5,18:14:22,2.740e-06
20257.7,18:14:23,2.740e-06
20258.8,18:14:24,2.740e-06
20260.0,18:14:25,2.740e-06
20261.2,18:14:27,2.740e-06
20262.4,18:14:28,2.740e-06
20263.6,18:14:29,2.740e-06
20264.7,18:14:30,2.740e-06
20265.9,18:14:31,2.740e-06
20267.1,18:14:33,2.740e-06
20268.3,18:14:34,2.740e-06
20269.5,18:14:35,2.740e-06
20270.6,18:14:36,2.740e-06
20271.8,18:14:37,2.740e-06
20273.0,18:14:38,2.740e-06
20274.2,18:14:40,2.740e-06
20275.3,18:14:41,2.740e-06
20276.5,18:14:42,2.740e-06
20277.7,18:14:43,2.740e-06
20278.9,18:14:44,2.740e-06
20280.1,18:14:46,2.740e-06
20281.2,18:14:47,2.740e-06
20282.4,18:14:48,2.740e-06
20283.6,18:14:49,2.740e-06
20284.8,18:14:50,2.740e-06
20285.9,18:14:51,2.740e-06
20287.1,18:14:53,2.740e-06
20288.3,18:14:54,2.740e-06
20289.5,18:14:55,2.740e-06
20290.6,18:14:56,2.740e-06
20291.8,18:14:57,2.740e-06
20293.0,18:14:58,2.740e-06
20294.1,18:15:00,2.740e-06
20295.3,18:15:01,2.740e-06
20296.5,18:15:02,2.740e-06
20297.7,18:15:03,2.740e-06
20298.9,18:15:04,2.750e-06
20300.1,18:15:06,2.750e-06
20301.2,18:15:07,2.750e-06
20302.4,18:15:08,2.750e-06
20303.6,18:15:09,2.750e-06
20304.8,18:15:10,2.750e-06
20305.9,18:15:11,2.750e-06
20307.1,18:15:13,2.750e-06
20308.3,18:15:14,2.750e-06
20309.5,18:15:15,2.750e-06
20310.6,18:15:16,2.750e-06
20311.8,18:15:17,2.750e-06
20313.0,18:15:18,2.750e-06
20314.2,18:15:20,2.750e-06
20315.3,18:15:21,2.750e-06
20316.5,18:15:22,2.750e-06
20317.7,18:15:23,2.750e-06
20318.9,18:15:24,2.750e-06
20320.0,18:15:25,2.750e-06
20321.2,18:15:27,2.750e-06
20322.4,18:15:28,2.750e-06
20323.6,18:15:29,2.750e-06
20324.8,18:15:30,2.740e-06
20326.0,18:15:31,2.730e-06
20327.1,18:15:33,2.730e-06
20328.3,18:15:34,2.730e-06
20329.5,18:15:35,2.730e-06
20330.7,18:15:36,2.730e-06
20331.8,18:15:37,2.730e-06
20333.0,18:15:38,2.730e-06
20334.2,18:15:40,2.730e-06
20335.4,18:15:41,2.730e-06
20336.5,18:15:42,2.730e-06
20337.7,18:15:43,2.730e-06
20338.9,18:15:44,2.730e-06
20340.1,18:15:46,2.730e-06
20341.3,18:15:47,2.730e-06
20342.4,18:15:48,2.730e-06
20343.6,18:15:49,2.730e-06
20344.8,18:15:50,2.730e-06
20346.0,18:15:51,2.730e-06
20347.2,18:15:53,2.730e-06
20348.4,18:15:54,2.730e-06
20349.5,18:15:55,2.730e-06
20350.7,18:15:56,2.730e-06
20351.9,18:15:57,2.730e-06
20353.1,18:15:59,2.730e-06
20354.3,18:16:00,2.730e-06
20355.5,18:16:01,2.730e-06
20356.6,18:16:02,2.730e-06
20357.8,18:16:03,2.730e-06
20359.0,18:16:04,2.730e-06
20360.2,18:16:06,2.730e-06
20361.3,18:16:07,2.730e-06
20362.5,18:16:08,2.730e-06
20363.7,18:16:09,2.730e-06
20364.9,18:16:10,2.730e-06
20366.1,18:16:12,2.730e-06
20367.3,18:16:13,2.730e-06
20368.4,18:16:14,2.730e-06
20369.6,18:16:15,2.730e-06
20370.8,18:16:16,2.730e-06
20372.0,18:16:17,2.730e-06
20373.1,18:16:19,2.730e-06
20374.3,18:16:20,2.730e-06
20375.5,18:16:21,2.730e-06
20376.7,18:16:22,2.730e-06
20377.9,18:16:23,2.740e-06
20379.0,18:16:24,2.740e-06
20380.2,18:16:26,2.740e-06
20381.4,18:16:27,2.740e-06
20382.6,18:16:28,2.740e-06
20383.8,18:16:29,2.740e-06
20384.9,18:16:30,2.740e-06
20386.2,18:16:32,2.740e-06
20387.3,18:16:33,2.740e-06
20388.5,18:16:34,2.740e-06
20389.7,18:16:35,2.740e-06
20390.9,18:16:36,2.740e-06
20392.1,18:16:37,2.740e-06
20393.2,18:16:39,2.740e-06
20394.4,18:16:40,2.740e-06
20395.6,18:16:41,2.740e-06
20396.8,18:16:42,2.740e-06
20397.9,18:16:43,2.740e-06
20399.1,18:16:45,2.740e-06
20400.3,18:16:46,2.740e-06
20401.5,18:16:47,2.740e-06
20402.7,18:16:48,2.740e-06
20403.8,18:16:49,2.740e-06
20405.0,18:16:50,2.740e-06
20406.2,18:16:52,2.740e-06
20407.4,18:16:53,2.740e-06
20408.5,18:16:54,2.740e-06
20409.7,18:16:55,2.740e-06
20410.9,18:16:56,2.740e-06
20412.1,18:16:58,2.740e-06
20413.2,18:16:59,2.740e-06
20414.4,18:17:00,2.740e-06
20415.6,18:17:01,2.740e-06
20416.8,18:17:02,2.740e-06
20418.0,18:17:03,2.740e-06
20419.1,18:17:05,2.740e-06
20420.3,18:17:06,2.740e-06
20421.5,18:17:07,2.740e-06
20422.7,18:17:08,2.750e-06
20423.9,18:17:09,2.750e-06
20425.0,18:17:10,2.750e-06
20426.2,18:17:12,2.750e-06
20427.4,18:17:13,2.750e-06
20428.6,18:17:14,2.750e-06
20429.8,18:17:15,2.750e-06
20431.0,18:17:16,2.750e-06
20432.2,18:17:18,2.750e-06
20433.3,18:17:19,2.750e-06
20434.5,18:17:20,2.750e-06
20435.7,18:17:21,2.750e-06
20436.9,18:17:22,2.750e-06
20438.0,18:17:23,2.750e-06
20439.2,18:17:25,2.750e-06
20440.4,18:17:26,2.750e-06
20441.6,18:17:27,2.750e-06
20442.8,18:17:28,2.750e-06
20444.0,18:17:29,2.750e-06
20445.1,18:17:31,2.750e-06
20446.3,18:17:32,2.750e-06
20447.5,18:17:33,2.750e-06
20448.7,18:17:34,2.750e-06
20449.9,18:17:35,2.730e-06
20451.0,18:17:36,2.730e-06
20452.2,18:17:38,2.730e-06
20453.4,18:17:39,2.730e-06
20454.6,18:17:40,2.730e-06
20455.8,18:17:41,2.730e-06
20456.9,18:17:42,2.740e-06
20458.1,18:17:44,2.730e-06
20459.3,18:17:45,2.730e-06
20460.5,18:17:46,2.730e-06
20461.7,18:17:47,2.730e-06
20462.9,18:17:48,2.730e-06
20464.0,18:17:49,2.730e-06
20465.2,18:17:51,2.730e-06
20466.4,18:17:52,2.730e-06
20467.6,18:17:53,2.730e-06
20468.7,18:17:54,2.730e-06
20469.9,18:17:55,2.730e-06
20471.1,18:17:57,2.730e-06
20472.3,18:17:58,2.730e-06
20473.5,18:17:59,2.730e-06
20474.6,18:18:00,2.730e-06
20475.8,18:18:01,2.730e-06
20477.0,18:18:02,2.730e-06
20478.2,18:18:04,2.730e-06
20479.4,18:18:05,2.730e-06
20480.5,18:18:06,2.730e-06
20481.7,18:18:07,2.730e-06
20482.9,18:18:08,2.730e-06
20484.1,18:18:10,2.730e-06
20485.3,18:18:11,2.740e-06
20486.5,18:18:12,2.740e-06
20487.6,18:18:13,2.740e-06
20488.8,18:18:14,2.740e-06
20490.0,18:18:15,2.740e-06
20491.2,18:18:17,2.740e-06
20492.3,18:18:18,2.740e-06
20493.5,18:18:19,2.740e-06
20494.7,18:18:20,2.740e-06
20495.9,18:18:21,2.740e-06
20497.0,18:18:22,2.740e-06
20498.2,18:18:24,2.740e-06
20499.4,18:18:25,2.740e-06
20500.6,18:18:26,2.740e-06
20501.8,18:18:27,2.740e-06
20502.9,18:18:28,2.740e-06
20504.1,18:18:30,2.740e-06
20505.3,18:18:31,2.740e-06
20506.5,18:18:32,2.740e-06
20507.7,18:18:33,2.740e-06
20508.8,18:18:34,2.740e-06
20510.0,18:18:35,2.740e-06
20511.2,18:18:37,2.740e-06
20512.4,18:18:38,2.740e-06
20513.6,18:18:39,2.740e-06
20514.8,18:18:40,2.740e-06
20516.0,18:18:41,2.740e-06
20517.2,18:18:43,2.740e-06
20518.3,18:18:44,2.740e-06
20519.5,18:18:45,2.750e-06
20520.7,18:18:46,2.750e-06
20521.9,18:18:47,2.750e-06
20523.1,18:18:49,2.760e-06
20524.2,18:18:50,2.760e-06
20525.4,18:18:51,2.770e-06
20526.6,18:18:52,2.770e-06
20527.8,18:18:53,2.780e-06
20529.0,18:18:54,2.780e-06
20530.2,18:18:56,2.780e-06
20531.3,18:18:57,2.790e-06
20532.5,18:18:58,2.800e-06
20533.7,18:18:59,2.800e-06
20534.9,18:19:00,2.810e-06
20536.1,18:19:02,2.810e-06
20537.3,18:19:03,2.820e-06
20538.4,18:19:04,2.830e-06
20539.6,18:19:05,2.840e-06
20540.8,18:19:06,2.840e-06
20542.0,18:19:07,2.850e-06
20543.2,18:19:09,2.850e-06
20544.3,18:19:10,2.860e-06
20545.5,18:19:11,2.860e-06
20546.7,18:19:12,2.860e-06
20547.9,18:19:13,2.870e-06
20549.0,18:19:14,2.870e-06
20550.2,18:19:16,2.880e-06
20551.4,18:19:17,2.880e-06
20552.6,18:19:18,2.880e-06
20553.8,18:19:19,2.890e-06
20554.9,18:19:20,2.890e-06
20556.1,18:19:22,2.890e-06
20557.3,18:19:23,2.900e-06
20558.5,18:19:24,2.900e-06
20559.7,18:19:25,2.900e-06
20560.9,18:19:26,2.910e-06
20562.0,18:19:27,2.910e-06
20563.2,18:19:29,2.910e-06
20564.4,18:19:30,2.920e-06
20565.6,18:19:31,2.920e-06
20566.8,18:19:32,2.920e-06
20567.9,18:19:33,2.930e-06
20569.1,18:19:35,2.930e-06
20570.3,18:19:36,2.930e-06
20571.5,18:19:37,2.940e-06
20572.7,18:19:38,2.940e-06
20573.8,18:19:39,2.940e-06
20575.0,18:19:40,2.950e-06
20576.2,18:19:42,2.950e-06
20577.4,18:19:43,2.950e-06
20578.6,18:19:44,2.960e-06
20579.7,18:19:45,2.960e-06
20580.9,18:19:46,2.960e-06
20582.1,18:19:48,2.960e-06
20583.3,18:19:49,2.950e-06
20584.5,18:19:50,2.950e-06
20585.6,18:19:51,2.950e-06
20586.8,18:19:52,2.950e-06
20588.0,18:19:53,2.950e-06
20589.1,18:19:55,2.960e-06
20590.3,18:19:56,2.960e-06
20591.5,18:19:57,2.960e-06
20592.7,18:19:58,2.970e-06
20593.9,18:19:59,2.970e-06
20595.1,18:20:00,2.970e-06
20596.2,18:20:02,2.970e-06
20597.4,18:20:03,2.980e-06
20598.6,18:20:04,2.980e-06
20599.8,18:20:05,2.980e-06
20600.9,18:20:06,2.990e-06
20602.1,18:20:08,2.990e-06
20603.3,18:20:09,2.990e-06
20604.5,18:20:10,2.990e-06
20605.7,18:20:11,3.000e-06
20606.8,18:20:12,3.000e-06
20608.0,18:20:13,3.000e-06
20609.2,18:20:15,3.010e-06
20610.4,18:20:16,3.010e-06
20611.6,18:20:17,3.010e-06
20612.8,18:20:18,3.010e-06
20614.0,18:20:19,3.020e-06
20615.1,18:20:21,3.020e-06
20616.3,18:20:22,3.020e-06
20617.5,18:20:23,3.030e-06
20618.7,18:20:24,3.030e-06
20619.8,18:20:25,3.030e-06
20621.0,18:20:26,3.030e-06
20622.2,18:20:28,3.040e-06
20623.4,18:20:29,3.040e-06
20624.6,18:20:30,3.040e-06
20625.8,18:20:31,3.050e-06
20626.9,18:20:32,3.050e-06
20628.1,18:20:34,3.050e-06
20629.3,18:20:35,3.050e-06
20630.5,18:20:36,3.060e-06
20631.6,18:20:37,3.060e-06
20632.8,18:20:38,3.060e-06
20634.0,18:20:39,3.070e-06
20635.2,18:20:41,3.070e-06
20636.4,18:20:42,3.070e-06
20637.6,18:20:43,3.080e-06
20638.7,18:20:44,3.080e-06
20639.9,18:20:45,3.080e-06
20641.1,18:20:47,3.080e-06
20642.3,18:20:48,3.090e-06
20643.5,18:20:49,3.090e-06
20644.7,18:20:50,3.090e-06
20645.8,18:20:51,3.100e-06
20647.0,18:20:52,3.100e-06
20648.2,18:20:54,3.100e-06
20649.4,18:20:55,3.100e-06
20650.6,18:20:56,3.110e-06
20651.7,18:20:57,3.110e-06
20652.9,18:20:58,3.110e-06
20654.1,18:21:00,3.120e-06
20655.3,18:21:01,3.120e-06
20656.5,18:21:02,3.120e-06
20657.6,18:21:03,3.120e-06
20658.8,18:21:04,3.130e-06
20660.0,18:21:05,3.130e-06
20661.2,18:21:07,3.130e-06
20662.4,18:21:08,3.140e-06
20663.6,18:21:09,3.140e-06
20664.7,18:21:10,3.140e-06
20665.9,18:21:11,3.140e-06
20667.1,18:21:13,3.150e-06
20668.3,18:21:14,3.150e-06
20669.5,18:21:15,3.150e-06
20670.6,18:21:16,3.160e-06
20671.8,18:21:17,3.160e-06
20673.0,18:21:18,3.160e-06
20674.2,18:21:20,3.170e-06
20675.4,18:21:21,3.170e-06
20676.5,18:21:22,3.170e-06
20677.7,18:21:23,3.170e-06
20678.9,18:21:24,3.180e-06
20680.1,18:21:26,3.180e-06
20681.3,18:21:27,3.180e-06
20682.5,18:21:28,3.180e-06
20683.6,18:21:29,3.190e-06
20684.8,18:21:30,3.190e-06
20686.0,18:21:31,3.190e-06
20687.2,18:21:33,3.200e-06
20688.4,18:21:34,3.200e-06
20689.5,18:21:35,3.200e-06
20690.7,18:21:36,3.200e-06
20691.9,18:21:37,3.210e-06
20693.1,18:21:38,3.210e-06
20694.2,18:21:40,3.210e-06
20695.4,18:21:41,3.220e-06
20696.6,18:21:42,3.220e-06
20697.7,18:21:43,3.220e-06
20698.9,18:21:44,3.220e-06
20700.1,18:21:46,3.230e-06
20701.3,18:21:47,3.230e-06
20702.4,18:21:48,3.230e-06
20703.6,18:21:49,3.240e-06
20704.8,18:21:50,3.240e-06
20706.0,18:21:51,3.240e-06
20707.2,18:21:53,3.250e-06
20708.4,18:21:54,3.250e-06
20709.5,18:21:55,3.250e-06
20710.7,18:21:56,3.250e-06
20711.9,18:21:57,3.260e-06
20713.1,18:21:59,3.260e-06
20714.2,18:22:00,3.260e-06
20715.4,18:22:01,3.270e-06
20716.6,18:22:02,3.270e-06
20717.8,18:22:03,3.260e-06
20719.0,18:22:04,3.250e-06
20720.1,18:22:06,3.250e-06
20721.3,18:22:07,3.250e-06
20722.5,18:22:08,3.250e-06
20723.7,18:22:09,3.250e-06
20724.9,18:22:10,3.260e-06
20726.0,18:22:11,3.260e-06
20727.2,18:22:13,3.260e-06
20728.4,18:22:14,3.260e-06
20729.6,18:22:15,3.270e-06
20730.7,18:22:16,3.270e-06
20731.9,18:22:17,3.270e-06
20733.1,18:22:19,3.270e-06
20734.3,18:22:20,3.280e-06
20735.4,18:22:21,3.280e-06
20736.6,18:22:22,3.280e-06
20737.8,18:22:23,3.290e-06
20739.0,18:22:24,3.290e-06
20740.1,18:22:26,3.290e-06
20741.3,18:22:27,3.290e-06
20742.5,18:22:28,3.300e-06
20743.7,18:22:29,3.300e-06
20744.9,18:22:30,3.300e-06
20746.0,18:22:31,3.300e-06
20747.2,18:22:33,3.310e-06
20748.4,18:22:34,3.310e-06
20749.6,18:22:35,3.310e-06
20750.7,18:22:36,3.310e-06
20751.9,18:22:37,3.320e-06
20753.1,18:22:39,3.320e-06
20754.3,18:22:40,3.320e-06
20755.5,18:22:41,3.330e-06
20756.6,18:22:42,3.330e-06
20757.8,18:22:43,3.330e-06
20759.0,18:22:44,3.330e-06
20760.2,18:22:46,3.340e-06
20761.3,18:22:47,3.340e-06
20762.5,18:22:48,3.340e-06
20763.7,18:22:49,3.350e-06
20764.9,18:22:50,3.350e-06
20766.0,18:22:51,3.360e-06
20767.2,18:22:53,3.360e-06
20768.4,18:22:54,3.360e-06
20769.6,18:22:55,3.360e-06
20770.8,18:22:56,3.360e-06
20772.0,18:22:57,3.360e-06
20773.1,18:22:59,3.370e-06
20774.3,18:23:00,3.370e-06
20775.5,18:23:01,3.370e-06
20776.7,18:23:02,3.370e-06
20777.9,18:23:03,3.380e-06
20779.0,18:23:04,3.380e-06
20780.2,18:23:06,3.380e-06
20781.4,18:23:07,3.380e-06
20782.6,18:23:08,3.390e-06
20783.8,18:23:09,3.390e-06
20784.9,18:23:10,3.390e-06
20786.1,18:23:12,3.390e-06
20787.3,18:23:13,3.400e-06
20788.5,18:23:14,3.400e-06
20789.6,18:23:15,3.400e-06
20790.8,18:23:16,3.410e-06
20792.0,18:23:17,3.410e-06
20793.2,18:23:19,3.410e-06
20794.4,18:23:20,3.410e-06
20795.5,18:23:21,3.420e-06
20796.7,18:23:22,3.420e-06
20797.9,18:23:23,3.420e-06
20799.1,18:23:25,3.420e-06
20800.2,18:23:26,3.430e-06
20801.4,18:23:27,3.430e-06
20802.6,18:23:28,3.430e-06
20803.8,18:23:29,3.430e-06
20805.0,18:23:30,3.440e-06
20806.1,18:23:32,3.440e-06
20807.3,18:23:33,3.440e-06
20808.5,18:23:34,3.450e-06
20809.7,18:23:35,3.450e-06
20810.8,18:23:36,3.450e-06
20812.0,18:23:37,3.450e-06
20813.2,18:23:39,3.450e-06
20814.4,18:23:40,3.460e-06
20815.6,18:23:41,3.460e-06
20816.8,18:23:42,3.460e-06
20817.9,18:23:43,3.470e-06
20819.1,18:23:45,3.470e-06
20820.3,18:23:46,3.470e-06
20821.5,18:23:47,3.470e-06
20822.7,18:23:48,3.480e-06
20823.8,18:23:49,3.480e-06
20825.0,18:23:50,3.480e-06
20826.2,18:23:52,3.480e-06
20827.4,18:23:53,3.490e-06
20828.5,18:23:54,3.490e-06
20829.7,18:23:55,3.490e-06
20830.9,18:23:56,3.490e-06
20832.1,18:23:58,3.500e-06
20833.2,18:23:59,3.500e-06
20834.4,18:24:00,3.500e-06
20835.6,18:24:01,3.500e-06
20836.8,18:24:02,3.510e-06
20837.9,18:24:03,3.510e-06
20839.1,18:24:05,3.510e-06
20840.3,18:24:06,3.510e-06
20841.5,18:24:07,3.520e-06
20842.7,18:24:08,3.520e-06
20843.8,18:24:09,3.520e-06
20845.0,18:24:10,3.520e-06
20846.2,18:24:12,3.530e-06
20847.4,18:24:13,3.530e-06
20848.6,18:24:14,3.530e-06
20849.8,18:24:15,3.540e-06
20850.9,18:24:16,3.510e-06
20852.1,18:24:18,3.510e-06
20853.3,18:24:19,3.510e-06
20854.5,18:24:20,3.510e-06
20855.7,18:24:21,3.520e-06
20856.9,18:24:22,3.520e-06
20858.0,18:24:23,3.520e-06
20859.2,18:24:25,3.520e-06
20860.4,18:24:26,3.530e-06
20861.6,18:24:27,3.530e-06
20862.8,18:24:28,3.530e-06
20863.9,18:24:29,3.530e-06
20865.1,18:24:31,3.540e-06
20866.3,18:24:32,3.540e-06
20867.5,18:24:33,3.540e-06
20868.6,18:24:34,3.540e-06
20869.8,18:24:35,3.550e-06
20871.0,18:24:36,3.550e-06
20872.2,18:24:38,3.550e-06
20873.4,18:24:39,3.560e-06
20874.5,18:24:40,3.560e-06
20875.7,18:24:41,3.560e-06
20876.9,18:24:42,3.560e-06
20878.1,18:24:43,3.570e-06
20879.2,18:24:45,3.570e-06
20880.4,18:24:46,3.570e-06
20881.6,18:24:47,3.570e-06
20882.8,18:24:48,3.580e-06
20884.0,18:24:49,3.580e-06
20885.1,18:24:51,3.580e-06
20886.3,18:24:52,3.580e-06
20887.5,18:24:53,3.590e-06
20888.7,18:24:54,3.590e-06
20889.9,18:24:55,3.590e-06
20891.0,18:24:56,3.590e-06
20892.2,18:24:58,3.600e-06
20893.4,18:24:59,3.600e-06
20894.6,18:25:00,3.600e-06
20895.7,18:25:01,3.600e-06
20896.9,18:25:02,3.610e-06
20898.1,18:25:04,3.610e-06
20899.3,18:25:05,3.610e-06
20900.4,18:25:06,3.610e-06
20901.6,18:25:07,3.620e-06
20902.8,18:25:08,3.610e-06
20904.0,18:25:09,3.610e-06
20905.2,18:25:11,3.610e-06
20906.4,18:25:12,3.620e-06
20907.5,18:25:13,3.620e-06
20908.7,18:25:14,3.620e-06
20909.9,18:25:15,3.620e-06
20911.1,18:25:17,3.630e-06
20912.2,18:25:18,3.630e-06
20913.4,18:25:19,3.630e-06
20914.6,18:25:20,3.630e-06
20915.8,18:25:21,3.630e-06
20916.9,18:25:22,3.640e-06
20918.1,18:25:24,3.640e-06
20919.3,18:25:25,3.650e-06
20920.5,18:25:26,3.650e-06
20921.7,18:25:27,3.650e-06
20922.8,18:25:28,3.650e-06
20924.0,18:25:29,3.650e-06
20925.2,18:25:31,3.650e-06
20926.4,18:25:32,3.660e-06
20927.6,18:25:33,3.660e-06
20928.7,18:25:34,3.660e-06
20929.9,18:25:35,3.670e-06
20931.1,18:25:37,3.670e-06
20932.3,18:25:38,3.670e-06
20933.5,18:25:39,3.680e-06
20934.6,18:25:40,3.680e-06
20935.8,18:25:41,3.680e-06
20937.0,18:25:42,3.680e-06
20938.2,18:25:44,3.690e-06
20939.3,18:25:45,3.690e-06
20940.5,18:25:46,3.690e-06
20941.7,18:25:47,3.700e-06
20942.9,18:25:48,3.700e-06
20944.1,18:25:49,3.700e-06
20945.2,18:25:51,3.700e-06
20946.4,18:25:52,3.700e-06
20947.6,18:25:53,3.710e-06
20948.8,18:25:54,3.710e-06
20950.0,18:25:55,3.710e-06
20951.1,18:25:57,3.720e-06
20952.3,18:25:58,3.720e-06
20953.5,18:25:59,3.720e-06
20954.7,18:26:00,3.720e-06
20955.9,18:26:01,3.730e-06
20957.1,18:26:02,3.730e-06
20958.2,18:26:04,3.730e-06
20959.4,18:26:05,3.730e-06
20960.6,18:26:06,3.730e-06
20961.8,18:26:07,3.730e-06
20962.9,18:26:08,3.730e-06
20964.1,18:26:10,3.730e-06
20965.3,18:26:11,3.740e-06
20966.4,18:26:12,3.740e-06
20967.6,18:26:13,3.740e-06
20968.8,18:26:14,3.740e-06
20970.0,18:26:15,3.750e-06
20971.1,18:26:17,3.750e-06
20972.3,18:26:18,3.760e-06
20973.5,18:26:19,3.760e-06
20974.7,18:26:20,3.760e-06
20975.9,18:26:21,3.760e-06
20977.0,18:26:22,3.760e-06
20978.2,18:26:24,3.770e-06
20979.4,18:26:25,3.770e-06
20980.6,18:26:26,3.770e-06
20981.8,18:26:27,3.780e-06
20982.9,18:26:28,3.780e-06
20984.1,18:26:30,3.780e-06
20985.3,18:26:31,3.780e-06
20986.5,18:26:32,3.760e-06
20987.6,18:26:33,3.750e-06
20988.8,18:26:34,3.750e-06
20990.0,18:26:35,3.760e-06
20991.2,18:26:37,3.760e-06
20992.3,18:26:38,3.760e-06
20993.5,18:26:39,3.760e-06
20994.7,18:26:40,3.760e-06
20995.9,18:26:41,3.760e-06
20997.1,18:26:43,3.770e-06
20998.2,18:26:44,3.770e-06
20999.4,18:26:45,3.770e-06
21000.6,18:26:46,3.780e-06
21001.8,18:26:47,3.780e-06
21003.0,18:26:48,3.780e-06
21004.1,18:26:50,3.780e-06
21005.3,18:26:51,3.790e-06
21006.5,18:26:52,3.790e-06
21007.7,18:26:53,3.790e-06
21008.9,18:26:54,3.800e-06
21010.0,18:26:55,3.800e-06
21011.2,18:26:57,3.800e-06
21012.4,18:26:58,3.800e-06
21013.6,18:26:59,3.800e-06
21014.8,18:27:00,3.810e-06
21015.9,18:27:01,3.810e-06
21017.1,18:27:03,3.810e-06
21018.3,18:27:04,3.810e-06
21019.5,18:27:05,3.810e-06
21020.7,18:27:06,3.820e-06
21021.8,18:27:07,3.820e-06
21023.0,18:27:08,3.830e-06
21024.2,18:27:10,3.830e-06
21025.4,18:27:11,3.830e-06
21026.6,18:27:12,3.830e-06
21027.8,18:27:13,3.830e-06
21029.0,18:27:14,3.830e-06
21030.1,18:27:16,3.840e-06
21031.3,18:27:17,3.840e-06
21032.5,18:27:18,3.850e-06
21033.7,18:27:19,3.850e-06
21034.8,18:27:20,3.850e-06
21036.0,18:27:21,3.850e-06
21037.2,18:27:23,3.850e-06
21038.4,18:27:24,3.860e-06
21039.6,18:27:25,3.860e-06
21040.7,18:27:26,3.860e-06
21041.9,18:27:27,3.860e-06
21043.1,18:27:29,3.870e-06
21044.3,18:27:30,3.870e-06
21045.4,18:27:31,3.870e-06
21046.6,18:27:32,3.870e-06
21047.8,18:27:33,3.870e-06
21049.0,18:27:34,3.880e-06
21050.1,18:27:36,3.880e-06
21051.3,18:27:37,3.880e-06
21052.5,18:27:38,3.880e-06
21053.6,18:27:39,3.890e-06
21054.8,18:27:40,3.890e-06
21056.0,18:27:41,3.890e-06
21057.2,18:27:43,3.890e-06
21058.4,18:27:44,3.900e-06
21059.5,18:27:45,3.900e-06
21060.7,18:27:46,3.900e-06
21061.9,18:27:47,3.900e-06
21063.1,18:27:49,3.900e-06
21064.3,18:27:50,3.910e-06
21065.5,18:27:51,3.910e-06
21066.6,18:27:52,3.910e-06
21067.8,18:27:53,3.920e-06
21069.0,18:27:54,3.920e-06
21070.2,18:27:56,3.920e-06
21071.3,18:27:57,3.920e-06
21072.5,18:27:58,3.920e-06
21073.7,18:27:59,3.920e-06
21074.9,18:28:00,3.930e-06
21076.1,18:28:02,3.930e-06
21077.3,18:28:03,3.930e-06
21078.4,18:28:04,3.930e-06
21079.6,18:28:05,3.940e-06
21080.8,18:28:06,3.940e-06
21082.0,18:28:07,3.940e-06
21083.2,18:28:09,3.940e-06
21084.3,18:28:10,3.940e-06
21085.5,18:28:11,3.950e-06
21086.7,18:28:12,3.950e-06
21087.9,18:28:13,3.950e-06
21089.1,18:28:15,3.950e-06
21090.2,18:28:16,3.960e-06
21091.4,18:28:17,3.960e-06
21092.6,18:28:18,3.960e-06
21093.8,18:28:19,3.960e-06
21095.0,18:28:20,3.960e-06
21096.1,18:28:22,3.970e-06
21097.3,18:28:23,3.970e-06
21098.5,18:28:24,3.970e-06
21099.7,18:28:25,3.980e-06
21100.9,18:28:26,3.980e-06
21102.0,18:28:27,3.980e-06
21103.2,18:28:29,3.980e-06
21104.4,18:28:30,3.990e-06
21105.6,18:28:31,3.990e-06
21106.7,18:28:32,3.990e-06
21107.9,18:28:33,3.990e-06
21109.1,18:28:35,3.990e-06
21110.3,18:28:36,4.000e-06
21111.5,18:28:37,4.000e-06
21112.6,18:28:38,4.000e-06
21113.8,18:28:39,4.000e-06
21115.0,18:28:40,4.010e-06
21116.2,18:28:42,4.010e-06
21117.3,18:28:43,4.010e-06
21118.5,18:28:44,4.010e-06
21119.7,18:28:45,4.010e-06
21120.9,18:28:46,4.020e-06
21122.0,18:28:47,4.020e-06
21123.2,18:28:49,4.020e-06
21124.4,18:28:50,4.020e-06
21125.6,18:28:51,4.030e-06
21126.7,18:28:52,4.010e-06
21127.9,18:28:53,3.990e-06
21129.1,18:28:55,3.990e-06
21130.3,18:28:56,3.990e-06
21131.5,18:28:57,3.990e-06
21132.6,18:28:58,3.990e-06
21133.8,18:28:59,4.000e-06
21135.0,18:29:00,4.000e-06
21136.2,18:29:02,4.000e-06
21137.3,18:29:03,4.010e-06
21138.5,18:29:04,4.010e-06
21139.7,18:29:05,4.010e-06
21140.9,18:29:06,4.010e-06
21142.1,18:29:08,4.010e-06
21143.3,18:29:09,4.010e-06
21144.5,18:29:10,4.010e-06
21145.6,18:29:11,4.020e-06
21146.8,18:29:12,4.020e-06
21148.0,18:29:13,4.020e-06
21149.2,18:29:15,4.020e-06
21150.4,18:29:16,4.030e-06
21151.5,18:29:17,4.030e-06
21152.7,18:29:18,4.030e-06
21153.9,18:29:19,4.030e-06
21155.1,18:29:21,4.030e-06
21156.3,18:29:22,4.030e-06
21157.4,18:29:23,4.040e-06
21158.6,18:29:24,4.040e-06
21159.8,18:29:25,4.040e-06
21161.0,18:29:26,4.040e-06
21162.2,18:29:28,4.050e-06
21163.3,18:29:29,4.050e-06
21164.5,18:29:30,4.050e-06
21165.7,18:29:31,4.050e-06
21166.9,18:29:32,4.050e-06
21168.1,18:29:33,4.050e-06
21169.2,18:29:35,4.050e-06
21170.4,18:29:36,4.050e-06
21171.6,18:29:37,4.060e-06
21172.8,18:29:38,4.060e-06
21173.9,18:29:39,4.060e-06
21175.1,18:29:41,4.060e-06
21176.3,18:29:42,4.070e-06
21177.5,18:29:43,4.070e-06
21178.7,18:29:44,4.070e-06
21179.8,18:29:45,4.070e-06
21181.0,18:29:46,4.080e-06
21182.2,18:29:48,4.080e-06
21183.4,18:29:49,4.080e-06
21184.5,18:29:50,4.080e-06
21185.7,18:29:51,4.080e-06
21186.9,18:29:52,4.080e-06
21188.1,18:29:54,4.080e-06
21189.3,18:29:55,4.090e-06
21190.5,18:29:56,4.090e-06
21191.6,18:29:57,4.090e-06
21192.8,18:29:58,4.090e-06
21194.0,18:29:59,4.090e-06
21195.1,18:30:01,4.100e-06
21196.3,18:30:02,4.100e-06
21197.5,18:30:03,4.100e-06
21198.7,18:30:04,4.100e-06
21199.9,18:30:05,4.100e-06
21201.0,18:30:06,4.100e-06
21202.2,18:30:08,4.100e-06
21203.4,18:30:09,4.110e-06
21204.6,18:30:10,4.110e-06
21205.8,18:30:11,4.110e-06
21207.0,18:30:12,4.120e-06
21208.1,18:30:14,4.120e-06
21209.3,18:30:15,4.120e-06
21210.5,18:30:16,4.120e-06
21211.6,18:30:17,4.120e-06
21212.8,18:30:18,4.120e-06
21214.0,18:30:19,4.120e-06
21215.2,18:30:21,4.120e-06
21216.4,18:30:22,4.130e-06
21217.5,18:30:23,4.130e-06
21218.7,18:30:24,4.130e-06
21219.9,18:30:25,4.130e-06
21221.1,18:30:27,4.140e-06
21222.2,18:30:28,4.140e-06
21223.4,18:30:29,4.140e-06
21224.6,18:30:30,4.140e-06
21225.8,18:30:31,4.140e-06
21227.0,18:30:32,4.150e-06
21228.2,18:30:34,4.150e-06
21229.4,18:30:35,4.150e-06
21230.5,18:30:36,4.150e-06
21231.7,18:30:37,4.150e-06
21232.9,18:30:38,4.150e-06
21234.1,18:30:39,4.160e-06
21235.3,18:30:41,4.160e-06
21236.4,18:30:42,4.160e-06
21237.6,18:30:43,4.160e-06
21238.8,18:30:44,4.160e-06
21240.0,18:30:45,4.170e-06
21241.1,18:30:47,4.170e-06
21242.3,18:30:48,4.170e-06
21243.5,18:30:49,4.170e-06
21244.7,18:30:50,4.170e-06
21245.8,18:30:51,4.170e-06
21247.0,18:30:52,4.170e-06
21248.2,18:30:54,4.180e-06
21249.4,18:30:55,4.180e-06
21250.5,18:30:56,4.180e-06
21251.8,18:30:57,4.180e-06
21252.9,18:30:58,4.180e-06
21254.1,18:31:00,4.190e-06
21255.3,18:31:01,4.190e-06
21256.5,18:31:02,4.190e-06
21257.6,18:31:03,4.190e-06
21258.8,18:31:04,4.190e-06
21260.0,18:31:05,4.190e-06
21261.2,18:31:07,4.200e-06
21262.4,18:31:08,4.200e-06
21263.5,18:31:09,4.200e-06
21264.7,18:31:10,4.180e-06
21265.9,18:31:11,4.160e-06
21267.1,18:31:13,4.160e-06
21268.3,18:31:14,4.160e-06
21269.4,18:31:15,4.160e-06
21270.6,18:31:16,4.160e-06
21271.8,18:31:17,4.170e-06
21273.0,18:31:18,4.170e-06
21274.2,18:31:20,4.170e-06
21275.3,18:31:21,4.170e-06
21276.5,18:31:22,4.170e-06
21277.7,18:31:23,4.170e-06
21278.9,18:31:24,4.170e-06
21280.1,18:31:26,4.170e-06
21281.3,18:31:27,4.180e-06
21282.5,18:31:28,4.180e-06
21283.6,18:31:29,4.180e-06
21284.8,18:31:30,4.180e-06
21286.0,18:31:31,4.180e-06
21287.2,18:31:33,4.190e-06
21288.4,18:31:34,4.190e-06
21289.6,18:31:35,4.190e-06
21290.8,18:31:36,4.190e-06
21292.0,18:31:37,4.190e-06
21293.1,18:31:39,4.190e-06
21294.3,18:31:40,4.190e-06
21295.5,18:31:41,4.190e-06
21296.7,18:31:42,4.190e-06
21297.9,18:31:43,4.200e-06
21299.0,18:31:44,4.200e-06
21300.2,18:31:46,4.200e-06
21301.4,18:31:47,4.200e-06
21302.6,18:31:48,4.200e-06
21303.8,18:31:49,4.210e-06
21304.9,18:31:50,4.210e-06
21306.1,18:31:52,4.210e-06
21307.3,18:31:53,4.210e-06
21308.5,18:31:54,4.210e-06
21309.6,18:31:55,4.210e-06
21310.8,18:31:56,4.210e-06
21312.0,18:31:57,4.210e-06
21313.2,18:31:59,4.210e-06
21314.3,18:32:00,4.210e-06
21315.5,18:32:01,4.220e-06
21316.7,18:32:02,4.220e-06
21317.9,18:32:03,4.220e-06
21319.0,18:32:04,4.220e-06
21320.2,18:32:06,4.220e-06
21321.4,18:32:07,4.230e-06
21322.6,18:32:08,4.220e-06
21323.8,18:32:09,4.230e-06
21324.9,18:32:10,4.230e-06
21326.1,18:32:12,4.230e-06
21327.3,18:32:13,4.230e-06
21328.5,18:32:14,4.240e-06
21329.6,18:32:15,4.240e-06
21330.8,18:32:16,4.240e-06
21332.0,18:32:17,4.240e-06
21333.2,18:32:19,4.240e-06
21334.4,18:32:20,4.240e-06
21335.5,18:32:21,4.240e-06
21336.7,18:32:22,4.240e-06
21337.9,18:32:23,4.240e-06
21339.1,18:32:25,4.240e-06
21340.3,18:32:26,4.250e-06
21341.4,18:32:27,4.250e-06
21342.6,18:32:28,4.250e-06
21343.8,18:32:29,4.250e-06
21345.0,18:32:30,4.250e-06
21346.2,18:32:32,4.250e-06
21347.3,18:32:33,4.250e-06
21348.5,18:32:34,4.260e-06
21349.7,18:32:35,4.260e-06
21350.8,18:32:36,4.260e-06
21352.0,18:32:37,4.260e-06
21353.2,18:32:39,4.260e-06
21354.4,18:32:40,4.260e-06
21355.5,18:32:41,4.260e-06
21356.7,18:32:42,4.260e-06
21357.9,18:32:43,4.270e-06
21359.1,18:32:45,4.270e-06
21360.3,18:32:46,4.270e-06
21361.5,18:32:47,4.270e-06
21362.6,18:32:48,4.270e-06
21363.8,18:32:49,4.270e-06
21365.0,18:32:50,4.270e-06
21366.2,18:32:52,4.280e-06
21367.3,18:32:53,4.280e-06
21368.5,18:32:54,4.280e-06
21369.7,18:32:55,4.280e-06
21370.9,18:32:56,4.280e-06
21372.1,18:32:58,4.280e-06
21373.3,18:32:59,4.280e-06
21374.4,18:33:00,4.280e-06
21375.6,18:33:01,4.280e-06
21376.8,18:33:02,4.290e-06
21378.0,18:33:03,4.290e-06
21379.2,18:33:05,4.290e-06
21380.3,18:33:06,4.290e-06
21381.5,18:33:07,4.290e-06
21382.7,18:33:08,4.290e-06
21383.9,18:33:09,4.290e-06
21385.0,18:33:10,4.290e-06
21386.2,18:33:12,4.300e-06
21387.4,18:33:13,4.300e-06
21388.6,18:33:14,4.300e-06
21389.8,18:33:15,4.300e-06
21391.0,18:33:16,4.300e-06
21392.1,18:33:18,4.310e-06
21393.3,18:33:19,4.310e-06
21394.5,18:33:20,4.290e-06
21395.7,18:33:21,4.270e-06
21396.9,18:33:22,4.260e-06
21398.0,18:33:23,4.260e-06
21399.2,18:33:25,4.260e-06
21400.4,18:33:26,4.260e-06
21401.6,18:33:27,4.260e-06
21402.8,18:33:28,4.270e-06
21403.9,18:33:29,4.270e-06
21405.1,18:33:31,4.270e-06
21406.3,18:33:32,4.270e-06
21407.5,18:33:33,4.270e-06
21408.6,18:33:34,4.270e-06
21409.8,18:33:35,4.270e-06
21411.0,18:33:36,4.270e-06
21412.2,18:33:38,4.280e-06
21413.4,18:33:39,4.280e-06
21414.5,18:33:40,4.280e-06
21415.7,18:33:41,4.280e-06
21416.9,18:33:42,4.280e-06
21418.1,18:33:44,4.280e-06
21419.3,18:33:45,4.280e-06
21420.5,18:33:46,4.280e-06
21421.7,18:33:47,4.280e-06
21422.8,18:33:48,4.280e-06
21424.0,18:33:49,4.280e-06
21425.2,18:33:51,4.280e-06
21426.4,18:33:52,4.290e-06
21427.5,18:33:53,4.290e-06
21428.7,18:33:54,4.290e-06
21429.9,18:33:55,4.290e-06
21431.1,18:33:57,4.290e-06
21432.2,18:33:58,4.290e-06
21433.4,18:33:59,4.290e-06
21434.6,18:34:00,4.290e-06
21435.8,18:34:01,4.300e-06
21436.9,18:34:02,4.300e-06
21438.1,18:34:04,4.300e-06
21439.3,18:34:05,4.300e-06
21440.5,18:34:06,4.300e-06
21441.6,18:34:07,4.300e-06
21442.8,18:34:08,4.300e-06
21444.0,18:34:09,4.300e-06
21445.1,18:34:11,4.300e-06
21446.3,18:34:12,4.300e-06
21447.5,18:34:13,4.300e-06
21448.7,18:34:14,4.300e-06
21449.8,18:34:15,4.310e-06
21451.0,18:34:16,4.310e-06
21452.1,18:34:18,4.310e-06
21453.3,18:34:19,4.310e-06
21454.5,18:34:20,4.310e-06
21455.7,18:34:21,4.310e-06
21456.8,18:34:22,4.310e-06
21458.0,18:34:23,4.310e-06
21459.2,18:34:25,4.310e-06
21460.4,18:34:26,4.310e-06
21461.5,18:34:27,4.310e-06
21462.7,18:34:28,4.310e-06
21463.9,18:34:29,4.310e-06
21465.1,18:34:31,4.320e-06
21466.2,18:34:32,4.320e-06
21467.4,18:34:33,4.320e-06
21468.6,18:34:34,4.320e-06
21469.8,18:34:35,4.320e-06
21470.9,18:34:36,4.320e-06
21472.1,18:34:38,4.330e-06
21473.3,18:34:39,4.330e-06
21474.5,18:34:40,4.330e-06
21475.6,18:34:41,4.330e-06
21476.8,18:34:42,4.330e-06
21478.0,18:34:43,4.330e-06
21479.1,18:34:45,4.330e-06
21480.3,18:34:46,4.330e-06
21481.5,18:34:47,4.330e-06
21482.7,18:34:48,4.330e-06
21483.8,18:34:49,4.330e-06
21485.0,18:34:50,4.340e-06
21486.2,18:34:52,4.340e-06
21487.4,18:34:53,4.340e-06
21488.5,18:34:54,4.340e-06
21489.7,18:34:55,4.340e-06
21490.9,18:34:56,4.340e-06
21492.0,18:34:57,4.340e-06
21493.2,18:34:59,4.350e-06
21494.4,18:35:00,4.350e-06
21495.6,18:35:01,4.350e-06
21496.7,18:35:02,4.350e-06
21497.9,18:35:03,4.350e-06
21499.1,18:35:05,4.350e-06
21500.3,18:35:06,4.350e-06
21501.5,18:35:07,4.350e-06
21502.6,18:35:08,4.350e-06
21503.8,18:35:09,4.350e-06
21505.0,18:35:10,4.350e-06
21506.1,18:35:12,4.360e-06
21507.3,18:35:13,4.360e-06
21508.5,18:35:14,4.360e-06
21509.6,18:35:15,4.360e-06
21510.8,18:35:16,4.360e-06
21512.0,18:35:17,4.360e-06
21513.2,18:35:19,4.360e-06
21514.3,18:35:20,4.360e-06
21515.5,18:35:21,4.370e-06
21516.7,18:35:22,4.370e-06
21517.9,18:35:23,4.370e-06
21519.0,18:35:24,4.370e-06
21520.2,18:35:26,4.370e-06
21521.4,18:35:27,4.370e-06
21522.5,18:35:28,4.370e-06
21523.7,18:35:29,4.370e-06
21524.9,18:35:30,4.370e-06
21526.1,18:35:31,4.370e-06
21527.2,18:35:33,4.370e-06
21528.4,18:35:34,4.370e-06
21529.6,18:35:35,4.370e-06
21530.8,18:35:36,4.380e-06
21531.9,18:35:37,4.380e-06
21533.1,18:35:39,4.380e-06
21534.3,18:35:40,4.350e-06
21535.5,18:35:41,4.340e-06
21536.6,18:35:42,4.330e-06
21537.8,18:35:43,4.330e-06
21538.9,18:35:44,4.330e-06
21540.1,18:35:46,4.330e-06
21541.3,18:35:47,4.340e-06
21542.5,18:35:48,4.340e-06
21543.7,18:35:49,4.340e-06
21544.8,18:35:50,4.340e-06
21546.0,18:35:51,4.340e-06
21547.2,18:35:53,4.340e-06
21548.4,18:35:54,4.340e-06
21549.5,18:35:55,4.340e-06
21550.7,18:35:56,4.340e-06
21551.9,18:35:57,4.350e-06
21553.0,18:35:58,4.350e-06
21554.2,18:36:00,4.350e-06
21555.4,18:36:01,4.350e-06
21556.6,18:36:02,4.350e-06
21557.7,18:36:03,4.350e-06
21558.9,18:36:04,4.350e-06
21560.1,18:36:06,4.350e-06
21561.3,18:36:07,4.350e-06
21562.4,18:36:08,4.350e-06
21563.6,18:36:09,4.350e-06
21564.8,18:36:10,4.350e-06
21565.9,18:36:11,4.350e-06
21567.1,18:36:13,4.350e-06
21568.3,18:36:14,4.350e-06
21569.4,18:36:15,4.350e-06
21570.6,18:36:16,4.350e-06
21571.8,18:36:17,4.360e-06
21573.0,18:36:18,4.360e-06
21574.1,18:36:20,4.360e-06
21575.3,18:36:21,4.360e-06
21576.5,18:36:22,4.360e-06
21577.7,18:36:23,4.360e-06
21578.8,18:36:24,4.360e-06
21580.0,18:36:25,4.360e-06
21581.2,18:36:27,4.360e-06
21582.3,18:36:28,4.360e-06
21583.5,18:36:29,4.360e-06
21584.7,18:36:30,4.360e-06
21585.8,18:36:31,4.370e-06
21587.0,18:36:32,4.370e-06
21588.2,18:36:34,4.370e-06
21589.4,18:36:35,4.370e-06
21590.6,18:36:36,4.370e-06
21591.7,18:36:37,4.370e-06
21592.9,18:36:38,4.370e-06
21594.1,18:36:39,4.370e-06
21595.2,18:36:41,4.370e-06
21596.4,18:36:42,4.370e-06
21597.6,18:36:43,4.370e-06
21598.7,18:36:44,4.370e-06
21599.9,18:36:45,4.370e-06
21601.1,18:36:47,4.370e-06
21602.2,18:36:48,4.380e-06
21603.4,18:36:49,4.370e-06
21604.6,18:36:50,4.380e-06
21605.8,18:36:51,4.380e-06
21606.9,18:36:52,4.380e-06
21608.1,18:36:54,4.380e-06
21609.3,18:36:55,4.380e-06
21610.4,18:36:56,4.380e-06
21611.6,18:36:57,4.380e-06
21612.8,18:36:58,4.380e-06
21614.0,18:36:59,4.390e-06
21615.2,18:37:01,4.390e-06
21616.3,18:37:02,4.390e-06
21617.5,18:37:03,4.390e-06
21618.7,18:37:04,4.390e-06
21619.8,18:37:05,4.390e-06
21621.0,18:37:06,4.390e-06
21622.2,18:37:08,4.390e-06
21623.4,18:37:09,4.390e-06
21624.5,18:37:10,4.390e-06
21625.7,18:37:11,4.400e-06
21626.9,18:37:12,4.390e-06
21628.0,18:37:13,4.400e-06
21629.2,18:37:15,4.400e-06
21630.4,18:37:16,4.400e-06
21631.5,18:37:17,4.400e-06
21632.7,18:37:18,4.400e-06
21633.9,18:37:19,4.400e-06
21635.0,18:37:20,4.400e-06
21636.2,18:37:22,4.400e-06
21637.4,18:37:23,4.400e-06
21638.5,18:37:24,4.400e-06
21639.7,18:37:25,4.400e-06
21640.9,18:37:26,4.400e-06
21642.0,18:37:27,4.400e-06
21643.2,18:37:29,4.410e-06
21644.4,18:37:30,4.410e-06
21645.6,18:37:31,4.410e-06
21646.7,18:37:32,4.410e-06
21647.9,18:37:33,4.410e-06
21649.1,18:37:34,4.410e-06
21650.2,18:37:36,4.410e-06
21651.4,18:37:37,4.410e-06
21652.6,18:37:38,4.410e-06
21653.7,18:37:39,4.410e-06
21654.9,18:37:40,4.420e-06
21656.1,18:37:42,4.420e-06
21657.3,18:37:43,4.420e-06
21658.4,18:37:44,4.420e-06
21659.6,18:37:45,4.420e-06
21660.8,18:37:46,4.420e-06
21661.9,18:37:47,4.420e-06
21663.1,18:37:49,4.420e-06
21664.3,18:37:50,4.420e-06
21665.4,18:37:51,4.420e-06
21666.6,18:37:52,4.420e-06
21667.8,18:37:53,4.420e-06
21669.0,18:37:54,4.430e-06
21670.1,18:37:56,4.430e-06
21671.3,18:37:57,4.430e-06
21672.5,18:37:58,4.430e-06
21673.7,18:37:59,4.430e-06
21674.8,18:38:00,4.430e-06
21676.0,18:38:01,4.430e-06
21677.2,18:38:03,4.420e-06
21678.3,18:38:04,4.390e-06
21679.5,18:38:05,4.380e-06
21680.7,18:38:06,4.380e-06
21681.8,18:38:07,4.380e-06
21683.0,18:38:08,4.390e-06
21684.2,18:38:10,4.390e-06
21685.4,18:38:11,4.390e-06
21686.5,18:38:12,4.390e-06
21687.7,18:38:13,4.390e-06
21688.9,18:38:14,4.390e-06
21690.0,18:38:15,4.390e-06
21691.2,18:38:17,4.390e-06
21692.4,18:38:18,4.390e-06
21693.5,18:38:19,4.390e-06
21694.7,18:38:20,4.400e-06
21695.9,18:38:21,4.400e-06
21697.1,18:38:22,4.400e-06
21698.2,18:38:24,4.400e-06
21699.4,18:38:25,4.400e-06
21700.6,18:38:26,4.400e-06
21701.7,18:38:27,4.400e-06
21702.9,18:38:28,4.400e-06
21704.1,18:38:30,4.400e-06
21705.2,18:38:31,4.400e-06
21706.4,18:38:32,4.400e-06
21707.6,18:38:33,4.400e-06
21708.7,18:38:34,4.400e-06
21709.9,18:38:35,4.400e-06
21711.1,18:38:37,4.400e-06
21712.3,18:38:38,4.400e-06
21713.4,18:38:39,4.400e-06
21714.6,18:38:40,4.410e-06
21715.8,18:38:41,4.410e-06
21717.0,18:38:42,4.410e-06
21718.1,18:38:44,4.410e-06
21719.3,18:38:45,4.410e-06
21720.5,18:38:46,4.410e-06
21721.6,18:38:47,4.410e-06
21722.8,18:38:48,4.410e-06
21724.0,18:38:49,4.410e-06
21725.1,18:38:51,4.410e-06
21726.3,18:38:52,4.410e-06
21727.5,18:38:53,4.410e-06
21728.7,18:38:54,4.410e-06
21729.8,18:38:55,4.410e-06
21731.0,18:38:56,4.420e-06
21732.2,18:38:58,4.420e-06
21733.3,18:38:59,4.410e-06
21734.5,18:39:00,4.420e-06
21735.7,18:39:01,4.420e-06
21736.9,18:39:02,4.420e-06
21738.0,18:39:03,4.420e-06
21739.2,18:39:05,4.420e-06
21740.4,18:39:06,4.420e-06
21741.5,18:39:07,4.420e-06
21742.7,18:39:08,4.420e-06
21743.9,18:39:09,4.420e-06
21745.1,18:39:11,4.420e-06
21746.3,18:39:12,4.420e-06
21747.4,18:39:13,4.420e-06
21748.6,18:39:14,4.420e-06
21749.8,18:39:15,4.420e-06
21750.9,18:39:16,4.420e-06
21752.1,18:39:18,4.430e-06
21753.3,18:39:19,4.430e-06
21754.4,18:39:20,4.430e-06
21755.6,18:39:21,4.430e-06
21756.8,18:39:22,4.430e-06
21757.9,18:39:23,4.430e-06
21759.1,18:39:25,4.430e-06
21760.3,18:39:26,4.430e-06
21761.5,18:39:27,4.430e-06
21762.6,18:39:28,4.430e-06
21763.8,18:39:29,4.430e-06
21765.0,18:39:30,4.440e-06
21766.1,18:39:32,4.440e-06
21767.3,18:39:33,4.440e-06
21768.5,18:39:34,4.440e-06
21769.7,18:39:35,4.440e-06
21770.8,18:39:36,4.440e-06
21772.0,18:39:37,4.440e-06
21773.2,18:39:39,4.440e-06
21774.3,18:39:40,4.440e-06
21775.5,18:39:41,4.440e-06
21776.7,18:39:42,4.440e-06
21777.9,18:39:43,4.440e-06
21779.1,18:39:44,4.440e-06
21780.2,18:39:46,4.440e-06
21781.4,18:39:47,4.440e-06
21782.6,18:39:48,4.440e-06
21783.8,18:39:49,4.450e-06
21784.9,18:39:50,4.450e-06
21786.1,18:39:52,4.450e-06
21787.3,18:39:53,4.450e-06
21788.5,18:39:54,4.450e-06
21789.6,18:39:55,4.450e-06
21790.8,18:39:56,4.450e-06
21792.0,18:39:57,4.450e-06
21793.1,18:39:59,4.460e-06
21794.3,18:40:00,4.450e-06
21795.5,18:40:01,4.460e-06
21796.6,18:40:02,4.460e-06
21797.8,18:40:03,4.460e-06
21799.0,18:40:04,4.460e-06
21800.2,18:40:06,4.460e-06
21801.3,18:40:07,4.460e-06
21802.5,18:40:08,4.460e-06
21803.7,18:40:09,4.460e-06
21804.9,18:40:10,4.460e-06
21806.1,18:40:11,4.460e-06
21807.2,18:40:13,4.460e-06
21808.4,18:40:14,4.470e-06
21809.6,18:40:15,4.470e-06
21810.7,18:40:16,4.470e-06
21811.9,18:40:17,4.470e-06
21813.1,18:40:19,4.470e-06
21814.3,18:40:20,4.470e-06
21815.4,18:40:21,4.440e-06
21816.6,18:40:22,4.420e-06
21817.8,18:40:23,4.420e-06
21819.0,18:40:24,4.420e-06
21820.2,18:40:26,4.420e-06
21821.3,18:40:27,4.420e-06
21822.5,18:40:28,4.420e-06
21823.7,18:40:29,4.420e-06
21824.8,18:40:30,4.420e-06
21826.0,18:40:31,4.430e-06
21827.2,18:40:33,4.430e-06
21828.3,18:40:34,4.430e-06
21829.5,18:40:35,4.430e-06
21830.7,18:40:36,4.430e-06
21831.9,18:40:37,4.430e-06
21833.0,18:40:38,4.430e-06
21834.2,18:40:40,4.430e-06
21835.4,18:40:41,4.430e-06
21836.6,18:40:42,4.430e-06
21837.7,18:40:43,4.430e-06
21838.9,18:40:44,4.430e-06
21840.1,18:40:46,4.430e-06
21841.2,18:40:47,4.440e-06
21842.4,18:40:48,4.440e-06
21843.6,18:40:49,4.440e-06
21844.8,18:40:50,4.440e-06
21845.9,18:40:51,4.440e-06
21847.1,18:40:53,4.440e-06
21848.3,18:40:54,4.440e-06
21849.4,18:40:55,4.440e-06
21850.6,18:40:56,4.440e-06
21851.8,18:40:57,4.440e-06
21852.9,18:40:58,4.440e-06
21854.1,18:41:00,4.440e-06
21855.3,18:41:01,4.440e-06
21856.4,18:41:02,4.440e-06
21857.6,18:41:03,4.440e-06
21858.8,18:41:04,4.440e-06
21860.0,18:41:05,4.440e-06
21861.2,18:41:07,4.440e-06
21862.3,18:41:08,4.450e-06
21863.5,18:41:09,4.450e-06
21864.7,18:41:10,4.440e-06
21865.8,18:41:11,4.450e-06
21867.0,18:41:12,4.450e-06
21868.2,18:41:14,4.450e-06
21869.4,18:41:15,4.450e-06
21870.6,18:41:16,4.450e-06
21871.7,18:41:17,4.450e-06
21872.9,18:41:18,4.450e-06
21874.1,18:41:20,4.450e-06
21875.3,18:41:21,4.450e-06
21876.4,18:41:22,4.450e-06
21877.6,18:41:23,4.450e-06
21878.8,18:41:24,4.450e-06
21880.0,18:41:25,4.460e-06
21881.1,18:41:27,4.450e-06
21882.3,18:41:28,4.460e-06
21883.5,18:41:29,4.460e-06
21884.7,18:41:30,4.460e-06
21885.8,18:41:31,4.460e-06
21887.0,18:41:32,4.460e-06
21888.2,18:41:34,4.460e-06
21889.3,18:41:35,4.460e-06
21890.5,18:41:36,4.460e-06
21891.7,18:41:37,4.460e-06
21892.9,18:41:38,4.460e-06
21894.0,18:41:39,4.460e-06
21895.2,18:41:41,4.460e-06
21896.4,18:41:42,4.460e-06
21897.5,18:41:43,4.460e-06
21898.7,18:41:44,4.460e-06
21899.9,18:41:45,4.460e-06
21901.1,18:41:47,4.460e-06
21902.3,18:41:48,4.460e-06
21903.4,18:41:49,4.460e-06
21904.6,18:41:50,4.460e-06
21905.8,18:41:51,4.460e-06
21907.0,18:41:52,4.470e-06
21908.1,18:41:54,4.470e-06
21909.3,18:41:55,4.470e-06
21910.5,18:41:56,4.470e-06
21911.6,18:41:57,4.470e-06
21912.8,18:41:58,4.470e-06
21914.0,18:41:59,4.470e-06
21915.1,18:42:01,4.470e-06
21916.3,18:42:02,4.470e-06
21917.5,18:42:03,4.470e-06
21918.6,18:42:04,4.470e-06
21919.8,18:42:05,4.470e-06
21921.0,18:42:06,4.470e-06
21922.2,18:42:08,4.470e-06
21923.3,18:42:09,4.470e-06
21924.5,18:42:10,4.470e-06
21925.7,18:42:11,4.470e-06
21926.9,18:42:12,4.470e-06
21928.0,18:42:13,4.470e-06
21929.2,18:42:15,4.470e-06
21930.4,18:42:16,4.470e-06
21931.5,18:42:17,4.470e-06
21932.7,18:42:18,4.470e-06
21933.9,18:42:19,4.470e-06
21935.0,18:42:20,4.480e-06
21936.2,18:42:22,4.480e-06
21937.4,18:42:23,4.480e-06
21938.6,18:42:24,4.480e-06
21939.7,18:42:25,4.480e-06
21940.9,18:42:26,4.480e-06
21942.1,18:42:28,4.480e-06
21943.3,18:42:29,4.480e-06
21944.4,18:42:30,4.480e-06
21945.6,18:42:31,4.480e-06
21946.8,18:42:32,4.480e-06
21948.0,18:42:33,4.480e-06
21949.1,18:42:35,4.480e-06
21950.3,18:42:36,4.480e-06
21951.5,18:42:37,4.490e-06
21952.7,18:42:38,4.490e-06
21953.8,18:42:39,4.490e-06
21955.0,18:42:40,4.470e-06
21956.2,18:42:42,4.440e-06
21957.4,18:42:43,4.430e-06
21958.5,18:42:44,4.430e-06
21959.7,18:42:45,4.430e-06
21960.9,18:42:46,4.430e-06
21962.1,18:42:48,4.430e-06
21963.2,18:42:49,4.430e-06
21964.4,18:42:50,4.430e-06
21965.6,18:42:51,4.430e-06
21966.7,18:42:52,4.430e-06
21967.9,18:42:53,4.430e-06
21969.1,18:42:55,4.430e-06
21970.2,18:42:56,4.430e-06
21971.4,18:42:57,4.440e-06
21972.6,18:42:58,4.430e-06
21973.8,18:42:59,4.430e-06
21974.9,18:43:00,4.430e-06
21976.1,18:43:02,4.440e-06
21977.3,18:43:03,4.440e-06
21978.4,18:43:04,4.440e-06
21979.6,18:43:05,4.440e-06
21980.8,18:43:06,4.430e-06
21981.9,18:43:07,4.440e-06
21983.1,18:43:09,4.440e-06
21984.3,18:43:10,4.440e-06
21985.5,18:43:11,4.440e-06
21986.6,18:43:12,4.440e-06
21987.8,18:43:13,4.440e-06
21989.0,18:43:14,4.440e-06
21990.1,18:43:16,4.440e-06
21991.3,18:43:17,4.440e-06
21992.5,18:43:18,4.440e-06
21993.6,18:43:19,4.440e-06
21994.8,18:43:20,4.440e-06
21996.0,18:43:21,4.440e-06
21997.2,18:43:23,4.440e-06
21998.3,18:43:24,4.440e-06
21999.5,18:43:25,4.440e-06
22000.7,18:43:26,4.440e-06
22001.9,18:43:27,4.440e-06
22003.0,18:43:28,4.440e-06
22004.2,18:43:30,4.440e-06
22005.4,18:43:31,4.440e-06
22006.6,18:43:32,4.440e-06
22007.7,18:43:33,4.440e-06
22008.9,18:43:34,4.440e-06
22010.1,18:43:36,4.440e-06
22011.3,18:43:37,4.440e-06
22012.5,18:43:38,4.440e-06
22013.7,18:43:39,4.440e-06
22014.8,18:43:40,4.440e-06
22016.0,18:43:41,4.440e-06
22017.2,18:43:43,4.440e-06
22018.4,18:43:44,4.440e-06
22019.6,18:43:45,4.440e-06
22020.8,18:43:46,4.440e-06
22022.0,18:43:47,4.440e-06
22023.1,18:43:49,4.440e-06
22024.4,18:43:50,4.440e-06
22025.5,18:43:51,4.440e-06
22026.7,18:43:52,4.440e-06
22027.9,18:43:53,4.440e-06
22029.1,18:43:55,4.440e-06
22030.2,18:43:56,4.440e-06
22031.4,18:43:57,4.440e-06
22032.6,18:43:58,4.440e-06
22033.8,18:43:59,4.440e-06
22034.9,18:44:00,4.440e-06
22036.1,18:44:02,4.440e-06
22037.3,18:44:03,4.440e-06
22038.4,18:44:04,4.440e-06
22039.6,18:44:05,4.440e-06
22040.8,18:44:06,4.450e-06
22042.0,18:44:07,4.450e-06
22043.2,18:44:09,4.450e-06
22044.3,18:44:10,4.450e-06
22045.5,18:44:11,4.450e-06
22046.6,18:44:12,4.450e-06
22047.8,18:44:13,4.450e-06
22049.0,18:44:14,4.450e-06
22050.2,18:44:16,4.450e-06
22051.4,18:44:17,4.450e-06
22052.5,18:44:18,4.450e-06
22053.7,18:44:19,4.450e-06
22054.9,18:44:20,4.450e-06
22056.1,18:44:21,4.450e-06
22057.2,18:44:23,4.450e-06
22058.4,18:44:24,4.450e-06
22059.6,18:44:25,4.450e-06
22060.7,18:44:26,4.450e-06
22061.9,18:44:27,4.450e-06
22063.1,18:44:28,4.450e-06
22064.2,18:44:30,4.450e-06
22065.4,18:44:31,4.450e-06
22066.6,18:44:32,4.450e-06
22067.7,18:44:33,4.450e-06
22068.9,18:44:34,4.450e-06
22070.1,18:44:36,4.450e-06
22071.3,18:44:37,4.450e-06
22072.4,18:44:38,4.450e-06
22073.6,18:44:39,4.450e-06
22074.8,18:44:40,4.450e-06
22075.9,18:44:41,4.450e-06
22077.1,18:44:43,4.450e-06
22078.3,18:44:44,4.450e-06
22079.5,18:44:45,4.450e-06
22080.6,18:44:46,4.450e-06
22081.8,18:44:47,4.450e-06
22083.0,18:44:48,4.460e-06
22084.1,18:44:50,4.460e-06
22085.3,18:44:51,4.460e-06
22086.5,18:44:52,4.460e-06
22087.6,18:44:53,4.460e-06
22088.8,18:44:54,4.460e-06
22090.0,18:44:55,4.460e-06
22091.1,18:44:57,4.460e-06
22092.3,18:44:58,4.460e-06
22093.5,18:44:59,4.460e-06
22094.6,18:45:00,4.460e-06
22095.8,18:45:01,4.460e-06
22097.0,18:45:02,4.460e-06
22098.2,18:45:04,4.420e-06
22099.4,18:45:05,4.410e-06
22100.6,18:45:06,4.410e-06
22101.7,18:45:07,4.410e-06
22102.9,18:45:08,4.400e-06
22104.1,18:45:10,4.410e-06
22105.2,18:45:11,4.410e-06
22106.4,18:45:12,4.410e-06
22107.6,18:45:13,4.410e-06
22108.7,18:45:14,4.410e-06
22109.9,18:45:15,4.410e-06
22111.1,18:45:17,4.410e-06
22112.3,18:45:18,4.410e-06
22113.4,18:45:19,4.410e-06
22114.6,18:45:20,4.410e-06
22115.8,18:45:21,4.400e-06
22116.9,18:45:22,4.410e-06
22118.1,18:45:24,4.410e-06
22119.3,18:45:25,4.410e-06
22120.4,18:45:26,4.410e-06
22121.6,18:45:27,4.410e-06
22122.8,18:45:28,4.400e-06
22123.9,18:45:29,4.400e-06
22125.1,18:45:31,4.410e-06
22126.3,18:45:32,4.400e-06
22127.5,18:45:33,4.410e-06
22128.6,18:45:34,4.410e-06
22129.8,18:45:35,4.400e-06
22131.0,18:45:36,4.410e-06
22132.1,18:45:38,4.400e-06
22133.3,18:45:39,4.410e-06
22134.5,18:45:40,4.410e-06
22135.6,18:45:41,4.410e-06
22136.8,18:45:42,4.410e-06
22138.0,18:45:43,4.410e-06
22139.1,18:45:45,4.410e-06
22140.3,18:45:46,4.410e-06
22141.5,18:45:47,4.410e-06
22142.7,18:45:48,4.410e-06
22143.8,18:45:49,4.410e-06
22145.0,18:45:50,4.410e-06
22146.2,18:45:52,4.410e-06
22147.4,18:45:53,4.410e-06
22148.5,18:45:54,4.410e-06
22149.7,18:45:55,4.410e-06
22150.9,18:45:56,4.410e-06
22152.0,18:45:57,4.410e-06
22153.2,18:45:59,4.410e-06
22154.4,18:46:00,4.410e-06
22155.6,18:46:01,4.410e-06
22156.7,18:46:02,4.410e-06
22157.9,18:46:03,4.410e-06
22159.1,18:46:05,4.410e-06
22160.2,18:46:06,4.410e-06
22161.4,18:46:07,4.410e-06
22162.6,18:46:08,4.410e-06
22163.7,18:46:09,4.420e-06
22164.9,18:46:10,4.410e-06
22166.1,18:46:11,4.410e-06
22167.2,18:46:13,4.410e-06
22168.4,18:46:14,4.410e-06
22169.6,18:46:15,4.420e-06
22170.8,18:46:16,4.410e-06
22172.0,18:46:17,4.410e-06
22173.1,18:46:19,4.410e-06
22174.3,18:46:20,4.420e-06
22175.5,18:46:21,4.420e-06
22176.7,18:46:22,4.420e-06
22177.8,18:46:23,4.410e-06
22179.0,18:46:24,4.410e-06
22180.2,18:46:26,4.410e-06
22181.3,18:46:27,4.410e-06
22182.5,18:46:28,4.420e-06
22183.7,18:46:29,4.420e-06
22184.8,18:46:30,4.410e-06
22186.0,18:46:31,4.420e-06
22187.2,18:46:33,4.420e-06
22188.3,18:46:34,4.420e-06
22189.5,18:46:35,4.420e-06
22190.7,18:46:36,4.420e-06
22191.9,18:46:37,4.420e-06
22193.0,18:46:38,4.420e-06
22194.2,18:46:40,4.420e-06
22195.4,18:46:41,4.420e-06
22196.5,18:46:42,4.420e-06
22197.7,18:46:43,4.420e-06
22198.9,18:46:44,4.420e-06
22200.0,18:46:45,4.420e-06
22201.2,18:46:47,4.420e-06
22202.4,18:46:48,4.420e-06
22203.5,18:46:49,4.420e-06
22204.7,18:46:50,4.420e-06
22205.9,18:46:51,4.420e-06
22207.1,18:46:52,4.420e-06
22208.2,18:46:54,4.420e-06
22209.4,18:46:55,4.420e-06
22210.6,18:46:56,4.420e-06
22211.7,18:46:57,4.420e-06
22212.9,18:46:58,4.420e-06
22214.1,18:47:00,4.420e-06
22215.2,18:47:01,4.420e-06
22216.4,18:47:02,4.420e-06
22217.6,18:47:03,4.420e-06
22218.7,18:47:04,4.420e-06
22219.9,18:47:05,4.420e-06
22221.1,18:47:07,4.420e-06
22222.3,18:47:08,4.420e-06
22223.4,18:47:09,4.420e-06
22224.6,18:47:10,4.420e-06
22225.8,18:47:11,4.420e-06
22226.9,18:47:12,4.420e-06
22228.1,18:47:14,4.420e-06
22229.3,18:47:15,4.420e-06
22230.5,18:47:16,4.430e-06
22231.6,18:47:17,4.420e-06
22232.8,18:47:18,4.430e-06
22234.0,18:47:19,4.430e-06
22235.1,18:47:21,4.430e-06
22236.3,18:47:22,4.420e-06
22237.5,18:47:23,4.400e-06
22238.6,18:47:24,4.380e-06
22239.8,18:47:25,4.370e-06
22241.0,18:47:26,4.370e-06
22242.1,18:47:28,4.370e-06
22243.3,18:47:29,4.370e-06
22244.5,18:47:30,4.370e-06
22245.6,18:47:31,4.370e-06
22246.8,18:47:32,4.370e-06
22248.0,18:47:33,4.370e-06
22249.1,18:47:35,4.370e-06
22250.3,18:47:36,4.370e-06
22251.5,18:47:37,4.370e-06
22252.7,18:47:38,4.370e-06
22253.8,18:47:39,4.370e-06
22255.0,18:47:40,4.370e-06
22256.2,18:47:42,4.370e-06
22257.3,18:47:43,4.370e-06
22258.5,18:47:44,4.370e-06
22259.7,18:47:45,4.370e-06
22260.9,18:47:46,4.370e-06
22262.0,18:47:47,4.370e-06
22263.2,18:47:49,4.370e-06
22264.3,18:47:50,4.370e-06
22265.5,18:47:51,4.370e-06
22266.7,18:47:52,4.370e-06
22267.9,18:47:53,4.370e-06
22269.0,18:47:54,4.370e-06
22270.2,18:47:56,4.370e-06
22271.4,18:47:57,4.370e-06
22272.5,18:47:58,4.370e-06
22273.7,18:47:59,4.370e-06
22274.9,18:48:00,4.370e-06
22276.1,18:48:01,4.370e-06
22277.2,18:48:03,4.370e-06
22278.4,18:48:04,4.370e-06
22279.6,18:48:05,4.370e-06
22280.7,18:48:06,4.370e-06
22281.9,18:48:07,4.370e-06
22283.1,18:48:09,4.370e-06
22284.2,18:48:10,4.370e-06
22285.4,18:48:11,4.370e-06
22286.6,18:48:12,4.370e-06
22287.8,18:48:13,4.370e-06
22288.9,18:48:14,4.370e-06
22290.1,18:48:16,4.370e-06
22291.3,18:48:17,4.370e-06
22292.5,18:48:18,4.380e-06
22293.6,18:48:19,4.370e-06
22294.8,18:48:20,4.370e-06
22296.0,18:48:21,4.370e-06
22297.2,18:48:23,4.370e-06
22298.4,18:48:24,4.370e-06
22299.6,18:48:25,4.380e-06
22300.7,18:48:26,4.380e-06
22301.9,18:48:27,4.370e-06
22303.1,18:48:29,4.380e-06
22304.2,18:48:30,4.370e-06
22305.4,18:48:31,4.370e-06
22306.6,18:48:32,4.370e-06
22307.7,18:48:33,4.380e-06
22308.9,18:48:34,4.380e-06
22310.1,18:48:36,4.370e-06
22311.2,18:48:37,4.380e-06
22312.4,18:48:38,4.380e-06
22313.6,18:48:39,4.370e-06
22314.8,18:48:40,4.370e-06
22315.9,18:48:41,4.380e-06
22317.1,18:48:43,4.380e-06
22318.2,18:48:44,4.380e-06
22319.4,18:48:45,4.380e-06
22320.6,18:48:46,4.380e-06
22321.8,18:48:47,4.380e-06
22322.9,18:48:48,4.380e-06
22324.1,18:48:50,4.380e-06
22325.3,18:48:51,4.380e-06
22326.5,18:48:52,4.380e-06
22327.6,18:48:53,4.380e-06
22328.8,18:48:54,4.380e-06
22330.0,18:48:55,4.380e-06
22331.1,18:48:57,4.380e-06
22332.3,18:48:58,4.380e-06
22333.5,18:48:59,4.380e-06
22334.7,18:49:00,4.380e-06
22335.8,18:49:01,4.380e-06
22337.0,18:49:02,4.380e-06
22338.2,18:49:04,4.380e-06
22339.3,18:49:05,4.380e-06
22340.5,18:49:06,4.380e-06
22341.7,18:49:07,4.380e-06
22342.8,18:49:08,4.380e-06
22344.0,18:49:09,4.390e-06
22345.2,18:49:11,4.390e-06
22346.4,18:49:12,4.390e-06
22347.5,18:49:13,4.390e-06
22348.7,18:49:14,4.390e-06
22349.9,18:49:15,4.390e-06
22351.1,18:49:16,4.380e-06
22352.2,18:49:18,4.390e-06
22353.4,18:49:19,4.390e-06
22354.6,18:49:20,4.390e-06
22355.8,18:49:21,4.390e-06
22356.9,18:49:22,4.390e-06
22358.1,18:49:24,4.390e-06
22359.3,18:49:25,4.390e-06
22360.4,18:49:26,4.390e-06
22361.6,18:49:27,4.390e-06
22362.8,18:49:28,4.390e-06
22364.0,18:49:29,4.390e-06
22365.1,18:49:31,4.390e-06
22366.3,18:49:32,4.390e-06
22367.5,18:49:33,4.390e-06
22368.7,18:49:34,4.390e-06
22369.8,18:49:35,4.390e-06
22371.0,18:49:36,4.390e-06
22372.2,18:49:38,4.390e-06
22373.3,18:49:39,4.390e-06
22374.5,18:49:40,4.390e-06
22375.7,18:49:41,4.390e-06
22376.8,18:49:42,4.390e-06
22378.0,18:49:43,4.360e-06
22379.2,18:49:45,4.340e-06
22380.4,18:49:46,4.340e-06
22381.5,18:49:47,4.340e-06
22382.7,18:49:48,4.340e-06
22383.9,18:49:49,4.340e-06
22385.1,18:49:51,4.340e-06
22386.2,18:49:52,4.340e-06
22387.4,18:49:53,4.340e-06
22388.6,18:49:54,4.350e-06
22389.7,18:49:55,4.340e-06
22390.9,18:49:56,4.340e-06
22392.1,18:49:58,4.340e-06
22393.3,18:49:59,4.340e-06
22394.4,18:50:00,4.340e-06
22395.6,18:50:01,4.340e-06
22396.8,18:50:02,4.350e-06
22397.9,18:50:03,4.350e-06
22399.1,18:50:05,4.350e-06
22400.3,18:50:06,4.340e-06
22401.5,18:50:07,4.350e-06
22402.6,18:50:08,4.350e-06
22403.8,18:50:09,4.350e-06
22405.0,18:50:10,4.350e-06
22406.1,18:50:12,4.350e-06
22407.3,18:50:13,4.340e-06
22408.5,18:50:14,4.340e-06
22409.7,18:50:15,4.340e-06
22410.8,18:50:16,4.330e-06
22412.0,18:50:17,4.330e-06
22413.2,18:50:19,4.330e-06
22414.4,18:50:20,4.330e-06
22415.6,18:50:21,4.330e-06
22416.7,18:50:22,4.330e-06
22417.9,18:50:23,4.330e-06
22419.1,18:50:25,4.330e-06
22420.2,18:50:26,4.330e-06
22421.4,18:50:27,4.330e-06
22422.6,18:50:28,4.330e-06
22423.8,18:50:29,4.330e-06
22424.9,18:50:30,4.330e-06
22426.1,18:50:32,4.330e-06
22427.3,18:50:33,4.330e-06
22428.4,18:50:34,4.330e-06
22429.6,18:50:35,4.330e-06
22430.8,18:50:36,4.330e-06
22431.9,18:50:37,4.330e-06
22433.1,18:50:39,4.330e-06
22434.3,18:50:40,4.330e-06
22435.4,18:50:41,4.330e-06
22436.6,18:50:42,4.330e-06
22437.8,18:50:43,4.330e-06
22439.0,18:50:44,4.320e-06
22440.1,18:50:46,4.320e-06
22441.3,18:50:47,4.320e-06
22442.5,18:50:48,4.320e-06
22443.6,18:50:49,4.320e-06
22444.8,18:50:50,4.320e-06
22446.0,18:50:51,4.320e-06
22447.2,18:50:53,4.320e-06
22448.3,18:50:54,4.310e-06
22449.5,18:50:55,4.310e-06
22450.7,18:50:56,4.310e-06
22451.9,18:50:57,4.310e-06
22453.0,18:50:58,4.310e-06
22454.2,18:51:00,4.310e-06
22455.4,18:51:01,4.310e-06
22456.6,18:51:02,4.310e-06
22457.7,18:51:03,4.310e-06
22458.9,18:51:04,4.310e-06
22460.1,18:51:06,4.310e-06
22461.2,18:51:07,4.310e-06
22462.4,18:51:08,4.310e-06
22463.6,18:51:09,4.310e-06
22464.8,18:51:10,4.310e-06
22465.9,18:51:11,4.310e-06
22467.1,18:51:13,4.310e-06
22468.3,18:51:14,4.310e-06
22469.5,18:51:15,4.310e-06
22470.6,18:51:16,4.320e-06
22471.8,18:51:17,4.310e-06
22473.0,18:51:18,4.320e-06
22474.1,18:51:20,4.320e-06
22475.3,18:51:21,4.320e-06
22476.5,18:51:22,4.320e-06
22477.7,18:51:23,4.320e-06
22478.8,18:51:24,4.320e-06
22480.0,18:51:25,4.320e-06
22481.2,18:51:27,4.320e-06
22482.4,18:51:28,4.320e-06
22483.5,18:51:29,4.320e-06
22484.7,18:51:30,4.320e-06
22485.9,18:51:31,4.320e-06
22487.0,18:51:32,4.320e-06
22488.2,18:51:34,4.330e-06
22489.4,18:51:35,4.330e-06
22490.6,18:51:36,4.320e-06
22491.7,18:51:37,4.330e-06
22492.9,18:51:38,4.330e-06
22494.1,18:51:40,4.330e-06
22495.3,18:51:41,4.330e-06
22496.4,18:51:42,4.330e-06
22497.6,18:51:43,4.330e-06
22498.8,18:51:44,4.330e-06
22499.9,18:51:45,4.330e-06
22501.1,18:51:47,4.330e-06
22502.3,18:51:48,4.330e-06
22503.4,18:51:49,4.330e-06
22504.6,18:51:50,4.330e-06
22505.8,18:51:51,4.330e-06
22506.9,18:51:52,4.330e-06
22508.1,18:51:54,4.330e-06
22509.3,18:51:55,4.330e-06
22510.5,18:51:56,4.330e-06
22511.6,18:51:57,4.330e-06
22512.8,18:51:58,4.330e-06
22514.0,18:51:59,4.330e-06
22515.2,18:52:01,4.290e-06
22516.3,18:52:02,4.280e-06
22517.5,18:52:03,4.280e-06
22518.7,18:52:04,4.280e-06
22519.8,18:52:05,4.280e-06
22521.0,18:52:06,4.280e-06
22522.1,18:52:08,4.280e-06
22523.3,18:52:09,4.280e-06
22524.5,18:52:10,4.280e-06
22525.7,18:52:11,4.280e-06
22526.9,18:52:12,4.280e-06
22528.0,18:52:13,4.280e-06
22529.2,18:52:15,4.280e-06
22530.4,18:52:16,4.280e-06
22531.5,18:52:17,4.280e-06
22532.7,18:52:18,4.280e-06
22533.9,18:52:19,4.280e-06
22535.0,18:52:20,4.290e-06
22536.2,18:52:22,4.290e-06
22537.4,18:52:23,4.290e-06
22538.5,18:52:24,4.280e-06
22539.7,18:52:25,4.290e-06
22540.9,18:52:26,4.290e-06
22542.1,18:52:27,4.290e-06
22543.2,18:52:29,4.290e-06
22544.4,18:52:30,4.290e-06
22545.6,18:52:31,4.310e-06
22546.7,18:52:32,4.350e-06
22547.9,18:52:33,4.420e-06
22549.1,18:52:35,4.450e-06
22550.2,18:52:36,4.510e-06
22551.4,18:52:37,4.540e-06
22552.6,18:52:38,4.570e-06
22553.8,18:52:39,4.590e-06
22554.9,18:52:40,4.600e-06
22556.1,18:52:42,4.610e-06
22557.3,18:52:43,4.630e-06
22558.4,18:52:44,4.640e-06
22559.6,18:52:45,4.660e-06
22560.8,18:52:46,4.670e-06
22562.0,18:52:47,4.690e-06
22563.1,18:52:49,4.700e-06
22564.3,18:52:50,4.720e-06
22565.5,18:52:51,4.730e-06
22566.7,18:52:52,4.750e-06
22567.8,18:52:53,4.750e-06
22569.0,18:52:54,4.770e-06
22570.2,18:52:56,4.780e-06
22571.3,18:52:57,4.790e-06
22572.5,18:52:58,4.800e-06
22573.7,18:52:59,4.820e-06
22574.9,18:53:00,4.830e-06
22576.0,18:53:01,4.840e-06
22577.2,18:53:03,4.850e-06
22578.4,18:53:04,4.860e-06
22579.5,18:53:05,4.880e-06
22580.7,18:53:06,4.890e-06
22581.9,18:53:07,4.910e-06
22583.1,18:53:09,4.920e-06
22584.3,18:53:10,4.930e-06
22585.4,18:53:11,4.950e-06
22586.6,18:53:12,4.960e-06
22587.8,18:53:13,4.980e-06
22589.0,18:53:14,4.990e-06
22590.1,18:53:16,5.000e-06
22591.3,18:53:17,5.020e-06
22592.5,18:53:18,5.030e-06
22593.6,18:53:19,5.040e-06
22594.8,18:53:20,5.060e-06
22596.0,18:53:21,5.070e-06
22597.2,18:53:23,5.080e-06
22598.3,18:53:24,5.100e-06
22599.5,18:53:25,5.110e-06
22600.7,18:53:26,5.120e-06
22601.9,18:53:27,5.140e-06
22603.0,18:53:28,5.150e-06
22604.2,18:53:30,5.160e-06
22605.4,18:53:31,5.180e-06
22606.5,18:53:32,5.190e-06
22607.7,18:53:33,5.210e-06
22608.9,18:53:34,5.220e-06
22610.0,18:53:35,5.230e-06
22611.2,18:53:37,5.250e-06
22612.4,18:53:38,5.260e-06
22613.6,18:53:39,5.270e-06
22614.7,18:53:40,5.290e-06
22615.9,18:53:41,5.300e-06
22617.1,18:53:43,5.310e-06
22618.3,18:53:44,5.330e-06
22619.4,18:53:45,5.340e-06
22620.6,18:53:46,5.350e-06
22621.8,18:53:47,5.370e-06
22623.0,18:53:48,5.380e-06
22624.1,18:53:50,5.390e-06
22625.3,18:53:51,5.410e-06
22626.5,18:53:52,5.420e-06
22627.6,18:53:53,5.440e-06
22628.8,18:53:54,5.450e-06
22630.0,18:53:55,5.460e-06
22631.2,18:53:57,5.480e-06
22632.3,18:53:58,5.490e-06
22633.5,18:53:59,5.500e-06
22634.7,18:54:00,5.520e-06
22635.9,18:54:01,5.530e-06
22637.0,18:54:02,5.550e-06
22638.2,18:54:04,5.560e-06
22639.4,18:54:05,5.570e-06
22640.6,18:54:06,5.590e-06
22641.7,18:54:07,5.600e-06
22642.9,18:54:08,5.620e-06
22644.1,18:54:10,5.630e-06
22645.2,18:54:11,5.640e-06
22646.4,18:54:12,5.650e-06
22647.6,18:54:13,5.660e-06
22648.7,18:54:14,5.670e-06
22649.9,18:54:15,5.690e-06
22651.1,18:54:17,5.700e-06
22652.3,18:54:18,5.670e-06
22653.4,18:54:19,5.670e-06
22654.6,18:54:20,5.680e-06
22655.8,18:54:21,5.700e-06
22657.0,18:54:22,5.710e-06
22658.1,18:54:24,5.720e-06
22659.3,18:54:25,5.730e-06
22660.5,18:54:26,5.750e-06
22661.7,18:54:27,5.760e-06
22662.8,18:54:28,5.780e-06
22664.0,18:54:29,5.790e-06
22665.2,18:54:31,5.800e-06
22666.3,18:54:32,5.810e-06
22667.5,18:54:33,5.820e-06
22668.7,18:54:34,5.840e-06
22669.8,18:54:35,5.850e-06
22671.1,18:54:36,5.870e-06
22672.2,18:54:38,5.880e-06
22673.4,18:54:39,5.890e-06
22674.6,18:54:40,5.910e-06
22675.7,18:54:41,5.920e-06
22676.9,18:54:42,5.930e-06
22678.1,18:54:43,5.940e-06
22679.2,18:54:45,5.950e-06
22680.4,18:54:46,5.960e-06
22681.6,18:54:47,5.960e-06
22682.8,18:54:48,5.980e-06
22683.9,18:54:49,5.980e-06
22685.1,18:54:51,5.990e-06
22686.3,18:54:52,6.000e-06
22687.5,18:54:53,6.010e-06
22688.6,18:54:54,6.020e-06
22689.8,18:54:55,6.030e-06
22691.0,18:54:56,6.030e-06
22692.1,18:54:58,6.040e-06
22693.3,18:54:59,6.050e-06
22694.5,18:55:00,6.060e-06
22695.6,18:55:01,6.070e-06
22696.8,18:55:02,6.080e-06
22698.0,18:55:03,6.080e-06
22699.1,18:55:05,6.100e-06
22700.3,18:55:06,6.110e-06
22701.5,18:55:07,6.120e-06
22702.7,18:55:08,6.130e-06
22703.8,18:55:09,6.140e-06
22705.0,18:55:10,6.150e-06
22706.2,18:55:12,6.160e-06
22707.3,18:55:13,6.170e-06
22708.5,18:55:14,6.170e-06
22709.7,18:55:15,6.190e-06
22710.8,18:55:16,6.190e-06
22712.0,18:55:17,6.200e-06
22713.2,18:55:19,6.210e-06
22714.3,18:55:20,6.220e-06
22715.5,18:55:21,6.230e-06
22716.7,18:55:22,6.240e-06
22717.8,18:55:23,6.250e-06
22719.0,18:55:24,6.260e-06
22720.2,18:55:26,6.270e-06
22721.4,18:55:27,6.280e-06
22722.5,18:55:28,6.280e-06
22723.7,18:55:29,6.300e-06
22724.9,18:55:30,6.300e-06
22726.0,18:55:31,6.310e-06
22727.2,18:55:33,6.330e-06
22728.4,18:55:34,6.340e-06
22729.5,18:55:35,6.350e-06
22730.7,18:55:36,6.370e-06
22731.9,18:55:37,6.380e-06
22733.1,18:55:38,6.390e-06
22734.2,18:55:40,6.400e-06
22735.4,18:55:41,6.420e-06
22736.6,18:55:42,6.430e-06
22737.7,18:55:43,6.440e-06
22738.9,18:55:44,6.460e-06
22740.1,18:55:46,6.460e-06
22741.2,18:55:47,6.480e-06
22742.4,18:55:48,6.490e-06
22743.6,18:55:49,6.510e-06
22744.8,18:55:50,6.520e-06
22745.9,18:55:51,6.530e-06
22747.1,18:55:53,6.540e-06
22748.3,18:55:54,6.550e-06
22749.4,18:55:55,6.570e-06
22750.6,18:55:56,6.580e-06
22751.8,18:55:57,6.590e-06
22753.0,18:55:58,6.600e-06
22754.1,18:56:00,6.610e-06
22755.3,18:56:01,6.620e-06
22756.5,18:56:02,6.640e-06
22757.7,18:56:03,6.650e-06
22758.9,18:56:04,6.660e-06
22760.1,18:56:06,6.670e-06
22761.2,18:56:07,6.690e-06
22762.4,18:56:08,6.700e-06
22763.6,18:56:09,6.710e-06
22764.8,18:56:10,6.720e-06
22765.9,18:56:11,6.740e-06
22767.1,18:56:13,6.750e-06
22768.3,18:56:14,6.760e-06
22769.4,18:56:15,6.770e-06
22770.6,18:56:16,6.780e-06
22771.8,18:56:17,6.800e-06
22773.0,18:56:18,6.810e-06
22774.1,18:56:20,6.820e-06
22775.3,18:56:21,6.830e-06
22776.5,18:56:22,6.840e-06
22777.6,18:56:23,6.850e-06
22778.8,18:56:24,6.870e-06
22780.0,18:56:25,6.880e-06
22781.2,18:56:27,6.890e-06
22782.3,18:56:28,6.900e-06
22783.5,18:56:29,6.910e-06
22784.7,18:56:30,6.920e-06
22785.9,18:56:31,6.940e-06
22787.0,18:56:32,6.950e-06
22788.2,18:56:34,6.960e-06
22789.4,18:56:35,6.970e-06
22790.5,18:56:36,6.990e-06
22791.7,18:56:37,7.000e-06
22792.9,18:56:38,6.990e-06
22794.1,18:56:40,6.960e-06
22795.2,18:56:41,6.960e-06
22796.4,18:56:42,6.970e-06
22797.6,18:56:43,6.980e-06
22798.8,18:56:44,6.990e-06
22800.0,18:56:45,7.000e-06
22801.1,18:56:47,7.010e-06
22802.3,18:56:48,7.020e-06
22803.5,18:56:49,7.030e-06
22804.6,18:56:50,7.040e-06
22805.8,18:56:51,7.050e-06
22807.0,18:56:52,7.060e-06
22808.1,18:56:54,7.070e-06
22809.3,18:56:55,7.080e-06
22810.5,18:56:56,7.100e-06
22811.7,18:56:57,7.110e-06
22812.8,18:56:58,7.120e-06
22814.0,18:56:59,7.140e-06
22815.2,18:57:01,7.150e-06
22816.4,18:57:02,7.160e-06
22817.5,18:57:03,7.170e-06
22818.7,18:57:04,7.190e-06
22819.9,18:57:05,7.200e-06
22821.1,18:57:06,7.210e-06
22822.2,18:57:08,7.210e-06
22823.4,18:57:09,7.230e-06
22824.6,18:57:10,7.240e-06
22825.8,18:57:11,7.250e-06
22826.9,18:57:12,7.260e-06
22828.1,18:57:14,7.260e-06
22829.3,18:57:15,7.280e-06
22830.4,18:57:16,7.290e-06
22831.6,18:57:17,7.290e-06
22832.8,18:57:18,7.300e-06
22834.0,18:57:19,7.300e-06
22835.1,18:57:21,7.310e-06
22836.3,18:57:22,7.320e-06
22837.5,18:57:23,7.330e-06
22838.7,18:57:24,7.330e-06
22839.8,18:57:25,7.340e-06
22841.0,18:57:26,7.350e-06
22842.2,18:57:28,7.370e-06
22843.3,18:57:29,7.380e-06
22844.5,18:57:30,7.390e-06
22845.7,18:57:31,7.400e-06
22846.8,18:57:32,7.410e-06
22848.0,18:57:33,7.420e-06
22849.2,18:57:35,7.430e-06
22850.3,18:57:36,7.450e-06
22851.5,18:57:37,7.460e-06
22852.7,18:57:38,7.470e-06
22853.9,18:57:39,7.480e-06
22855.0,18:57:40,7.490e-06
22856.2,18:57:42,7.500e-06
22857.4,18:57:43,7.510e-06
22858.5,18:57:44,7.520e-06
22859.7,18:57:45,7.540e-06
22860.9,18:57:46,7.540e-06
22862.0,18:57:47,7.550e-06
22863.2,18:57:49,7.560e-06
22864.4,18:57:50,7.570e-06
22865.5,18:57:51,7.580e-06
22866.7,18:57:52,7.600e-06
22867.9,18:57:53,7.600e-06
22869.1,18:57:55,7.610e-06
22870.2,18:57:56,7.630e-06
22871.4,18:57:57,7.640e-06
22872.6,18:57:58,7.650e-06
22873.7,18:57:59,7.660e-06
22874.9,18:58:00,7.670e-06
22876.1,18:58:02,7.680e-06
22877.3,18:58:03,7.690e-06
22878.4,18:58:04,7.700e-06
22879.6,18:58:05,7.700e-06
22880.8,18:58:06,7.730e-06
22882.0,18:58:07,7.730e-06
22883.1,18:58:09,7.740e-06
22884.3,18:58:10,7.750e-06
22885.5,18:58:11,7.760e-06
22886.7,18:58:12,7.770e-06
22887.8,18:58:13,7.780e-06
22889.0,18:58:14,7.800e-06
22890.2,18:58:16,7.810e-06
22891.3,18:58:17,7.810e-06
22892.5,18:58:18,7.830e-06
22893.7,18:58:19,7.830e-06
22894.9,18:58:20,7.840e-06
22896.1,18:58:21,7.850e-06
22897.2,18:58:23,7.860e-06
22898.4,18:58:24,7.870e-06
22899.6,18:58:25,7.890e-06
22900.7,18:58:26,7.900e-06
22901.9,18:58:27,7.910e-06
22903.1,18:58:29,7.920e-06
22904.2,18:58:30,7.930e-06
22905.4,18:58:31,7.940e-06
22906.6,18:58:32,7.950e-06
22907.8,18:58:33,7.960e-06
22908.9,18:58:34,7.980e-06
22910.1,18:58:36,7.990e-06
22911.3,18:58:37,8.000e-06
22912.4,18:58:38,8.010e-06
22913.6,18:58:39,8.010e-06
22914.8,18:58:40,8.030e-06
22915.9,18:58:41,8.030e-06
22917.1,18:58:43,8.040e-06
22918.3,18:58:44,8.050e-06
22919.5,18:58:45,8.070e-06
22920.7,18:58:46,8.080e-06
22921.8,18:58:47,8.090e-06
22923.0,18:58:48,8.100e-06
22924.2,18:58:50,8.110e-06
22925.3,18:58:51,8.120e-06
22926.5,18:58:52,8.130e-06
22927.7,18:58:53,8.140e-06
22928.8,18:58:54,8.160e-06
22930.0,18:58:55,8.170e-06
22931.2,18:58:57,8.170e-06
22932.4,18:58:58,8.190e-06
22933.6,18:58:59,8.190e-06
22934.7,18:59:00,8.160e-06
22935.9,18:59:01,8.120e-06
22937.1,18:59:03,8.120e-06
22938.3,18:59:04,8.130e-06
22939.5,18:59:05,8.130e-06
22940.6,18:59:06,8.140e-06
22941.8,18:59:07,8.160e-06
22943.0,18:59:08,8.170e-06
22944.2,18:59:10,8.170e-06
22945.3,18:59:11,8.180e-06
22946.5,18:59:12,8.190e-06
22947.7,18:59:13,8.200e-06
22948.8,18:59:14,8.210e-06
22950.0,18:59:15,8.220e-06
22951.2,18:59:17,8.230e-06
22952.3,18:59:18,8.250e-06
22953.5,18:59:19,8.260e-06
22954.7,18:59:20,8.270e-06
22955.8,18:59:21,8.270e-06
22957.0,18:59:22,8.290e-06
22958.2,18:59:24,8.290e-06
22959.3,18:59:25,8.300e-06
22960.5,18:59:26,8.310e-06
22961.7,18:59:27,8.320e-06
22962.9,18:59:28,8.340e-06
22964.1,18:59:30,8.350e-06
22965.2,18:59:31,8.360e-06
22966.4,18:59:32,8.370e-06
22967.6,18:59:33,8.370e-06
22968.8,18:59:34,8.380e-06
22969.9,18:59:35,8.390e-06
22971.1,18:59:37,8.400e-06
22972.2,18:59:38,8.410e-06
22973.4,18:59:39,8.430e-06
22974.6,18:59:40,8.440e-06
22975.8,18:59:41,8.440e-06
22977.0,18:59:42,8.450e-06
22978.1,18:59:44,8.460e-06
22979.3,18:59:45,8.470e-06
22980.5,18:59:46,8.480e-06
22981.6,18:59:47,8.490e-06
22982.8,18:59:48,8.500e-06
22984.0,18:59:49,8.500e-06
22985.1,18:59:51,8.530e-06
22986.3,18:59:52,8.530e-06
22987.5,18:59:53,8.540e-06
22988.7,18:59:54,8.550e-06
22989.9,18:59:55,8.560e-06
22991.0,18:59:56,8.570e-06
22992.2,18:59:58,8.580e-06
22993.4,18:59:59,8.590e-06
22994.6,19:00:00,8.610e-06
22995.7,19:00:01,8.610e-06
22996.9,19:00:02,8.620e-06
22998.1,19:00:04,8.630e-06
22999.2,19:00:05,8.640e-06
23000.4,19:00:06,8.650e-06
23001.6,19:00:07,8.660e-06
23002.8,19:00:08,8.670e-06
23003.9,19:00:09,8.680e-06
23005.1,19:00:11,8.700e-06
23006.3,19:00:12,8.710e-06
23007.5,19:00:13,8.710e-06
23008.6,19:00:14,8.720e-06
23009.8,19:00:15,8.730e-06
23011.0,19:00:16,8.730e-06
23012.1,19:00:18,8.750e-06
23013.3,19:00:19,8.750e-06
23014.5,19:00:20,8.760e-06
23015.6,19:00:21,8.790e-06
23016.8,19:00:22,8.790e-06
23018.0,19:00:23,8.800e-06
23019.2,19:00:25,8.810e-06
23020.4,19:00:26,8.820e-06
23021.5,19:00:27,8.830e-06
23022.7,19:00:28,8.830e-06
23023.9,19:00:29,8.840e-06
23025.1,19:00:30,8.850e-06
23026.2,19:00:32,8.860e-06
23027.4,19:00:33,8.880e-06
23028.6,19:00:34,8.890e-06
23029.7,19:00:35,8.900e-06
23030.9,19:00:36,8.910e-06
23032.1,19:00:38,8.920e-06
23033.2,19:00:39,8.930e-06
23034.4,19:00:40,8.930e-06
23035.6,19:00:41,8.950e-06
23036.8,19:00:42,8.970e-06
23037.9,19:00:43,8.970e-06
23039.1,19:00:45,8.980e-06
23040.3,19:00:46,8.990e-06
23041.5,19:00:47,9.000e-06
23042.6,19:00:48,9.010e-06
23043.8,19:00:49,9.020e-06
23045.0,19:00:50,9.030e-06
23046.1,19:00:52,9.030e-06
23047.3,19:00:53,9.040e-06
23048.5,19:00:54,9.060e-06
23049.7,19:00:55,9.070e-06
23050.8,19:00:56,9.080e-06
23052.0,19:00:57,9.090e-06
23053.2,19:00:59,9.100e-06
23054.4,19:01:00,9.110e-06
23055.5,19:01:01,9.110e-06
23056.7,19:01:02,9.120e-06
23057.9,19:01:03,9.150e-06
23059.0,19:01:04,9.150e-06
23060.2,19:01:06,9.160e-06
23061.4,19:01:07,9.170e-06
23062.6,19:01:08,9.180e-06
23063.7,19:01:09,9.190e-06
23064.9,19:01:10,9.190e-06
23066.1,19:01:12,9.200e-06
23067.2,19:01:13,9.210e-06
23068.4,19:01:14,9.230e-06
23069.6,19:01:15,9.240e-06
23070.8,19:01:16,9.250e-06
23071.9,19:01:17,9.260e-06
23073.1,19:01:19,9.270e-06
23074.3,19:01:20,9.270e-06
23075.4,19:01:21,9.250e-06
23076.6,19:01:22,9.190e-06
23077.8,19:01:23,9.180e-06
23079.0,19:01:24,9.190e-06
23080.1,19:01:26,9.190e-06
23081.3,19:01:27,9.190e-06
23082.5,19:01:28,9.200e-06
23083.6,19:01:29,9.210e-06
23084.8,19:01:30,9.210e-06
23086.0,19:01:31,9.230e-06
23087.2,19:01:33,9.240e-06
23088.3,19:01:34,9.250e-06
23089.5,19:01:35,9.250e-06
23090.7,19:01:36,9.260e-06
23091.8,19:01:37,9.260e-06
23093.0,19:01:38,9.270e-06
23094.2,19:01:40,9.270e-06
23095.3,19:01:41,9.280e-06
23096.5,19:01:42,9.290e-06
23097.7,19:01:43,9.290e-06
23098.9,19:01:44,9.300e-06
23100.0,19:01:45,9.320e-06
23101.2,19:01:47,9.320e-06
23102.4,19:01:48,9.330e-06
23103.5,19:01:49,9.330e-06
23104.7,19:01:50,9.340e-06
23105.9,19:01:51,9.350e-06
23107.0,19:01:52,9.350e-06
23108.2,19:01:54,9.360e-06
23109.4,19:01:55,9.370e-06
23110.6,19:01:56,9.370e-06
23111.7,19:01:57,9.380e-06
23112.9,19:01:58,9.390e-06
23114.1,19:02:00,9.390e-06
23115.2,19:02:01,9.410e-06
23116.4,19:02:02,9.420e-06
23117.6,19:02:03,9.430e-06
23118.8,19:02:04,9.430e-06
23120.0,19:02:05,9.440e-06
23121.2,19:02:07,9.450e-06
23122.3,19:02:08,9.450e-06
23123.5,19:02:09,9.460e-06
23124.7,19:02:10,9.470e-06
23125.8,19:02:11,9.470e-06
23127.0,19:02:12,9.480e-06
23128.2,19:02:14,9.500e-06
23129.3,19:02:15,9.510e-06
23130.5,19:02:16,9.510e-06
23131.7,19:02:17,9.520e-06
23132.8,19:02:18,9.520e-06
23134.0,19:02:19,9.530e-06
23135.2,19:02:21,9.530e-06
23136.4,19:02:22,9.540e-06
23137.6,19:02:23,9.550e-06
23138.7,19:02:24,9.550e-06
23139.9,19:02:25,9.560e-06
23141.1,19:02:27,9.570e-06
23142.3,19:02:28,9.570e-06
23143.4,19:02:29,9.590e-06
23144.6,19:02:30,9.600e-06
23145.8,19:02:31,9.600e-06
23146.9,19:02:32,9.610e-06
23148.1,19:02:34,9.620e-06
23149.3,19:02:35,9.620e-06
23150.5,19:02:36,9.630e-06
23151.6,19:02:37,9.630e-06
23152.8,19:02:38,9.640e-06
23154.0,19:02:39,9.640e-06
23155.2,19:02:41,9.650e-06
23156.4,19:02:42,9.650e-06
23157.6,19:02:43,9.660e-06
23158.7,19:02:44,9.680e-06
23159.9,19:02:45,9.690e-06
23161.1,19:02:47,9.690e-06
23162.3,19:02:48,9.700e-06
23163.5,19:02:49,9.710e-06
23164.6,19:02:50,9.710e-06
23165.8,19:02:51,9.720e-06
23166.9,19:02:52,9.730e-06
23168.1,19:02:54,9.730e-06
23169.3,19:02:55,9.740e-06
23170.4,19:02:56,9.740e-06
23171.6,19:02:57,9.750e-06
23172.8,19:02:58,9.750e-06
23174.0,19:02:59,9.770e-06
23175.1,19:03:01,9.780e-06
23176.3,19:03:02,9.790e-06
23177.5,19:03:03,9.790e-06
23178.6,19:03:04,9.800e-06
23179.8,19:03:05,9.810e-06
23181.0,19:03:06,9.810e-06
23182.1,19:03:08,9.820e-06
23183.3,19:03:09,9.820e-06
23184.5,19:03:10,9.830e-06
23185.6,19:03:11,9.850e-06
23186.8,19:03:12,9.850e-06
23188.0,19:03:13,9.860e-06
23189.1,19:03:15,9.870e-06
23190.3,19:03:16,9.870e-06
23191.5,19:03:17,9.880e-06
23192.7,19:03:18,9.890e-06
23193.9,19:03:19,9.890e-06
23195.0,19:03:20,9.900e-06
23196.2,19:03:22,9.910e-06
23197.4,19:03:23,9.910e-06
23198.6,19:03:24,9.920e-06
23199.7,19:03:25,9.940e-06
23200.9,19:03:26,9.940e-06
23202.1,19:03:28,9.950e-06
23203.2,19:03:29,9.880e-06
23204.4,19:03:30,9.850e-06
23205.6,19:03:31,9.830e-06
23206.8,19:03:32,9.850e-06
23207.9,19:03:33,9.850e-06
23209.1,19:03:35,9.850e-06
23210.3,19:03:36,9.860e-06
23211.4,19:03:37,9.860e-06
23212.6,19:03:38,9.870e-06
23213.8,19:03:39,9.870e-06
23215.0,19:03:40,9.880e-06
23216.1,19:03:42,9.880e-06
23217.3,19:03:43,9.880e-06
23218.5,19:03:44,9.890e-06
23219.7,19:03:45,9.890e-06
23220.8,19:03:46,9.900e-06
23222.0,19:03:47,9.900e-06
23223.2,19:03:49,9.910e-06
23224.4,19:03:50,9.910e-06
23225.5,19:03:51,9.910e-06
23226.7,19:03:52,9.920e-06
23227.9,19:03:53,9.940e-06
23229.0,19:03:54,9.940e-06
23230.2,19:03:56,9.950e-06
23231.4,19:03:57,9.950e-06
23232.6,19:03:58,9.950e-06
23233.8,19:03:59,9.960e-06
23234.9,19:04:00,9.970e-06
23236.1,19:04:02,9.970e-06
23237.3,19:04:03,9.970e-06
23238.5,19:04:04,9.980e-06
23239.6,19:04:05,9.990e-06
23240.8,19:04:06,9.990e-06
23242.0,19:04:07,1.000e-05
23243.2,19:04:09,1.000e-05
23244.3,19:04:10,1.000e-05
23245.5,19:04:11,1.000e-05
23246.7,19:04:12,1.000e-05
23247.8,19:04:13,1.000e-05
23249.0,19:04:14,1.000e-05
23250.2,19:04:16,1.000e-05
23251.4,19:04:17,1.000e-05
23252.5,19:04:18,1.000e-05
23253.7,19:04:19,1.000e-05
23254.9,19:04:20,1.000e-05
23256.0,19:04:21,1.000e-05
23257.2,19:04:23,1.010e-05
23258.4,19:04:24,1.010e-05
23259.5,19:04:25,1.010e-05
23260.7,19:04:26,1.010e-05
23261.9,19:04:27,1.010e-05
23263.0,19:04:28,1.010e-05
23264.2,19:04:30,1.010e-05
23265.4,19:04:31,1.010e-05
23266.5,19:04:32,1.010e-05
23267.7,19:04:33,1.010e-05
23268.9,19:04:34,1.010e-05
23270.0,19:04:35,1.010e-05
23271.2,19:04:37,1.010e-05
23272.4,19:04:38,1.020e-05
23273.6,19:04:39,1.020e-05
23274.7,19:04:40,1.020e-05
23275.9,19:04:41,1.020e-05
23277.1,19:04:43,1.020e-05
23278.2,19:04:44,1.020e-05
23279.4,19:04:45,1.020e-05
23280.6,19:04:46,1.020e-05
23281.8,19:04:47,1.020e-05
23282.9,19:04:48,1.020e-05
23284.1,19:04:50,1.020e-05
23285.3,19:04:51,1.020e-05
23286.5,19:04:52,1.020e-05
23287.6,19:04:53,1.020e-05
23288.8,19:04:54,1.030e-05
23290.0,19:04:55,1.030e-05
23291.1,19:04:57,1.030e-05
23292.3,19:04:58,1.030e-05
23293.5,19:04:59,1.030e-05
23294.7,19:05:00,1.030e-05
23295.8,19:05:01,1.030e-05
23297.0,19:05:02,1.030e-05
23298.2,19:05:04,1.030e-05
23299.4,19:05:05,1.030e-05
23300.6,19:05:06,1.030e-05
23301.7,19:05:07,1.040e-05
23302.9,19:05:08,1.040e-05
23304.1,19:05:10,1.040e-05
23305.2,19:05:11,1.040e-05
23306.4,19:05:12,1.040e-05
23307.6,19:05:13,1.040e-05
23308.7,19:05:14,1.040e-05
23309.9,19:05:15,1.040e-05
23311.1,19:05:17,1.040e-05
23312.2,19:05:18,1.040e-05
23313.4,19:05:19,1.040e-05
23314.6,19:05:20,1.040e-05
23315.8,19:05:21,1.040e-05
23316.9,19:05:22,1.040e-05
23318.1,19:05:24,1.040e-05
23319.3,19:05:25,1.040e-05
23320.4,19:05:26,1.050e-05
23321.6,19:05:27,1.050e-05
23322.8,19:05:28,1.050e-05
23324.0,19:05:29,1.050e-05
23325.1,19:05:31,1.050e-05
23326.3,19:05:32,1.050e-05
23327.5,19:05:33,1.050e-05
23328.6,19:05:34,1.050e-05
23329.8,19:05:35,1.050e-05
23331.0,19:05:36,1.050e-05
23332.2,19:05:38,1.050e-05
23333.3,19:05:39,1.050e-05
23334.5,19:05:40,1.050e-05
23335.7,19:05:41,1.050e-05
23336.9,19:05:42,1.060e-05
23338.0,19:05:43,1.060e-05
23339.2,19:05:45,1.060e-05
23340.4,19:05:46,1.060e-05
23341.5,19:05:47,1.040e-05
23342.7,19:05:48,1.040e-05
23343.9,19:05:49,1.040e-05
23345.1,19:05:50,1.040e-05
23346.2,19:05:52,1.040e-05
23347.4,19:05:53,1.040e-05
23348.5,19:05:54,1.040e-05
23349.7,19:05:55,1.040e-05
23350.9,19:05:56,1.040e-05
23352.1,19:05:58,1.040e-05
23353.2,19:05:59,1.040e-05
23354.4,19:06:00,1.040e-05
23355.6,19:06:01,1.040e-05
23356.7,19:06:02,1.040e-05
23357.9,19:06:03,1.040e-05
23359.1,19:06:05,1.040e-05
23360.2,19:06:06,1.040e-05
23361.4,19:06:07,1.040e-05
23362.6,19:06:08,1.040e-05
23363.8,19:06:09,1.040e-05
23364.9,19:06:10,1.040e-05
23366.1,19:06:12,1.040e-05
23367.3,19:06:13,1.040e-05
23368.5,19:06:14,1.040e-05
23369.6,19:06:15,1.040e-05
23370.8,19:06:16,1.040e-05
23372.0,19:06:17,1.040e-05
23373.2,19:06:19,1.040e-05
23374.4,19:06:20,1.050e-05
23375.5,19:06:21,1.050e-05
23376.7,19:06:22,1.050e-05
23377.9,19:06:23,1.050e-05
23379.1,19:06:24,1.050e-05
23380.2,19:06:26,1.050e-05
23381.4,19:06:27,1.050e-05
23382.6,19:06:28,1.050e-05
23383.8,19:06:29,1.050e-05
23384.9,19:06:30,1.050e-05
23386.1,19:06:32,1.050e-05
23387.3,19:06:33,1.050e-05
23388.4,19:06:34,1.050e-05
23389.6,19:06:35,1.050e-05
23390.8,19:06:36,1.050e-05
23391.9,19:06:37,1.050e-05
23393.1,19:06:39,1.050e-05
23394.3,19:06:40,1.050e-05
23395.5,19:06:41,1.050e-05
23396.6,19:06:42,1.050e-05
23397.8,19:06:43,1.050e-05
23399.0,19:06:44,1.050e-05
23400.2,19:06:46,1.050e-05
23401.3,19:06:47,1.050e-05
23402.5,19:06:48,1.050e-05
23403.7,19:06:49,1.050e-05
23404.9,19:06:50,1.050e-05
23406.1,19:06:52,1.050e-05
23407.2,19:06:53,1.060e-05
23408.4,19:06:54,1.060e-05
23409.6,19:06:55,1.060e-05
23410.7,19:06:56,1.060e-05
23411.9,19:06:57,1.060e-05
23413.1,19:06:58,1.060e-05
23414.2,19:07:00,1.060e-05
23415.4,19:07:01,1.060e-05
23416.6,19:07:02,1.060e-05
23417.7,19:07:03,1.060e-05
23418.9,19:07:04,1.060e-05
23420.1,19:07:06,1.060e-05
23421.2,19:07:07,1.060e-05
23422.4,19:07:08,1.060e-05
23423.6,19:07:09,1.060e-05
23424.8,19:07:10,1.060e-05
23426.0,19:07:11,1.060e-05
23427.1,19:07:13,1.060e-05
23428.3,19:07:14,1.060e-05
23429.5,19:07:15,1.060e-05
23430.7,19:07:16,1.060e-05
23431.8,19:07:17,1.060e-05
23433.0,19:07:18,1.060e-05
23434.2,19:07:20,1.060e-05
23435.4,19:07:21,1.060e-05
23436.6,19:07:22,1.070e-05
23437.8,19:07:23,1.070e-05
23438.9,19:07:24,1.070e-05
23440.1,19:07:26,1.070e-05
23441.3,19:07:27,1.070e-05
23442.4,19:07:28,1.070e-05
23443.6,19:07:29,1.070e-05
23444.8,19:07:30,1.070e-05
23446.0,19:07:31,1.070e-05
23447.2,19:07:33,1.070e-05
23448.3,19:07:34,1.070e-05
23449.5,19:07:35,1.070e-05
23450.7,19:07:36,1.070e-05
23451.9,19:07:37,1.070e-05
23453.0,19:07:38,1.070e-05
23454.2,19:07:40,1.070e-05
23455.4,19:07:41,1.070e-05
23456.6,19:07:42,1.070e-05
23457.7,19:07:43,1.070e-05
23458.9,19:07:44,1.070e-05
23460.1,19:07:46,1.070e-05
23461.2,19:07:47,1.070e-05
23462.4,19:07:48,1.070e-05
23463.6,19:07:49,1.080e-05
23464.8,19:07:50,1.080e-05
23465.9,19:07:51,1.080e-05
23467.1,19:07:53,1.080e-05
23468.3,19:07:54,1.080e-05
23469.5,19:07:55,1.080e-05
23470.7,19:07:56,1.080e-05
23471.8,19:07:57,1.080e-05
23473.0,19:07:58,1.080e-05
23474.2,19:08:00,1.080e-05
23475.4,19:08:01,1.080e-05
23476.5,19:08:02,1.080e-05
23477.7,19:08:03,1.080e-05
23478.9,19:08:04,1.080e-05
23480.1,19:08:06,1.080e-05
23481.2,19:08:07,1.070e-05
23482.4,19:08:08,1.060e-05
23483.6,19:08:09,1.060e-05
23484.8,19:08:10,1.060e-05
23485.9,19:08:11,1.060e-05
23487.1,19:08:13,1.060e-05
23488.3,19:08:14,1.060e-05
23489.5,19:08:15,1.060e-05
23490.6,19:08:16,1.060e-05
23491.8,19:08:17,1.060e-05
23493.0,19:08:18,1.060e-05
23494.2,19:08:20,1.060e-05
23495.3,19:08:21,1.060e-05
23496.5,19:08:22,1.060e-05
23497.7,19:08:23,1.060e-05
23498.9,19:08:24,1.060e-05
23500.1,19:08:25,1.060e-05
23501.2,19:08:27,1.060e-05
23502.4,19:08:28,1.060e-05
23503.6,19:08:29,1.060e-05
23504.8,19:08:30,1.060e-05
23505.9,19:08:31,1.060e-05
23507.1,19:08:33,1.060e-05
23508.3,19:08:34,1.060e-05
23509.5,19:08:35,1.060e-05
23510.7,19:08:36,1.060e-05
23511.8,19:08:37,1.060e-05
23513.0,19:08:38,1.060e-05
23514.2,19:08:40,1.060e-05
23515.3,19:08:41,1.060e-05
23516.5,19:08:42,1.060e-05
23517.7,19:08:43,1.060e-05
23518.9,19:08:44,1.060e-05
23520.0,19:08:45,1.060e-05
23521.2,19:08:47,1.060e-05
23522.4,19:08:48,1.060e-05
23523.5,19:08:49,1.060e-05
23524.7,19:08:50,1.060e-05
23525.9,19:08:51,1.060e-05
23527.0,19:08:52,1.060e-05
23528.2,19:08:54,1.060e-05
23529.4,19:08:55,1.060e-05
23530.6,19:08:56,1.060e-05
23531.7,19:08:57,1.060e-05
23532.9,19:08:58,1.060e-05
23534.1,19:09:00,1.060e-05
23535.3,19:09:01,1.060e-05
23536.5,19:09:02,1.060e-05
23537.7,19:09:03,1.060e-05
23538.8,19:09:04,1.060e-05
23540.0,19:09:05,1.060e-05
23541.2,19:09:07,1.060e-05
23542.3,19:09:08,1.060e-05
23543.5,19:09:09,1.060e-05
23544.7,19:09:10,1.070e-05
23545.9,19:09:11,1.070e-05
23547.0,19:09:12,1.070e-05
23548.2,19:09:14,1.070e-05
23549.3,19:09:15,1.070e-05
23550.5,19:09:16,1.070e-05
23551.7,19:09:17,1.070e-05
23552.8,19:09:18,1.070e-05
23554.0,19:09:19,1.070e-05
23555.2,19:09:21,1.070e-05
23556.4,19:09:22,1.070e-05
23557.5,19:09:23,1.070e-05
23558.7,19:09:24,1.070e-05
23559.9,19:09:25,1.070e-05
23561.1,19:09:27,1.070e-05
23562.3,19:09:28,1.070e-05
23563.4,19:09:29,1.070e-05
23564.6,19:09:30,1.070e-05
23565.8,19:09:31,1.070e-05
23567.0,19:09:32,1.070e-05
23568.2,19:09:34,1.070e-05
23569.3,19:09:35,1.070e-05
23570.5,19:09:36,1.070e-05
23571.7,19:09:37,1.070e-05
23572.8,19:09:38,1.070e-05
23574.0,19:09:39,1.070e-05
23575.2,19:09:41,1.070e-05
23576.4,19:09:42,1.070e-05
23577.5,19:09:43,1.080e-05
23578.7,19:09:44,1.080e-05
23579.9,19:09:45,1.080e-05
23581.1,19:09:46,1.080e-05
23582.2,19:09:48,1.080e-05
23583.4,19:09:49,1.080e-05
23584.6,19:09:50,1.080e-05
23585.7,19:09:51,1.080e-05
23586.9,19:09:52,1.080e-05
23588.1,19:09:54,1.080e-05
23589.3,19:09:55,1.080e-05
23590.4,19:09:56,1.080e-05
23591.6,19:09:57,1.080e-05
23592.8,19:09:58,1.080e-05
23594.0,19:09:59,1.080e-05
23595.1,19:10:01,1.080e-05
23596.3,19:10:02,1.080e-05
23597.5,19:10:03,1.080e-05
23598.7,19:10:04,1.080e-05
23599.8,19:10:05,1.080e-05
23601.0,19:10:06,1.080e-05
23602.2,19:10:08,1.080e-05
23603.4,19:10:09,1.080e-05
23604.5,19:10:10,1.080e-05
23605.7,19:10:11,1.080e-05
23606.9,19:10:12,1.090e-05
23608.1,19:10:13,1.090e-05
23609.2,19:10:15,1.090e-05
23610.4,19:10:16,1.090e-05
23611.6,19:10:17,1.090e-05
23612.7,19:10:18,1.080e-05
23613.9,19:10:19,1.070e-05
23615.1,19:10:21,1.060e-05
23616.3,19:10:22,1.060e-05
23617.5,19:10:23,1.060e-05
23618.6,19:10:24,1.060e-05
23619.8,19:10:25,1.060e-05
23621.0,19:10:26,1.060e-05
23622.1,19:10:28,1.060e-05
23623.3,19:10:29,1.060e-05
23624.5,19:10:30,1.060e-05
23625.7,19:10:31,1.060e-05
23626.8,19:10:32,1.060e-05
23628.0,19:10:33,1.060e-05
23629.2,19:10:35,1.060e-05
23630.4,19:10:36,1.060e-05
23631.6,19:10:37,1.060e-05
23632.7,19:10:38,1.060e-05
23633.9,19:10:39,1.060e-05
23635.1,19:10:40,1.060e-05
23636.2,19:10:42,1.060e-05
23637.4,19:10:43,1.060e-05
23638.6,19:10:44,1.060e-05
23639.8,19:10:45,1.060e-05
23640.9,19:10:46,1.060e-05
23642.1,19:10:48,1.060e-05
23643.3,19:10:49,1.060e-05
23644.4,19:10:50,1.060e-05
23645.6,19:10:51,1.060e-05
23646.8,19:10:52,1.060e-05
23648.0,19:10:53,1.060e-05
23649.1,19:10:55,1.060e-05
23650.3,19:10:56,1.060e-05
23651.5,19:10:57,1.060e-05
23652.7,19:10:58,1.060e-05
23653.8,19:10:59,1.060e-05
23655.0,19:11:00,1.060e-05
23656.2,19:11:02,1.060e-05
23657.3,19:11:03,1.060e-05
23658.5,19:11:04,1.060e-05
23659.7,19:11:05,1.060e-05
23660.9,19:11:06,1.060e-05
23662.0,19:11:07,1.060e-05
23663.2,19:11:09,1.060e-05
23664.4,19:11:10,1.060e-05
23665.6,19:11:11,1.060e-05
23666.8,19:11:12,1.060e-05
23668.0,19:11:13,1.060e-05
23669.1,19:11:15,1.060e-05
23670.3,19:11:16,1.060e-05
23671.5,19:11:17,1.060e-05
23672.7,19:11:18,1.060e-05
23673.9,19:11:19,1.060e-05
23675.1,19:11:20,1.060e-05
23676.2,19:11:22,1.060e-05
23677.4,19:11:23,1.060e-05
23678.6,19:11:24,1.060e-05
23679.8,19:11:25,1.060e-05
23680.9,19:11:26,1.060e-05
23682.1,19:11:28,1.070e-05
23683.3,19:11:29,1.060e-05
23684.5,19:11:30,1.070e-05
23685.7,19:11:31,1.070e-05
23686.8,19:11:32,1.070e-05
23688.0,19:11:33,1.070e-05
23689.2,19:11:35,1.070e-05
23690.4,19:11:36,1.070e-05
23691.6,19:11:37,1.070e-05
23692.8,19:11:38,1.070e-05
23693.9,19:11:39,1.070e-05
23695.1,19:11:41,1.070e-05
23696.3,19:11:42,1.070e-05
23697.5,19:11:43,1.070e-05
23698.6,19:11:44,1.070e-05
23699.8,19:11:45,1.070e-05
23701.0,19:11:46,1.070e-05
23702.2,19:11:48,1.070e-05
23703.3,19:11:49,1.070e-05
23704.5,19:11:50,1.070e-05
23705.7,19:11:51,1.070e-05
23706.9,19:11:52,1.070e-05
23708.1,19:11:54,1.070e-05
23709.3,19:11:55,1.070e-05
23710.5,19:11:56,1.070e-05
23711.6,19:11:57,1.070e-05
23712.8,19:11:58,1.070e-05
23714.0,19:11:59,1.070e-05
23715.2,19:12:01,1.070e-05
23716.3,19:12:02,1.070e-05
23717.5,19:12:03,1.070e-05
23718.7,19:12:04,1.070e-05
23719.9,19:12:05,1.070e-05
23721.0,19:12:06,1.070e-05
23722.2,19:12:08,1.070e-05
23723.4,19:12:09,1.070e-05
23724.6,19:12:10,1.070e-05
23725.8,19:12:11,1.070e-05
23726.9,19:12:12,1.070e-05
23728.1,19:12:14,1.070e-05
23729.3,19:12:15,1.070e-05
23730.5,19:12:16,1.070e-05
23731.6,19:12:17,1.070e-05
23732.8,19:12:18,1.070e-05
23734.0,19:12:19,1.070e-05
23735.2,19:12:21,1.070e-05
23736.3,19:12:22,1.070e-05
23737.5,19:12:23,1.070e-05
23738.7,19:12:24,1.070e-05
23739.9,19:12:25,1.070e-05
23741.0,19:12:26,1.070e-05
23742.2,19:12:28,1.080e-05
23743.4,19:12:29,1.080e-05
23744.5,19:12:30,1.080e-05
23745.7,19:12:31,1.080e-05
23746.9,19:12:32,1.080e-05
23748.1,19:12:34,1.070e-05
23749.3,19:12:35,1.070e-05
23750.5,19:12:36,1.070e-05
23751.6,19:12:37,1.070e-05
23752.8,19:12:38,1.060e-05
23754.0,19:12:39,1.050e-05
23755.2,19:12:41,1.040e-05
23756.3,19:12:42,1.040e-05
23757.5,19:12:43,1.040e-05
23758.7,19:12:44,1.040e-05
23759.8,19:12:45,1.040e-05
23761.0,19:12:46,1.040e-05
23762.2,19:12:48,1.040e-05
23763.4,19:12:49,1.040e-05
23764.6,19:12:50,1.040e-05
23765.7,19:12:51,1.040e-05
23766.9,19:12:52,1.040e-05
23768.1,19:12:54,1.040e-05
23769.3,19:12:55,1.040e-05
23770.4,19:12:56,1.040e-05
23771.6,19:12:57,1.040e-05
23772.8,19:12:58,1.040e-05
23774.0,19:12:59,1.040e-05
23775.2,19:13:01,1.040e-05
23776.3,19:13:02,1.040e-05
23777.5,19:13:03,1.040e-05
23778.7,19:13:04,1.040e-05
23779.9,19:13:05,1.040e-05
23781.0,19:13:06,1.040e-05
23782.2,19:13:08,1.040e-05
23783.4,19:13:09,1.040e-05
23784.6,19:13:10,1.040e-05
23785.7,19:13:11,1.040e-05
23786.9,19:13:12,1.040e-05
23788.1,19:13:14,1.040e-05
23789.3,19:13:15,1.040e-05
23790.4,19:13:16,1.040e-05
23791.6,19:13:17,1.040e-05
23792.8,19:13:18,1.040e-05
23794.0,19:13:19,1.040e-05
23795.1,19:13:21,1.040e-05
23796.3,19:13:22,1.040e-05
23797.5,19:13:23,1.040e-05
23798.7,19:13:24,1.040e-05
23799.8,19:13:25,1.040e-05
23801.0,19:13:26,1.040e-05
23802.2,19:13:28,1.040e-05
23803.4,19:13:29,1.040e-05
23804.6,19:13:30,1.040e-05
23805.7,19:13:31,1.040e-05
23806.9,19:13:32,1.040e-05
23808.1,19:13:34,1.040e-05
23809.3,19:13:35,1.040e-05
23810.4,19:13:36,1.040e-05
23811.6,19:13:37,1.040e-05
23812.8,19:13:38,1.040e-05
23814.0,19:13:39,1.040e-05
23815.2,19:13:41,1.040e-05
23816.3,19:13:42,1.040e-05
23817.5,19:13:43,1.040e-05
23818.7,19:13:44,1.040e-05
23819.9,19:13:45,1.040e-05
23821.0,19:13:46,1.040e-05
23822.2,19:13:48,1.040e-05
23823.4,19:13:49,1.040e-05
23824.6,19:13:50,1.040e-05
23825.8,19:13:51,1.040e-05
23826.9,19:13:52,1.040e-05
23828.1,19:13:54,1.040e-05
23829.3,19:13:55,1.040e-05
23830.5,19:13:56,1.040e-05
23831.7,19:13:57,1.040e-05
23832.9,19:13:58,1.040e-05
23834.0,19:13:59,1.040e-05
23835.2,19:14:01,1.040e-05
23836.4,19:14:02,1.040e-05
23837.6,19:14:03,1.040e-05
23838.7,19:14:04,1.050e-05
23839.9,19:14:05,1.050e-05
23841.1,19:14:07,1.050e-05
23842.3,19:14:08,1.050e-05
23843.5,19:14:09,1.050e-05
23844.7,19:14:10,1.050e-05
23845.8,19:14:11,1.050e-05
23847.0,19:14:12,1.050e-05
23848.2,19:14:14,1.050e-05
23849.4,19:14:15,1.050e-05
23850.6,19:14:16,1.050e-05
23851.7,19:14:17,1.050e-05
23852.9,19:14:18,1.050e-05
23854.1,19:14:20,1.050e-05
23855.3,19:14:21,1.050e-05
23856.4,19:14:22,1.050e-05
23857.6,19:14:23,1.050e-05
23858.8,19:14:24,1.050e-05
23860.0,19:14:25,1.050e-05
23861.1,19:14:27,1.050e-05
23862.3,19:14:28,1.050e-05
23863.5,19:14:29,1.050e-05
23864.7,19:14:30,1.050e-05
23865.9,19:14:31,1.050e-05
23867.1,19:14:33,1.050e-05
23868.3,19:14:34,1.050e-05
23869.5,19:14:35,1.050e-05
23870.7,19:14:36,1.050e-05
23871.9,19:14:37,1.050e-05
23873.0,19:14:38,1.050e-05
23874.2,19:14:40,1.050e-05
23875.4,19:14:41,1.050e-05
23876.6,19:14:42,1.050e-05
23877.7,19:14:43,1.050e-05
23878.9,19:14:44,1.050e-05
23880.1,19:14:46,1.050e-05
23881.3,19:14:47,1.050e-05
23882.4,19:14:48,1.050e-05
23883.6,19:14:49,1.050e-05
23884.8,19:14:50,1.050e-05
23886.0,19:14:51,1.050e-05
23887.2,19:14:53,1.050e-05
23888.3,19:14:54,1.050e-05
23889.5,19:14:55,1.050e-05
23890.7,19:14:56,1.050e-05
23891.9,19:14:57,1.050e-05
23893.0,19:14:58,1.060e-05
23894.2,19:15:00,1.060e-05
23895.4,19:15:01,1.060e-05
23896.6,19:15:02,1.040e-05
23897.8,19:15:03,1.030e-05
23898.9,19:15:04,1.030e-05
23900.1,19:15:06,1.030e-05
23901.3,19:15:07,1.030e-05
23902.5,19:15:08,1.020e-05
23903.7,19:15:09,1.020e-05
23904.8,19:15:10,1.020e-05
23906.0,19:15:11,1.020e-05
23907.2,19:15:13,1.020e-05
23908.4,19:15:14,1.020e-05
23909.6,19:15:15,1.020e-05
23910.8,19:15:16,1.020e-05
23911.9,19:15:17,1.020e-05
23913.1,19:15:19,1.020e-05
23914.3,19:15:20,1.020e-05
23915.5,19:15:21,1.020e-05
23916.7,19:15:22,1.020e-05
23917.8,19:15:23,1.020e-05
23919.0,19:15:24,1.020e-05
23920.2,19:15:26,1.020e-05
23921.3,19:15:27,1.020e-05
23922.5,19:15:28,1.020e-05
23923.7,19:15:29,1.020e-05
23924.9,19:15:30,1.020e-05
23926.0,19:15:31,1.020e-05
23927.2,19:15:33,1.020e-05
23928.4,19:15:34,1.020e-05
23929.6,19:15:35,1.020e-05
23930.8,19:15:36,1.020e-05
23931.9,19:15:37,1.020e-05
23933.1,19:15:39,1.020e-05
23934.3,19:15:40,1.020e-05
23935.5,19:15:41,1.020e-05
23936.7,19:15:42,1.020e-05
23937.8,19:15:43,1.020e-05
23939.0,19:15:44,1.020e-05
23940.2,19:15:46,1.020e-05
23941.4,19:15:47,1.020e-05
23942.6,19:15:48,1.020e-05
23943.8,19:15:49,1.020e-05
23944.9,19:15:50,1.020e-05
23946.1,19:15:52,1.020e-05
23947.3,19:15:53,1.020e-05
23948.5,19:15:54,1.020e-05
23949.7,19:15:55,1.020e-05
23950.8,19:15:56,1.020e-05
23952.0,19:15:57,1.020e-05
23953.2,19:15:59,1.020e-05
23954.3,19:16:00,1.020e-05
23955.5,19:16:01,1.020e-05
23956.7,19:16:02,1.020e-05
23957.9,19:16:03,1.020e-05
23959.1,19:16:04,1.020e-05
23960.2,19:16:06,1.020e-05
23961.4,19:16:07,1.020e-05
23962.6,19:16:08,1.020e-05
23963.8,19:16:09,1.020e-05
23965.0,19:16:10,1.020e-05
23966.2,19:16:12,1.020e-05
23967.3,19:16:13,1.020e-05
23968.5,19:16:14,1.020e-05
23969.7,19:16:15,1.020e-05
23970.9,19:16:16,1.020e-05
23972.1,19:16:17,1.020e-05
23973.2,19:16:19,1.020e-05
23974.4,19:16:20,1.020e-05
23975.6,19:16:21,1.030e-05
23976.8,19:16:22,1.030e-05
23978.0,19:16:23,1.030e-05
23979.2,19:16:25,1.030e-05
23980.3,19:16:26,1.030e-05
23981.5,19:16:27,1.030e-05
23982.7,19:16:28,1.030e-05
23983.9,19:16:29,1.020e-05
23985.1,19:16:31,9.340e-06
23986.2,19:16:32,8.410e-06
23987.4,19:16:33,1.010e-05
23988.6,19:16:34,8.360e-06
23989.8,19:16:35,7.670e-06
23990.9,19:16:36,7.370e-06
23992.1,19:16:38,1.010e-05
23993.3,19:16:39,1.020e-05
23994.5,19:16:40,9.350e-06
23995.7,19:16:41,9.090e-06
23996.8,19:16:42,9.030e-06
23998.0,19:16:43,9.030e-06
23999.2,19:16:45,9.040e-06
24000.4,19:16:46,9.070e-06
24001.6,19:16:47,9.090e-06
24002.7,19:16:48,9.110e-06
24003.9,19:16:49,9.120e-06
24005.1,19:16:51,9.150e-06
24006.3,19:16:52,9.160e-06
24007.5,19:16:53,9.180e-06
24008.7,19:16:54,9.190e-06
24009.8,19:16:55,9.210e-06
24011.0,19:16:56,9.210e-06
24012.2,19:16:58,9.240e-06
24013.4,19:16:59,9.250e-06
24014.6,19:17:00,9.270e-06
24015.7,19:17:01,9.280e-06
24016.9,19:17:02,9.290e-06
24018.1,19:17:04,9.290e-06
24019.3,19:17:05,9.320e-06
24020.5,19:17:06,9.330e-06
24021.6,19:17:07,9.340e-06
24022.8,19:17:08,9.350e-06
24024.0,19:17:09,9.350e-06
24025.2,19:17:11,9.360e-06
24026.4,19:17:12,9.370e-06
24027.5,19:17:13,9.380e-06
24028.7,19:17:14,9.390e-06
24029.9,19:17:15,9.410e-06
24031.1,19:17:16,9.420e-06
24032.2,19:17:18,9.430e-06
24033.4,19:17:19,9.430e-06
24034.6,19:17:20,9.440e-06
24035.8,19:17:21,9.450e-06
24037.0,19:17:22,9.450e-06
24038.1,19:17:24,9.460e-06
24039.4,19:17:25,9.430e-06
24040.6,19:17:26,9.320e-06
24041.7,19:17:27,9.290e-06
24042.9,19:17:28,9.270e-06
24044.1,19:17:30,9.270e-06
24045.3,19:17:31,9.270e-06
24046.5,19:17:32,9.280e-06
24047.6,19:17:33,9.280e-06
24048.8,19:17:34,9.280e-06
24050.0,19:17:35,9.290e-06
24051.2,19:17:37,9.290e-06
24052.4,19:17:38,9.290e-06
24053.5,19:17:39,9.290e-06
24054.7,19:17:40,9.300e-06
24055.9,19:17:41,9.300e-06
24057.1,19:17:43,9.320e-06
24058.3,19:17:44,9.320e-06
24059.5,19:17:45,9.320e-06
24060.6,19:17:46,9.330e-06
24061.8,19:17:47,9.330e-06
24063.0,19:17:48,9.330e-06
24064.1,19:17:50,9.340e-06
24065.3,19:17:51,9.340e-06
24066.5,19:17:52,9.350e-06
24067.7,19:17:53,9.350e-06
24068.9,19:17:54,9.350e-06
24070.1,19:17:56,9.350e-06
24071.2,19:17:57,9.360e-06
24072.4,19:17:58,9.360e-06
24073.6,19:17:59,9.370e-06
24074.8,19:18:00,9.370e-06
24076.0,19:18:01,9.370e-06
24077.1,19:18:03,9.370e-06
24078.3,19:18:04,9.380e-06
24079.5,19:18:05,9.380e-06
24080.7,19:18:06,9.380e-06
24081.9,19:18:07,9.390e-06
24083.0,19:18:08,9.390e-06
24084.2,19:18:10,9.390e-06
24085.4,19:18:11,9.390e-06
24086.6,19:18:12,9.410e-06
24087.8,19:18:13,9.410e-06
24088.9,19:18:14,9.420e-06
24090.1,19:18:16,9.420e-06
24091.3,19:18:17,9.430e-06
24092.5,19:18:18,9.430e-06
24093.7,19:18:19,9.430e-06
24094.9,19:18:20,9.440e-06
24096.0,19:18:21,9.440e-06
24097.2,19:18:23,9.440e-06
24098.4,19:18:24,9.450e-06
24099.6,19:18:25,9.450e-06
24100.8,19:18:26,9.450e-06
24101.9,19:18:27,9.450e-06
24103.1,19:18:29,9.460e-06
24104.3,19:18:30,9.460e-06
24105.5,19:18:31,9.460e-06
24106.7,19:18:32,9.470e-06
24107.8,19:18:33,9.470e-06
24109.0,19:18:34,9.470e-06
24110.2,19:18:36,9.480e-06
24111.4,19:18:37,9.480e-06
24112.5,19:18:38,9.480e-06
24113.7,19:18:39,9.500e-06
24114.9,19:18:40,9.500e-06
24116.1,19:18:42,9.510e-06
24117.3,19:18:43,9.510e-06
24118.5,19:18:44,9.510e-06
24119.6,19:18:45,9.510e-06
24120.8,19:18:46,9.520e-06
24122.0,19:18:47,9.520e-06
24123.2,19:18:49,9.530e-06
24124.4,19:18:50,9.530e-06
24125.6,19:18:51,9.530e-06
24126.7,19:18:52,9.540e-06
24127.9,19:18:53,9.540e-06
24129.1,19:18:55,9.540e-06
24130.3,19:18:56,9.550e-06
24131.5,19:18:57,9.550e-06
24132.6,19:18:58,9.550e-06
24133.8,19:18:59,9.560e-06
24135.0,19:19:00,9.560e-06
24136.2,19:19:02,9.560e-06
24137.4,19:19:03,9.570e-06
24138.5,19:19:04,9.570e-06
24139.7,19:19:05,9.570e-06
24140.9,19:19:06,9.590e-06
24142.1,19:19:08,9.590e-06
24143.3,19:19:09,9.590e-06
24144.5,19:19:10,9.590e-06
24145.6,19:19:11,9.600e-06
24146.8,19:19:12,9.600e-06
24148.0,19:19:13,9.610e-06
24149.1,19:19:15,9.610e-06
24150.3,19:19:16,9.610e-06
24151.5,19:19:17,9.620e-06
24152.7,19:19:18,9.620e-06
24153.9,19:19:19,9.630e-06
24155.0,19:19:20,9.630e-06
24156.2,19:19:22,9.630e-06
24157.4,19:19:23,9.630e-06
24158.6,19:19:24,9.640e-06
24159.8,19:19:25,9.640e-06
24161.0,19:19:26,9.650e-06
24162.1,19:19:28,9.650e-06
24163.3,19:19:29,9.650e-06
24164.5,19:19:30,9.650e-06
24165.7,19:19:31,9.660e-06
24166.9,19:19:32,9.660e-06
24168.1,19:19:33,9.680e-06
24169.2,19:19:35,9.680e-06
24170.4,19:19:36,9.690e-06
24171.6,19:19:37,9.690e-06
24172.8,19:19:38,9.690e-06
24173.9,19:19:39,9.700e-06
24175.1,19:19:41,9.700e-06
24176.3,19:19:42,9.700e-06
24177.5,19:19:43,9.710e-06
24178.7,19:19:44,9.710e-06
24179.8,19:19:45,9.720e-06
24181.0,19:19:46,9.720e-06
24182.2,19:19:48,9.730e-06
24183.4,19:19:49,9.620e-06
24184.5,19:19:50,9.550e-06
24185.7,19:19:51,9.530e-06
24186.9,19:19:52,9.530e-06
24188.1,19:19:53,9.530e-06
24189.2,19:19:55,9.520e-06
24190.4,19:19:56,9.520e-06
24191.6,19:19:57,9.520e-06
24192.8,19:19:58,9.530e-06
24193.9,19:19:59,9.530e-06
24195.1,19:20:01,9.530e-06
24196.3,19:20:02,9.630e-06
24197.5,19:20:03,9.640e-06
24198.6,19:20:04,9.610e-06
24199.8,19:20:05,9.590e-06
24201.0,19:20:06,9.560e-06
24202.2,19:20:08,9.550e-06
24203.4,19:20:09,9.550e-06
24204.6,19:20:10,9.550e-06
24205.7,19:20:11,9.550e-06
24206.9,19:20:12,9.550e-06
24208.1,19:20:14,9.550e-06
24209.3,19:20:15,9.550e-06
24210.5,19:20:16,9.550e-06
24211.6,19:20:17,9.550e-06
24212.8,19:20:18,9.550e-06
24214.0,19:20:19,9.560e-06
24215.2,19:20:21,9.560e-06
24216.3,19:20:22,9.560e-06
24217.5,19:20:23,9.560e-06
24218.7,19:20:24,9.560e-06
24219.9,19:20:25,9.570e-06
24221.0,19:20:26,9.570e-06
24222.2,19:20:28,9.570e-06
24223.4,19:20:29,9.570e-06
24224.6,19:20:30,9.570e-06
24225.8,19:20:31,9.570e-06
24226.9,19:20:32,9.570e-06
24228.1,19:20:34,9.590e-06
24229.3,19:20:35,9.590e-06
24230.5,19:20:36,9.590e-06
24231.6,19:20:37,9.590e-06
24232.8,19:20:38,9.600e-06
24234.0,19:20:39,9.600e-06
24235.2,19:20:41,9.600e-06
24236.4,19:20:42,9.600e-06
24237.6,19:20:43,9.610e-06
24238.7,19:20:44,9.610e-06
24239.9,19:20:45,9.610e-06
24241.1,19:20:47,9.610e-06
24242.3,19:20:48,9.610e-06
24243.4,19:20:49,9.620e-06
24244.6,19:20:50,9.620e-06
24245.8,19:20:51,9.620e-06
24247.0,19:20:52,9.620e-06
24248.1,19:20:54,9.630e-06
24249.3,19:20:55,9.630e-06
24250.5,19:20:56,9.630e-06
24251.6,19:20:57,9.630e-06
24252.8,19:20:58,9.640e-06
24254.0,19:20:59,9.640e-06
24255.2,19:21:01,9.650e-06
24256.3,19:21:02,9.650e-06
24257.5,19:21:03,9.650e-06
24258.7,19:21:04,9.660e-06
24259.9,19:21:05,9.660e-06
24261.0,19:21:06,9.680e-06
24262.2,19:21:08,9.680e-06
24263.4,19:21:09,9.690e-06
24264.6,19:21:10,9.690e-06
24265.7,19:21:11,9.690e-06
24266.9,19:21:12,9.690e-06
24268.1,19:21:14,9.700e-06
24269.3,19:21:15,9.710e-06
24270.5,19:21:16,9.710e-06
24271.6,19:21:17,9.710e-06
24272.8,19:21:18,9.710e-06
24274.0,19:21:19,9.720e-06
24275.2,19:21:21,9.720e-06
24276.4,19:21:22,9.730e-06
24277.5,19:21:23,9.730e-06
24278.7,19:21:24,9.730e-06
24279.9,19:21:25,9.740e-06
24281.1,19:21:27,9.740e-06
24282.3,19:21:28,9.750e-06
24283.5,19:21:29,9.750e-06
24284.6,19:21:30,9.750e-06
24285.8,19:21:31,9.770e-06
24287.0,19:21:32,9.770e-06
24288.2,19:21:34,9.770e-06
24289.4,19:21:35,9.770e-06
24290.5,19:21:36,9.780e-06
24291.7,19:21:37,9.780e-06
24292.9,19:21:38,9.790e-06
24294.1,19:21:39,9.790e-06
24295.2,19:21:41,9.790e-06
24296.4,19:21:42,9.800e-06
24297.6,19:21:43,9.800e-06
24298.8,19:21:44,9.810e-06
24299.9,19:21:45,9.810e-06
24301.1,19:21:47,9.810e-06
24302.3,19:21:48,9.810e-06
24303.5,19:21:49,9.820e-06
24304.6,19:21:50,9.830e-06
24305.8,19:21:51,9.850e-06
24307.0,19:21:52,9.850e-06
24308.2,19:21:54,9.850e-06
24309.4,19:21:55,9.850e-06
24310.5,19:21:56,9.850e-06
24311.7,19:21:57,9.850e-06
24312.9,19:21:58,9.860e-06
24314.0,19:21:59,9.860e-06
24315.2,19:22:01,9.860e-06
24316.4,19:22:02,9.870e-06
24317.6,19:22:03,9.870e-06
24318.8,19:22:04,9.870e-06
24320.0,19:22:05,9.870e-06
24321.2,19:22:07,9.880e-06
24322.3,19:22:08,9.880e-06
24323.5,19:22:09,9.890e-06
24324.7,19:22:10,9.890e-06
24325.9,19:22:11,9.790e-06
24327.0,19:22:12,9.710e-06
24328.2,19:22:14,9.690e-06
24329.4,19:22:15,9.680e-06
24330.6,19:22:16,9.680e-06
24331.8,19:22:17,9.660e-06
24332.9,19:22:18,9.660e-06
24334.1,19:22:20,9.660e-06
24335.3,19:22:21,9.660e-06
24336.4,19:22:22,9.660e-06
24337.6,19:22:23,9.650e-06
24338.8,19:22:24,9.660e-06
24340.0,19:22:25,9.660e-06
24341.2,19:22:27,9.660e-06
24342.3,19:22:28,9.660e-06
24343.5,19:22:29,9.660e-06
24344.7,19:22:30,9.660e-06
24345.9,19:22:31,9.660e-06
24347.0,19:22:32,9.660e-06
24348.2,19:22:34,9.660e-06
24349.4,19:22:35,9.660e-06
24350.6,19:22:36,9.660e-06
24351.7,19:22:37,9.660e-06
24352.9,19:22:38,9.680e-06
24354.1,19:22:40,9.680e-06
24355.2,19:22:41,9.680e-06
24356.4,19:22:42,9.680e-06
24357.6,19:22:43,9.680e-06
24358.8,19:22:44,9.680e-06
24360.0,19:22:45,9.690e-06
24361.1,19:22:47,9.690e-06
24362.3,19:22:48,9.690e-06
24363.5,19:22:49,9.690e-06
24364.7,19:22:50,9.690e-06
24365.9,19:22:51,9.690e-06
24367.1,19:22:52,9.690e-06
24368.2,19:22:54,9.690e-06
24369.4,19:22:55,9.690e-06
24370.6,19:22:56,9.690e-06
24371.8,19:22:57,9.690e-06
24372.9,19:22:58,9.700e-06
24374.1,19:23:00,9.700e-06
24375.3,19:23:01,9.700e-06
24376.5,19:23:02,9.700e-06
24377.6,19:23:03,9.700e-06
24378.8,19:23:04,9.700e-06
24380.0,19:23:05,9.700e-06
24381.2,19:23:07,9.700e-06
24382.3,19:23:08,9.710e-06
24383.5,19:23:09,9.710e-06
24384.7,19:23:10,9.710e-06
24385.9,19:23:11,9.710e-06
24387.1,19:23:12,9.710e-06
24388.2,19:23:14,9.710e-06
24389.4,19:23:15,9.710e-06
24390.6,19:23:16,9.710e-06
24391.7,19:23:17,9.720e-06
24392.9,19:23:18,9.720e-06
24394.1,19:23:20,9.720e-06
24395.2,19:23:21,9.720e-06
24396.4,19:23:22,9.730e-06
24397.6,19:23:23,9.730e-06
24398.8,19:23:24,9.730e-06
24400.0,19:23:25,9.730e-06
24401.1,19:23:27,9.730e-06
24402.3,19:23:28,9.730e-06
24403.5,19:23:29,9.730e-06
24404.7,19:23:30,9.730e-06
24405.8,19:23:31,9.740e-06
24407.0,19:23:32,9.740e-06
24408.2,19:23:34,9.740e-06
24409.4,19:23:35,9.740e-06
24410.5,19:23:36,9.740e-06
24411.7,19:23:37,9.750e-06
24412.9,19:23:38,9.750e-06
24414.1,19:23:39,9.750e-06
24415.2,19:23:41,9.750e-06
24416.4,19:23:42,9.750e-06
24417.6,19:23:43,9.750e-06
24418.8,19:23:44,9.770e-06
24420.0,19:23:45,9.770e-06
24421.1,19:23:47,9.770e-06
24422.3,19:23:48,9.770e-06
24423.5,19:23:49,9.770e-06
24424.7,19:23:50,9.770e-06
24425.8,19:23:51,9.770e-06
24427.0,19:23:52,9.780e-06
24428.2,19:23:54,9.780e-06
24429.4,19:23:55,9.780e-06
24430.6,19:23:56,9.780e-06
24431.8,19:23:57,9.790e-06
24433.0,19:23:58,9.790e-06
24434.2,19:24:00,9.790e-06
24435.3,19:24:01,9.790e-06
24436.5,19:24:02,9.790e-06
24437.7,19:24:03,9.790e-06
24438.9,19:24:04,9.790e-06
24440.0,19:24:05,9.800e-06
24441.2,19:24:07,9.800e-06
24442.4,19:24:08,9.800e-06
24443.6,19:24:09,9.810e-06
24444.8,19:24:10,9.810e-06
24445.9,19:24:11,9.810e-06
24447.1,19:24:13,9.810e-06
24448.3,19:24:14,9.810e-06
24449.5,19:24:15,9.810e-06
24450.6,19:24:16,9.820e-06
24451.8,19:24:17,9.820e-06
24453.0,19:24:18,9.820e-06
24454.2,19:24:20,9.820e-06
24455.3,19:24:21,9.830e-06
24456.5,19:24:22,9.830e-06
24457.7,19:24:23,9.830e-06
24458.9,19:24:24,9.830e-06
24460.1,19:24:26,9.830e-06
24461.3,19:24:27,9.850e-06
24462.5,19:24:28,9.850e-06
24463.6,19:24:29,9.850e-06
24464.8,19:24:30,9.860e-06
24466.0,19:24:31,9.850e-06
24467.2,19:24:33,9.700e-06
24468.4,19:24:34,9.650e-06
24469.5,19:24:35,9.630e-06
24470.7,19:24:36,9.620e-06
24471.9,19:24:37,9.610e-06
24473.1,19:24:39,9.610e-06
24474.3,19:24:40,9.610e-06
24475.4,19:24:41,9.610e-06
24476.6,19:24:42,9.610e-06
24477.8,19:24:43,9.610e-06
24479.0,19:24:44,9.610e-06
24480.1,19:24:46,9.610e-06
24481.3,19:24:47,9.600e-06
24482.5,19:24:48,9.600e-06
24483.7,19:24:49,9.600e-06
24484.8,19:24:50,9.600e-06
24486.0,19:24:51,9.600e-06
24487.2,19:24:53,9.600e-06
24488.4,19:24:54,9.600e-06
24489.5,19:24:55,9.600e-06
24490.7,19:24:56,9.600e-06
24491.9,19:24:57,9.600e-06
24493.1,19:24:59,9.600e-06
24494.3,19:25:00,9.600e-06
24495.5,19:25:01,9.600e-06
24496.6,19:25:02,9.600e-06
24497.8,19:25:03,9.600e-06
24499.0,19:25:04,9.600e-06
24500.2,19:25:06,9.610e-06
24501.3,19:25:07,9.610e-06
24502.5,19:25:08,9.610e-06
24503.7,19:25:09,9.610e-06
24504.9,19:25:10,9.610e-06
24506.1,19:25:11,9.610e-06
24507.2,19:25:13,9.610e-06
24508.4,19:25:14,9.610e-06
24509.6,19:25:15,9.610e-06
24510.8,19:25:16,9.610e-06
24512.0,19:25:17,9.610e-06
24513.1,19:25:19,9.610e-06
24514.3,19:25:20,9.610e-06
24515.5,19:25:21,9.610e-06
24516.7,19:25:22,9.610e-06
24517.9,19:25:23,9.610e-06
24519.0,19:25:24,9.620e-06
24520.2,19:25:26,9.620e-06
24521.4,19:25:27,9.620e-06
24522.6,19:25:28,9.620e-06
24523.8,19:25:29,9.620e-06
24524.9,19:25:30,9.620e-06
24526.1,19:25:32,9.620e-06
24527.3,19:25:33,9.620e-06
24528.5,19:25:34,9.630e-06
24529.7,19:25:35,9.630e-06
24530.9,19:25:36,9.630e-06
24532.0,19:25:37,9.630e-06
24533.2,19:25:39,9.630e-06
24534.4,19:25:40,9.630e-06
24535.5,19:25:41,9.630e-06
24536.7,19:25:42,9.630e-06
24537.9,19:25:43,9.630e-06
24539.1,19:25:45,9.630e-06
24540.2,19:25:46,9.630e-06
24541.4,19:25:47,9.640e-06
24542.6,19:25:48,9.640e-06
24543.8,19:25:49,9.640e-06
24545.0,19:25:50,9.640e-06
24546.1,19:25:52,9.640e-06
24547.3,19:25:53,9.640e-06
24548.5,19:25:54,9.650e-06
24549.6,19:25:55,9.650e-06
24550.8,19:25:56,9.650e-06
24552.0,19:25:57,9.650e-06
24553.2,19:25:59,9.650e-06
24554.4,19:26:00,9.650e-06
24555.5,19:26:01,9.650e-06
24556.7,19:26:02,9.650e-06
24557.9,19:26:03,9.650e-06
24559.1,19:26:05,9.650e-06
24560.3,19:26:06,9.650e-06
24561.4,19:26:07,9.660e-06
24562.6,19:26:08,9.660e-06
24563.8,19:26:09,9.660e-06
24565.0,19:26:10,9.660e-06
24566.2,19:26:12,9.660e-06
24567.3,19:26:13,9.660e-06
24568.5,19:26:14,9.680e-06
24569.7,19:26:15,9.680e-06
24570.9,19:26:16,9.680e-06
24572.1,19:26:17,9.680e-06
24573.2,19:26:19,9.680e-06
24574.4,19:26:20,9.680e-06
24575.6,19:26:21,9.690e-06
24576.8,19:26:22,9.690e-06
24578.0,19:26:23,9.690e-06
24579.2,19:26:25,9.690e-06
24580.3,19:26:26,9.690e-06
24581.5,19:26:27,9.730e-06
24582.7,19:26:28,9.740e-06
24583.9,19:26:29,9.740e-06
24585.0,19:26:30,9.750e-06
24586.2,19:26:32,9.750e-06
24587.4,19:26:33,9.750e-06
24588.6,19:26:34,9.750e-06
24589.7,19:26:35,9.750e-06
24590.9,19:26:36,9.770e-06
24592.1,19:26:38,9.770e-06
24593.3,19:26:39,9.770e-06
24594.4,19:26:40,9.770e-06
24595.6,19:26:41,9.780e-06
24596.8,19:26:42,9.780e-06
24598.0,19:26:43,9.780e-06
24599.2,19:26:45,9.780e-06
24600.3,19:26:46,9.780e-06
24601.5,19:26:47,9.790e-06
24602.7,19:26:48,9.790e-06
24603.9,19:26:49,9.790e-06
24605.1,19:26:50,9.790e-06
24606.2,19:26:52,9.790e-06
24607.4,19:26:53,9.800e-06
24608.6,19:26:54,9.800e-06
24609.7,19:26:55,9.800e-06
24610.9,19:26:56,9.800e-06
24612.1,19:26:58,9.690e-06
24613.3,19:26:59,9.610e-06
24614.4,19:27:00,9.590e-06
24615.6,19:27:01,9.570e-06
24616.8,19:27:02,9.560e-06
24617.9,19:27:03,9.560e-06
24619.1,19:27:05,9.560e-06
24620.3,19:27:06,9.550e-06
24621.5,19:27:07,9.550e-06
24622.6,19:27:08,9.550e-06
24623.8,19:27:09,9.550e-06
24625.0,19:27:10,9.550e-06
24626.2,19:27:12,9.550e-06
24627.4,19:27:13,9.550e-06
24628.6,19:27:14,9.550e-06
24629.7,19:27:15,9.550e-06
24630.9,19:27:16,9.550e-06
24632.1,19:27:18,9.550e-06
24633.2,19:27:19,9.550e-06
24634.4,19:27:20,9.550e-06
24635.6,19:27:21,9.550e-06
24636.8,19:27:22,9.550e-06
24637.9,19:27:23,9.550e-06
24639.1,19:27:25,9.550e-06
24640.3,19:27:26,9.550e-06
24641.4,19:27:27,9.550e-06
24642.6,19:27:28,9.550e-06
24643.8,19:27:29,9.550e-06
24644.9,19:27:30,9.550e-06
24646.1,19:27:32,9.550e-06
24647.3,19:27:33,9.550e-06
24648.5,19:27:34,9.550e-06
24649.6,19:27:35,9.550e-06
24650.8,19:27:36,9.550e-06
24652.0,19:27:37,9.550e-06
24653.2,19:27:39,9.550e-06
24654.3,19:27:40,9.550e-06
24655.5,19:27:41,9.550e-06
24656.7,19:27:42,9.550e-06
24657.9,19:27:43,9.550e-06
24659.0,19:27:44,9.550e-06
24660.2,19:27:46,9.550e-06
24661.4,19:27:47,9.550e-06
24662.5,19:27:48,9.550e-06
24663.7,19:27:49,9.560e-06
24664.9,19:27:50,9.550e-06
24666.1,19:27:52,9.560e-06
24667.2,19:27:53,9.560e-06
24668.4,19:27:54,9.560e-06
24669.6,19:27:55,9.560e-06
24670.8,19:27:56,9.560e-06
24671.9,19:27:57,9.560e-06
24673.1,19:27:59,9.570e-06
24674.3,19:28:00,9.560e-06
24675.4,19:28:01,9.560e-06
24676.6,19:28:02,9.570e-06
24677.8,19:28:03,9.570e-06
24678.9,19:28:04,9.570e-06
24680.1,19:28:06,9.570e-06
24681.3,19:28:07,9.570e-06
24682.5,19:28:08,9.570e-06
24683.6,19:28:09,9.570e-06
24684.8,19:28:10,9.570e-06
24686.0,19:28:11,9.590e-06
24687.2,19:28:13,9.590e-06
24688.3,19:28:14,9.590e-06
24689.5,19:28:15,9.590e-06
24690.7,19:28:16,9.590e-06
24691.9,19:28:17,9.590e-06
24693.0,19:28:18,9.590e-06
24694.2,19:28:20,9.590e-06
24695.4,19:28:21,9.600e-06
24696.6,19:28:22,9.600e-06
24697.7,19:28:23,9.600e-06
24698.9,19:28:24,9.600e-06
24700.1,19:28:26,9.600e-06
24701.3,19:28:27,9.600e-06
24702.4,19:28:28,9.610e-06
24703.6,19:28:29,9.610e-06
24704.8,19:28:30,9.610e-06
24705.9,19:28:31,9.610e-06
24707.1,19:28:33,9.610e-06
24708.3,19:28:34,9.610e-06
24709.4,19:28:35,9.610e-06
24710.6,19:28:36,9.610e-06
24711.8,19:28:37,9.610e-06
24712.9,19:28:38,9.610e-06
24714.1,19:28:40,9.610e-06
24715.3,19:28:41,9.620e-06
24716.5,19:28:42,9.620e-06
24717.6,19:28:43,9.620e-06
24718.8,19:28:44,9.620e-06
24720.0,19:28:45,9.630e-06
24721.2,19:28:47,9.630e-06
24722.3,19:28:48,9.630e-06
24723.5,19:28:49,9.630e-06
24724.7,19:28:50,9.630e-06
24725.8,19:28:51,9.630e-06
24727.0,19:28:52,9.630e-06
24728.2,19:28:54,9.640e-06
24729.4,19:28:55,9.640e-06
24730.5,19:28:56,9.640e-06
24731.7,19:28:57,9.640e-06
24732.9,19:28:58,9.650e-06
24734.1,19:29:00,9.650e-06
24735.2,19:29:01,9.650e-06
24736.4,19:29:02,9.650e-06
24737.6,19:29:03,9.650e-06
24738.7,19:29:04,9.650e-06
24739.9,19:29:05,9.660e-06
24741.1,19:29:07,9.660e-06
24742.2,19:29:08,9.660e-06
24743.4,19:29:09,9.660e-06
24744.6,19:29:10,9.680e-06
24745.8,19:29:11,9.680e-06
24746.9,19:29:12,9.550e-06
24748.1,19:29:14,9.480e-06
24749.3,19:29:15,9.460e-06
24750.5,19:29:16,9.450e-06
24751.6,19:29:17,9.450e-06
24752.8,19:29:18,9.440e-06
24754.0,19:29:19,9.440e-06
24755.2,19:29:21,9.440e-06
24756.4,19:29:22,9.440e-06
24757.5,19:29:23,9.440e-06
24758.7,19:29:24,9.440e-06
24759.9,19:29:25,9.430e-06
24761.1,19:29:26,9.430e-06
24762.2,19:29:28,9.430e-06
24763.4,19:29:29,9.430e-06
24764.5,19:29:30,9.430e-06
24765.7,19:29:31,9.430e-06
24766.9,19:29:32,9.430e-06
24768.1,19:29:33,9.430e-06
24769.2,19:29:35,9.430e-06
24770.4,19:29:36,9.430e-06
24771.6,19:29:37,9.440e-06
24772.7,19:29:38,9.430e-06
24773.9,19:29:39,9.430e-06
24775.1,19:29:41,9.440e-06
24776.3,19:29:42,9.430e-06
24777.4,19:29:43,9.430e-06
24778.6,19:29:44,9.430e-06
24779.8,19:29:45,9.440e-06
24781.0,19:29:46,9.440e-06
24782.1,19:29:48,9.440e-06
24783.3,19:29:49,9.440e-06
24784.5,19:29:50,9.440e-06
24785.6,19:29:51,9.440e-06
24786.8,19:29:52,9.440e-06
24788.0,19:29:53,9.440e-06
24789.2,19:29:55,9.440e-06
24790.3,19:29:56,9.450e-06
24791.5,19:29:57,9.450e-06
24792.7,19:29:58,9.450e-06
24793.8,19:29:59,9.450e-06
24795.0,19:30:00,9.450e-06
24796.2,19:30:02,9.450e-06
24797.3,19:30:03,9.450e-06
24798.5,19:30:04,9.450e-06
24799.7,19:30:05,9.450e-06
24800.8,19:30:06,9.450e-06
24802.0,19:30:07,9.450e-06
24803.2,19:30:09,9.450e-06
24804.4,19:30:10,9.450e-06
24805.5,19:30:11,9.450e-06
24806.7,19:30:12,9.450e-06
24807.9,19:30:13,9.450e-06
24809.0,19:30:14,9.460e-06
24810.2,19:30:16,9.460e-06
24811.4,19:30:17,9.460e-06
24812.5,19:30:18,9.460e-06
24813.7,19:30:19,9.460e-06
24814.9,19:30:20,9.460e-06
24816.1,19:30:22,9.470e-06
24817.3,19:30:23,9.470e-06
24818.4,19:30:24,9.470e-06
24819.6,19:30:25,9.470e-06
24820.8,19:30:26,9.470e-06
24821.9,19:30:27,9.470e-06
24823.1,19:30:29,9.470e-06
24824.3,19:30:30,9.470e-06
24825.5,19:30:31,9.470e-06
24826.6,19:30:32,9.480e-06
24827.8,19:30:33,9.480e-06
24829.0,19:30:34,9.480e-06
24830.1,19:30:36,9.480e-06
24831.3,19:30:37,9.480e-06
24832.5,19:30:38,9.480e-06
24833.6,19:30:39,9.480e-06
24834.8,19:30:40,9.500e-06
24836.0,19:30:41,9.500e-06
24837.2,19:30:43,9.500e-06
24838.3,19:30:44,9.500e-06
24839.5,19:30:45,9.510e-06
24840.7,19:30:46,9.510e-06
24841.9,19:30:47,9.510e-06
24843.0,19:30:48,9.510e-06
24844.2,19:30:50,9.510e-06
24845.4,19:30:51,9.510e-06
24846.6,19:30:52,9.510e-06
24847.7,19:30:53,9.510e-06
24848.9,19:30:54,9.510e-06
24850.1,19:30:56,9.520e-06
24851.3,19:30:57,9.520e-06
24852.5,19:30:58,9.520e-06
24853.6,19:30:59,9.520e-06
24854.8,19:31:00,9.520e-06
24856.0,19:31:01,9.520e-06
24857.1,19:31:03,9.530e-06
24858.3,19:31:04,9.530e-06
24859.5,19:31:05,9.530e-06
24860.6,19:31:06,9.530e-06
24861.8,19:31:07,9.530e-06
24863.0,19:31:08,9.530e-06
24864.1,19:31:10,9.530e-06
24865.3,19:31:11,9.530e-06
24866.5,19:31:12,9.530e-06
24867.7,19:31:13,9.530e-06
24868.8,19:31:14,9.530e-06
24870.0,19:31:15,9.530e-06
24871.2,19:31:17,9.530e-06
24872.3,19:31:18,9.530e-06
24873.6,19:31:19,9.540e-06
24874.7,19:31:20,9.540e-06
24875.9,19:31:21,9.540e-06
24877.1,19:31:23,9.450e-06
24878.3,19:31:24,9.360e-06
24879.5,19:31:25,9.330e-06
24880.6,19:31:26,9.300e-06
24881.8,19:31:27,9.290e-06
24883.1,19:31:28,9.290e-06
24884.2,19:31:30,9.280e-06
24885.4,19:31:31,9.280e-06
24886.5,19:31:32,9.280e-06
24887.7,19:31:33,9.280e-06
24888.9,19:31:34,9.270e-06
24890.1,19:31:36,9.270e-06
24891.2,19:31:37,9.280e-06
24892.4,19:31:38,9.270e-06
24893.6,19:31:39,9.270e-06
24894.8,19:31:40,9.280e-06
24895.9,19:31:41,9.270e-06
24897.1,19:31:43,9.280e-06
24898.3,19:31:44,9.280e-06
24899.5,19:31:45,9.280e-06
24900.6,19:31:46,9.280e-06
24901.8,19:31:47,9.280e-06
24903.0,19:31:48,9.280e-06
24904.1,19:31:50,9.280e-06
24905.3,19:31:51,9.280e-06
24906.5,19:31:52,9.280e-06
24907.7,19:31:53,9.280e-06
24908.8,19:31:54,9.280e-06
24910.0,19:31:55,9.290e-06
24911.2,19:31:57,9.280e-06
24912.4,19:31:58,9.290e-06
24913.6,19:31:59,9.290e-06
24914.7,19:32:00,9.290e-06
24916.0,19:32:01,9.290e-06
24917.1,19:32:03,9.290e-06
24918.3,19:32:04,9.290e-06
24919.5,19:32:05,9.290e-06
24920.7,19:32:06,9.290e-06
24921.8,19:32:07,9.290e-06
24923.0,19:32:08,9.290e-06
24924.2,19:32:10,9.290e-06
24925.3,19:32:11,9.290e-06
24926.5,19:32:12,9.290e-06
24927.7,19:32:13,9.290e-06
24928.8,19:32:14,9.300e-06
24930.0,19:32:15,9.300e-06
24931.2,19:32:17,9.300e-06
24932.4,19:32:18,9.300e-06
24933.6,19:32:19,9.300e-06
24934.7,19:32:20,9.300e-06
24935.9,19:32:21,9.300e-06
24937.1,19:32:23,9.300e-06
24938.2,19:32:24,9.320e-06
24939.4,19:32:25,9.320e-06
24940.6,19:32:26,9.320e-06
24941.8,19:32:27,9.320e-06
24942.9,19:32:28,9.320e-06
24944.1,19:32:30,9.320e-06
24945.3,19:32:31,9.320e-06
24946.5,19:32:32,9.320e-06
24947.6,19:32:33,9.330e-06
24948.8,19:32:34,9.330e-06
24950.0,19:32:35,9.330e-06
24951.1,19:32:37,9.330e-06
24952.3,19:32:38,9.330e-06
24953.5,19:32:39,9.330e-06
24954.7,19:32:40,9.330e-06
24955.8,19:32:41,9.330e-06
24957.0,19:32:42,9.330e-06
24958.2,19:32:44,9.330e-06
24959.4,19:32:45,9.340e-06
24960.6,19:32:46,9.340e-06
24961.7,19:32:47,9.340e-06
24962.9,19:32:48,9.340e-06
24964.1,19:32:49,9.340e-06
24965.2,19:32:51,9.340e-06
24966.4,19:32:52,9.340e-06
24967.6,19:32:53,9.350e-06
24968.8,19:32:54,9.350e-06
24969.9,19:32:55,9.350e-06
24971.1,19:32:57,9.350e-06
24972.3,19:32:58,9.350e-06
24973.5,19:32:59,9.350e-06
24974.6,19:33:00,9.350e-06
24975.8,19:33:01,9.360e-06
24977.0,19:33:02,9.360e-06
24978.2,19:33:04,9.360e-06
24979.3,19:33:05,9.360e-06
24980.5,19:33:06,9.360e-06
24981.7,19:33:07,9.360e-06
24982.9,19:33:08,9.360e-06
24984.0,19:33:09,9.370e-06
24985.2,19:33:11,9.370e-06
24986.4,19:33:12,9.370e-06
24987.6,19:33:13,9.370e-06
24988.8,19:33:14,9.370e-06
24989.9,19:33:15,9.370e-06
24991.1,19:33:17,9.370e-06
24992.3,19:33:18,9.380e-06
24993.4,19:33:19,9.380e-06
24994.6,19:33:20,9.380e-06
24995.8,19:33:21,9.380e-06
24997.0,19:33:22,9.390e-06
24998.2,19:33:24,9.390e-06
24999.3,19:33:25,9.390e-06
25000.5,19:33:26,9.390e-06
25001.7,19:33:27,9.390e-06
25002.8,19:33:28,9.390e-06
25004.0,19:33:29,9.410e-06
25005.2,19:33:31,9.390e-06
25006.4,19:33:32,9.410e-06
25007.5,19:33:33,9.410e-06
25008.7,19:33:34,9.420e-06
25009.9,19:33:35,9.420e-06
25011.1,19:33:36,9.260e-06
25012.2,19:33:38,9.200e-06
25013.4,19:33:39,9.180e-06
25014.6,19:33:40,9.170e-06
25015.7,19:33:41,9.160e-06
25016.9,19:33:42,9.160e-06
25018.1,19:33:44,9.150e-06
25019.3,19:33:45,9.150e-06
25020.5,19:33:46,9.150e-06
25021.6,19:33:47,9.150e-06
25022.8,19:33:48,9.150e-06
25024.0,19:33:49,9.150e-06
25025.2,19:33:51,9.150e-06
25026.3,19:33:52,9.150e-06
25027.5,19:33:53,9.150e-06
25028.7,19:33:54,9.150e-06
25029.9,19:33:55,9.150e-06
25031.0,19:33:56,9.150e-06
25032.2,19:33:58,9.150e-06
25033.4,19:33:59,9.150e-06
25034.5,19:34:00,9.150e-06
25035.7,19:34:01,9.150e-06
25036.9,19:34:02,9.150e-06
25038.0,19:34:03,9.150e-06
25039.2,19:34:05,9.150e-06
25040.4,19:34:06,9.150e-06
25041.6,19:34:07,9.150e-06
25042.8,19:34:08,9.150e-06
25044.0,19:34:09,9.150e-06
25045.1,19:34:11,9.150e-06
25046.3,19:34:12,9.150e-06
25047.5,19:34:13,9.150e-06
25048.6,19:34:14,9.150e-06
25049.8,19:34:15,9.150e-06
25051.0,19:34:16,9.150e-06
25052.1,19:34:18,9.150e-06
25053.3,19:34:19,9.160e-06
25054.5,19:34:20,9.160e-06
25055.6,19:34:21,9.160e-06
25056.8,19:34:22,9.160e-06
25058.0,19:34:23,9.160e-06
25059.2,19:34:25,9.160e-06
25060.3,19:34:26,9.160e-06
25061.5,19:34:27,9.160e-06
25062.7,19:34:28,9.160e-06
25063.8,19:34:29,9.160e-06
25065.0,19:34:30,9.160e-06
25066.2,19:34:32,9.160e-06
25067.4,19:34:33,9.160e-06
25068.5,19:34:34,9.160e-06
25069.7,19:34:35,9.170e-06
25070.9,19:34:36,9.170e-06
25072.0,19:34:37,9.170e-06
25073.2,19:34:39,9.170e-06
25074.4,19:34:40,9.170e-06
25075.6,19:34:41,9.170e-06
25076.8,19:34:42,9.170e-06
25077.9,19:34:43,9.170e-06
25079.1,19:34:45,9.170e-06
25080.3,19:34:46,9.170e-06
25081.4,19:34:47,9.170e-06
25082.6,19:34:48,9.170e-06
25083.8,19:34:49,9.170e-06
25085.0,19:34:50,9.170e-06
25086.1,19:34:52,9.170e-06
25087.3,19:34:53,9.170e-06
25088.5,19:34:54,9.170e-06
25089.6,19:34:55,9.170e-06
25090.8,19:34:56,9.180e-06
25092.0,19:34:57,9.180e-06
25093.1,19:34:59,9.180e-06
25094.3,19:35:00,9.180e-06
25095.5,19:35:01,9.180e-06
25096.7,19:35:02,9.180e-06
25097.8,19:35:03,9.180e-06
25099.0,19:35:04,9.180e-06
25100.2,19:35:06,9.180e-06
25101.3,19:35:07,9.180e-06
25102.5,19:35:08,9.190e-06
25103.7,19:35:09,9.190e-06
25104.9,19:35:10,9.190e-06
25106.0,19:35:11,9.190e-06
25107.2,19:35:13,9.190e-06
25108.4,19:35:14,9.190e-06
25109.6,19:35:15,9.190e-06
25110.7,19:35:16,9.190e-06
25111.9,19:35:17,9.190e-06
25113.1,19:35:19,9.200e-06
25114.3,19:35:20,9.200e-06
25115.4,19:35:21,9.200e-06
25116.6,19:35:22,9.200e-06
25117.8,19:35:23,9.200e-06
25118.9,19:35:24,9.210e-06
25120.1,19:35:26,9.200e-06
25121.3,19:35:27,9.210e-06
25122.4,19:35:28,9.210e-06
25123.6,19:35:29,9.210e-06
25124.8,19:35:30,9.210e-06
25125.9,19:35:31,9.210e-06
25127.1,19:35:33,9.210e-06
25128.3,19:35:34,9.230e-06
25129.5,19:35:35,9.230e-06
25130.6,19:35:36,9.230e-06
25131.8,19:35:37,9.230e-06
25133.0,19:35:38,9.230e-06
25134.1,19:35:40,9.240e-06
25135.3,19:35:41,9.240e-06
25136.5,19:35:42,9.240e-06
25137.7,19:35:43,9.240e-06
25138.9,19:35:44,9.250e-06
25140.1,19:35:45,9.250e-06
25141.2,19:35:47,9.250e-06
25142.4,19:35:48,9.250e-06
25143.6,19:35:49,9.250e-06
25144.7,19:35:50,9.260e-06
25145.9,19:35:51,9.260e-06
25147.1,19:35:53,9.260e-06
25148.2,19:35:54,9.260e-06
25149.4,19:35:55,9.270e-06
25150.6,19:35:56,9.270e-06
25151.8,19:35:57,9.130e-06
25152.9,19:35:58,9.070e-06
25154.1,19:36:00,9.030e-06
25155.3,19:36:01,9.020e-06
25156.5,19:36:02,9.010e-06
25157.6,19:36:03,9.010e-06
25158.8,19:36:04,9.010e-06
25160.0,19:36:05,9.010e-06
25161.2,19:36:07,9.010e-06
25162.3,19:36:08,9.010e-06
25163.5,19:36:09,9.000e-06
25164.7,19:36:10,9.000e-06
25165.9,19:36:11,9.000e-06
25167.0,19:36:12,9.000e-06
25168.2,19:36:14,9.000e-06
25169.4,19:36:15,9.000e-06
25170.6,19:36:16,9.000e-06
25171.7,19:36:17,9.000e-06
25172.9,19:36:18,9.000e-06
25174.1,19:36:19,9.000e-06
25175.2,19:36:21,9.000e-06
25176.4,19:36:22,9.000e-06
25177.6,19:36:23,9.000e-06
25178.7,19:36:24,9.000e-06
25179.9,19:36:25,9.010e-06
25181.1,19:36:27,9.010e-06
25182.2,19:36:28,9.010e-06
25183.4,19:36:29,9.010e-06
25184.6,19:36:30,9.010e-06
25185.8,19:36:31,9.010e-06
25186.9,19:36:32,9.010e-06
25188.1,19:36:34,9.010e-06
25189.3,19:36:35,9.010e-06
25190.5,19:36:36,9.010e-06
25191.6,19:36:37,9.010e-06
25192.8,19:36:38,9.010e-06
25194.0,19:36:39,9.010e-06
25195.1,19:36:41,9.010e-06
25196.3,19:36:42,9.010e-06
25197.5,19:36:43,9.010e-06
25198.7,19:36:44,9.010e-06
25199.8,19:36:45,9.020e-06
25201.0,19:36:46,9.020e-06
25202.2,19:36:48,9.020e-06
25203.4,19:36:49,9.020e-06
25204.6,19:36:50,9.020e-06
25205.8,19:36:51,9.020e-06
25206.9,19:36:52,9.020e-06
25208.1,19:36:54,9.020e-06
25209.3,19:36:55,9.020e-06
25210.4,19:36:56,9.020e-06
25211.6,19:36:57,9.030e-06
25212.8,19:36:58,9.030e-06
25214.0,19:36:59,9.030e-06
25215.1,19:37:01,9.030e-06
25216.3,19:37:02,9.030e-06
25217.5,19:37:03,9.030e-06
25218.6,19:37:04,9.030e-06
25219.8,19:37:05,9.030e-06
25221.0,19:37:06,9.030e-06
25222.2,19:37:08,9.040e-06
25223.3,19:37:09,9.040e-06
25224.5,19:37:10,9.040e-06
25225.7,19:37:11,9.040e-06
25226.9,19:37:12,9.040e-06
25228.0,19:37:13,9.060e-06
25229.2,19:37:15,9.060e-06
25230.4,19:37:16,9.060e-06
25231.5,19:37:17,9.060e-06
25232.7,19:37:18,9.060e-06
25233.9,19:37:19,9.060e-06
25235.0,19:37:20,9.060e-06
25236.2,19:37:22,9.070e-06
25237.4,19:37:23,9.070e-06
25238.5,19:37:24,9.070e-06
25239.7,19:37:25,9.070e-06
25240.9,19:37:26,9.070e-06
25242.0,19:37:27,9.070e-06
25243.2,19:37:29,9.070e-06
25244.4,19:37:30,9.070e-06
25245.6,19:37:31,9.080e-06
25246.7,19:37:32,9.080e-06
25247.9,19:37:33,9.080e-06
25249.1,19:37:35,9.080e-06
25250.2,19:37:36,9.090e-06
25251.4,19:37:37,9.090e-06
25252.6,19:37:38,9.090e-06
25253.8,19:37:39,9.090e-06
25254.9,19:37:40,9.090e-06
25256.1,19:37:42,9.090e-06
25257.3,19:37:43,9.090e-06
25258.5,19:37:44,9.100e-06
25259.6,19:37:45,9.100e-06
25260.8,19:37:46,9.100e-06
25262.0,19:37:47,9.100e-06
25263.1,19:37:49,9.110e-06
25264.3,19:37:50,9.110e-06
25265.5,19:37:51,9.110e-06
25266.7,19:37:52,9.110e-06
25267.9,19:37:53,9.110e-06
25269.0,19:37:54,9.110e-06
25270.2,19:37:56,9.120e-06
25271.4,19:37:57,9.120e-06
25272.6,19:37:58,9.120e-06
25273.7,19:37:59,9.130e-06
25274.9,19:38:00,9.130e-06
25276.1,19:38:02,9.130e-06
25277.3,19:38:03,9.150e-06
25278.5,19:38:04,9.150e-06
25279.6,19:38:05,9.150e-06
25280.8,19:38:06,9.150e-06
25282.0,19:38:07,9.150e-06
25283.1,19:38:09,9.160e-06
25284.3,19:38:10,9.160e-06
25285.5,19:38:11,9.160e-06
25286.7,19:38:12,9.160e-06
25287.9,19:38:13,9.170e-06
25289.0,19:38:14,9.170e-06
25290.2,19:38:16,9.170e-06
25291.4,19:38:17,9.170e-06
25292.5,19:38:18,9.090e-06
25293.7,19:38:19,8.980e-06
25294.9,19:38:20,8.930e-06
25296.1,19:38:22,8.920e-06
25297.3,19:38:23,8.910e-06
25298.4,19:38:24,8.910e-06
25299.6,19:38:25,8.910e-06
25300.8,19:38:26,8.910e-06
25302.0,19:38:27,8.900e-06
25303.2,19:38:29,8.900e-06
25304.3,19:38:30,8.900e-06
25305.5,19:38:31,8.900e-06
25306.7,19:38:32,8.900e-06
25307.9,19:38:33,8.900e-06
25309.0,19:38:34,8.900e-06
25310.2,19:38:36,8.900e-06
25311.4,19:38:37,8.900e-06
25312.5,19:38:38,8.900e-06
25313.7,19:38:39,8.900e-06
25314.9,19:38:40,8.900e-06
25316.1,19:38:41,8.900e-06
25317.2,19:38:43,8.900e-06
25318.4,19:38:44,8.900e-06
25319.6,19:38:45,8.900e-06
25320.8,19:38:46,8.900e-06
25321.9,19:38:47,8.900e-06
25323.1,19:38:49,8.900e-06
25324.4,19:38:50,8.900e-06
25325.5,19:38:51,8.900e-06
25326.7,19:38:52,8.910e-06
25327.9,19:38:53,8.910e-06
25329.1,19:38:55,8.910e-06
25330.2,19:38:56,8.900e-06
25331.4,19:38:57,8.910e-06
25332.6,19:38:58,8.910e-06
25333.8,19:38:59,8.910e-06
25334.9,19:39:00,8.910e-06
25336.1,19:39:02,8.910e-06
25337.3,19:39:03,8.910e-06
25338.4,19:39:04,8.910e-06
25339.6,19:39:05,8.910e-06
25340.8,19:39:06,8.910e-06
25342.0,19:39:07,8.910e-06
25343.1,19:39:09,8.910e-06
25344.3,19:39:10,8.910e-06
25345.5,19:39:11,8.910e-06
25346.6,19:39:12,8.910e-06
25347.8,19:39:13,8.910e-06
25349.0,19:39:14,8.910e-06
25350.2,19:39:16,8.910e-06
25351.3,19:39:17,8.910e-06
25352.5,19:39:18,8.920e-06
25353.7,19:39:19,8.920e-06
25354.9,19:39:20,8.920e-06
25356.1,19:39:22,8.920e-06
25357.3,19:39:23,8.920e-06
25358.4,19:39:24,8.920e-06
25359.6,19:39:25,8.920e-06
25360.8,19:39:26,8.920e-06
25362.0,19:39:27,8.920e-06
25363.2,19:39:29,8.920e-06
25364.3,19:39:30,8.930e-06
25365.5,19:39:31,8.930e-06
25366.7,19:39:32,8.930e-06
25367.9,19:39:33,8.930e-06
25369.0,19:39:34,8.930e-06
25370.2,19:39:36,8.930e-06
25371.4,19:39:37,8.930e-06
25372.6,19:39:38,8.930e-06
25373.8,19:39:39,8.930e-06
25374.9,19:39:40,8.930e-06
25376.1,19:39:42,8.930e-06
25377.3,19:39:43,8.940e-06
25378.4,19:39:44,8.940e-06
25379.6,19:39:45,8.940e-06
25380.8,19:39:46,8.940e-06
25382.0,19:39:47,8.940e-06
25383.1,19:39:49,8.940e-06
25384.3,19:39:50,8.940e-06
25385.5,19:39:51,8.940e-06
25386.7,19:39:52,8.940e-06
25387.8,19:39:53,8.950e-06
25389.0,19:39:54,8.950e-06
25390.2,19:39:56,8.950e-06
25391.4,19:39:57,8.950e-06
25392.6,19:39:58,8.950e-06
25393.7,19:39:59,8.970e-06
25394.9,19:40:00,8.970e-06
25396.1,19:40:02,8.970e-06
25397.2,19:40:03,8.970e-06
25398.4,19:40:04,8.970e-06
25399.6,19:40:05,8.970e-06
25400.8,19:40:06,8.970e-06
25401.9,19:40:07,8.970e-06
25403.1,19:40:09,8.970e-06
25404.3,19:40:10,8.980e-06
25405.4,19:40:11,8.980e-06
25406.6,19:40:12,8.980e-06
25407.8,19:40:13,8.980e-06
25409.0,19:40:14,8.980e-06
25410.1,19:40:16,8.990e-06
25411.3,19:40:17,8.990e-06
25412.5,19:40:18,8.990e-06
25413.7,19:40:19,8.990e-06
25414.8,19:40:20,8.990e-06
25416.0,19:40:21,8.990e-06
25417.2,19:40:23,9.000e-06
25418.4,19:40:24,9.000e-06
25419.5,19:40:25,9.000e-06
25420.7,19:40:26,9.000e-06
25421.9,19:40:27,9.000e-06
25423.1,19:40:29,9.010e-06
25424.2,19:40:30,9.010e-06
25425.4,19:40:31,9.010e-06
25426.6,19:40:32,9.010e-06
25427.7,19:40:33,9.010e-06
25428.9,19:40:34,9.020e-06
25430.1,19:40:36,9.020e-06
25431.3,19:40:37,9.020e-06
25432.4,19:40:38,9.020e-06
25433.6,19:40:39,9.030e-06
25434.8,19:40:40,9.030e-06
25435.9,19:40:41,9.030e-06
25437.1,19:40:43,9.030e-06
25438.3,19:40:44,9.030e-06
25439.5,19:40:45,9.040e-06
25440.6,19:40:46,8.910e-06
25441.8,19:40:47,8.830e-06
25443.0,19:40:48,8.790e-06
25444.2,19:40:50,8.770e-06
25445.3,19:40:51,8.760e-06
25446.5,19:40:52,8.760e-06
25447.7,19:40:53,8.760e-06
25448.9,19:40:54,8.750e-06
25450.1,19:40:56,8.750e-06
25451.2,19:40:57,8.750e-06
25452.4,19:40:58,8.750e-06
25453.6,19:40:59,8.750e-06
25454.8,19:41:00,8.750e-06
25456.0,19:41:01,8.750e-06
25457.2,19:41:03,8.750e-06
25458.4,19:41:04,8.750e-06
25459.5,19:41:05,8.750e-06
25460.7,19:41:06,8.750e-06
25461.9,19:41:07,8.750e-06
25463.1,19:41:09,8.750e-06
25464.2,19:41:10,8.750e-06
25465.4,19:41:11,8.750e-06
25466.6,19:41:12,8.740e-06
25467.8,19:41:13,8.750e-06
25469.0,19:41:14,8.740e-06
25470.1,19:41:16,8.740e-06
25471.3,19:41:17,8.740e-06
25472.5,19:41:18,8.740e-06
25473.6,19:41:19,8.750e-06
25474.8,19:41:20,8.740e-06
25476.0,19:41:21,8.750e-06
25477.2,19:41:23,8.750e-06
25478.3,19:41:24,8.750e-06
25479.5,19:41:25,8.750e-06
25480.7,19:41:26,8.750e-06
25481.9,19:41:27,8.740e-06
25483.1,19:41:29,8.750e-06
25484.2,19:41:30,8.750e-06
25485.4,19:41:31,8.750e-06
25486.6,19:41:32,8.750e-06
25487.8,19:41:33,8.750e-06
25488.9,19:41:34,8.750e-06
25490.1,19:41:36,8.750e-06
25491.3,19:41:37,8.750e-06
25492.5,19:41:38,8.750e-06
25493.6,19:41:39,8.750e-06
25494.8,19:41:40,8.750e-06
25496.0,19:41:41,8.750e-06
25497.1,19:41:43,8.750e-06
25498.3,19:41:44,8.750e-06
25499.5,19:41:45,8.750e-06
25500.7,19:41:46,8.750e-06
25501.9,19:41:47,8.750e-06
25503.0,19:41:48,8.760e-06
25504.2,19:41:50,8.760e-06
25505.4,19:41:51,8.760e-06
25506.5,19:41:52,8.760e-06
25507.7,19:41:53,8.760e-06
25508.9,19:41:54,8.760e-06
25510.1,19:41:56,8.760e-06
25511.2,19:41:57,8.760e-06
25512.4,19:41:58,8.760e-06
25513.6,19:41:59,8.760e-06
25514.8,19:42:00,8.770e-06
25515.9,19:42:01,8.770e-06
25517.1,19:42:03,8.770e-06
25518.3,19:42:04,8.770e-06
25519.5,19:42:05,8.770e-06
25520.6,19:42:06,8.770e-06
25521.9,19:42:07,8.770e-06
25523.0,19:42:08,8.790e-06
25524.2,19:42:10,8.790e-06
25525.4,19:42:11,8.790e-06
25526.6,19:42:12,8.790e-06
25527.7,19:42:13,8.790e-06
25528.9,19:42:14,8.790e-06
25530.1,19:42:16,8.790e-06
25531.3,19:42:17,8.790e-06
25532.4,19:42:18,8.790e-06
25533.6,19:42:19,8.800e-06
25534.8,19:42:20,8.800e-06
25535.9,19:42:21,8.800e-06
25537.1,19:42:23,8.800e-06
25538.3,19:42:24,8.800e-06
25539.4,19:42:25,8.810e-06
25540.6,19:42:26,8.810e-06
25541.8,19:42:27,8.810e-06
25543.0,19:42:28,8.810e-06
25544.1,19:42:30,8.810e-06
25545.3,19:42:31,8.810e-06
25546.5,19:42:32,8.810e-06
25547.7,19:42:33,8.820e-06
25548.8,19:42:34,8.820e-06
25550.0,19:42:35,8.820e-06
25551.2,19:42:37,8.830e-06
25552.4,19:42:38,8.830e-06
25553.6,19:42:39,8.830e-06
25554.7,19:42:40,8.830e-06
25555.9,19:42:41,8.830e-06
25557.1,19:42:43,8.830e-06
25558.3,19:42:44,8.840e-06
25559.4,19:42:45,8.840e-06
25560.6,19:42:46,8.840e-06
25561.8,19:42:47,8.850e-06
25562.9,19:42:48,8.850e-06
25564.1,19:42:50,8.850e-06
25565.3,19:42:51,8.850e-06
25566.4,19:42:52,8.850e-06
25567.6,19:42:53,8.850e-06
25568.8,19:42:54,8.860e-06
25569.9,19:42:55,8.860e-06
25571.1,19:42:57,8.860e-06
25572.3,19:42:58,8.880e-06
25573.5,19:42:59,8.880e-06
25574.7,19:43:00,8.880e-06
25575.8,19:43:01,8.880e-06
25577.0,19:43:02,8.880e-06
25578.2,19:43:04,8.890e-06
25579.4,19:43:05,8.890e-06
25580.6,19:43:06,8.890e-06
25581.7,19:43:07,8.890e-06
25582.9,19:43:08,8.900e-06
25584.1,19:43:10,8.900e-06
25585.3,19:43:11,8.750e-06
25586.4,19:43:12,8.680e-06
25587.6,19:43:13,8.650e-06
25588.8,19:43:14,8.640e-06
25590.0,19:43:15,8.640e-06
25591.1,19:43:17,8.630e-06
25592.3,19:43:18,8.630e-06
25593.5,19:43:19,8.630e-06
25594.7,19:43:20,8.630e-06
25595.9,19:43:21,8.630e-06
25597.0,19:43:22,8.630e-06
25598.2,19:43:24,8.630e-06
25599.4,19:43:25,8.630e-06
25600.5,19:43:26,8.630e-06
25601.7,19:43:27,8.630e-06
25602.9,19:43:28,8.630e-06
25604.1,19:43:29,8.630e-06
25605.2,19:43:31,8.630e-06
25606.4,19:43:32,8.630e-06
25607.6,19:43:33,8.630e-06
25608.8,19:43:34,8.630e-06
25609.9,19:43:35,8.630e-06
25611.1,19:43:37,8.630e-06
25612.3,19:43:38,8.630e-06
25613.5,19:43:39,8.630e-06
25614.6,19:43:40,8.630e-06
25615.8,19:43:41,8.630e-06
25617.0,19:43:42,8.630e-06
25618.2,19:43:44,8.630e-06
25619.4,19:43:45,8.630e-06
25620.6,19:43:46,8.630e-06
25621.7,19:43:47,8.630e-06
25622.9,19:43:48,8.640e-06
25624.1,19:43:50,8.640e-06
25625.3,19:43:51,8.640e-06
25626.4,19:43:52,8.640e-06
25627.6,19:43:53,8.640e-06
25628.8,19:43:54,8.640e-06
25629.9,19:43:55,8.640e-06
25631.1,19:43:57,8.640e-06
25632.3,19:43:58,8.650e-06
25633.5,19:43:59,8.650e-06
25634.6,19:44:00,8.650e-06
25635.8,19:44:01,8.650e-06
25637.0,19:44:02,8.650e-06
25638.2,19:44:04,8.650e-06
25639.4,19:44:05,8.650e-06
25640.5,19:44:06,8.650e-06
25641.7,19:44:07,8.650e-06
25642.9,19:44:08,8.650e-06
25644.1,19:44:10,8.650e-06
25645.3,19:44:11,8.650e-06
25646.5,19:44:12,8.650e-06
25647.6,19:44:13,8.660e-06
25648.8,19:44:14,8.660e-06
25650.0,19:44:15,8.660e-06
25651.2,19:44:17,8.660e-06
25652.3,19:44:18,8.670e-06
25653.5,19:44:19,8.670e-06
25654.7,19:44:20,8.670e-06
25655.9,19:44:21,8.670e-06
25657.0,19:44:22,8.670e-06
25658.2,19:44:24,8.670e-06
25659.4,19:44:25,8.670e-06
25660.6,19:44:26,8.680e-06
25661.7,19:44:27,8.680e-06
25662.9,19:44:28,8.680e-06
25664.1,19:44:30,8.680e-06
25665.2,19:44:31,8.680e-06
25666.4,19:44:32,8.680e-06
25667.6,19:44:33,8.680e-06
25668.8,19:44:34,8.680e-06
25669.9,19:44:35,8.680e-06
25671.1,19:44:37,8.700e-06
25672.3,19:44:38,8.700e-06
25673.4,19:44:39,8.700e-06
25674.6,19:44:40,8.700e-06
25675.8,19:44:41,8.710e-06
25677.0,19:44:42,8.710e-06
25678.1,19:44:44,8.710e-06
25679.3,19:44:45,8.710e-06
25680.5,19:44:46,8.710e-06
25681.7,19:44:47,8.710e-06
25682.9,19:44:48,8.710e-06
25684.0,19:44:49,8.720e-06
25685.2,19:44:51,8.720e-06
25686.4,19:44:52,8.720e-06
25687.6,19:44:53,8.720e-06
25688.7,19:44:54,8.730e-06
25689.9,19:44:55,8.730e-06
25691.1,19:44:57,8.730e-06
25692.3,19:44:58,8.730e-06
25693.4,19:44:59,8.730e-06
25694.6,19:45:00,8.730e-06
25695.8,19:45:01,8.730e-06
25697.0,19:45:02,8.730e-06
25698.2,19:45:04,8.740e-06
25699.3,19:45:05,8.740e-06
25700.5,19:45:06,8.740e-06
25701.7,19:45:07,8.750e-06
25702.9,19:45:08,8.750e-06
25704.0,19:45:09,8.750e-06
25705.2,19:45:11,8.750e-06
25706.4,19:45:12,8.750e-06
25707.6,19:45:13,8.750e-06
25708.7,19:45:14,8.760e-06
25709.9,19:45:15,8.760e-06
25711.1,19:45:17,8.760e-06
25712.3,19:45:18,8.760e-06
25713.4,19:45:19,8.770e-06
25714.6,19:45:20,8.770e-06
25715.8,19:45:21,8.770e-06
25717.0,19:45:22,8.790e-06
25718.2,19:45:24,8.790e-06
25719.3,19:45:25,8.790e-06
25720.5,19:45:26,8.790e-06
25721.7,19:45:27,8.790e-06
25722.9,19:45:28,8.710e-06
25724.0,19:45:29,8.610e-06
25725.2,19:45:31,8.560e-06
25726.4,19:45:32,8.550e-06
25727.5,19:45:33,8.540e-06
25728.7,19:45:34,8.530e-06
25729.9,19:45:35,8.530e-06
25731.0,19:45:36,8.530e-06
25732.2,19:45:38,8.530e-06
25733.4,19:45:39,8.530e-06
25734.5,19:45:40,8.530e-06
25735.7,19:45:41,8.530e-06
25736.9,19:45:42,8.530e-06
25738.1,19:45:44,8.530e-06
25739.2,19:45:45,8.530e-06
25740.4,19:45:46,8.530e-06
25741.6,19:45:47,8.530e-06
25742.8,19:45:48,8.530e-06
25743.9,19:45:49,8.530e-06
25745.1,19:45:51,8.530e-06
25746.3,19:45:52,8.530e-06
25747.5,19:45:53,8.530e-06
25748.6,19:45:54,8.530e-06
25749.8,19:45:55,8.530e-06
25751.0,19:45:56,8.530e-06
25752.2,19:45:58,8.530e-06
25753.3,19:45:59,8.530e-06
25754.5,19:46:00,8.530e-06
25755.7,19:46:01,8.530e-06
25756.9,19:46:02,8.530e-06
25758.0,19:46:03,8.530e-06
25759.2,19:46:05,8.530e-06
25760.4,19:46:06,8.530e-06
25761.5,19:46:07,8.530e-06
25762.7,19:46:08,8.530e-06
25763.9,19:46:09,8.530e-06
25765.1,19:46:11,8.530e-06
25766.2,19:46:12,8.540e-06
25767.4,19:46:13,8.540e-06
25768.6,19:46:14,8.540e-06
25769.8,19:46:15,8.540e-06
25771.0,19:46:16,8.540e-06
25772.1,19:46:18,8.540e-06
25773.3,19:46:19,8.540e-06
25774.5,19:46:20,8.540e-06
25775.7,19:46:21,8.540e-06
25776.8,19:46:22,8.540e-06
25778.0,19:46:23,8.550e-06
25779.2,19:46:25,8.550e-06
25780.4,19:46:26,8.550e-06
25781.6,19:46:27,8.550e-06
25782.8,19:46:28,8.550e-06
25783.9,19:46:29,8.550e-06
25785.1,19:46:31,8.550e-06
25786.3,19:46:32,8.550e-06
25787.5,19:46:33,8.550e-06
25788.6,19:46:34,8.550e-06
25789.8,19:46:35,8.550e-06
25791.0,19:46:36,8.550e-06
25792.2,19:46:38,8.550e-06
25793.4,19:46:39,8.560e-06
25794.6,19:46:40,8.560e-06
25795.7,19:46:41,8.560e-06
25796.9,19:46:42,8.560e-06
25798.1,19:46:44,8.560e-06
25799.2,19:46:45,8.560e-06
25800.4,19:46:46,8.560e-06
25801.6,19:46:47,8.570e-06
25802.8,19:46:48,8.570e-06
25804.0,19:46:49,8.570e-06
25805.1,19:46:51,8.570e-06
25806.3,19:46:52,8.570e-06
25807.5,19:46:53,8.570e-06
25808.7,19:46:54,8.570e-06
25809.8,19:46:55,8.580e-06
25811.0,19:46:56,8.580e-06
25812.2,19:46:58,8.580e-06
25813.4,19:46:59,8.580e-06
25814.5,19:47:00,8.580e-06
25815.7,19:47:01,8.580e-06
25816.9,19:47:02,8.590e-06
25818.0,19:47:03,8.590e-06
25819.2,19:47:05,8.590e-06
25820.4,19:47:06,8.590e-06
25821.6,19:47:07,8.590e-06
25822.7,19:47:08,8.610e-06
25823.9,19:47:09,8.610e-06
25825.1,19:47:11,8.610e-06
25826.3,19:47:12,8.610e-06
25827.5,19:47:13,8.610e-06
25828.6,19:47:14,8.610e-06
25829.8,19:47:15,8.610e-06
25831.0,19:47:16,8.620e-06
25832.2,19:47:18,8.620e-06
25833.3,19:47:19,8.620e-06
25834.5,19:47:20,8.620e-06
25835.7,19:47:21,8.630e-06
25836.9,19:47:22,8.630e-06
25838.0,19:47:23,8.630e-06
25839.2,19:47:25,8.630e-06
25840.4,19:47:26,8.630e-06
25841.6,19:47:27,8.630e-06
25842.7,19:47:28,8.640e-06
25843.9,19:47:29,8.640e-06
25845.1,19:47:31,8.640e-06
25846.3,19:47:32,8.640e-06
25847.5,19:47:33,8.640e-06
25848.6,19:47:34,8.650e-06
25849.8,19:47:35,8.650e-06
25851.0,19:47:36,8.650e-06
25852.2,19:47:38,8.650e-06
25853.3,19:47:39,8.650e-06
25854.5,19:47:40,8.650e-06
25855.7,19:47:41,8.660e-06
25856.9,19:47:42,8.660e-06
25858.0,19:47:43,8.660e-06
25859.2,19:47:45,8.670e-06
25860.4,19:47:46,8.670e-06
25861.5,19:47:47,8.670e-06
25862.7,19:47:48,8.670e-06
25863.9,19:47:49,8.680e-06
25865.1,19:47:51,8.680e-06
25866.2,19:47:52,8.680e-06
25867.4,19:47:53,8.680e-06
25868.6,19:47:54,8.680e-06
25869.8,19:47:55,8.540e-06
25871.0,19:47:56,8.470e-06
25872.2,19:47:58,8.440e-06
25873.4,19:47:59,8.430e-06
25874.5,19:48:00,8.410e-06
25875.7,19:48:01,8.410e-06
25876.9,19:48:02,8.410e-06
25878.0,19:48:03,8.400e-06
25879.2,19:48:05,8.400e-06
25880.4,19:48:06,8.400e-06
25881.6,19:48:07,8.390e-06
25882.7,19:48:08,8.390e-06
25883.9,19:48:09,8.390e-06
25885.1,19:48:11,8.390e-06
25886.2,19:48:12,8.390e-06
25887.4,19:48:13,8.390e-06
25888.6,19:48:14,8.390e-06
25889.8,19:48:15,8.390e-06
25890.9,19:48:16,8.390e-06
25892.1,19:48:18,8.390e-06
25893.3,19:48:19,8.390e-06
25894.5,19:48:20,8.390e-06
25895.7,19:48:21,8.390e-06
25896.8,19:48:22,8.390e-06
25898.0,19:48:23,8.390e-06
25899.2,19:48:25,8.390e-06
25900.4,19:48:26,8.390e-06
25901.6,19:48:27,8.390e-06
25902.7,19:48:28,8.390e-06
25903.9,19:48:29,8.390e-06
25905.1,19:48:31,8.390e-06
25906.3,19:48:32,8.390e-06
25907.4,19:48:33,8.390e-06
25908.6,19:48:34,8.390e-06
25909.8,19:48:35,8.390e-06
25911.0,19:48:36,8.390e-06
25912.1,19:48:38,8.390e-06
25913.3,19:48:39,8.390e-06
25914.5,19:48:40,8.390e-06
25915.6,19:48:41,8.390e-06
25916.8,19:48:42,8.390e-06
25918.0,19:48:43,8.390e-06
25919.2,19:48:45,8.390e-06
25920.3,19:48:46,8.400e-06
25921.5,19:48:47,8.400e-06
25922.7,19:48:48,8.400e-06
25923.9,19:48:49,8.400e-06
25925.0,19:48:50,8.400e-06
25926.2,19:48:52,8.400e-06
25927.4,19:48:53,8.400e-06
25928.6,19:48:54,8.400e-06
25929.7,19:48:55,8.400e-06
25930.9,19:48:56,8.400e-06
25932.1,19:48:58,8.400e-06
25933.3,19:48:59,8.400e-06
25934.4,19:49:00,8.400e-06
25935.6,19:49:01,8.410e-06
25936.8,19:49:02,8.410e-06
25938.0,19:49:03,8.410e-06
25939.2,19:49:05,8.410e-06
25940.3,19:49:06,8.410e-06
25941.5,19:49:07,8.410e-06
25942.7,19:49:08,8.410e-06
25943.9,19:49:09,8.410e-06
25945.1,19:49:11,8.410e-06
25946.2,19:49:12,8.410e-06
25947.4,19:49:13,8.410e-06
25948.6,19:49:14,8.430e-06
25949.8,19:49:15,8.430e-06
25951.0,19:49:16,8.430e-06
25952.1,19:49:18,8.430e-06
25953.3,19:49:19,8.430e-06
25954.5,19:49:20,8.430e-06
25955.7,19:49:21,8.430e-06
25956.8,19:49:22,8.430e-06
25958.0,19:49:23,8.430e-06
25959.2,19:49:25,8.430e-06
25960.3,19:49:26,8.430e-06
25961.5,19:49:27,8.430e-06
25962.7,19:49:28,8.440e-06
25963.9,19:49:29,8.440e-06
25965.1,19:49:31,8.440e-06
25966.3,19:49:32,8.440e-06
25967.4,19:49:33,8.440e-06
25968.6,19:49:34,8.440e-06
25969.8,19:49:35,8.450e-06
25971.0,19:49:36,8.450e-06
25972.1,19:49:38,8.450e-06
25973.3,19:49:39,8.450e-06
25974.5,19:49:40,8.450e-06
25975.6,19:49:41,8.450e-06
25976.8,19:49:42,8.450e-06
25978.0,19:49:43,8.460e-06
25979.2,19:49:45,8.460e-06
25980.3,19:49:46,8.460e-06
25981.5,19:49:47,8.460e-06
25982.7,19:49:48,8.460e-06
25983.9,19:49:49,8.470e-06
25985.1,19:49:51,8.470e-06
25986.3,19:49:52,8.470e-06
25987.4,19:49:53,8.470e-06
25988.6,19:49:54,8.470e-06
25989.8,19:49:55,8.480e-06
25991.0,19:49:56,8.480e-06
25992.2,19:49:58,8.480e-06
25993.4,19:49:59,8.480e-06
25994.5,19:50:00,8.490e-06
25995.7,19:50:01,8.490e-06
25996.9,19:50:02,8.490e-06
25998.1,19:50:04,8.500e-06
25999.3,19:50:05,8.500e-06
26000.4,19:50:06,8.500e-06
26001.6,19:50:07,8.500e-06
26002.8,19:50:08,8.500e-06
26004.0,19:50:09,8.500e-06
26005.1,19:50:11,8.520e-06
26006.3,19:50:12,8.520e-06
26007.5,19:50:13,8.520e-06
26008.7,19:50:14,8.520e-06
26009.8,19:50:15,8.530e-06
26011.0,19:50:16,8.450e-06
26012.2,19:50:18,8.340e-06
26013.3,19:50:19,8.290e-06
26014.5,19:50:20,8.280e-06
26015.7,19:50:21,8.270e-06
26016.8,19:50:22,8.270e-06
26018.0,19:50:23,8.270e-06
26019.2,19:50:25,8.260e-06
26020.4,19:50:26,8.260e-06
26021.6,19:50:27,8.260e-06
26022.8,19:50:28,8.260e-06
26023.9,19:50:29,8.260e-06
26025.1,19:50:31,8.260e-06
26026.3,19:50:32,8.260e-06
26027.5,19:50:33,8.260e-06
26028.6,19:50:34,8.260e-06
26029.8,19:50:35,8.260e-06
26031.0,19:50:36,8.260e-06
26032.1,19:50:38,8.260e-06
26033.3,19:50:39,8.260e-06
26034.5,19:50:40,8.260e-06
26035.7,19:50:41,8.270e-06
26036.9,19:50:42,8.260e-06
26038.0,19:50:43,8.270e-06
26039.2,19:50:45,8.270e-06
26040.4,19:50:46,8.270e-06
26041.5,19:50:47,8.270e-06
26042.7,19:50:48,8.270e-06
26043.9,19:50:49,8.270e-06
26045.1,19:50:50,8.270e-06
26046.2,19:50:52,8.270e-06
26047.4,19:50:53,8.270e-06
26048.6,19:50:54,8.270e-06
26049.8,19:50:55,8.270e-06
26051.0,19:50:56,8.270e-06
26052.1,19:50:58,8.270e-06
26053.3,19:50:59,8.270e-06
26054.5,19:51:00,8.280e-06
26055.6,19:51:01,8.270e-06
26056.8,19:51:02,8.280e-06
26058.0,19:51:03,8.280e-06
26059.2,19:51:05,8.280e-06
26060.4,19:51:06,8.280e-06
26061.5,19:51:07,8.280e-06
26062.7,19:51:08,8.290e-06
26063.9,19:51:09,8.290e-06
26065.0,19:51:10,8.290e-06
26066.2,19:51:12,8.290e-06
26067.4,19:51:13,8.290e-06
26068.6,19:51:14,8.290e-06
26069.7,19:51:15,8.290e-06
26070.9,19:51:16,8.300e-06
26072.1,19:51:18,8.300e-06
26073.3,19:51:19,8.300e-06
26074.4,19:51:20,8.300e-06
26075.6,19:51:21,8.300e-06
26076.8,19:51:22,8.300e-06
26078.0,19:51:23,8.310e-06
26079.1,19:51:25,8.310e-06
26080.3,19:51:26,8.310e-06
26081.5,19:51:27,8.310e-06
26082.7,19:51:28,8.310e-06
26083.9,19:51:29,8.310e-06
26085.0,19:51:30,8.310e-06
26086.2,19:51:32,8.300e-06
26087.4,19:51:33,8.300e-06
26088.5,19:51:34,8.290e-06
26089.7,19:51:35,8.290e-06
26090.9,19:51:36,8.290e-06
26092.1,19:51:37,8.290e-06
26093.3,19:51:39,8.290e-06
26094.4,19:51:40,8.300e-06
26095.6,19:51:41,8.300e-06
26096.8,19:51:42,8.300e-06
26097.9,19:51:43,8.310e-06
26099.1,19:51:45,8.310e-06
26100.3,19:51:46,8.310e-06
26101.5,19:51:47,8.310e-06
26102.7,19:51:48,8.320e-06
26103.8,19:51:49,8.320e-06
26105.0,19:51:50,8.320e-06
26106.2,19:51:52,8.320e-06
26107.3,19:51:53,8.340e-06
26108.5,19:51:54,8.340e-06
26109.7,19:51:55,8.340e-06
26110.8,19:51:56,8.340e-06
26112.0,19:51:57,8.350e-06
26113.2,19:51:59,8.350e-06
26114.4,19:52:00,8.350e-06
26115.5,19:52:01,8.350e-06
26116.7,19:52:02,8.350e-06
26117.9,19:52:03,8.360e-06
26119.1,19:52:05,8.360e-06
26120.3,19:52:06,8.360e-06
26121.4,19:52:07,8.360e-06
26122.6,19:52:08,8.370e-06
26123.8,19:52:09,8.370e-06
26124.9,19:52:10,8.370e-06
26126.1,19:52:12,8.370e-06
26127.3,19:52:13,8.370e-06
26128.5,19:52:14,8.370e-06
26129.6,19:52:15,8.380e-06
26130.8,19:52:16,8.380e-06
26132.0,19:52:17,8.380e-06
26133.2,19:52:19,8.390e-06
26134.3,19:52:20,8.390e-06
26135.5,19:52:21,8.390e-06
26136.7,19:52:22,8.390e-06
26137.9,19:52:23,8.390e-06
26139.0,19:52:24,8.400e-06
26140.2,19:52:26,8.400e-06
26141.4,19:52:27,8.400e-06
26142.6,19:52:28,8.410e-06
26143.7,19:52:29,8.410e-06
26144.9,19:52:30,8.410e-06
26146.1,19:52:32,8.430e-06
26147.2,19:52:33,8.430e-06
26148.4,19:52:34,8.430e-06
26149.6,19:52:35,8.430e-06
26150.8,19:52:36,8.440e-06
26151.9,19:52:37,8.440e-06
26153.1,19:52:39,8.440e-06
26154.3,19:52:40,8.300e-06
26155.5,19:52:41,8.220e-06
26156.6,19:52:42,8.190e-06
26157.8,19:52:43,8.190e-06
26159.0,19:52:44,8.180e-06
26160.2,19:52:46,8.180e-06
26161.3,19:52:47,8.180e-06
26162.5,19:52:48,8.180e-06
26163.7,19:52:49,8.180e-06
26164.9,19:52:50,8.180e-06
26166.0,19:52:51,8.180e-06
26167.2,19:52:53,8.170e-06
26168.4,19:52:54,8.180e-06
26169.5,19:52:55,8.180e-06
26170.7,19:52:56,8.180e-06
26171.9,19:52:57,8.180e-06
26173.1,19:52:58,8.180e-06
26174.2,19:53:00,8.180e-06
26175.4,19:53:01,8.180e-06
26176.6,19:53:02,8.180e-06
26177.7,19:53:03,8.180e-06
26178.9,19:53:04,8.190e-06
26180.1,19:53:06,8.190e-06
26181.2,19:53:07,8.190e-06
26182.4,19:53:08,8.190e-06
26183.6,19:53:09,8.190e-06
26184.8,19:53:10,8.190e-06
26185.9,19:53:11,8.190e-06
26187.1,19:53:13,8.190e-06
26188.3,19:53:14,8.190e-06
26189.5,19:53:15,8.190e-06
26190.6,19:53:16,8.200e-06
26191.8,19:53:17,8.200e-06
26193.0,19:53:18,8.200e-06
26194.1,19:53:20,8.200e-06
26195.3,19:53:21,8.200e-06
26196.5,19:53:22,8.200e-06
26197.7,19:53:23,8.210e-06
26198.8,19:53:24,8.210e-06
26200.0,19:53:25,8.210e-06
26201.2,19:53:27,8.210e-06
26202.4,19:53:28,8.210e-06
26203.6,19:53:29,8.210e-06
26204.7,19:53:30,8.210e-06
26205.9,19:53:31,8.210e-06
26207.1,19:53:33,8.210e-06
26208.3,19:53:34,8.220e-06
26209.4,19:53:35,8.220e-06
26210.6,19:53:36,8.220e-06
26211.8,19:53:37,8.220e-06
26212.9,19:53:38,8.230e-06
26214.1,19:53:40,8.230e-06
26215.3,19:53:41,8.230e-06
26216.4,19:53:42,8.230e-06
26217.6,19:53:43,8.230e-06
26218.8,19:53:44,8.230e-06
26220.0,19:53:45,8.250e-06
26221.1,19:53:47,8.250e-06
26222.3,19:53:48,8.250e-06
26223.5,19:53:49,8.250e-06
26224.6,19:53:50,8.250e-06
26225.8,19:53:51,8.260e-06
26227.0,19:53:52,8.260e-06
26228.2,19:53:54,8.260e-06
26229.3,19:53:55,8.260e-06
26230.5,19:53:56,8.260e-06
26231.7,19:53:57,8.270e-06
26232.8,19:53:58,8.270e-06
26234.0,19:53:59,8.270e-06
26235.2,19:54:01,8.270e-06
26236.4,19:54:02,8.270e-06
26237.5,19:54:03,8.270e-06
26238.7,19:54:04,8.280e-06
26239.9,19:54:05,8.280e-06
26241.0,19:54:06,8.280e-06
26242.2,19:54:08,8.280e-06
26243.4,19:54:09,8.280e-06
26244.6,19:54:10,8.290e-06
26245.7,19:54:11,8.290e-06
26246.9,19:54:12,8.290e-06
26248.1,19:54:14,8.290e-06
26249.3,19:54:15,8.290e-06
26250.4,19:54:16,8.290e-06
26251.6,19:54:17,8.300e-06
26252.8,19:54:18,8.300e-06
26254.0,19:54:19,8.300e-06
26255.1,19:54:21,8.310e-06
26256.3,19:54:22,8.310e-06
26257.5,19:54:23,8.310e-06
26258.7,19:54:24,8.310e-06
26259.8,19:54:25,8.320e-06
26261.0,19:54:26,8.320e-06
26262.2,19:54:28,8.320e-06
26263.4,19:54:29,8.320e-06
26264.5,19:54:30,8.320e-06
26265.7,19:54:31,8.340e-06
26266.9,19:54:32,8.340e-06
26268.1,19:54:33,8.340e-06
26269.2,19:54:35,8.350e-06
26270.4,19:54:36,8.350e-06
26271.6,19:54:37,8.350e-06
26272.7,19:54:38,8.350e-06
26273.9,19:54:39,8.360e-06
26275.1,19:54:41,8.360e-06
26276.3,19:54:42,8.370e-06
26277.4,19:54:43,8.370e-06
26278.6,19:54:44,8.370e-06
26279.8,19:54:45,8.370e-06
26281.0,19:54:46,8.370e-06
26282.1,19:54:48,8.370e-06
26283.3,19:54:49,8.370e-06
26284.5,19:54:50,8.350e-06
26285.6,19:54:51,8.190e-06
26286.8,19:54:52,8.130e-06
26288.0,19:54:53,8.110e-06
26289.1,19:54:55,8.100e-06
26290.3,19:54:56,8.090e-06
26291.5,19:54:57,8.080e-06
26292.6,19:54:58,8.080e-06
26293.8,19:54:59,8.070e-06
26295.0,19:55:00,8.070e-06
26296.2,19:55:02,8.070e-06
26297.4,19:55:03,8.070e-06
26298.5,19:55:04,8.070e-06
26299.7,19:55:05,8.070e-06
26300.9,19:55:06,8.070e-06
26302.0,19:55:07,8.070e-06
26303.2,19:55:09,8.070e-06
26304.4,19:55:10,8.070e-06
26305.6,19:55:11,8.070e-06
26306.7,19:55:12,8.070e-06
26307.9,19:55:13,8.070e-06
26309.1,19:55:15,8.070e-06
26310.2,19:55:16,8.070e-06
26311.4,19:55:17,8.070e-06
26312.6,19:55:18,8.070e-06
26313.8,19:55:19,8.070e-06
26314.9,19:55:20,8.070e-06
26316.1,19:55:22,8.070e-06
26317.3,19:55:23,8.070e-06
26318.5,19:55:24,8.070e-06
26319.6,19:55:25,8.070e-06
26320.8,19:55:26,8.070e-06
26322.0,19:55:27,8.070e-06
26323.2,19:55:29,8.050e-06
26324.4,19:55:30,8.050e-06
26325.5,19:55:31,8.040e-06
26326.7,19:55:32,8.040e-06
26327.9,19:55:33,8.030e-06
26329.1,19:55:34,8.030e-06
26330.2,19:55:36,8.020e-06
26331.4,19:55:37,8.020e-06
26332.6,19:55:38,8.010e-06
26333.7,19:55:39,8.010e-06
26334.9,19:55:40,8.000e-06
26336.1,19:55:42,7.990e-06
26337.3,19:55:43,7.980e-06
26338.4,19:55:44,7.960e-06
26339.6,19:55:45,7.960e-06
26340.8,19:55:46,7.950e-06
26342.0,19:55:47,7.940e-06
26343.1,19:55:49,7.930e-06
26344.3,19:55:50,7.920e-06
26345.5,19:55:51,7.910e-06
26346.6,19:55:52,7.900e-06
26347.8,19:55:53,7.890e-06
26349.0,19:55:54,7.890e-06
26350.2,19:55:56,7.870e-06
26351.3,19:55:57,7.850e-06
26352.5,19:55:58,7.850e-06
26353.7,19:55:59,7.840e-06
26354.9,19:56:00,7.830e-06
26356.0,19:56:01,7.820e-06
26357.2,19:56:03,7.810e-06
26358.4,19:56:04,7.800e-06
26359.6,19:56:05,7.780e-06
26360.7,19:56:06,7.770e-06
26361.9,19:56:07,7.760e-06
26363.1,19:56:09,7.750e-06
26364.3,19:56:10,7.730e-06
26365.4,19:56:11,7.730e-06
26366.6,19:56:12,7.700e-06
26367.8,19:56:13,7.700e-06
26368.9,19:56:14,7.680e-06
26370.1,19:56:16,7.670e-06
26371.3,19:56:17,7.660e-06
26372.5,19:56:18,7.650e-06
26373.7,19:56:19,7.640e-06
26374.8,19:56:20,7.630e-06
26376.0,19:56:21,7.610e-06
26377.2,19:56:23,7.600e-06
26378.4,19:56:24,7.580e-06
26379.5,19:56:25,7.570e-06
26380.7,19:56:26,7.550e-06
26381.9,19:56:27,7.540e-06
26383.1,19:56:28,7.520e-06
26384.3,19:56:30,7.510e-06
26385.4,19:56:31,7.500e-06
26386.6,19:56:32,7.480e-06
26387.8,19:56:33,7.470e-06
26388.9,19:56:34,7.450e-06
26390.1,19:56:36,7.450e-06
26391.3,19:56:37,7.420e-06
26392.5,19:56:38,7.410e-06
26393.6,19:56:39,7.400e-06
26394.8,19:56:40,7.390e-06
26396.0,19:56:41,7.370e-06
26397.2,19:56:43,7.370e-06
26398.3,19:56:44,7.340e-06
26399.5,19:56:45,7.330e-06
26400.7,19:56:46,7.320e-06
26401.9,19:56:47,7.300e-06
26403.0,19:56:48,7.290e-06
26404.2,19:56:50,7.280e-06
26405.4,19:56:51,7.260e-06
26406.6,19:56:52,7.250e-06
26407.7,19:56:53,7.240e-06
26408.9,19:56:54,7.230e-06
26410.1,19:56:56,7.210e-06
26411.2,19:56:57,7.200e-06
26412.4,19:56:58,7.190e-06
26413.6,19:56:59,7.170e-06
26414.8,19:57:00,7.160e-06
26415.9,19:57:01,7.150e-06
26417.1,19:57:03,7.130e-06
26418.3,19:57:04,7.120e-06
26419.5,19:57:05,7.110e-06
26420.6,19:57:06,7.100e-06
26421.8,19:57:07,7.080e-06
26423.0,19:57:08,7.060e-06
26424.1,19:57:10,7.050e-06
26425.3,19:57:11,6.950e-06
26426.5,19:57:12,6.840e-06
26427.6,19:57:13,6.790e-06
26428.8,19:57:14,6.760e-06
26430.0,19:57:15,6.740e-06
26431.2,19:57:17,6.710e-06
26432.3,19:57:18,6.700e-06
26433.5,19:57:19,6.680e-06
26434.7,19:57:20,6.670e-06
26435.9,19:57:21,6.650e-06
26437.1,19:57:23,6.630e-06
26438.2,19:57:24,6.620e-06
26439.4,19:57:25,6.600e-06
26440.6,19:57:26,6.580e-06
26441.7,19:57:27,6.570e-06
26442.9,19:57:28,6.550e-06
26444.1,19:57:30,6.540e-06
26445.3,19:57:31,6.520e-06
26446.4,19:57:32,6.510e-06
26447.6,19:57:33,6.490e-06
26448.8,19:57:34,6.480e-06
26450.0,19:57:35,6.460e-06
26451.2,19:57:37,6.450e-06
26452.3,19:57:38,6.440e-06
26453.5,19:57:39,6.420e-06
26454.7,19:57:40,6.410e-06
26455.8,19:57:41,6.400e-06
26457.0,19:57:42,6.380e-06
26458.2,19:57:44,6.370e-06
26459.4,19:57:45,6.350e-06
26460.6,19:57:46,6.340e-06
26461.8,19:57:47,6.330e-06
26462.9,19:57:48,6.310e-06
26464.1,19:57:50,6.300e-06
26465.3,19:57:51,6.290e-06
26466.5,19:57:52,6.270e-06
26467.6,19:57:53,6.260e-06
26468.8,19:57:54,6.250e-06
26470.0,19:57:55,6.240e-06
26471.1,19:57:57,6.220e-06
26472.3,19:57:58,6.210e-06
26473.5,19:57:59,6.200e-06
26474.7,19:58:00,6.190e-06
26475.8,19:58:01,6.170e-06
26477.0,19:58:02,6.160e-06
26478.2,19:58:04,6.150e-06
26479.4,19:58:05,6.140e-06
26480.5,19:58:06,6.130e-06
26481.7,19:58:07,6.120e-06
26482.9,19:58:08,6.100e-06
26484.0,19:58:09,6.100e-06
26485.2,19:58:11,6.080e-06
26486.4,19:58:12,6.070e-06
26487.6,19:58:13,6.060e-06
26488.7,19:58:14,6.050e-06
26489.9,19:58:15,6.040e-06
26491.1,19:58:17,6.030e-06
26492.2,19:58:18,6.020e-06
26493.4,19:58:19,6.010e-06
26494.6,19:58:20,5.990e-06
26495.8,19:58:21,5.980e-06
26497.0,19:58:22,5.980e-06
26498.1,19:58:24,5.960e-06
26499.3,19:58:25,5.950e-06
26500.5,19:58:26,5.940e-06
26501.6,19:58:27,5.940e-06
26502.8,19:58:28,5.920e-06
26504.0,19:58:29,5.920e-06
26505.2,19:58:31,5.900e-06
26506.4,19:58:32,5.890e-06
26507.5,19:58:33,5.880e-06
26508.7,19:58:34,5.870e-06
26509.9,19:58:35,5.860e-06
26511.1,19:58:36,5.850e-06
26512.2,19:58:38,5.840e-06
26513.4,19:58:39,5.830e-06
26514.6,19:58:40,5.820e-06
26515.8,19:58:41,5.810e-06
26516.9,19:58:42,5.800e-06
26518.1,19:58:44,5.790e-06
26519.3,19:58:45,5.780e-06
26520.5,19:58:46,5.770e-06
26521.6,19:58:47,5.760e-06
26522.8,19:58:48,5.750e-06
26524.0,19:58:49,5.740e-06
26525.2,19:58:51,5.730e-06
26526.3,19:58:52,5.720e-06
26527.5,19:58:53,5.710e-06
26528.7,19:58:54,5.700e-06
26529.8,19:58:55,5.690e-06
26531.0,19:58:56,5.680e-06
26532.2,19:58:58,5.670e-06
26533.4,19:58:59,5.660e-06
26534.5,19:59:00,5.650e-06
26535.7,19:59:01,5.640e-06
26536.9,19:59:02,5.630e-06
26538.0,19:59:03,5.620e-06
26539.2,19:59:05,5.610e-06
26540.4,19:59:06,5.600e-06
26541.5,19:59:07,5.590e-06
26542.7,19:59:08,5.580e-06
26543.9,19:59:09,5.570e-06
26545.1,19:59:11,5.560e-06
26546.3,19:59:12,5.550e-06
26547.4,19:59:13,5.540e-06
26548.6,19:59:14,5.530e-06
26549.8,19:59:15,5.520e-06
26551.0,19:59:16,5.500e-06
26552.1,19:59:18,5.500e-06
26553.3,19:59:19,5.490e-06
26554.5,19:59:20,5.480e-06
26555.7,19:59:21,5.470e-06
26556.8,19:59:22,5.460e-06
26558.0,19:59:23,5.450e-06
26559.2,19:59:25,5.440e-06
26560.3,19:59:26,5.430e-06
26561.5,19:59:27,5.420e-06
26562.7,19:59:28,5.370e-06
26563.9,19:59:29,5.250e-06
26565.0,19:59:30,5.200e-06
26566.2,19:59:32,5.170e-06
26567.4,19:59:33,5.160e-06
26568.5,19:59:34,5.140e-06
26569.7,19:59:35,5.120e-06
26570.9,19:59:36,5.110e-06
26572.1,19:59:38,5.090e-06
26573.2,19:59:39,5.080e-06
26574.4,19:59:40,5.070e-06
26575.6,19:59:41,5.060e-06
26576.8,19:59:42,5.050e-06
26577.9,19:59:43,5.030e-06
26579.1,19:59:45,5.020e-06
26580.3,19:59:46,5.010e-06
26581.5,19:59:47,5.000e-06
26582.6,19:59:48,4.990e-06
26583.8,19:59:49,4.980e-06
26585.0,19:59:50,4.960e-06
26586.2,19:59:52,4.950e-06
26587.3,19:59:53,4.940e-06
26588.5,19:59:54,4.930e-06
26589.7,19:59:55,4.920e-06
26590.9,19:59:56,4.910e-06
26592.0,19:59:57,4.890e-06
26593.2,19:59:59,4.890e-06
26594.4,20:00:00,4.880e-06
26595.5,20:00:01,4.870e-06
26596.7,20:00:02,4.860e-06
26597.9,20:00:03,4.840e-06
26599.0,20:00:04,4.840e-06
26600.2,20:00:06,4.820e-06
26601.4,20:00:07,4.820e-06
26602.6,20:00:08,4.810e-06
26603.8,20:00:09,4.800e-06
26604.9,20:00:10,4.790e-06
26606.1,20:00:12,4.780e-06
26607.3,20:00:13,4.770e-06
26608.5,20:00:14,4.760e-06
26609.6,20:00:15,4.750e-06
26610.8,20:00:16,4.750e-06
26612.0,20:00:17,4.730e-06
26613.2,20:00:19,4.730e-06
26614.3,20:00:20,4.720e-06
26615.5,20:00:21,4.710e-06
26616.7,20:00:22,4.710e-06
26617.8,20:00:23,4.690e-06
26619.0,20:00:24,4.690e-06
26620.2,20:00:26,4.680e-06
26621.4,20:00:27,4.670e-06
26622.5,20:00:28,4.660e-06
26623.7,20:00:29,4.650e-06
26624.9,20:00:30,4.640e-06
26626.1,20:00:32,4.640e-06
26627.2,20:00:33,4.630e-06
26628.4,20:00:34,4.610e-06
26629.6,20:00:35,4.610e-06
26630.7,20:00:36,4.600e-06
26631.9,20:00:37,4.590e-06
26633.1,20:00:39,4.590e-06
26634.3,20:00:40,4.580e-06
26635.4,20:00:41,4.570e-06
26636.6,20:00:42,4.560e-06
26637.8,20:00:43,4.550e-06
26639.0,20:00:44,4.540e-06
26640.1,20:00:46,4.540e-06
26641.3,20:00:47,4.530e-06
26642.5,20:00:48,4.530e-06
26643.6,20:00:49,4.510e-06
26644.8,20:00:50,4.510e-06
26646.0,20:00:51,4.500e-06
26647.1,20:00:53,4.490e-06
26648.3,20:00:54,4.480e-06
26649.5,20:00:55,4.470e-06
26650.6,20:00:56,4.460e-06
26651.8,20:00:57,4.460e-06
26653.0,20:00:58,4.450e-06
26654.2,20:01:00,4.440e-06
26655.3,20:01:01,4.430e-06
26656.5,20:01:02,4.420e-06
26657.7,20:01:03,4.410e-06
26658.9,20:01:04,4.400e-06
26660.0,20:01:05,4.400e-06
26661.2,20:01:07,4.390e-06
26662.4,20:01:08,4.380e-06
26663.6,20:01:09,4.370e-06
26664.7,20:01:10,4.360e-06
26665.9,20:01:11,4.350e-06
26667.1,20:01:13,4.350e-06
26668.3,20:01:14,4.340e-06
26669.4,20:01:15,4.330e-06
26670.6,20:01:16,4.320e-06
26671.8,20:01:17,4.310e-06
26673.0,20:01:18,4.300e-06
26674.1,20:01:20,4.290e-06
26675.3,20:01:21,4.280e-06
26676.5,20:01:22,4.280e-06
26677.7,20:01:23,4.270e-06
26678.8,20:01:24,4.260e-06
26680.0,20:01:25,4.250e-06
26681.2,20:01:27,4.240e-06
26682.4,20:01:28,4.230e-06
26683.5,20:01:29,4.220e-06
26684.7,20:01:30,4.210e-06
26685.9,20:01:31,4.210e-06
26687.0,20:01:32,4.200e-06
26688.2,20:01:34,4.190e-06
26689.4,20:01:35,4.180e-06
26690.5,20:01:36,4.170e-06
26691.7,20:01:37,4.160e-06
26692.9,20:01:38,4.150e-06
26694.0,20:01:39,4.150e-06
26695.2,20:01:41,4.140e-06
26696.4,20:01:42,4.130e-06
26697.6,20:01:43,4.120e-06
26698.8,20:01:44,4.110e-06
26699.9,20:01:45,4.100e-06
26701.1,20:01:47,4.090e-06
26702.3,20:01:48,4.080e-06
26703.4,20:01:49,4.080e-06
26704.6,20:01:50,4.070e-06
26705.8,20:01:51,3.990e-06
26707.0,20:01:52,3.910e-06
26708.1,20:01:54,3.890e-06
26709.3,20:01:55,3.880e-06
26710.5,20:01:56,3.870e-06
26711.7,20:01:57,3.860e-06
26712.8,20:01:58,3.850e-06
26714.0,20:01:59,3.850e-06
26715.2,20:02:01,3.840e-06
26716.3,20:02:02,3.830e-06
26717.5,20:02:03,3.820e-06
26718.7,20:02:04,3.810e-06
26719.9,20:02:05,3.800e-06
26721.0,20:02:06,3.800e-06
26722.2,20:02:08,3.790e-06
26723.4,20:02:09,3.780e-06
26724.6,20:02:10,3.780e-06
26725.8,20:02:11,3.770e-06
26726.9,20:02:12,3.760e-06
26728.1,20:02:14,3.750e-06
26729.3,20:02:15,3.750e-06
26730.5,20:02:16,3.740e-06
26731.6,20:02:17,3.730e-06
26732.8,20:02:18,3.730e-06
26734.0,20:02:19,3.720e-06
26735.2,20:02:21,3.720e-06
26736.4,20:02:22,3.710e-06
26737.5,20:02:23,3.700e-06
26738.7,20:02:24,3.700e-06
26739.9,20:02:25,3.690e-06
26741.1,20:02:26,3.680e-06
26742.2,20:02:28,3.680e-06
26743.4,20:02:29,3.670e-06
26744.6,20:02:30,3.660e-06
26745.7,20:02:31,3.650e-06
26746.9,20:02:32,3.650e-06
26748.1,20:02:34,3.640e-06
26749.3,20:02:35,3.630e-06
26750.5,20:02:36,3.620e-06
26751.6,20:02:37,3.610e-06
26752.8,20:02:38,3.610e-06
26754.0,20:02:39,3.600e-06
26755.2,20:02:41,3.600e-06
26756.4,20:02:42,3.590e-06
26757.5,20:02:43,3.580e-06
26758.7,20:02:44,3.570e-06
26759.9,20:02:45,3.570e-06
26761.1,20:02:47,3.560e-06
26762.3,20:02:48,3.550e-06
26763.4,20:02:49,3.550e-06
26764.6,20:02:50,3.540e-06
26765.8,20:02:51,3.530e-06
26767.0,20:02:52,3.520e-06
26768.1,20:02:54,3.520e-06
26769.3,20:02:55,3.510e-06
26770.5,20:02:56,3.510e-06
26771.7,20:02:57,3.500e-06
26772.8,20:02:58,3.490e-06
26774.0,20:02:59,3.490e-06
26775.2,20:03:01,3.480e-06
26776.4,20:03:02,3.470e-06
26777.5,20:03:03,3.470e-06
26778.7,20:03:04,3.460e-06
26779.9,20:03:05,3.450e-06
26781.0,20:03:06,3.450e-06
26782.2,20:03:08,3.440e-06
26783.4,20:03:09,3.430e-06
26784.6,20:03:10,3.420e-06
26785.7,20:03:11,3.420e-06
26786.9,20:03:12,3.420e-06
26788.1,20:03:14,3.410e-06
26789.3,20:03:15,3.410e-06
26790.5,20:03:16,3.400e-06
26791.7,20:03:17,3.390e-06
26792.8,20:03:18,3.390e-06
26794.0,20:03:19,3.380e-06
26795.2,20:03:21,3.380e-06
26796.4,20:03:22,3.370e-06
26797.5,20:03:23,3.370e-06
26798.7,20:03:24,3.360e-06
26799.9,20:03:25,3.350e-06
26801.0,20:03:26,3.340e-06
26802.2,20:03:28,3.340e-06
26803.4,20:03:29,3.330e-06
26804.6,20:03:30,3.320e-06
26805.7,20:03:31,3.320e-06
26806.9,20:03:32,3.310e-06
26808.1,20:03:34,3.300e-06
26809.2,20:03:35,3.300e-06
26810.4,20:03:36,3.290e-06
26811.6,20:03:37,3.280e-06
26812.8,20:03:38,3.280e-06
26813.9,20:03:39,3.270e-06
26815.1,20:03:41,3.260e-06
26816.3,20:03:42,3.250e-06
26817.5,20:03:43,3.250e-06
26818.7,20:03:44,3.250e-06
26819.9,20:03:45,3.240e-06
26821.1,20:03:47,3.230e-06
26822.2,20:03:48,3.230e-06
26823.4,20:03:49,3.220e-06
26824.6,20:03:50,3.210e-06
26825.8,20:03:51,3.210e-06
26826.9,20:03:52,3.200e-06
26828.1,20:03:54,3.200e-06
26829.3,20:03:55,3.190e-06
26830.5,20:03:56,3.190e-06
26831.7,20:03:57,3.180e-06
26832.8,20:03:58,3.180e-06
26834.0,20:03:59,3.170e-06
26835.2,20:04:01,3.170e-06
26836.4,20:04:02,3.160e-06
26837.5,20:04:03,3.160e-06
26838.7,20:04:04,3.150e-06
26839.9,20:04:05,3.150e-06
26841.1,20:04:06,3.140e-06
26842.2,20:04:08,3.140e-06
26843.4,20:04:09,3.130e-06
26844.6,20:04:10,3.040e-06
26845.8,20:04:11,3.010e-06
26846.9,20:04:12,3.010e-06
26848.1,20:04:14,3.000e-06
26849.3,20:04:15,3.000e-06
26850.4,20:04:16,2.990e-06
26851.6,20:04:17,2.990e-06
26852.8,20:04:18,2.980e-06
26854.0,20:04:19,2.980e-06
26855.2,20:04:21,2.970e-06
26856.3,20:04:22,2.970e-06
26857.5,20:04:23,2.970e-06
26858.7,20:04:24,2.960e-06
26859.9,20:04:25,2.960e-06
26861.0,20:04:26,2.950e-06
26862.2,20:04:28,2.940e-06
26863.4,20:04:29,2.940e-06
26864.6,20:04:30,2.940e-06
26865.8,20:04:31,2.930e-06
26866.9,20:04:32,2.930e-06
26868.1,20:04:34,2.920e-06
26869.3,20:04:35,2.920e-06
26870.4,20:04:36,2.910e-06
26871.6,20:04:37,2.910e-06
26872.8,20:04:38,2.900e-06
26874.0,20:04:39,2.900e-06
26875.1,20:04:41,2.900e-06
26876.3,20:04:42,2.890e-06
26877.5,20:04:43,2.890e-06
26878.6,20:04:44,2.880e-06
26879.8,20:04:45,2.870e-06
26881.0,20:04:46,2.870e-06
26882.2,20:04:48,2.860e-06
26883.4,20:04:49,2.860e-06
26884.5,20:04:50,2.850e-06
26885.7,20:04:51,2.850e-06
26886.9,20:04:52,2.850e-06
26888.1,20:04:54,2.840e-06
26889.3,20:04:55,2.840e-06
26890.4,20:04:56,2.830e-06
26891.6,20:04:57,2.830e-06
26892.8,20:04:58,2.830e-06
26894.0,20:04:59,2.820e-06
26895.1,20:05:01,2.820e-06
26896.3,20:05:02,2.810e-06
26897.5,20:05:03,2.810e-06
26898.7,20:05:04,2.810e-06
26899.8,20:05:05,2.800e-06
26901.0,20:05:06,2.800e-06
26902.2,20:05:08,2.800e-06
26903.4,20:05:09,2.800e-06
26904.6,20:05:10,2.790e-06
26905.7,20:05:11,2.790e-06
26906.9,20:05:12,2.790e-06
26908.1,20:05:14,2.780e-06
26909.3,20:05:15,2.780e-06
26910.4,20:05:16,2.770e-06
26911.6,20:05:17,2.770e-06
26912.8,20:05:18,2.770e-06
26914.0,20:05:19,2.760e-06
26915.2,20:05:21,2.760e-06
26916.3,20:05:22,2.750e-06
26917.5,20:05:23,2.750e-06
26918.7,20:05:24,2.750e-06
26919.9,20:05:25,2.740e-06
26921.0,20:05:26,2.740e-06
26922.2,20:05:28,2.730e-06
26923.4,20:05:29,2.720e-06
26924.6,20:05:30,2.720e-06
26925.7,20:05:31,2.720e-06
26926.9,20:05:32,2.710e-06
26928.1,20:05:34,2.710e-06
26929.3,20:05:35,2.700e-06
26930.4,20:05:36,2.700e-06
26931.6,20:05:37,2.700e-06
26932.8,20:05:38,2.690e-06
26934.0,20:05:39,2.690e-06
26935.1,20:05:41,2.680e-06
26936.3,20:05:42,2.680e-06
26937.5,20:05:43,2.680e-06
26938.7,20:05:44,2.670e-06
26939.9,20:05:45,2.670e-06
26941.0,20:05:46,2.660e-06
26942.2,20:05:48,2.660e-06
26943.4,20:05:49,2.660e-06
26944.6,20:05:50,2.670e-06
26945.8,20:05:51,2.660e-06
26946.9,20:05:52,2.660e-06
26948.1,20:05:54,2.650e-06
26949.3,20:05:55,2.650e-06
26950.5,20:05:56,2.650e-06
26951.6,20:05:57,2.640e-06
26952.8,20:05:58,2.640e-06
26954.0,20:05:59,2.640e-06
26955.2,20:06:01,2.630e-06
26956.4,20:06:02,2.630e-06
26957.5,20:06:03,2.620e-06
26958.7,20:06:04,2.620e-06
26959.9,20:06:05,2.620e-06
26961.0,20:06:06,2.610e-06
26962.2,20:06:08,2.610e-06
26963.4,20:06:09,2.600e-06
26964.5,20:06:10,2.600e-06
26965.7,20:06:11,2.600e-06
26966.9,20:06:12,2.590e-06
26968.1,20:06:14,2.590e-06
26969.2,20:06:15,2.580e-06
26970.4,20:06:16,2.580e-06
26971.6,20:06:17,2.570e-06
26972.8,20:06:18,2.570e-06
26973.9,20:06:19,2.570e-06
26975.1,20:06:21,2.560e-06
26976.3,20:06:22,2.560e-06
26977.5,20:06:23,2.550e-06
26978.7,20:06:24,2.550e-06
26979.8,20:06:25,2.550e-06
26981.0,20:06:26,2.540e-06
26982.2,20:06:28,2.540e-06
26983.4,20:06:29,2.540e-06
26984.5,20:06:30,2.530e-06
26985.7,20:06:31,2.530e-06
26986.9,20:06:32,2.520e-06
26988.1,20:06:33,2.470e-06
26989.2,20:06:35,2.430e-06
26990.4,20:06:36,2.420e-06
26991.6,20:06:37,2.410e-06
26992.8,20:06:38,2.410e-06
26993.9,20:06:39,2.400e-06
26995.1,20:06:41,2.400e-06
26996.3,20:06:42,2.390e-06
26997.5,20:06:43,2.390e-06
26998.6,20:06:44,2.390e-06
26999.8,20:06:45,2.390e-06
27001.0,20:06:46,2.380e-06
27002.1,20:06:48,2.380e-06
27003.3,20:06:49,2.370e-06
27004.5,20:06:50,2.370e-06
27005.7,20:06:51,2.360e-06
27006.9,20:06:52,2.360e-06
27008.0,20:06:53,2.350e-06
27009.2,20:06:55,2.350e-06
27010.4,20:06:56,2.340e-06
27011.5,20:06:57,2.330e-06
27012.7,20:06:58,2.320e-06
27013.9,20:06:59,2.310e-06
27015.1,20:07:01,2.300e-06
27016.2,20:07:02,2.300e-06
27017.4,20:07:03,2.290e-06
27018.6,20:07:04,2.290e-06
27019.8,20:07:05,2.290e-06
27021.0,20:07:06,2.280e-06
27022.1,20:07:08,2.280e-06
27023.3,20:07:09,2.280e-06
27024.5,20:07:10,2.270e-06
27025.7,20:07:11,2.270e-06
27026.8,20:07:12,2.260e-06
27028.0,20:07:13,2.260e-06
27029.2,20:07:15,2.250e-06
27030.4,20:07:16,2.250e-06
27031.6,20:07:17,2.240e-06
27032.7,20:07:18,2.240e-06
27033.9,20:07:19,2.230e-06
27035.1,20:07:21,2.230e-06
27036.2,20:07:22,2.220e-06
27037.4,20:07:23,2.220e-06
27038.6,20:07:24,2.220e-06
27039.8,20:07:25,2.210e-06
27040.9,20:07:26,2.210e-06
27042.1,20:07:28,2.210e-06
27043.3,20:07:29,2.210e-06
27044.5,20:07:30,2.200e-06
27045.7,20:07:31,2.200e-06
27046.9,20:07:32,2.200e-06
27048.0,20:07:33,2.200e-06
27049.2,20:07:35,2.200e-06
27050.4,20:07:36,2.200e-06
27051.5,20:07:37,2.190e-06
27052.7,20:07:38,2.190e-06
27053.9,20:07:39,2.190e-06
27055.1,20:07:41,2.190e-06
27056.2,20:07:42,2.190e-06
27057.4,20:07:43,2.190e-06
27058.6,20:07:44,2.180e-06
27059.8,20:07:45,2.180e-06
27060.9,20:07:46,2.180e-06
27062.1,20:07:48,2.180e-06
27063.3,20:07:49,2.170e-06
27064.5,20:07:50,2.170e-06
27065.7,20:07:51,2.170e-06
27066.8,20:07:52,2.160e-06
27068.0,20:07:53,2.160e-06
27069.2,20:07:55,2.160e-06
27070.4,20:07:56,2.160e-06
27071.5,20:07:57,2.150e-06
27072.7,20:07:58,2.150e-06
27073.9,20:07:59,2.150e-06
27075.1,20:08:01,2.150e-06
27076.3,20:08:02,2.140e-06
27077.4,20:08:03,2.140e-06
27078.6,20:08:04,2.140e-06
27079.8,20:08:05,2.140e-06
27081.0,20:08:06,2.130e-06
27082.1,20:08:08,2.130e-06
27083.3,20:08:09,2.130e-06
27084.5,20:08:10,2.130e-06
27085.7,20:08:11,2.120e-06
27086.8,20:08:12,2.120e-06
27088.0,20:08:13,2.120e-06
27089.2,20:08:15,2.120e-06
27090.4,20:08:16,2.120e-06
27091.5,20:08:17,2.120e-06
27092.7,20:08:18,2.110e-06
27093.9,20:08:19,2.110e-06
27095.1,20:08:21,2.110e-06
27096.2,20:08:22,2.110e-06
27097.4,20:08:23,2.110e-06
27098.6,20:08:24,2.100e-06
27099.8,20:08:25,2.100e-06
27100.9,20:08:26,2.100e-06
27102.1,20:08:28,2.100e-06
27103.3,20:08:29,2.100e-06
27104.5,20:08:30,2.100e-06
27105.7,20:08:31,2.100e-06
27106.8,20:08:32,2.100e-06
27108.0,20:08:33,2.100e-06
27109.2,20:08:35,2.100e-06
27110.4,20:08:36,2.090e-06
27111.5,20:08:37,2.090e-06
27112.7,20:08:38,2.090e-06
27113.9,20:08:39,2.090e-06
27115.0,20:08:40,2.090e-06
27116.2,20:08:42,2.090e-06
27117.4,20:08:43,2.090e-06
27118.5,20:08:44,2.090e-06
27119.8,20:08:45,2.090e-06
27121.0,20:08:46,2.060e-06
27122.2,20:08:48,2.040e-06
27123.3,20:08:49,2.030e-06
27124.5,20:08:50,2.030e-06
27125.7,20:08:51,2.030e-06
27126.9,20:08:52,2.030e-06
27128.0,20:08:53,2.030e-06
27129.2,20:08:55,2.030e-06
27130.4,20:08:56,2.030e-06
27131.6,20:08:57,2.020e-06
27132.8,20:08:58,2.020e-06
27133.9,20:08:59,2.020e-06
27135.1,20:09:01,2.020e-06
27136.3,20:09:02,2.020e-06
27137.5,20:09:03,2.020e-06
27138.7,20:09:04,2.020e-06
27139.8,20:09:05,2.020e-06
27141.0,20:09:06,2.020e-06
27142.2,20:09:08,2.020e-06
27143.4,20:09:09,2.020e-06
27144.5,20:09:10,2.020e-06
27145.7,20:09:11,2.010e-06
27146.9,20:09:12,2.010e-06
27148.1,20:09:14,2.010e-06
27149.3,20:09:15,2.010e-06
27150.4,20:09:16,2.010e-06
27151.6,20:09:17,2.010e-06
27152.8,20:09:18,2.010e-06
27154.0,20:09:19,2.010e-06
27155.1,20:09:21,2.010e-06
27156.3,20:09:22,2.010e-06
27157.5,20:09:23,2.010e-06
27158.7,20:09:24,2.010e-06
27159.8,20:09:25,2.000e-06
27161.0,20:09:26,2.000e-06
27162.2,20:09:28,2.000e-06
27163.4,20:09:29,2.000e-06
27164.5,20:09:30,2.000e-06
27165.7,20:09:31,2.000e-06
27166.9,20:09:32,2.000e-06
27168.0,20:09:33,2.000e-06
27169.2,20:09:35,2.000e-06
27170.4,20:09:36,2.010e-06
27171.6,20:09:37,2.020e-06
27172.7,20:09:38,2.020e-06
27173.9,20:09:39,2.030e-06
27175.1,20:09:41,2.040e-06
27176.3,20:09:42,2.070e-06
27177.4,20:09:43,2.080e-06
27178.6,20:09:44,2.090e-06
27179.8,20:09:45,2.100e-06
27181.0,20:09:46,2.100e-06
27182.1,20:09:48,2.110e-06
27183.3,20:09:49,2.120e-06
27184.5,20:09:50,2.130e-06
27185.7,20:09:51,2.130e-06
27186.8,20:09:52,2.130e-06
27188.0,20:09:53,2.140e-06
27189.2,20:09:55,2.160e-06
27190.3,20:09:56,2.180e-06
27191.5,20:09:57,2.210e-06
27192.7,20:09:58,2.250e-06
27193.9,20:09:59,2.290e-06
27195.0,20:10:00,2.340e-06
27196.2,20:10:02,2.390e-06
27197.4,20:10:03,2.470e-06
27198.6,20:10:04,2.550e-06
27199.7,20:10:05,2.650e-06
27200.9,20:10:06,2.770e-06
27202.1,20:10:08,2.970e-06
27203.3,20:10:09,3.620e-06
27204.5,20:10:10,4.870e-06
27205.7,20:10:11,5.900e-06
27206.8,20:10:12,6.880e-06
27208.0,20:10:13,7.930e-06
27209.2,20:10:15,8.890e-06
27210.4,20:10:16,9.830e-06
27211.6,20:10:17,1.100e-05
27212.7,20:10:18,1.220e-05
27213.9,20:10:19,1.330e-05
27215.1,20:10:21,1.440e-05
27216.3,20:10:22,1.540e-05
27217.5,20:10:23,1.640e-05
27218.6,20:10:24,1.730e-05
27219.8,20:10:25,1.810e-05
27221.0,20:10:26,1.890e-05
27222.2,20:10:28,1.960e-05
27223.4,20:10:29,2.070e-05
27224.5,20:10:30,2.200e-05
27225.7,20:10:31,2.360e-05
27226.9,20:10:32,2.500e-05
27228.1,20:10:34,2.610e-05
27229.3,20:10:35,2.720e-05
27230.4,20:10:36,2.820e-05
27231.7,20:10:37,2.920e-05
27232.9,20:10:38,3.010e-05
27234.1,20:10:40,3.100e-05
27235.3,20:10:41,3.180e-05
27236.4,20:10:42,3.260e-05
27237.6,20:10:43,3.330e-05
27238.8,20:10:44,3.400e-05
27240.0,20:10:45,3.470e-05
27241.1,20:10:47,3.530e-05
27242.3,20:10:48,3.590e-05
27243.5,20:10:49,3.640e-05
27244.7,20:10:50,3.700e-05
27245.8,20:10:51,3.750e-05
27247.0,20:10:52,3.800e-05
27248.2,20:10:54,3.840e-05
27249.3,20:10:55,3.890e-05
27250.5,20:10:56,3.930e-05
27251.7,20:10:57,3.970e-05
27252.8,20:10:58,4.020e-05
27254.0,20:10:59,4.120e-05
27255.2,20:11:01,4.200e-05
27256.4,20:11:02,4.270e-05
27257.5,20:11:03,4.350e-05
27258.7,20:11:04,4.430e-05
27259.9,20:11:05,4.500e-05
27261.1,20:11:06,4.570e-05
27262.2,20:11:08,4.640e-05
27263.4,20:11:09,4.700e-05
27264.6,20:11:10,4.770e-05
27265.8,20:11:11,4.820e-05
27267.0,20:11:12,4.880e-05
27268.1,20:11:14,4.940e-05
27269.3,20:11:15,4.990e-05
27270.5,20:11:16,5.040e-05
27271.7,20:11:17,5.090e-05
27272.8,20:11:18,5.140e-05
27274.0,20:11:19,5.190e-05
27275.2,20:11:21,5.240e-05
27276.4,20:11:22,5.280e-05
27277.5,20:11:23,5.320e-05
27278.7,20:11:24,5.360e-05
27279.9,20:11:25,5.400e-05
27281.1,20:11:26,5.440e-05
27282.2,20:11:28,5.480e-05
27283.4,20:11:29,5.510e-05
27284.6,20:11:30,5.550e-05
27285.7,20:11:31,5.590e-05
27286.9,20:11:32,5.620e-05
27288.1,20:11:34,5.650e-05
27289.3,20:11:35,5.690e-05
27290.4,20:11:36,5.710e-05
27291.6,20:11:37,5.740e-05
27292.8,20:11:38,5.770e-05
27294.0,20:11:39,5.800e-05
27295.2,20:11:41,5.830e-05
27296.3,20:11:42,5.860e-05
27297.5,20:11:43,5.880e-05
27298.7,20:11:44,5.910e-05
27299.9,20:11:45,5.930e-05
27301.0,20:11:46,5.960e-05
27302.2,20:11:48,5.980e-05
27303.4,20:11:49,6.010e-05
27304.6,20:11:50,6.030e-05
27305.8,20:11:51,6.050e-05
27306.9,20:11:52,6.070e-05
27308.1,20:11:54,6.080e-05
27309.3,20:11:55,6.110e-05
27310.4,20:11:56,6.130e-05
27311.6,20:11:57,6.150e-05
27312.8,20:11:58,6.170e-05
27314.0,20:11:59,6.180e-05
27315.2,20:12:01,6.200e-05
27316.3,20:12:02,6.230e-05
27317.5,20:12:03,6.250e-05
27318.7,20:12:04,6.260e-05
27319.8,20:12:05,6.280e-05
27321.0,20:12:06,6.290e-05
27322.2,20:12:08,6.310e-05
27323.4,20:12:09,6.330e-05
27324.5,20:12:10,6.340e-05
27325.7,20:12:11,6.360e-05
27326.9,20:12:12,6.380e-05
27328.1,20:12:14,6.390e-05
27329.3,20:12:15,6.400e-05
27330.5,20:12:16,6.420e-05
27331.6,20:12:17,6.430e-05
27332.8,20:12:18,6.450e-05
27334.0,20:12:19,6.460e-05
27335.2,20:12:21,6.480e-05
27336.3,20:12:22,6.490e-05
27337.5,20:12:23,6.500e-05
27338.7,20:12:24,6.510e-05
27339.8,20:12:25,6.530e-05
27341.0,20:12:26,6.540e-05
27342.2,20:12:28,6.550e-05
27343.4,20:12:29,6.560e-05
27344.5,20:12:30,6.580e-05
27345.7,20:12:31,6.590e-05
27346.9,20:12:32,6.600e-05
27348.1,20:12:33,6.610e-05
27349.2,20:12:35,6.620e-05
27350.4,20:12:36,6.630e-05
27351.6,20:12:37,6.640e-05
27352.8,20:12:38,6.650e-05
27353.9,20:12:39,6.660e-05
27355.1,20:12:41,6.670e-05
27356.3,20:12:42,6.680e-05
27357.5,20:12:43,6.690e-05
27358.6,20:12:44,6.700e-05
27359.8,20:12:45,6.710e-05
27361.0,20:12:46,6.720e-05
27362.2,20:12:48,6.730e-05
27363.4,20:12:49,6.740e-05
27364.5,20:12:50,6.750e-05
27365.7,20:12:51,6.750e-05
27366.9,20:12:52,6.770e-05
27368.1,20:12:54,6.770e-05
27369.2,20:12:55,6.780e-05
27370.4,20:12:56,6.790e-05
27371.6,20:12:57,6.800e-05
27372.8,20:12:58,6.800e-05
27373.9,20:12:59,6.810e-05
27375.1,20:13:01,6.820e-05
27376.3,20:13:02,6.820e-05
27377.4,20:13:03,6.830e-05
27378.6,20:13:04,6.850e-05
27379.8,20:13:05,6.850e-05
27381.0,20:13:06,6.850e-05
27382.1,20:13:08,6.860e-05
27383.3,20:13:09,6.870e-05
27384.5,20:13:10,6.880e-05
27385.7,20:13:11,6.880e-05
27386.9,20:13:12,6.900e-05
27388.1,20:13:14,6.900e-05
27389.3,20:13:15,6.910e-05
27390.4,20:13:16,6.910e-05
27391.6,20:13:17,6.920e-05
27392.8,20:13:18,6.920e-05
27394.0,20:13:19,6.930e-05
27395.1,20:13:21,6.940e-05
27396.3,20:13:22,6.950e-05
27397.5,20:13:23,6.950e-05
27398.7,20:13:24,6.960e-05
27399.9,20:13:25,6.970e-05
27401.0,20:13:26,6.970e-05
27402.2,20:13:28,6.980e-05
27403.4,20:13:29,6.990e-05
27404.5,20:13:30,7.000e-05
27405.7,20:13:31,7.010e-05
27406.9,20:13:32,7.020e-05
27408.1,20:13:33,7.040e-05
27409.2,20:13:35,7.050e-05
27410.4,20:13:36,7.060e-05
27411.6,20:13:37,7.080e-05
27412.7,20:13:38,7.090e-05
27413.9,20:13:39,7.110e-05
27415.1,20:13:41,7.120e-05
27416.3,20:13:42,7.130e-05
27417.5,20:13:43,7.150e-05
27418.6,20:13:44,7.160e-05
27419.8,20:13:45,7.180e-05
27421.0,20:13:46,7.180e-05
27422.1,20:13:48,7.190e-05
27423.3,20:13:49,7.200e-05
27424.5,20:13:50,7.220e-05
27425.7,20:13:51,7.230e-05
27426.8,20:13:52,7.250e-05
27428.0,20:13:53,7.260e-05
27429.2,20:13:55,7.270e-05
27430.4,20:13:56,7.270e-05
27431.5,20:13:57,7.290e-05
27432.7,20:13:58,7.300e-05
27433.9,20:13:59,7.320e-05
27435.1,20:14:00,7.330e-05
27436.2,20:14:02,7.340e-05
27437.4,20:14:03,7.340e-05
27438.6,20:14:04,7.360e-05
27439.7,20:14:05,7.370e-05
27440.9,20:14:06,7.390e-05
27442.1,20:14:08,7.400e-05
27443.3,20:14:09,7.400e-05
27444.4,20:14:10,7.410e-05
27445.6,20:14:11,7.430e-05
27446.8,20:14:12,7.440e-05
27448.0,20:14:13,7.460e-05
27449.2,20:14:15,7.470e-05
27450.4,20:14:16,7.470e-05
27451.5,20:14:17,7.490e-05
27452.7,20:14:18,7.500e-05
27453.9,20:14:19,7.500e-05
27455.0,20:14:20,7.510e-05
27456.2,20:14:22,7.530e-05
27457.4,20:14:23,7.540e-05
27458.6,20:14:24,7.560e-05
27459.7,20:14:25,7.570e-05
27460.9,20:14:26,7.570e-05
27462.1,20:14:28,7.580e-05
27463.3,20:14:29,7.600e-05
27464.4,20:14:30,7.600e-05
27465.6,20:14:31,7.610e-05
27466.8,20:14:32,7.630e-05
27468.0,20:14:33,7.640e-05
27469.1,20:14:35,7.650e-05
27470.3,20:14:36,7.650e-05
27471.5,20:14:37,7.670e-05
27472.7,20:14:38,7.680e-05
27473.8,20:14:39,7.700e-05
27475.0,20:14:40,7.700e-05
27476.2,20:14:42,7.710e-05
27477.4,20:14:43,7.720e-05
27478.5,20:14:44,7.720e-05
27479.7,20:14:45,7.740e-05
27480.9,20:14:46,7.750e-05
27482.1,20:14:47,7.750e-05
27483.2,20:14:49,7.770e-05
27484.4,20:14:50,7.780e-05
27485.6,20:14:51,7.790e-05
27486.7,20:14:52,7.790e-05
27487.9,20:14:53,7.810e-05
27489.1,20:14:55,7.820e-05
27490.3,20:14:56,7.820e-05
27491.4,20:14:57,7.840e-05
27492.6,20:14:58,7.850e-05
27493.8,20:14:59,7.850e-05
27495.0,20:15:00,7.860e-05
27496.1,20:15:02,7.880e-05
27497.3,20:15:03,7.890e-05
27498.5,20:15:04,7.890e-05
27499.7,20:15:05,7.910e-05
27500.9,20:15:06,7.920e-05
27502.0,20:15:07,7.920e-05
27503.2,20:15:09,7.930e-05
27504.4,20:15:10,7.950e-05
27505.6,20:15:11,7.950e-05
27506.7,20:15:12,7.960e-05
27507.9,20:15:13,7.980e-05
27509.1,20:15:15,7.990e-05
27510.2,20:15:16,7.990e-05
27511.4,20:15:17,8.000e-05
27512.6,20:15:18,8.020e-05
27513.8,20:15:19,8.020e-05
27515.0,20:15:20,8.030e-05
27516.1,20:15:22,8.050e-05
27517.3,20:15:23,8.050e-05
27518.5,20:15:24,8.060e-05
27519.7,20:15:25,8.070e-05
27520.8,20:15:26,8.070e-05
27522.0,20:15:27,8.090e-05
27523.2,20:15:29,8.100e-05
27524.3,20:15:30,8.120e-05
27525.5,20:15:31,8.120e-05
27526.7,20:15:32,8.130e-05
27527.9,20:15:33,8.140e-05
27529.1,20:15:34,8.140e-05
27530.2,20:15:36,8.160e-05
27531.4,20:15:37,8.170e-05
27532.6,20:15:38,8.170e-05
27533.8,20:15:39,8.190e-05
27535.0,20:15:40,8.200e-05
27536.1,20:15:42,8.200e-05
27537.3,20:15:43,8.220e-05
27538.5,20:15:44,8.220e-05
27539.7,20:15:45,8.240e-05
27540.8,20:15:46,8.240e-05
27542.0,20:15:47,8.260e-05
27543.2,20:15:49,8.270e-05
27544.4,20:15:50,8.270e-05
27545.6,20:15:51,8.290e-05
27546.7,20:15:52,8.290e-05
27547.9,20:15:53,8.300e-05
27549.1,20:15:55,8.300e-05
27550.3,20:15:56,8.310e-05
27551.5,20:15:57,8.330e-05
27552.7,20:15:58,8.340e-05
27553.8,20:15:59,8.340e-05
27555.0,20:16:00,8.360e-05
27556.2,20:16:02,8.370e-05
27557.4,20:16:03,8.370e-05
27558.6,20:16:04,8.380e-05
27559.7,20:16:05,8.400e-05
27560.9,20:16:06,8.400e-05
27562.1,20:16:08,8.410e-05
27563.3,20:16:09,8.430e-05
27564.5,20:16:10,8.430e-05
27565.6,20:16:11,8.440e-05
27566.8,20:16:12,8.440e-05
27568.0,20:16:13,8.450e-05
27569.2,20:16:15,8.470e-05
27570.3,20:16:16,8.470e-05
27571.5,20:16:17,8.480e-05
27572.7,20:16:18,8.500e-05
27573.9,20:16:19,8.500e-05
27575.1,20:16:21,8.510e-05
27576.3,20:16:22,8.520e-05
27577.4,20:16:23,8.520e-05
27578.6,20:16:24,8.540e-05
27579.8,20:16:25,8.550e-05
27581.0,20:16:26,8.550e-05
27582.1,20:16:28,8.570e-05
27583.3,20:16:29,8.580e-05
27584.5,20:16:30,8.590e-05
27585.7,20:16:31,8.590e-05
27586.8,20:16:32,8.610e-05
27588.0,20:16:33,8.610e-05
27589.2,20:16:35,8.620e-05
27590.4,20:16:36,8.620e-05
27591.5,20:16:37,8.640e-05
27592.7,20:16:38,8.650e-05
27593.9,20:16:39,8.650e-05
27595.1,20:16:41,8.660e-05
27596.2,20:16:42,8.680e-05
27597.4,20:16:43,8.680e-05
27598.6,20:16:44,8.690e-05
27599.8,20:16:45,8.710e-05
27601.0,20:16:46,8.710e-05
27602.1,20:16:48,8.720e-05
27603.3,20:16:49,8.720e-05
27604.5,20:16:50,8.730e-05
27605.7,20:16:51,8.750e-05
27606.9,20:16:52,8.750e-05
27608.0,20:16:53,8.760e-05
27609.2,20:16:55,8.760e-05
27610.4,20:16:56,8.780e-05
27611.6,20:16:57,8.780e-05
27612.7,20:16:58,8.790e-05
27613.9,20:16:59,8.800e-05
27615.1,20:17:01,8.820e-05
27616.3,20:17:02,8.820e-05
27617.4,20:17:03,8.830e-05
27618.6,20:17:04,8.830e-05
27619.8,20:17:05,8.850e-05
27621.0,20:17:06,8.850e-05
27622.1,20:17:08,8.860e-05
27623.3,20:17:09,8.870e-05
27624.5,20:17:10,8.870e-05
27625.6,20:17:11,8.890e-05
27626.8,20:17:12,8.890e-05
27628.0,20:17:13,8.900e-05
27629.2,20:17:15,8.920e-05
27630.3,20:17:16,8.920e-05
27631.5,20:17:17,8.930e-05
27632.7,20:17:18,8.940e-05
27633.9,20:17:19,8.940e-05
27635.0,20:17:20,8.940e-05
