Elapsed_Time(sec),Timestamp,Pressure_mbar
0.2,12:12:12,1.000e+03
1.3,12:12:13,1.000e+03
2.5,12:12:15,1.000e+03
3.6,12:12:16,1.000e+03
4.8,12:12:17,1.000e+03
5.9,12:12:18,1.000e+03
7.1,12:12:19,1.000e+03
8.3,12:12:20,1.000e+03
9.4,12:12:21,1.000e+03
10.6,12:12:23,1.000e+03
11.7,12:12:24,1.000e+03
12.9,12:12:25,1.000e+03
14.0,12:12:26,1.000e+03
15.2,12:12:27,1.000e+03
16.3,12:12:28,1.000e+03
17.5,12:12:30,1.000e+03
18.6,12:12:31,1.000e+03
19.8,12:12:32,1.000e+03
20.9,12:12:33,1.000e+03
22.1,12:12:34,1.000e+03
23.2,12:12:35,1.000e+03
24.4,12:12:36,1.000e+03
25.5,12:12:38,1.000e+03
26.6,12:12:39,1.000e+03
27.8,12:12:40,1.000e+03
28.9,12:12:41,1.000e+03
30.1,12:12:42,1.000e+03
31.2,12:12:43,1.000e+03
32.4,12:12:44,1.000e+03
33.5,12:12:46,1.000e+03
34.7,12:12:47,1.000e+03
35.8,12:12:48,1.000e+03
37.0,12:12:49,1.000e+03
38.1,12:12:50,1.000e+03
39.3,12:12:51,1.000e+03
40.4,12:12:52,1.000e+03
41.6,12:12:54,1.000e+03
42.8,12:12:55,1.000e+03
43.9,12:12:56,1.000e+03
45.0,12:12:57,1.000e+03
46.2,12:12:58,1.000e+03
47.3,12:12:59,1.000e+03
48.5,12:13:01,1.000e+03
49.6,12:13:02,1.000e+03
50.8,12:13:03,1.000e+03
51.9,12:13:04,1.000e+03
53.1,12:13:05,1.000e+03
54.2,12:13:06,1.000e+03
55.4,12:13:07,1.000e+03
56.5,12:13:09,1.000e+03
57.6,12:13:10,1.000e+03
58.8,12:13:11,1.000e+03
60.0,12:13:12,1.000e+03
61.1,12:13:13,1.000e+03
62.3,12:13:14,1.000e+03
63.4,12:13:15,1.000e+03
64.6,12:13:17,1.000e+03
65.7,12:13:18,1.000e+03
66.9,12:13:19,1.000e+03
68.0,12:13:20,1.000e+03
69.2,12:13:21,1.000e+03
70.3,12:13:22,1.000e+03
71.5,12:13:24,1.000e+03
72.6,12:13:25,1.000e+03
73.8,12:13:26,1.000e+03
74.9,12:13:27,1.000e+03
76.1,12:13:28,1.000e+03
77.2,12:13:29,1.000e+03
78.4,12:13:30,1.000e+03
79.5,12:13:32,1.000e+03
80.7,12:13:33,1.000e+03
81.8,12:13:34,1.000e+03
83.0,12:13:35,1.000e+03
84.2,12:13:36,1.000e+03
85.4,12:13:37,1.000e+03
86.5,12:13:39,1.000e+03
87.7,12:13:40,1.000e+03
88.8,12:13:41,1.000e+03
89.9,12:13:42,1.000e+03
91.1,12:13:43,1.000e+03
92.2,12:13:44,1.000e+03
93.3,12:13:45,1.000e+03
94.5,12:13:47,1.000e+03
95.6,12:13:48,1.000e+03
96.8,12:13:49,1.000e+03
97.9,12:13:50,1.000e+03
99.1,12:13:51,1.000e+03
100.2,12:13:52,1.000e+03
101.4,12:13:53,1.000e+03
102.5,12:13:55,1.000e+03
103.6,12:13:56,1.000e+03
104.8,12:13:57,1.000e+03
105.9,12:13:58,1.000e+03
107.1,12:13:59,1.000e+03
108.2,12:14:00,1.000e+03
109.4,12:14:01,1.000e+03
110.5,12:14:03,1.000e+03
111.7,12:14:04,1.000e+03
112.8,12:14:05,1.000e+03
114.0,12:14:06,1.000e+03
115.1,12:14:07,1.000e+03
116.3,12:14:08,1.000e+03
117.4,12:14:09,1.000e+03
118.6,12:14:11,1.000e+03
119.7,12:14:12,1.000e+03
120.9,12:14:13,1.000e+03
122.0,12:14:14,1.000e+03
123.2,12:14:15,1.000e+03
124.3,12:14:16,1.000e+03
125.5,12:14:18,1.000e+03
126.6,12:14:19,1.000e+03
127.8,12:14:20,1.000e+03
128.9,12:14:21,1.000e+03
130.1,12:14:22,1.000e+03
131.2,12:14:23,1.000e+03
132.4,12:14:24,1.000e+03
133.5,12:14:26,1.000e+03
134.6,12:14:27,1.000e+03
135.8,12:14:28,1.000e+03
136.9,12:14:29,1.000e+03
138.1,12:14:30,1.000e+03
139.2,12:14:31,1.000e+03
140.4,12:14:32,1.000e+03
141.5,12:14:34,1.000e+03
142.7,12:14:35,1.000e+03
143.8,12:14:36,1.000e+03
145.0,12:14:37,1.000e+03
146.1,12:14:38,1.000e+03
147.3,12:14:39,1.000e+03
148.4,12:14:40,1.000e+03
149.6,12:14:42,1.000e+03
150.7,12:14:43,1.000e+03
151.9,12:14:44,1.000e+03
153.0,12:14:45,1.000e+03
154.2,12:14:46,1.000e+03
155.3,12:14:47,1.000e+03
156.5,12:14:49,1.000e+03
157.6,12:14:50,7.000e+02
158.8,12:14:51,6.500e+02
159.9,12:14:52,5.600e+02
161.1,12:14:53,5.100e+02
162.2,12:14:54,4.300e+02
163.4,12:14:55,3.800e+02
164.5,12:14:57,3.400e+02
165.7,12:14:58,3.100e+02
166.8,12:14:59,2.800e+02
168.0,12:15:00,2.400e+02
169.2,12:15:01,2.000e+02
170.3,12:15:02,1.800e+02
171.5,12:15:04,1.700e+02
172.6,12:15:05,1.600e+02
173.8,12:15:06,1.500e+02
174.9,12:15:07,1.300e+02
176.1,12:15:08,1.100e+02
177.2,12:15:09,1.000e+02
178.4,12:15:10,9.600e+01
179.5,12:15:12,8.900e+01
180.7,12:15:13,8.300e+01
181.8,12:15:14,7.500e+01
183.0,12:15:15,6.900e+01
184.1,12:15:16,6.500e+01
185.3,12:15:17,6.200e+01
186.4,12:15:18,5.800e+01
187.6,12:15:20,5.400e+01
188.7,12:15:21,5.100e+01
189.9,12:15:22,4.600e+01
191.0,12:15:23,4.200e+01
192.2,12:15:24,3.900e+01
193.3,12:15:25,3.700e+01
194.5,12:15:27,3.600e+01
195.6,12:15:28,3.400e+01
196.8,12:15:29,3.200e+01
197.9,12:15:30,3.000e+01
199.1,12:15:31,2.800e+01
200.2,12:15:32,2.500e+01
201.4,12:15:33,2.200e+01
202.6,12:15:35,2.000e+01
203.7,12:15:36,1.900e+01
204.9,12:15:37,1.800e+01
206.0,12:15:38,1.700e+01
207.2,12:15:39,1.600e+01
208.3,12:15:40,1.500e+01
209.5,12:15:41,1.400e+01
210.6,12:15:43,1.200e+01
211.8,12:15:44,1.100e+01
212.9,12:15:45,1.000e+01
214.1,12:15:46,9.400e+00
215.2,12:15:47,8.800e+00
216.4,12:15:48,8.100e+00
217.5,12:15:50,7.400e+00
218.7,12:15:51,6.800e+00
219.8,12:15:52,6.400e+00
220.9,12:15:53,5.900e+00
222.1,12:15:54,5.400e+00
223.2,12:15:55,4.900e+00
224.4,12:15:56,4.300e+00
225.5,12:15:58,3.800e+00
226.7,12:15:59,3.500e+00
227.8,12:16:00,3.200e+00
228.9,12:16:01,2.800e+00
230.1,12:16:02,2.400e+00
231.3,12:16:03,1.950e+00
232.4,12:16:04,1.680e+00
233.5,12:16:06,1.350e+00
234.7,12:16:07,9.410e-01
235.8,12:16:08,6.090e-01
237.0,12:16:09,2.970e-01
238.1,12:16:10,6.260e-02
239.3,12:16:11,1.910e-02
240.4,12:16:12,1.200e-02
241.6,12:16:14,9.020e-03
242.7,12:16:15,7.320e-03
243.9,12:16:16,6.300e-03
245.0,12:16:17,5.500e-03
246.2,12:16:18,4.910e-03
247.3,12:16:19,4.400e-03
248.4,12:16:20,3.960e-03
249.6,12:16:22,3.630e-03
250.7,12:16:23,3.430e-03
251.9,12:16:24,3.160e-03
253.0,12:16:25,2.930e-03
254.2,12:16:26,2.760e-03
255.4,12:16:27,2.630e-03
256.5,12:16:29,2.500e-03
257.7,12:16:30,2.360e-03
258.8,12:16:31,2.230e-03
260.0,12:16:32,2.130e-03
261.1,12:16:33,2.200e-03
262.2,12:16:34,2.030e-03
263.4,12:16:35,1.910e-03
264.5,12:16:37,1.880e-03
265.7,12:16:38,1.840e-03
266.8,12:16:39,1.820e-03
268.0,12:16:40,1.790e-03
269.1,12:16:41,1.760e-03
270.2,12:16:42,1.750e-03
271.4,12:16:43,1.750e-03
272.5,12:16:45,1.760e-03
273.7,12:16:46,1.750e-03
274.8,12:16:47,1.760e-03
276.0,12:16:48,1.760e-03
277.1,12:16:49,1.800e-03
278.3,12:16:50,1.800e-03
279.4,12:16:51,1.800e-03
280.6,12:16:53,1.800e-03
281.7,12:16:54,1.860e-03
282.9,12:16:55,1.860e-03
284.0,12:16:56,1.840e-03
285.2,12:16:57,1.880e-03
286.3,12:16:58,1.910e-03
287.5,12:17:00,1.910e-03
288.6,12:17:01,1.910e-03
289.8,12:17:02,1.920e-03
290.9,12:17:03,1.900e-03
292.0,12:17:04,1.850e-03
293.2,12:17:05,1.790e-03
294.3,12:17:06,1.750e-03
295.5,12:17:08,1.700e-03
296.6,12:17:09,1.650e-03
297.8,12:17:10,1.600e-03
299.0,12:17:11,1.550e-03
300.1,12:17:12,1.510e-03
301.2,12:17:13,1.460e-03
302.4,12:17:14,1.410e-03
303.5,12:17:16,1.370e-03
304.7,12:17:17,1.320e-03
305.8,12:17:18,1.270e-03
307.0,12:17:19,1.230e-03
308.1,12:17:20,1.190e-03
309.2,12:17:21,1.140e-03
310.4,12:17:22,1.100e-03
311.5,12:17:24,1.050e-03
312.7,12:17:25,1.010e-03
313.9,12:17:26,9.840e-04
315.0,12:17:27,9.650e-04
316.2,12:17:28,9.410e-04
317.3,12:17:29,9.210e-04
318.5,12:17:31,8.980e-04
319.6,12:17:32,8.780e-04
320.8,12:17:33,8.580e-04
321.9,12:17:34,8.350e-04
323.1,12:17:35,8.150e-04
324.2,12:17:36,7.960e-04
325.4,12:17:37,7.720e-04
326.5,12:17:39,7.520e-04
327.7,12:17:40,7.330e-04
328.8,12:17:41,7.130e-04
330.0,12:17:42,6.960e-04
331.1,12:17:43,6.870e-04
332.3,12:17:44,6.760e-04
333.4,12:17:45,6.650e-04
334.6,12:17:47,6.540e-04
335.7,12:17:48,6.430e-04
336.9,12:17:49,6.320e-04
338.0,12:17:50,6.210e-04
339.2,12:17:51,6.100e-04
340.3,12:17:52,6.010e-04
341.5,12:17:54,5.900e-04
342.7,12:17:55,5.780e-04
343.8,12:17:56,5.670e-04
345.0,12:17:57,5.580e-04
346.1,12:17:58,5.470e-04
347.3,12:17:59,5.360e-04
348.4,12:18:00,5.270e-04
349.6,12:18:02,5.160e-04
350.7,12:18:03,5.070e-04
351.9,12:18:04,4.960e-04
353.0,12:18:05,4.870e-04
354.2,12:18:06,4.780e-04
355.3,12:18:07,4.670e-04
356.5,12:18:09,4.580e-04
357.6,12:18:10,4.500e-04
358.8,12:18:11,4.380e-04
359.9,12:18:12,4.300e-04
361.1,12:18:13,4.210e-04
362.2,12:18:14,4.100e-04
363.4,12:18:15,4.010e-04
364.5,12:18:17,3.960e-04
365.7,12:18:18,3.930e-04
366.8,12:18:19,3.880e-04
368.0,12:18:20,3.840e-04
369.1,12:18:21,3.800e-04
370.3,12:18:22,3.760e-04
371.4,12:18:23,3.720e-04
372.6,12:18:25,3.680e-04
373.7,12:18:26,3.640e-04
374.9,12:18:27,3.610e-04
376.0,12:18:28,3.580e-04
377.2,12:18:29,3.540e-04
378.3,12:18:30,3.500e-04
379.5,12:18:32,3.470e-04
380.7,12:18:33,3.440e-04
381.8,12:18:34,3.410e-04
383.0,12:18:35,3.370e-04
384.1,12:18:36,3.330e-04
385.3,12:18:37,3.300e-04
386.4,12:18:38,3.270e-04
387.6,12:18:40,3.220e-04
388.7,12:18:41,3.190e-04
389.9,12:18:42,3.160e-04
391.0,12:18:43,3.120e-04
392.2,12:18:44,3.090e-04
393.3,12:18:45,3.050e-04
394.5,12:18:47,3.010e-04
395.6,12:18:48,2.980e-04
396.8,12:18:49,2.940e-04
398.0,12:18:50,2.900e-04
399.1,12:18:51,2.870e-04
400.3,12:18:52,2.840e-04
401.4,12:18:53,2.800e-04
402.6,12:18:55,2.760e-04
403.7,12:18:56,2.730e-04
404.9,12:18:57,2.700e-04
406.1,12:18:58,2.660e-04
407.2,12:18:59,2.620e-04
408.4,12:19:00,2.590e-04
409.5,12:19:02,2.560e-04
410.7,12:19:03,2.520e-04
411.8,12:19:04,2.490e-04
413.0,12:19:05,2.450e-04
414.1,12:19:06,2.410e-04
415.3,12:19:07,2.390e-04
416.4,12:19:08,2.350e-04
417.6,12:19:10,2.320e-04
418.7,12:19:11,2.280e-04
419.9,12:19:12,2.250e-04
421.1,12:19:13,2.220e-04
422.2,12:19:14,2.180e-04
423.4,12:19:15,2.140e-04
424.5,12:19:17,2.100e-04
425.7,12:19:18,2.080e-04
426.8,12:19:19,2.050e-04
428.0,12:19:20,2.010e-04
429.1,12:19:21,1.990e-04
430.2,12:19:22,1.980e-04
431.4,12:19:23,1.970e-04
432.5,12:19:25,1.950e-04
433.7,12:19:26,1.940e-04
434.8,12:19:27,1.930e-04
436.0,12:19:28,1.920e-04
437.1,12:19:29,1.910e-04
438.3,12:19:30,1.890e-04
439.4,12:19:31,1.880e-04
440.6,12:19:33,1.870e-04
441.7,12:19:34,1.860e-04
442.9,12:19:35,1.850e-04
444.0,12:19:36,1.840e-04
445.1,12:19:37,1.820e-04
446.3,12:19:38,1.810e-04
447.4,12:19:39,1.800e-04
448.6,12:19:41,1.790e-04
449.7,12:19:42,1.780e-04
450.9,12:19:43,1.770e-04
452.0,12:19:44,1.740e-04
453.1,12:19:45,1.710e-04
454.3,12:19:46,1.690e-04
455.4,12:19:47,1.670e-04
456.6,12:19:49,1.660e-04
457.7,12:19:50,1.640e-04
458.9,12:19:51,1.630e-04
460.0,12:19:52,1.620e-04
461.2,12:19:53,1.610e-04
462.3,12:19:54,1.600e-04
463.5,12:19:56,1.590e-04
464.6,12:19:57,1.580e-04
465.8,12:19:58,1.570e-04
466.9,12:19:59,1.550e-04
468.1,12:20:00,1.540e-04
469.2,12:20:01,1.530e-04
470.3,12:20:02,1.520e-04
471.5,12:20:04,1.510e-04
472.6,12:20:05,1.500e-04
473.8,12:20:06,1.490e-04
474.9,12:20:07,1.480e-04
476.1,12:20:08,1.460e-04
477.2,12:20:09,1.450e-04
478.4,12:20:10,1.440e-04
479.5,12:20:12,1.430e-04
480.7,12:20:13,1.420e-04
481.8,12:20:14,1.410e-04
483.0,12:20:15,1.400e-04
484.1,12:20:16,1.390e-04
485.3,12:20:17,1.380e-04
486.4,12:20:18,1.370e-04
487.6,12:20:20,1.360e-04
488.8,12:20:21,1.350e-04
489.9,12:20:22,1.340e-04
491.1,12:20:23,1.330e-04
492.2,12:20:24,1.310e-04
493.4,12:20:25,1.310e-04
494.5,12:20:27,1.290e-04
495.6,12:20:28,1.280e-04
496.8,12:20:29,1.270e-04
497.9,12:20:30,1.260e-04
499.1,12:20:31,1.250e-04
500.2,12:20:32,1.240e-04
501.4,12:20:33,1.230e-04
502.5,12:20:35,1.220e-04
503.7,12:20:36,1.210e-04
504.8,12:20:37,1.200e-04
505.9,12:20:38,1.190e-04
507.1,12:20:39,1.180e-04
508.2,12:20:40,1.170e-04
509.4,12:20:41,1.160e-04
510.5,12:20:43,1.150e-04
511.7,12:20:44,1.140e-04
512.8,12:20:45,1.130e-04
514.0,12:20:46,1.120e-04
515.1,12:20:47,1.110e-04
516.3,12:20:48,1.100e-04
517.4,12:20:49,1.100e-04
518.6,12:20:51,1.080e-04
519.7,12:20:52,1.070e-04
520.9,12:20:53,1.070e-04
522.0,12:20:54,1.060e-04
523.2,12:20:55,1.050e-04
524.3,12:20:56,1.040e-04
525.5,12:20:58,1.030e-04
526.6,12:20:59,1.010e-04
527.8,12:21:00,1.000e-04
528.9,12:21:01,1.000e-04
530.1,12:21:02,9.970e-05
531.2,12:21:03,9.930e-05
532.4,12:21:04,9.900e-05
533.5,12:21:06,9.860e-05
534.7,12:21:07,9.820e-05
535.8,12:21:08,9.770e-05
536.9,12:21:09,9.750e-05
538.1,12:21:10,9.700e-05
539.2,12:21:11,9.660e-05
540.4,12:21:12,9.620e-05
541.5,12:21:14,9.580e-05
542.7,12:21:15,9.540e-05
543.8,12:21:16,9.480e-05
545.0,12:21:17,9.440e-05
546.1,12:21:18,9.400e-05
547.3,12:21:19,9.340e-05
548.4,12:21:20,9.300e-05
549.6,12:21:22,9.250e-05
550.7,12:21:23,9.200e-05
551.8,12:21:24,9.170e-05
553.0,12:21:25,9.110e-05
554.2,12:21:26,9.060e-05
555.3,12:21:27,9.000e-05
556.5,12:21:29,8.960e-05
557.6,12:21:30,8.920e-05
558.7,12:21:31,8.860e-05
559.9,12:21:32,8.820e-05
561.0,12:21:33,8.780e-05
562.2,12:21:34,8.720e-05
563.3,12:21:35,8.690e-05
564.5,12:21:37,8.640e-05
565.6,12:21:38,8.590e-05
566.7,12:21:39,8.550e-05
567.9,12:21:40,8.500e-05
569.0,12:21:41,8.450e-05
570.2,12:21:42,8.410e-05
571.4,12:21:43,8.370e-05
572.5,12:21:45,8.310e-05
573.7,12:21:46,8.270e-05
574.8,12:21:47,8.230e-05
576.0,12:21:48,8.190e-05
577.1,12:21:49,8.140e-05
578.3,12:21:50,8.100e-05
579.4,12:21:51,8.060e-05
580.6,12:21:53,8.020e-05
581.7,12:21:54,7.980e-05
582.9,12:21:55,7.930e-05
584.0,12:21:56,7.890e-05
585.2,12:21:57,7.850e-05
586.3,12:21:58,7.810e-05
587.5,12:22:00,7.770e-05
588.6,12:22:01,7.720e-05
589.8,12:22:02,7.700e-05
590.9,12:22:03,7.650e-05
592.1,12:22:04,7.610e-05
593.2,12:22:05,7.570e-05
594.4,12:22:06,7.530e-05
595.5,12:22:08,7.500e-05
596.7,12:22:09,7.460e-05
597.8,12:22:10,7.410e-05
599.0,12:22:11,7.370e-05
600.1,12:22:12,7.330e-05
601.3,12:22:13,7.290e-05
602.4,12:22:14,7.250e-05
603.6,12:22:16,7.220e-05
604.7,12:22:17,7.180e-05
605.9,12:22:18,7.130e-05
607.0,12:22:19,7.110e-05
608.2,12:22:20,7.060e-05
609.3,12:22:21,7.020e-05
610.5,12:22:23,7.000e-05
611.6,12:22:24,6.970e-05
612.8,12:22:25,6.950e-05
613.9,12:22:26,6.930e-05
615.1,12:22:27,6.910e-05
616.3,12:22:28,6.900e-05
617.4,12:22:29,6.870e-05
618.6,12:22:31,6.850e-05
619.7,12:22:32,6.840e-05
620.8,12:22:33,6.820e-05
622.0,12:22:34,6.800e-05
623.2,12:22:35,6.780e-05
624.3,12:22:36,6.770e-05
625.5,12:22:38,6.750e-05
626.6,12:22:39,6.720e-05
627.8,12:22:40,6.700e-05
628.9,12:22:41,6.690e-05
630.1,12:22:42,6.670e-05
631.2,12:22:43,6.650e-05
632.3,12:22:44,6.630e-05
633.5,12:22:46,6.620e-05
634.6,12:22:47,6.600e-05
635.8,12:22:48,6.580e-05
636.9,12:22:49,6.560e-05
638.1,12:22:50,6.540e-05
639.2,12:22:51,6.530e-05
640.4,12:22:52,6.500e-05
641.5,12:22:54,6.490e-05
642.7,12:22:55,6.470e-05
643.9,12:22:56,6.450e-05
645.0,12:22:57,6.430e-05
646.2,12:22:58,6.410e-05
647.3,12:22:59,6.400e-05
648.5,12:23:01,6.380e-05
649.6,12:23:02,6.360e-05
650.8,12:23:03,6.350e-05
651.9,12:23:04,6.330e-05
653.0,12:23:05,6.310e-05
654.2,12:23:06,6.290e-05
655.3,12:23:07,6.280e-05
656.5,12:23:09,6.260e-05
657.7,12:23:10,6.250e-05
658.8,12:23:11,6.230e-05
660.0,12:23:12,6.200e-05
661.1,12:23:13,6.190e-05
662.3,12:23:14,6.170e-05
663.4,12:23:15,6.160e-05
664.6,12:23:17,6.140e-05
665.7,12:23:18,6.120e-05
666.8,12:23:19,6.110e-05
668.0,12:23:20,6.080e-05
669.1,12:23:21,6.070e-05
670.3,12:23:22,6.050e-05
671.4,12:23:23,6.030e-05
672.6,12:23:25,6.020e-05
673.7,12:23:26,6.000e-05
674.9,12:23:27,5.980e-05
676.0,12:23:28,5.960e-05
677.2,12:23:29,5.950e-05
678.3,12:23:30,5.930e-05
679.5,12:23:32,5.910e-05
680.6,12:23:33,5.900e-05
681.8,12:23:34,5.880e-05
682.9,12:23:35,5.860e-05
684.1,12:23:36,5.840e-05
685.3,12:23:37,5.830e-05
686.4,12:23:38,5.810e-05
687.6,12:23:40,5.790e-05
688.7,12:23:41,5.780e-05
689.9,12:23:42,5.760e-05
691.0,12:23:43,5.740e-05
692.1,12:23:44,5.730e-05
693.3,12:23:45,5.710e-05
694.4,12:23:46,5.690e-05
695.6,12:23:48,5.680e-05
696.7,12:23:49,5.660e-05
697.9,12:23:50,5.640e-05
699.0,12:23:51,5.630e-05
700.2,12:23:52,5.610e-05
701.3,12:23:53,5.590e-05
702.5,12:23:55,5.580e-05
703.6,12:23:56,5.560e-05
704.8,12:23:57,5.540e-05
706.0,12:23:58,5.520e-05
707.1,12:23:59,5.510e-05
708.2,12:24:00,5.490e-05
709.4,12:24:01,5.470e-05
710.6,12:24:03,5.450e-05
711.7,12:24:04,5.440e-05
712.9,12:24:05,5.420e-05
714.0,12:24:06,5.410e-05
715.2,12:24:07,5.390e-05
716.3,12:24:08,5.370e-05
717.5,12:24:10,5.360e-05
718.6,12:24:11,5.340e-05
719.8,12:24:12,5.320e-05
720.9,12:24:13,5.310e-05
722.1,12:24:14,5.290e-05
723.2,12:24:15,5.270e-05
724.4,12:24:16,5.260e-05
725.5,12:24:18,5.240e-05
726.7,12:24:19,5.230e-05
727.8,12:24:20,5.220e-05
729.0,12:24:21,5.200e-05
730.1,12:24:22,5.190e-05
731.3,12:24:23,5.170e-05
732.4,12:24:24,5.150e-05
733.5,12:24:26,5.140e-05
734.7,12:24:27,5.120e-05
735.9,12:24:28,5.110e-05
737.0,12:24:29,5.090e-05
738.2,12:24:30,5.070e-05
739.3,12:24:31,5.060e-05
740.5,12:24:33,5.040e-05
741.6,12:24:34,5.030e-05
742.8,12:24:35,5.020e-05
743.9,12:24:36,5.000e-05
745.1,12:24:37,4.990e-05
746.2,12:24:38,4.970e-05
747.4,12:24:39,4.960e-05
748.5,12:24:41,4.940e-05
749.7,12:24:42,4.930e-05
750.8,12:24:43,4.910e-05
752.0,12:24:44,4.890e-05
753.1,12:24:45,4.880e-05
754.3,12:24:46,4.870e-05
755.5,12:24:47,4.850e-05
756.6,12:24:49,4.840e-05
757.7,12:24:50,4.820e-05
758.9,12:24:51,4.810e-05
760.0,12:24:52,4.790e-05
761.2,12:24:53,4.780e-05
762.3,12:24:54,4.770e-05
763.5,12:24:56,4.750e-05
764.7,12:24:57,4.730e-05
765.8,12:24:58,4.720e-05
767.0,12:24:59,4.710e-05
768.1,12:25:00,4.690e-05
769.3,12:25:01,4.680e-05
770.4,12:25:02,4.670e-05
771.6,12:25:04,4.650e-05
772.7,12:25:05,4.630e-05
773.9,12:25:06,4.620e-05
775.0,12:25:07,4.610e-05
776.2,12:25:08,4.590e-05
777.3,12:25:09,4.580e-05
778.5,12:25:11,4.570e-05
779.6,12:25:12,4.550e-05
780.8,12:25:13,4.540e-05
781.9,12:25:14,4.520e-05
783.1,12:25:15,4.510e-05
784.2,12:25:16,4.490e-05
785.4,12:25:17,4.480e-05
786.5,12:25:19,4.470e-05
787.7,12:25:20,4.450e-05
788.8,12:25:21,4.440e-05
790.0,12:25:22,4.420e-05
791.1,12:25:23,4.410e-05
792.3,12:25:24,4.400e-05
793.4,12:25:25,4.370e-05
794.6,12:25:27,4.370e-05
795.8,12:25:28,4.350e-05
796.9,12:25:29,4.330e-05
798.1,12:25:30,4.320e-05
799.2,12:25:31,4.300e-05
800.4,12:25:32,4.290e-05
801.5,12:25:34,4.270e-05
802.7,12:25:35,4.260e-05
803.9,12:25:36,4.250e-05
805.0,12:25:37,4.230e-05
806.2,12:25:38,4.220e-05
807.3,12:25:39,4.210e-05
808.5,12:25:41,4.200e-05
809.6,12:25:42,4.180e-05
810.8,12:25:43,4.170e-05
811.9,12:25:44,4.150e-05
813.1,12:25:45,4.140e-05
814.3,12:25:46,4.120e-05
815.4,12:25:47,4.110e-05
816.6,12:25:49,4.100e-05
817.7,12:25:50,4.080e-05
818.9,12:25:51,4.070e-05
820.0,12:25:52,4.060e-05
821.2,12:25:53,4.050e-05
822.3,12:25:54,4.030e-05
823.5,12:25:56,4.020e-05
824.6,12:25:57,4.000e-05
825.8,12:25:58,4.000e-05
826.9,12:25:59,3.990e-05
828.1,12:26:00,3.980e-05
829.2,12:26:01,3.980e-05
830.4,12:26:02,3.970e-05
831.5,12:26:04,3.970e-05
832.7,12:26:05,3.960e-05
833.9,12:26:06,3.960e-05
835.0,12:26:07,3.950e-05
836.2,12:26:08,3.940e-05
837.3,12:26:09,3.940e-05
838.5,12:26:11,3.930e-05
839.6,12:26:12,3.930e-05
840.8,12:26:13,3.920e-05
842.0,12:26:14,3.920e-05
843.1,12:26:15,3.910e-05
844.3,12:26:16,3.900e-05
845.4,12:26:17,3.900e-05
846.6,12:26:19,3.890e-05
847.7,12:26:20,3.890e-05
848.9,12:26:21,3.880e-05
850.0,12:26:22,3.870e-05
851.2,12:26:23,3.870e-05
852.3,12:26:24,3.860e-05
853.5,12:26:26,3.860e-05
854.7,12:26:27,3.850e-05
855.8,12:26:28,3.850e-05
857.0,12:26:29,3.840e-05
858.1,12:26:30,3.840e-05
859.3,12:26:31,3.830e-05
860.4,12:26:32,3.820e-05
861.5,12:26:34,3.820e-05
862.7,12:26:35,3.810e-05
863.9,12:26:36,3.810e-05
865.0,12:26:37,3.810e-05
866.1,12:26:38,3.800e-05
867.3,12:26:39,3.790e-05
868.4,12:26:40,3.790e-05
869.6,12:26:42,3.780e-05
870.7,12:26:43,3.780e-05
871.9,12:26:44,3.770e-05
873.0,12:26:45,3.770e-05
874.2,12:26:46,3.760e-05
875.3,12:26:47,3.760e-05
876.5,12:26:49,3.750e-05
877.6,12:26:50,3.750e-05
878.8,12:26:51,3.740e-05
879.9,12:26:52,3.730e-05
881.0,12:26:53,3.730e-05
882.2,12:26:54,3.720e-05
883.3,12:26:55,3.720e-05
884.5,12:26:57,3.710e-05
885.6,12:26:58,3.710e-05
886.8,12:26:59,3.700e-05
887.9,12:27:00,3.700e-05
889.1,12:27:01,3.690e-05
890.2,12:27:02,3.680e-05
891.4,12:27:03,3.680e-05
892.5,12:27:05,3.680e-05
893.7,12:27:06,3.670e-05
894.8,12:27:07,3.660e-05
896.0,12:27:08,3.660e-05
897.1,12:27:09,3.660e-05
898.3,12:27:10,3.650e-05
899.4,12:27:11,3.650e-05
900.5,12:27:13,3.640e-05
901.7,12:27:14,3.630e-05
902.8,12:27:15,3.630e-05
904.0,12:27:16,3.620e-05
905.1,12:27:17,3.620e-05
906.2,12:27:18,3.610e-05
907.4,12:27:19,3.610e-05
908.5,12:27:21,3.600e-05
909.7,12:27:22,3.600e-05
910.8,12:27:23,3.600e-05
912.0,12:27:24,3.590e-05
913.1,12:27:25,3.590e-05
914.2,12:27:26,3.580e-05
915.4,12:27:27,3.580e-05
916.5,12:27:29,3.570e-05
917.7,12:27:30,3.560e-05
918.8,12:27:31,3.560e-05
920.0,12:27:32,3.550e-05
921.1,12:27:33,3.550e-05
922.3,12:27:34,3.550e-05
923.4,12:27:35,3.540e-05
924.5,12:27:37,3.540e-05
925.7,12:27:38,3.530e-05
926.8,12:27:39,3.530e-05
928.0,12:27:40,3.520e-05
929.1,12:27:41,3.510e-05
930.3,12:27:42,3.510e-05
931.4,12:27:43,3.500e-05
932.6,12:27:45,3.500e-05
933.7,12:27:46,3.500e-05
934.8,12:27:47,3.490e-05
936.0,12:27:48,3.490e-05
937.1,12:27:49,3.480e-05
938.3,12:27:50,3.480e-05
939.4,12:27:51,3.470e-05
940.6,12:27:53,3.470e-05
941.7,12:27:54,3.460e-05
942.9,12:27:55,3.460e-05
944.0,12:27:56,3.450e-05
945.1,12:27:57,3.450e-05
946.3,12:27:58,3.440e-05
947.4,12:27:59,3.440e-05
948.6,12:28:01,3.430e-05
949.7,12:28:02,3.430e-05
950.9,12:28:03,3.430e-05
952.0,12:28:04,3.420e-05
953.2,12:28:05,3.410e-05
954.3,12:28:06,3.410e-05
955.5,12:28:08,3.400e-05
956.6,12:28:09,3.400e-05
957.8,12:28:10,3.390e-05
958.9,12:28:11,3.390e-05
960.1,12:28:12,3.380e-05
961.2,12:28:13,3.380e-05
962.4,12:28:14,3.370e-05
963.5,12:28:16,3.370e-05
964.6,12:28:17,3.360e-05
965.8,12:28:18,3.350e-05
966.9,12:28:19,3.350e-05
968.1,12:28:20,3.340e-05
969.2,12:28:21,3.340e-05
970.4,12:28:22,3.340e-05
971.5,12:28:24,3.340e-05
972.7,12:28:25,3.330e-05
973.8,12:28:26,3.320e-05
975.0,12:28:27,3.320e-05
976.1,12:28:28,3.310e-05
977.3,12:28:29,3.310e-05
978.4,12:28:30,3.300e-05
979.6,12:28:32,3.300e-05
980.7,12:28:33,3.290e-05
981.8,12:28:34,3.290e-05
983.0,12:28:35,3.290e-05
984.2,12:28:36,3.280e-05
985.3,12:28:37,3.280e-05
986.5,12:28:38,3.270e-05
987.6,12:28:40,3.270e-05
988.7,12:28:41,3.260e-05
989.9,12:28:42,3.260e-05
991.0,12:28:43,3.250e-05
992.2,12:28:44,3.250e-05
993.3,12:28:45,3.240e-05
994.5,12:28:47,3.240e-05
995.6,12:28:48,3.230e-05
996.8,12:28:49,3.230e-05
998.0,12:28:50,3.220e-05
999.1,12:28:51,3.220e-05
1000.3,12:28:52,3.210e-05
1001.4,12:28:53,3.210e-05
1002.6,12:28:55,3.200e-05
1003.7,12:28:56,3.200e-05
1004.8,12:28:57,3.190e-05
1006.0,12:28:58,3.190e-05
1007.1,12:28:59,3.180e-05
1008.3,12:29:00,3.180e-05
1009.4,12:29:01,3.180e-05
1010.6,12:29:03,3.170e-05
1011.7,12:29:04,3.170e-05
1012.9,12:29:05,3.160e-05
1014.0,12:29:06,3.160e-05
1015.2,12:29:07,3.150e-05
1016.3,12:29:08,3.150e-05
1017.5,12:29:10,3.140e-05
1018.6,12:29:11,3.140e-05
1019.8,12:29:12,3.130e-05
1020.9,12:29:13,3.130e-05
1022.1,12:29:14,3.130e-05
1023.2,12:29:15,3.120e-05
1024.4,12:29:16,3.120e-05
1025.5,12:29:18,3.110e-05
1026.7,12:29:19,3.110e-05
1027.8,12:29:20,3.100e-05
1029.0,12:29:21,3.100e-05
1030.1,12:29:22,3.090e-05
1031.3,12:29:23,3.090e-05
1032.4,12:29:24,3.080e-05
1033.5,12:29:26,3.080e-05
1034.7,12:29:27,3.080e-05
1035.9,12:29:28,3.070e-05
1037.0,12:29:29,3.070e-05
1038.1,12:29:30,3.060e-05
1039.3,12:29:31,3.060e-05
1040.4,12:29:32,3.050e-05
1041.6,12:29:34,3.050e-05
1042.7,12:29:35,3.050e-05
1043.9,12:29:36,3.040e-05
1045.0,12:29:37,3.040e-05
1046.2,12:29:38,3.030e-05
1047.3,12:29:39,3.030e-05
1048.5,12:29:41,3.030e-05
1049.6,12:29:42,3.020e-05
1050.8,12:29:43,3.020e-05
1051.9,12:29:44,3.010e-05
1053.1,12:29:45,3.000e-05
1054.2,12:29:46,3.000e-05
1055.4,12:29:47,2.990e-05
1056.5,12:29:49,2.990e-05
1057.7,12:29:50,2.980e-05
1058.9,12:29:51,2.980e-05
1060.0,12:29:52,2.970e-05
1061.1,12:29:53,2.970e-05
1062.3,12:29:54,2.970e-05
1063.4,12:29:55,2.960e-05
1064.6,12:29:57,2.960e-05
1065.8,12:29:58,2.960e-05
1066.9,12:29:59,2.950e-05
1068.0,12:30:00,2.950e-05
1069.2,12:30:01,2.940e-05
1070.3,12:30:02,2.940e-05
1071.5,12:30:04,2.930e-05
1072.6,12:30:05,2.930e-05
1073.8,12:30:06,2.920e-05
1075.0,12:30:07,2.920e-05
1076.1,12:30:08,2.920e-05
1077.3,12:30:09,2.910e-05
1078.4,12:30:10,2.910e-05
1079.6,12:30:12,2.900e-05
1080.7,12:30:13,2.900e-05
1081.8,12:30:14,2.900e-05
1083.0,12:30:15,2.890e-05
1084.1,12:30:16,2.890e-05
1085.3,12:30:17,2.880e-05
1086.4,12:30:18,2.880e-05
1087.6,12:30:20,2.870e-05
1088.7,12:30:21,2.870e-05
1089.9,12:30:22,2.870e-05
1091.0,12:30:23,2.860e-05
1092.2,12:30:24,2.860e-05
1093.3,12:30:25,2.850e-05
1094.5,12:30:27,2.850e-05
1095.6,12:30:28,2.850e-05
1096.8,12:30:29,2.840e-05
1097.9,12:30:30,2.840e-05
1099.1,12:30:31,2.830e-05
1100.2,12:30:32,2.830e-05
1101.4,12:30:33,2.820e-05
1102.5,12:30:35,2.820e-05
1103.7,12:30:36,2.810e-05
1104.8,12:30:37,2.810e-05
1106.0,12:30:38,2.800e-05
1107.1,12:30:39,2.800e-05
1108.3,12:30:40,2.800e-05
1109.4,12:30:41,2.790e-05
1110.6,12:30:43,2.790e-05
1111.7,12:30:44,2.790e-05
1112.9,12:30:45,2.780e-05
1114.0,12:30:46,2.780e-05
1115.2,12:30:47,2.770e-05
1116.3,12:30:48,2.770e-05
1117.5,12:30:50,2.770e-05
1118.6,12:30:51,2.760e-05
1119.7,12:30:52,2.760e-05
1120.9,12:30:53,2.750e-05
1122.0,12:30:54,2.750e-05
1123.2,12:30:55,2.750e-05
1124.3,12:30:56,2.740e-05
1125.5,12:30:58,2.740e-05
1126.6,12:30:59,2.730e-05
1127.8,12:31:00,2.730e-05
1128.9,12:31:01,2.720e-05
1130.1,12:31:02,2.720e-05
1131.2,12:31:03,2.720e-05
1132.4,12:31:04,2.710e-05
1133.5,12:31:06,2.710e-05
1134.7,12:31:07,2.700e-05
1135.8,12:31:08,2.700e-05
1137.0,12:31:09,2.690e-05
1138.1,12:31:10,2.690e-05
1139.3,12:31:11,2.680e-05
1140.4,12:31:12,2.680e-05
1141.6,12:31:14,2.680e-05
1142.7,12:31:15,2.670e-05
1143.9,12:31:16,2.670e-05
1145.0,12:31:17,2.660e-05
1146.2,12:31:18,2.660e-05
1147.4,12:31:19,2.660e-05
1148.5,12:31:21,2.650e-05
1149.6,12:31:22,2.650e-05
1150.8,12:31:23,2.640e-05
1151.9,12:31:24,2.640e-05
1153.1,12:31:25,2.640e-05
1154.3,12:31:26,2.630e-05
1155.4,12:31:27,2.630e-05
1156.6,12:31:29,2.620e-05
1157.7,12:31:30,2.620e-05
1158.8,12:31:31,2.620e-05
1160.0,12:31:32,2.610e-05
1161.1,12:31:33,2.610e-05
1162.3,12:31:34,2.600e-05
1163.5,12:31:35,2.600e-05
1164.6,12:31:37,2.600e-05
1165.8,12:31:38,2.590e-05
1166.9,12:31:39,2.590e-05
1168.1,12:31:40,2.580e-05
1169.2,12:31:41,2.580e-05
1170.4,12:31:42,2.580e-05
1171.5,12:31:44,2.570e-05
1172.7,12:31:45,2.570e-05
1173.8,12:31:46,2.570e-05
1175.0,12:31:47,2.560e-05
1176.1,12:31:48,2.560e-05
1177.3,12:31:49,2.550e-05
1178.4,12:31:50,2.550e-05
1179.6,12:31:52,2.540e-05
1180.7,12:31:53,2.540e-05
1181.9,12:31:54,2.540e-05
1183.0,12:31:55,2.530e-05
1184.2,12:31:56,2.530e-05
1185.3,12:31:57,2.530e-05
1186.5,12:31:59,2.520e-05
1187.6,12:32:00,2.520e-05
1188.8,12:32:01,2.510e-05
1190.0,12:32:02,2.510e-05
1191.1,12:32:03,2.500e-05
1192.2,12:32:04,2.500e-05
1193.4,12:32:05,2.500e-05
1194.5,12:32:07,2.490e-05
1195.7,12:32:08,2.490e-05
1196.9,12:32:09,2.490e-05
1198.0,12:32:10,2.480e-05
1199.2,12:32:11,2.480e-05
1200.3,12:32:12,2.480e-05
1201.5,12:32:14,2.470e-05
1202.6,12:32:15,2.470e-05
1203.8,12:32:16,2.460e-05
1204.9,12:32:17,2.460e-05
1206.1,12:32:18,2.460e-05
1207.2,12:32:19,2.450e-05
1208.4,12:32:20,2.450e-05
1209.5,12:32:22,2.440e-05
1210.7,12:32:23,2.440e-05
1211.8,12:32:24,2.440e-05
1213.0,12:32:25,2.430e-05
1214.1,12:32:26,2.430e-05
1215.3,12:32:27,2.430e-05
1216.4,12:32:28,2.420e-05
1217.6,12:32:30,2.420e-05
1218.8,12:32:31,2.420e-05
1219.9,12:32:32,2.410e-05
1221.1,12:32:33,2.410e-05
1222.2,12:32:34,2.400e-05
1223.4,12:32:35,2.400e-05
1224.5,12:32:37,2.390e-05
1225.7,12:32:38,2.390e-05
1226.9,12:32:39,2.380e-05
1228.0,12:32:40,2.380e-05
1229.2,12:32:41,2.380e-05
1230.3,12:32:42,2.380e-05
1231.5,12:32:44,2.370e-05
1232.6,12:32:45,2.370e-05
1233.7,12:32:46,2.370e-05
1234.9,12:32:47,2.360e-05
1236.0,12:32:48,2.360e-05
1237.2,12:32:49,2.350e-05
1238.4,12:32:50,2.350e-05
1239.5,12:32:52,2.350e-05
1240.7,12:32:53,2.340e-05
1241.8,12:32:54,2.340e-05
1243.0,12:32:55,2.340e-05
1244.1,12:32:56,2.330e-05
1245.3,12:32:57,2.330e-05
1246.4,12:32:58,2.330e-05
1247.6,12:33:00,2.320e-05
1248.7,12:33:01,2.320e-05
1249.9,12:33:02,2.320e-05
1251.0,12:33:03,2.310e-05
1252.2,12:33:04,2.300e-05
1253.3,12:33:05,2.300e-05
1254.5,12:33:07,2.300e-05
1255.6,12:33:08,2.290e-05
1256.8,12:33:09,2.290e-05
1257.9,12:33:10,2.280e-05
1259.1,12:33:11,2.280e-05
1260.2,12:33:12,2.270e-05
1261.4,12:33:13,2.270e-05
1262.5,12:33:15,2.270e-05
1263.7,12:33:16,2.270e-05
1264.8,12:33:17,2.260e-05
1266.0,12:33:18,2.260e-05
1267.1,12:33:19,2.260e-05
1268.3,12:33:20,2.250e-05
1269.5,12:33:22,2.250e-05
1270.6,12:33:23,2.240e-05
1271.8,12:33:24,2.240e-05
1272.9,12:33:25,2.240e-05
1274.1,12:33:26,2.230e-05
1275.2,12:33:27,2.230e-05
1276.4,12:33:28,2.220e-05
1277.5,12:33:30,2.220e-05
1278.7,12:33:31,2.220e-05
1279.8,12:33:32,2.220e-05
1281.0,12:33:33,2.210e-05
1282.2,12:33:34,2.210e-05
1283.3,12:33:35,2.210e-05
1284.5,12:33:37,2.200e-05
1285.6,12:33:38,2.200e-05
1286.8,12:33:39,2.200e-05
1287.9,12:33:40,2.190e-05
1289.1,12:33:41,2.190e-05
1290.2,12:33:42,2.190e-05
1291.4,12:33:43,2.180e-05
1292.5,12:33:45,2.180e-05
1293.7,12:33:46,2.170e-05
1294.8,12:33:47,2.170e-05
1296.0,12:33:48,2.170e-05
1297.1,12:33:49,2.170e-05
1298.3,12:33:50,2.160e-05
1299.4,12:33:51,2.160e-05
1300.6,12:33:53,2.150e-05
1301.7,12:33:54,2.150e-05
1302.9,12:33:55,2.140e-05
1304.0,12:33:56,2.140e-05
1305.2,12:33:57,2.140e-05
1306.3,12:33:58,2.140e-05
1307.5,12:34:00,2.130e-05
1308.6,12:34:01,2.150e-05
1309.8,12:34:02,2.140e-05
1310.9,12:34:03,2.130e-05
1312.1,12:34:04,2.130e-05
1313.2,12:34:05,2.130e-05
1314.4,12:34:06,2.120e-05
1315.5,12:34:08,2.120e-05
1316.7,12:34:09,2.120e-05
1317.9,12:34:10,2.120e-05
1319.0,12:34:11,2.110e-05
1320.2,12:34:12,2.110e-05
1321.3,12:34:13,2.110e-05
1322.4,12:34:14,2.100e-05
1323.6,12:34:16,2.100e-05
1324.8,12:34:17,2.100e-05
1325.9,12:34:18,2.090e-05
1327.1,12:34:19,2.090e-05
1328.2,12:34:20,2.090e-05
1329.4,12:34:21,2.080e-05
1330.5,12:34:23,2.080e-05
1331.7,12:34:24,2.080e-05
1332.8,12:34:25,2.070e-05
1334.0,12:34:26,2.070e-05
1335.1,12:34:27,2.070e-05
1336.3,12:34:28,2.060e-05
1337.4,12:34:29,2.060e-05
1338.6,12:34:31,2.060e-05
1339.7,12:34:32,2.060e-05
1340.9,12:34:33,2.050e-05
1342.0,12:34:34,2.050e-05
1343.2,12:34:35,2.050e-05
1344.3,12:34:36,2.040e-05
1345.5,12:34:38,2.040e-05
1346.7,12:34:39,2.040e-05
1347.8,12:34:40,2.030e-05
1349.0,12:34:41,2.030e-05
1350.1,12:34:42,2.030e-05
1351.3,12:34:43,2.020e-05
1352.4,12:34:44,2.020e-05
1353.6,12:34:46,2.020e-05
1354.7,12:34:47,2.020e-05
1355.9,12:34:48,2.010e-05
1357.0,12:34:49,2.010e-05
1358.2,12:34:50,2.010e-05
1359.3,12:34:51,2.010e-05
1360.5,12:34:53,2.000e-05
1361.6,12:34:54,2.000e-05
1362.8,12:34:55,2.000e-05
1363.9,12:34:56,1.990e-05
1365.1,12:34:57,1.990e-05
1366.2,12:34:58,1.990e-05
1367.4,12:34:59,1.990e-05
1368.5,12:35:01,1.990e-05
1369.7,12:35:02,1.990e-05
1370.8,12:35:03,1.990e-05
1372.0,12:35:04,1.980e-05
1373.2,12:35:05,1.980e-05
1374.3,12:35:06,1.980e-05
1375.5,12:35:07,1.980e-05
1376.6,12:35:09,1.980e-05
1377.8,12:35:10,1.980e-05
1378.9,12:35:11,1.980e-05
1380.1,12:35:12,1.970e-05
1381.2,12:35:13,1.970e-05
1382.4,12:35:14,1.970e-05
1383.5,12:35:16,1.970e-05
1384.7,12:35:17,1.970e-05
1385.8,12:35:18,1.970e-05
1387.0,12:35:19,1.970e-05
1388.1,12:35:20,1.960e-05
1389.3,12:35:21,1.960e-05
1390.4,12:35:22,1.960e-05
1391.6,12:35:24,1.960e-05
1392.7,12:35:25,1.960e-05
1393.9,12:35:26,1.960e-05
1395.0,12:35:27,1.960e-05
1396.2,12:35:28,1.950e-05
1397.4,12:35:29,1.950e-05
1398.5,12:35:31,1.950e-05
1399.7,12:35:32,1.950e-05
1400.8,12:35:33,1.950e-05
1402.0,12:35:34,1.950e-05
1403.1,12:35:35,1.940e-05
1404.3,12:35:36,1.940e-05
1405.4,12:35:37,1.940e-05
1406.6,12:35:39,1.940e-05
1407.7,12:35:40,1.940e-05
1408.9,12:35:41,1.940e-05
1410.0,12:35:42,1.940e-05
1411.2,12:35:43,1.940e-05
1412.3,12:35:44,1.930e-05
1413.5,12:35:46,1.930e-05
1414.7,12:35:47,1.930e-05
1415.8,12:35:48,1.930e-05
1417.0,12:35:49,1.930e-05
1418.1,12:35:50,1.930e-05
1419.3,12:35:51,1.930e-05
1420.4,12:35:52,1.920e-05
1421.5,12:35:54,1.920e-05
1422.7,12:35:55,1.920e-05
1423.9,12:35:56,1.920e-05
1425.0,12:35:57,1.920e-05
1426.2,12:35:58,1.920e-05
1427.3,12:35:59,1.920e-05
1428.5,12:36:01,1.910e-05
1429.6,12:36:02,1.910e-05
1430.8,12:36:03,1.910e-05
1431.9,12:36:04,1.910e-05
1433.1,12:36:05,1.910e-05
1434.2,12:36:06,1.910e-05
1435.4,12:36:07,1.910e-05
1436.5,12:36:09,1.900e-05
1437.7,12:36:10,1.900e-05
1438.8,12:36:11,1.900e-05
1440.0,12:36:12,1.900e-05
1441.1,12:36:13,1.900e-05
1442.3,12:36:14,1.900e-05
1443.4,12:36:15,1.900e-05
1444.6,12:36:17,1.890e-05
1445.7,12:36:18,1.890e-05
1446.9,12:36:19,1.890e-05
1448.0,12:36:20,1.890e-05
1449.2,12:36:21,1.890e-05
1450.3,12:36:22,1.890e-05
1451.5,12:36:24,1.890e-05
1452.6,12:36:25,1.880e-05
1453.8,12:36:26,1.880e-05
1455.0,12:36:27,1.880e-05
1456.1,12:36:28,1.880e-05
1457.3,12:36:29,1.880e-05
1458.4,12:36:30,1.880e-05
1459.6,12:36:32,1.880e-05
1460.7,12:36:33,1.870e-05
1461.9,12:36:34,1.870e-05
1463.0,12:36:35,1.870e-05
1464.2,12:36:36,1.870e-05
1465.3,12:36:37,1.870e-05
1466.5,12:36:39,1.870e-05
1467.6,12:36:40,1.860e-05
1468.8,12:36:41,1.860e-05
1470.0,12:36:42,1.860e-05
1471.1,12:36:43,1.860e-05
1472.3,12:36:44,1.860e-05
1473.4,12:36:45,1.860e-05
1474.6,12:36:47,1.860e-05
1475.7,12:36:48,1.860e-05
1476.9,12:36:49,1.850e-05
1478.0,12:36:50,1.850e-05
1479.2,12:36:51,1.850e-05
1480.3,12:36:52,1.850e-05
1481.5,12:36:54,1.850e-05
1482.6,12:36:55,1.850e-05
1483.8,12:36:56,1.850e-05
1485.0,12:36:57,1.840e-05
1486.1,12:36:58,1.840e-05
1487.3,12:36:59,1.840e-05
1488.4,12:37:00,1.840e-05
1489.6,12:37:02,1.840e-05
1490.7,12:37:03,1.840e-05
1491.9,12:37:04,1.840e-05
1493.0,12:37:05,1.830e-05
1494.2,12:37:06,1.830e-05
1495.4,12:37:07,1.830e-05
1496.5,12:37:09,1.830e-05
1497.7,12:37:10,1.830e-05
1498.8,12:37:11,1.830e-05
1500.0,12:37:12,1.830e-05
1501.1,12:37:13,1.830e-05
1502.3,12:37:14,1.830e-05
1503.4,12:37:15,1.820e-05
1504.6,12:37:17,1.820e-05
1505.7,12:37:18,1.820e-05
1506.9,12:37:19,1.820e-05
1508.0,12:37:20,1.820e-05
1509.2,12:37:21,1.820e-05
1510.4,12:37:22,1.820e-05
1511.5,12:37:24,1.810e-05
1512.7,12:37:25,1.810e-05
1513.8,12:37:26,1.810e-05
1515.0,12:37:27,1.810e-05
1516.2,12:37:28,1.810e-05
1517.3,12:37:29,1.810e-05
1518.4,12:37:30,1.810e-05
1519.6,12:37:32,1.800e-05
1520.8,12:37:33,1.800e-05
1521.9,12:37:34,1.800e-05
1523.1,12:37:35,1.800e-05
1524.3,12:37:36,1.800e-05
1525.4,12:37:37,1.800e-05
1526.6,12:37:39,1.800e-05
1527.7,12:37:40,1.800e-05
1528.9,12:37:41,1.800e-05
1530.0,12:37:42,1.800e-05
1531.2,12:37:43,1.790e-05
1532.3,12:37:44,1.790e-05
1533.5,12:37:46,1.790e-05
1534.7,12:37:47,1.790e-05
1535.8,12:37:48,1.790e-05
1537.0,12:37:49,1.790e-05
1538.1,12:37:50,1.790e-05
1539.3,12:37:51,1.780e-05
1540.4,12:37:52,1.780e-05
1541.6,12:37:54,1.780e-05
1542.8,12:37:55,1.780e-05
1543.9,12:37:56,1.780e-05
1545.1,12:37:57,1.780e-05
1546.2,12:37:58,1.780e-05
1547.4,12:37:59,1.770e-05
1548.6,12:38:01,1.770e-05
1549.7,12:38:02,1.770e-05
1550.9,12:38:03,1.770e-05
1552.0,12:38:04,1.770e-05
1553.2,12:38:05,1.770e-05
1554.3,12:38:06,1.760e-05
1555.5,12:38:08,1.760e-05
1556.6,12:38:09,1.760e-05
1557.8,12:38:10,1.760e-05
1558.9,12:38:11,1.760e-05
1560.1,12:38:12,1.760e-05
1561.2,12:38:13,1.760e-05
1562.4,12:38:14,1.750e-05
1563.5,12:38:16,1.750e-05
1564.7,12:38:17,1.750e-05
1565.8,12:38:18,1.750e-05
1567.0,12:38:19,1.750e-05
1568.1,12:38:20,1.750e-05
1569.3,12:38:21,1.750e-05
1570.5,12:38:23,1.750e-05
1571.6,12:38:24,1.750e-05
1572.8,12:38:25,1.740e-05
1573.9,12:38:26,1.740e-05
1575.1,12:38:27,1.740e-05
1576.2,12:38:28,1.740e-05
1577.4,12:38:29,1.740e-05
1578.5,12:38:31,1.740e-05
1579.7,12:38:32,1.740e-05
1580.9,12:38:33,1.740e-05
1582.0,12:38:34,1.730e-05
1583.2,12:38:35,1.730e-05
1584.3,12:38:36,1.730e-05
1585.5,12:38:38,1.730e-05
1586.6,12:38:39,1.730e-05
1587.8,12:38:40,1.730e-05
1588.9,12:38:41,1.730e-05
1590.1,12:38:42,1.730e-05
1591.2,12:38:43,1.720e-05
1592.4,12:38:44,1.720e-05
1593.5,12:38:46,1.720e-05
1594.7,12:38:47,1.720e-05
1595.9,12:38:48,1.720e-05
1597.0,12:38:49,1.720e-05
1598.2,12:38:50,1.720e-05
1599.3,12:38:51,1.720e-05
1600.5,12:38:53,1.710e-05
1601.6,12:38:54,1.710e-05
1602.8,12:38:55,1.710e-05
1604.0,12:38:56,1.710e-05
1605.1,12:38:57,1.710e-05
1606.3,12:38:58,1.710e-05
1607.4,12:38:59,1.710e-05
1608.6,12:39:01,1.710e-05
1609.7,12:39:02,1.700e-05
1610.9,12:39:03,1.700e-05
1612.0,12:39:04,1.700e-05
1613.2,12:39:05,1.700e-05
1614.3,12:39:06,1.700e-05
1615.5,12:39:08,1.700e-05
1616.6,12:39:09,1.700e-05
1617.8,12:39:10,1.700e-05
1619.0,12:39:11,1.700e-05
1620.1,12:39:12,1.700e-05
1621.3,12:39:13,1.690e-05
1622.4,12:39:14,1.690e-05
1623.6,12:39:16,1.690e-05
1624.7,12:39:17,1.690e-05
1625.9,12:39:18,1.690e-05
1627.0,12:39:19,1.690e-05
1628.2,12:39:20,1.690e-05
1629.3,12:39:21,1.680e-05
1630.5,12:39:23,1.680e-05
1631.7,12:39:24,1.680e-05
1632.8,12:39:25,1.680e-05
1634.0,12:39:26,1.680e-05
1635.1,12:39:27,1.680e-05
1636.3,12:39:28,1.680e-05
1637.4,12:39:29,1.670e-05
1638.6,12:39:31,1.670e-05
1639.8,12:39:32,1.670e-05
1640.9,12:39:33,1.670e-05
1642.1,12:39:34,1.670e-05
1643.2,12:39:35,1.670e-05
1644.3,12:39:36,1.670e-05
1645.5,12:39:38,1.670e-05
1646.7,12:39:39,1.670e-05
1647.8,12:39:40,1.660e-05
1649.0,12:39:41,1.660e-05
1650.1,12:39:42,1.660e-05
1651.3,12:39:43,1.660e-05
1652.4,12:39:44,1.660e-05
1653.6,12:39:46,1.660e-05
1654.7,12:39:47,1.660e-05
1655.9,12:39:48,1.660e-05
1657.0,12:39:49,1.650e-05
1658.2,12:39:50,1.650e-05
1659.3,12:39:51,1.650e-05
1660.5,12:39:53,1.650e-05
1661.7,12:39:54,1.650e-05
1662.8,12:39:55,1.650e-05
1664.0,12:39:56,1.650e-05
1665.1,12:39:57,1.640e-05
1666.3,12:39:58,1.640e-05
1667.4,12:39:59,1.640e-05
1668.6,12:40:01,1.640e-05
1669.8,12:40:02,1.640e-05
1670.9,12:40:03,1.640e-05
1672.1,12:40:04,1.640e-05
1673.2,12:40:05,1.640e-05
1674.4,12:40:06,1.640e-05
1675.6,12:40:08,1.640e-05
1676.7,12:40:09,1.630e-05
1677.9,12:40:10,1.630e-05
1679.0,12:40:11,1.630e-05
1680.2,12:40:12,1.630e-05
1681.3,12:40:13,1.630e-05
1682.5,12:40:15,1.630e-05
1683.6,12:40:16,1.630e-05
1684.8,12:40:17,1.620e-05
1685.9,12:40:18,1.620e-05
1687.1,12:40:19,1.620e-05
1688.3,12:40:20,1.620e-05
1689.4,12:40:21,1.620e-05
1690.5,12:40:23,1.620e-05
1691.7,12:40:24,1.620e-05
1692.9,12:40:25,1.610e-05
1694.0,12:40:26,1.610e-05
1695.2,12:40:27,1.610e-05
1696.3,12:40:28,1.610e-05
1697.5,12:40:30,1.610e-05
1698.6,12:40:31,1.610e-05
1699.8,12:40:32,1.610e-05
1700.9,12:40:33,1.610e-05
1702.1,12:40:34,1.610e-05
1703.2,12:40:35,1.600e-05
1704.4,12:40:36,1.600e-05
1705.5,12:40:38,1.600e-05
1706.7,12:40:39,1.600e-05
1707.9,12:40:40,1.600e-05
1709.0,12:40:41,1.600e-05
1710.2,12:40:42,1.600e-05
1711.3,12:40:43,1.590e-05
1712.5,12:40:45,1.590e-05
1713.6,12:40:46,1.590e-05
1714.8,12:40:47,1.590e-05
1715.9,12:40:48,1.590e-05
1717.1,12:40:49,1.590e-05
1718.2,12:40:50,1.590e-05
1719.4,12:40:51,1.590e-05
1720.6,12:40:53,1.590e-05
1721.7,12:40:54,1.590e-05
1722.8,12:40:55,1.590e-05
1724.0,12:40:56,1.580e-05
1725.1,12:40:57,1.580e-05
1726.3,12:40:58,1.580e-05
1727.5,12:41:00,1.580e-05
1728.6,12:41:01,1.580e-05
1729.8,12:41:02,1.580e-05
1730.9,12:41:03,1.580e-05
1732.1,12:41:04,1.580e-05
1733.2,12:41:05,1.580e-05
1734.4,12:41:06,1.580e-05
1735.5,12:41:08,1.580e-05
1736.7,12:41:09,1.580e-05
1737.8,12:41:10,1.570e-05
1739.0,12:41:11,1.570e-05
1740.1,12:41:12,1.570e-05
1741.3,12:41:13,1.570e-05
1742.4,12:41:14,1.570e-05
1743.6,12:41:16,1.570e-05
1744.8,12:41:17,1.570e-05
1745.9,12:41:18,1.570e-05
1747.1,12:41:19,1.560e-05
1748.2,12:41:20,1.560e-05
1749.4,12:41:21,1.560e-05
1750.5,12:41:23,1.560e-05
1751.7,12:41:24,1.560e-05
1752.8,12:41:25,1.560e-05
1754.0,12:41:26,1.560e-05
1755.1,12:41:27,1.560e-05
1756.3,12:41:28,1.560e-05
1757.4,12:41:29,1.560e-05
1758.6,12:41:31,1.550e-05
1759.7,12:41:32,1.550e-05
1760.9,12:41:33,1.550e-05
1762.0,12:41:34,1.550e-05
1763.2,12:41:35,1.550e-05
1764.3,12:41:36,1.550e-05
1765.5,12:41:38,1.550e-05
1766.7,12:41:39,1.550e-05
1767.8,12:41:40,1.550e-05
1769.0,12:41:41,1.540e-05
1770.1,12:41:42,1.540e-05
1771.3,12:41:43,1.540e-05
1772.4,12:41:44,1.540e-05
1773.6,12:41:46,1.540e-05
1774.7,12:41:47,1.540e-05
1775.9,12:41:48,1.540e-05
1777.0,12:41:49,1.540e-05
1778.2,12:41:50,1.540e-05
1779.3,12:41:51,1.530e-05
1780.5,12:41:53,1.530e-05
1781.7,12:41:54,1.530e-05
1782.8,12:41:55,1.530e-05
1784.0,12:41:56,1.530e-05
1785.1,12:41:57,1.530e-05
1786.3,12:41:58,1.530e-05
1787.4,12:41:59,1.530e-05
1788.6,12:42:01,1.530e-05
1789.7,12:42:02,1.520e-05
1790.9,12:42:03,1.520e-05
1792.0,12:42:04,1.520e-05
1793.2,12:42:05,1.520e-05
1794.3,12:42:06,1.520e-05
1795.5,12:42:08,1.520e-05
1796.6,12:42:09,1.520e-05
1797.8,12:42:10,1.520e-05
1798.9,12:42:11,1.520e-05
1800.1,12:42:12,1.520e-05
1801.3,12:42:13,1.510e-05
1802.4,12:42:14,1.510e-05
1803.6,12:42:16,1.510e-05
1804.7,12:42:17,1.510e-05
1805.9,12:42:18,1.510e-05
1807.1,12:42:19,1.510e-05
1808.2,12:42:20,1.510e-05
1809.4,12:42:21,1.510e-05
1810.5,12:42:23,1.510e-05
1811.7,12:42:24,1.500e-05
1812.8,12:42:25,1.500e-05
1814.0,12:42:26,1.500e-05
1815.1,12:42:27,1.500e-05
1816.3,12:42:28,1.500e-05
1817.4,12:42:29,1.500e-05
1818.6,12:42:31,1.500e-05
1819.7,12:42:32,1.500e-05
1820.9,12:42:33,1.500e-05
1822.0,12:42:34,1.500e-05
1823.2,12:42:35,1.490e-05
1824.4,12:42:36,1.490e-05
1825.5,12:42:38,1.490e-05
1826.7,12:42:39,1.490e-05
1827.8,12:42:40,1.490e-05
1829.0,12:42:41,1.490e-05
1830.1,12:42:42,1.490e-05
1831.3,12:42:43,1.490e-05
1832.4,12:42:44,1.490e-05
1833.6,12:42:46,1.490e-05
1834.7,12:42:47,1.480e-05
1835.9,12:42:48,1.480e-05
1837.0,12:42:49,1.480e-05
1838.2,12:42:50,1.480e-05
1839.3,12:42:51,1.480e-05
1840.5,12:42:53,1.480e-05
1841.6,12:42:54,1.480e-05
1842.8,12:42:55,1.480e-05
1843.9,12:42:56,1.480e-05
1845.1,12:42:57,1.480e-05
1846.2,12:42:58,1.480e-05
1847.4,12:42:59,1.470e-05
1848.5,12:43:01,1.470e-05
1849.7,12:43:02,1.470e-05
1850.8,12:43:03,1.470e-05
1852.0,12:43:04,1.470e-05
1853.2,12:43:05,1.470e-05
1854.3,12:43:06,1.470e-05
1855.5,12:43:08,1.470e-05
1856.6,12:43:09,1.470e-05
1857.8,12:43:10,1.460e-05
1858.9,12:43:11,1.460e-05
1860.1,12:43:12,1.460e-05
1861.2,12:43:13,1.460e-05
1862.4,12:43:14,1.460e-05
1863.5,12:43:16,1.460e-05
1864.7,12:43:17,1.460e-05
1865.9,12:43:18,1.460e-05
1867.0,12:43:19,1.460e-05
1868.2,12:43:20,1.450e-05
1869.3,12:43:21,1.450e-05
1870.5,12:43:23,1.450e-05
1871.6,12:43:24,1.450e-05
1872.8,12:43:25,1.450e-05
1873.9,12:43:26,1.450e-05
1875.1,12:43:27,1.450e-05
1876.2,12:43:28,1.450e-05
1877.4,12:43:29,1.450e-05
1878.5,12:43:31,1.440e-05
1879.7,12:43:32,1.440e-05
1880.8,12:43:33,1.440e-05
1882.0,12:43:34,1.440e-05
1883.1,12:43:35,1.440e-05
1884.3,12:43:36,1.440e-05
1885.4,12:43:37,1.440e-05
1886.6,12:43:39,1.440e-05
1887.7,12:43:40,1.440e-05
1888.9,12:43:41,1.440e-05
1890.0,12:43:42,1.430e-05
1891.2,12:43:43,1.430e-05
1892.3,12:43:44,1.430e-05
1893.5,12:43:46,1.430e-05
1894.6,12:43:47,1.430e-05
1895.8,12:43:48,1.430e-05
1896.9,12:43:49,1.430e-05
1898.1,12:43:50,1.430e-05
1899.2,12:43:51,1.430e-05
1900.4,12:43:52,1.430e-05
1901.6,12:43:54,1.430e-05
1902.7,12:43:55,1.430e-05
1903.9,12:43:56,1.420e-05
1905.0,12:43:57,1.420e-05
1906.2,12:43:58,1.420e-05
1907.3,12:43:59,1.420e-05
1908.5,12:44:01,1.420e-05
1909.7,12:44:02,1.420e-05
1910.8,12:44:03,1.420e-05
1912.0,12:44:04,1.420e-05
1913.1,12:44:05,1.420e-05
1914.3,12:44:06,1.420e-05
1915.4,12:44:07,1.420e-05
1916.6,12:44:09,1.410e-05
1917.8,12:44:10,1.410e-05
1918.9,12:44:11,1.410e-05
1920.1,12:44:12,1.410e-05
1921.2,12:44:13,1.410e-05
1922.4,12:44:14,1.410e-05
1923.5,12:44:16,1.410e-05
1924.7,12:44:17,1.410e-05
1925.8,12:44:18,1.410e-05
1927.0,12:44:19,1.400e-05
1928.1,12:44:20,1.400e-05
1929.3,12:44:21,1.400e-05
1930.5,12:44:23,1.400e-05
1931.6,12:44:24,1.400e-05
1932.8,12:44:25,1.400e-05
1933.9,12:44:26,1.400e-05
1935.1,12:44:27,1.400e-05
1936.3,12:44:28,1.400e-05
1937.4,12:44:29,1.400e-05
1938.6,12:44:31,1.400e-05
1939.7,12:44:32,1.390e-05
1940.9,12:44:33,1.390e-05
1942.1,12:44:34,1.390e-05
1943.2,12:44:35,1.390e-05
1944.4,12:44:36,1.390e-05
1945.5,12:44:38,1.390e-05
1946.7,12:44:39,1.390e-05
1947.8,12:44:40,1.390e-05
1949.0,12:44:41,1.390e-05
1950.2,12:44:42,1.390e-05
1951.3,12:44:43,1.390e-05
1952.5,12:44:45,1.390e-05
1953.6,12:44:46,1.380e-05
1954.8,12:44:47,1.380e-05
1955.9,12:44:48,1.380e-05
1957.1,12:44:49,1.380e-05
1958.3,12:44:50,1.380e-05
1959.4,12:44:51,1.380e-05
1960.6,12:44:53,1.380e-05
1961.7,12:44:54,1.380e-05
1962.9,12:44:55,1.380e-05
1964.0,12:44:56,1.380e-05
1965.2,12:44:57,1.380e-05
1966.3,12:44:58,1.370e-05
1967.5,12:45:00,1.370e-05
1968.7,12:45:01,1.370e-05
1969.8,12:45:02,1.370e-05
1971.0,12:45:03,1.370e-05
1972.1,12:45:04,1.370e-05
1973.3,12:45:05,1.370e-05
1974.4,12:45:06,1.370e-05
1975.6,12:45:08,1.370e-05
1976.7,12:45:09,1.370e-05
1977.9,12:45:10,1.370e-05
1979.0,12:45:11,1.370e-05
1980.2,12:45:12,1.370e-05
1981.4,12:45:13,1.370e-05
1982.5,12:45:15,1.370e-05
1983.7,12:45:16,1.360e-05
1984.8,12:45:17,1.360e-05
1986.0,12:45:18,1.360e-05
1987.1,12:45:19,1.360e-05
1988.3,12:45:20,1.360e-05
1989.4,12:45:21,1.360e-05
1990.6,12:45:23,1.360e-05
1991.7,12:45:24,1.360e-05
1992.9,12:45:25,1.360e-05
1994.1,12:45:26,1.360e-05
1995.2,12:45:27,1.360e-05
1996.4,12:45:28,1.360e-05
1997.5,12:45:30,1.350e-05
1998.7,12:45:31,1.350e-05
1999.8,12:45:32,1.350e-05
2001.0,12:45:33,1.350e-05
2002.1,12:45:34,1.350e-05
2003.3,12:45:35,1.350e-05
2004.5,12:45:37,1.350e-05
2005.6,12:45:38,1.350e-05
2006.8,12:45:39,1.350e-05
2007.9,12:45:40,1.350e-05
2009.1,12:45:41,1.350e-05
2010.2,12:45:42,1.340e-05
2011.4,12:45:43,1.340e-05
2012.6,12:45:45,1.340e-05
2013.7,12:45:46,1.340e-05
2014.9,12:45:47,1.340e-05
2016.0,12:45:48,1.340e-05
2017.2,12:45:49,1.340e-05
2018.3,12:45:50,1.340e-05
2019.5,12:45:52,1.340e-05
2020.6,12:45:53,1.340e-05
2021.8,12:45:54,1.340e-05
2022.9,12:45:55,1.330e-05
2024.1,12:45:56,1.330e-05
2025.2,12:45:57,1.330e-05
2026.4,12:45:58,1.330e-05
2027.5,12:46:00,1.330e-05
2028.7,12:46:01,1.330e-05
2029.9,12:46:02,1.330e-05
2031.0,12:46:03,1.330e-05
2032.2,12:46:04,1.330e-05
2033.3,12:46:05,1.330e-05
2034.5,12:46:07,1.320e-05
2035.7,12:46:08,1.320e-05
2036.8,12:46:09,1.320e-05
2038.0,12:46:10,1.320e-05
2039.1,12:46:11,1.320e-05
2040.3,12:46:12,1.320e-05
2041.4,12:46:13,1.320e-05
2042.6,12:46:15,1.320e-05
2043.7,12:46:16,1.320e-05
2044.9,12:46:17,1.320e-05
2046.0,12:46:18,1.320e-05
2047.2,12:46:19,1.320e-05
2048.4,12:46:20,1.320e-05
2049.5,12:46:22,1.320e-05
2050.7,12:46:23,1.320e-05
2051.8,12:46:24,1.320e-05
2053.0,12:46:25,1.320e-05
2054.1,12:46:26,1.320e-05
2055.3,12:46:27,1.310e-05
2056.4,12:46:28,1.310e-05
2057.6,12:46:30,1.310e-05
2058.7,12:46:31,1.310e-05
2059.9,12:46:32,1.310e-05
2061.0,12:46:33,1.310e-05
2062.2,12:46:34,1.310e-05
2063.4,12:46:35,1.310e-05
2064.5,12:46:37,1.310e-05
2065.7,12:46:38,1.310e-05
2066.8,12:46:39,1.310e-05
2068.0,12:46:40,1.310e-05
2069.1,12:46:41,1.310e-05
2070.3,12:46:42,1.310e-05
2071.5,12:46:44,1.310e-05
2072.6,12:46:45,1.310e-05
2073.8,12:46:46,1.310e-05
2074.9,12:46:47,1.300e-05
2076.1,12:46:48,1.300e-05
2077.2,12:46:49,1.300e-05
2078.4,12:46:50,1.300e-05
2079.5,12:46:52,1.310e-05
2080.7,12:46:53,1.310e-05
2081.8,12:46:54,1.310e-05
2083.0,12:46:55,1.310e-05
2084.1,12:46:56,1.310e-05
2085.3,12:46:57,1.310e-05
2086.4,12:46:58,1.310e-05
2087.6,12:47:00,1.310e-05
2088.7,12:47:01,1.310e-05
2089.9,12:47:02,1.310e-05
2091.1,12:47:03,1.310e-05
2092.2,12:47:04,1.310e-05
2093.3,12:47:05,1.310e-05
2094.5,12:47:07,1.310e-05
2095.7,12:47:08,1.310e-05
2096.8,12:47:09,1.310e-05
2098.0,12:47:10,1.310e-05
2099.1,12:47:11,1.310e-05
2100.3,12:47:12,1.310e-05
2101.4,12:47:13,1.320e-05
2102.6,12:47:15,1.320e-05
2103.8,12:47:16,1.310e-05
2104.9,12:47:17,1.310e-05
2106.1,12:47:18,1.310e-05
2107.2,12:47:19,1.310e-05
2108.4,12:47:20,1.310e-05
2109.5,12:47:22,1.310e-05
2110.7,12:47:23,1.310e-05
2111.8,12:47:24,1.310e-05
2113.0,12:47:25,1.310e-05
2114.1,12:47:26,1.310e-05
2115.3,12:47:27,1.300e-05
2116.4,12:47:28,1.300e-05
2117.6,12:47:30,1.300e-05
2118.8,12:47:31,1.300e-05
2119.9,12:47:32,1.300e-05
2121.1,12:47:33,1.300e-05
2122.2,12:47:34,1.300e-05
2123.4,12:47:35,1.300e-05
2124.5,12:47:37,1.300e-05
2125.7,12:47:38,1.300e-05
2126.8,12:47:39,1.300e-05
2128.0,12:47:40,1.300e-05
2129.2,12:47:41,1.290e-05
2130.3,12:47:42,1.290e-05
2131.5,12:47:44,1.290e-05
2132.6,12:47:45,1.290e-05
2133.8,12:47:46,1.290e-05
2135.0,12:47:47,1.290e-05
2136.1,12:47:48,1.290e-05
2137.3,12:47:49,1.290e-05
2138.4,12:47:50,1.290e-05
2139.6,12:47:52,1.290e-05
2140.7,12:47:53,1.290e-05
2141.9,12:47:54,1.290e-05
2143.0,12:47:55,1.290e-05
2144.2,12:47:56,1.290e-05
2145.3,12:47:57,1.290e-05
2146.5,12:47:59,1.290e-05
2147.6,12:48:00,1.280e-05
2148.8,12:48:01,1.280e-05
2149.9,12:48:02,1.280e-05
2151.1,12:48:03,1.280e-05
2152.2,12:48:04,1.280e-05
2153.4,12:48:05,1.280e-05
2154.5,12:48:07,1.280e-05
2155.7,12:48:08,1.280e-05
2156.8,12:48:09,1.280e-05
2158.0,12:48:10,1.280e-05
2159.1,12:48:11,1.280e-05
2160.3,12:48:12,1.280e-05
2161.4,12:48:13,1.280e-05
2162.6,12:48:15,1.280e-05
2163.7,12:48:16,1.280e-05
2164.9,12:48:17,1.270e-05
2166.0,12:48:18,1.270e-05
2167.2,12:48:19,1.270e-05
2168.3,12:48:20,1.270e-05
2169.5,12:48:22,1.270e-05
2170.6,12:48:23,1.270e-05
2171.8,12:48:24,1.270e-05
2172.9,12:48:25,1.270e-05
2174.0,12:48:26,1.270e-05
2175.2,12:48:27,1.270e-05
2176.3,12:48:28,1.270e-05
2177.5,12:48:30,1.260e-05
2178.6,12:48:31,1.260e-05
2179.8,12:48:32,1.260e-05
2180.9,12:48:33,1.260e-05
2182.1,12:48:34,1.260e-05
2183.2,12:48:35,1.260e-05
2184.4,12:48:36,1.260e-05
2185.5,12:48:38,1.260e-05
2186.7,12:48:39,1.260e-05
2187.8,12:48:40,1.260e-05
2189.0,12:48:41,1.260e-05
2190.1,12:48:42,1.260e-05
2191.2,12:48:43,1.260e-05
2192.4,12:48:44,1.260e-05
2193.6,12:48:46,1.260e-05
2194.7,12:48:47,1.260e-05
2195.8,12:48:48,1.260e-05
2197.0,12:48:49,1.260e-05
2198.1,12:48:50,1.260e-05
2199.3,12:48:51,1.250e-05
2200.5,12:48:53,1.250e-05
2201.6,12:48:54,1.250e-05
2202.8,12:48:55,1.250e-05
2203.9,12:48:56,1.250e-05
2205.1,12:48:57,1.250e-05
2206.2,12:48:58,1.250e-05
2207.4,12:48:59,1.250e-05
2208.5,12:49:01,1.250e-05
2209.7,12:49:02,1.250e-05
2210.8,12:49:03,1.250e-05
2211.9,12:49:04,1.250e-05
2213.1,12:49:05,1.250e-05
2214.2,12:49:06,1.250e-05
2215.4,12:49:07,1.250e-05
2216.5,12:49:09,1.250e-05
2217.7,12:49:10,1.250e-05
2218.8,12:49:11,1.250e-05
2220.0,12:49:12,1.250e-05
2221.1,12:49:13,1.250e-05
2222.3,12:49:14,1.240e-05
2223.4,12:49:15,1.240e-05
2224.6,12:49:17,1.240e-05
2225.7,12:49:18,1.240e-05
2226.9,12:49:19,1.240e-05
2228.0,12:49:20,1.240e-05
2229.2,12:49:21,1.240e-05
2230.3,12:49:22,1.240e-05
2231.5,12:49:24,1.240e-05
2232.6,12:49:25,1.240e-05
2233.8,12:49:26,1.240e-05
2235.0,12:49:27,1.240e-05
2236.1,12:49:28,1.240e-05
2237.2,12:49:29,1.240e-05
2238.4,12:49:30,1.240e-05
2239.5,12:49:32,1.240e-05
2240.7,12:49:33,1.230e-05
2241.8,12:49:34,1.230e-05
2243.0,12:49:35,1.230e-05
2244.1,12:49:36,1.230e-05
2245.3,12:49:37,1.230e-05
2246.4,12:49:38,1.230e-05
2247.6,12:49:40,1.230e-05
2248.7,12:49:41,1.230e-05
2249.9,12:49:42,1.230e-05
2251.0,12:49:43,1.230e-05
2252.2,12:49:44,1.230e-05
2253.4,12:49:45,1.230e-05
2254.5,12:49:47,1.230e-05
2255.7,12:49:48,1.230e-05
2256.8,12:49:49,1.230e-05
2258.0,12:49:50,1.230e-05
2259.1,12:49:51,1.230e-05
2260.2,12:49:52,1.220e-05
2261.4,12:49:53,1.220e-05
2262.5,12:49:55,1.220e-05
2263.7,12:49:56,1.220e-05
2264.8,12:49:57,1.220e-05
2266.0,12:49:58,1.220e-05
2267.1,12:49:59,1.220e-05
2268.3,12:50:00,1.220e-05
2269.4,12:50:01,1.220e-05
2270.6,12:50:03,1.220e-05
2271.7,12:50:04,1.220e-05
2272.9,12:50:05,1.220e-05
2274.0,12:50:06,1.220e-05
2275.2,12:50:07,1.220e-05
2276.3,12:50:08,1.220e-05
2277.5,12:50:10,1.220e-05
2278.6,12:50:11,1.220e-05
2279.8,12:50:12,1.220e-05
2280.9,12:50:13,1.220e-05
2282.1,12:50:14,1.210e-05
2283.2,12:50:15,1.210e-05
2284.4,12:50:16,1.210e-05
2285.5,12:50:18,1.210e-05
2286.7,12:50:19,1.210e-05
2287.8,12:50:20,1.220e-05
2289.0,12:50:21,1.220e-05
2290.1,12:50:22,1.210e-05
2291.3,12:50:23,1.210e-05
2292.4,12:50:24,1.210e-05
2293.6,12:50:26,1.210e-05
2294.7,12:50:27,1.210e-05
2295.9,12:50:28,1.210e-05
2297.0,12:50:29,1.210e-05
2298.2,12:50:30,1.210e-05
2299.3,12:50:31,1.210e-05
2300.5,12:50:33,1.210e-05
2301.6,12:50:34,1.210e-05
2302.8,12:50:35,1.210e-05
2303.9,12:50:36,1.210e-05
2305.0,12:50:37,1.210e-05
2306.2,12:50:38,1.210e-05
2307.3,12:50:39,1.210e-05
2308.5,12:50:41,1.210e-05
2309.6,12:50:42,1.210e-05
2310.8,12:50:43,1.210e-05
2312.0,12:50:44,1.210e-05
2313.1,12:50:45,1.210e-05
2314.3,12:50:46,1.200e-05
2315.4,12:50:47,1.200e-05
2316.6,12:50:49,1.200e-05
2317.7,12:50:50,1.200e-05
2318.9,12:50:51,1.200e-05
2320.0,12:50:52,1.200e-05
2321.2,12:50:53,1.200e-05
2322.3,12:50:54,1.200e-05
2323.5,12:50:55,1.200e-05
2324.6,12:50:57,1.200e-05
2325.7,12:50:58,1.200e-05
2326.9,12:50:59,1.200e-05
2328.0,12:51:00,1.200e-05
2329.2,12:51:01,1.200e-05
2330.3,12:51:02,1.200e-05
2331.5,12:51:04,1.200e-05
2332.6,12:51:05,1.200e-05
2333.8,12:51:06,1.200e-05
2334.9,12:51:07,1.190e-05
2336.1,12:51:08,1.190e-05
2337.2,12:51:09,1.190e-05
2338.4,12:51:10,1.190e-05
2339.5,12:51:12,1.190e-05
2340.7,12:51:13,1.190e-05
2341.9,12:51:14,1.190e-05
2343.0,12:51:15,1.190e-05
2344.1,12:51:16,1.190e-05
2345.3,12:51:17,1.190e-05
2346.4,12:51:18,1.190e-05
2347.6,12:51:20,1.190e-05
2348.7,12:51:21,1.190e-05
2349.9,12:51:22,1.190e-05
2351.0,12:51:23,1.190e-05
2352.2,12:51:24,1.190e-05
2353.3,12:51:25,1.190e-05
2354.5,12:51:27,1.190e-05
2355.6,12:51:28,1.180e-05
2356.8,12:51:29,1.180e-05
2357.9,12:51:30,1.180e-05
2359.1,12:51:31,1.180e-05
2360.2,12:51:32,1.180e-05
2361.4,12:51:33,1.180e-05
2362.5,12:51:35,1.180e-05
2363.7,12:51:36,1.180e-05
2364.8,12:51:37,1.180e-05
2366.0,12:51:38,1.180e-05
2367.1,12:51:39,1.180e-05
2368.3,12:51:40,1.180e-05
2369.4,12:51:41,1.180e-05
2370.5,12:51:43,1.180e-05
2371.7,12:51:44,1.180e-05
2372.8,12:51:45,1.180e-05
2374.0,12:51:46,1.180e-05
2375.1,12:51:47,1.180e-05
2376.3,12:51:48,1.170e-05
2377.4,12:51:49,1.170e-05
2378.6,12:51:51,1.170e-05
2379.7,12:51:52,1.170e-05
2380.9,12:51:53,1.170e-05
2382.0,12:51:54,1.170e-05
2383.2,12:51:55,1.170e-05
2384.3,12:51:56,1.170e-05
2385.5,12:51:58,1.170e-05
2386.6,12:51:59,1.170e-05
2387.8,12:52:00,1.170e-05
2388.9,12:52:01,1.170e-05
2390.1,12:52:02,1.170e-05
2391.2,12:52:03,1.160e-05
2392.4,12:52:04,1.160e-05
2393.5,12:52:06,1.160e-05
2394.7,12:52:07,1.160e-05
2395.8,12:52:08,1.160e-05
2397.0,12:52:09,1.160e-05
2398.1,12:52:10,1.160e-05
2399.3,12:52:11,1.160e-05
2400.4,12:52:12,1.160e-05
2401.6,12:52:14,1.160e-05
2402.8,12:52:15,1.160e-05
2403.9,12:52:16,1.150e-05
2405.1,12:52:17,1.160e-05
2406.2,12:52:18,1.150e-05
2407.3,12:52:19,1.150e-05
2408.5,12:52:21,1.150e-05
2409.6,12:52:22,1.150e-05
2410.8,12:52:23,1.150e-05
2412.0,12:52:24,1.150e-05
2413.1,12:52:25,1.150e-05
2414.3,12:52:26,1.150e-05
2415.4,12:52:27,1.150e-05
2416.6,12:52:29,1.150e-05
2417.7,12:52:30,1.150e-05
2418.9,12:52:31,1.150e-05
2420.0,12:52:32,1.150e-05
2421.2,12:52:33,1.150e-05
2422.3,12:52:34,1.150e-05
2423.5,12:52:36,1.140e-05
2424.6,12:52:37,1.140e-05
2425.8,12:52:38,1.140e-05
2426.9,12:52:39,1.140e-05
2428.1,12:52:40,1.140e-05
2429.2,12:52:41,1.140e-05
2430.4,12:52:42,1.140e-05
2431.6,12:52:44,1.140e-05
2432.7,12:52:45,1.140e-05
2433.9,12:52:46,1.140e-05
2435.0,12:52:47,1.140e-05
2436.1,12:52:48,1.140e-05
2437.3,12:52:49,1.140e-05
2438.5,12:52:51,1.140e-05
2439.6,12:52:52,1.140e-05
2440.8,12:52:53,1.140e-05
2441.9,12:52:54,1.140e-05
2443.1,12:52:55,1.140e-05
2444.2,12:52:56,1.130e-05
2445.4,12:52:57,1.130e-05
2446.5,12:52:59,1.130e-05
2447.7,12:53:00,1.130e-05
2448.8,12:53:01,1.130e-05
2450.0,12:53:02,1.130e-05
2451.1,12:53:03,1.130e-05
2452.3,12:53:04,1.130e-05
2453.4,12:53:05,1.130e-05
2454.6,12:53:07,1.130e-05
2455.7,12:53:08,1.130e-05
2456.9,12:53:09,1.130e-05
2458.0,12:53:10,1.130e-05
2459.2,12:53:11,1.130e-05
2460.3,12:53:12,1.130e-05
2461.5,12:53:14,1.130e-05
2462.6,12:53:15,1.120e-05
2463.8,12:53:16,1.120e-05
2464.9,12:53:17,1.120e-05
2466.1,12:53:18,1.120e-05
2467.2,12:53:19,1.120e-05
2468.4,12:53:20,1.120e-05
2469.5,12:53:22,1.120e-05
2470.6,12:53:23,1.120e-05
2471.8,12:53:24,1.120e-05
2473.0,12:53:25,1.120e-05
2474.1,12:53:26,1.120e-05
2475.3,12:53:27,1.120e-05
2476.4,12:53:28,1.120e-05
2477.5,12:53:30,1.110e-05
2478.7,12:53:31,1.110e-05
2479.8,12:53:32,1.110e-05
2481.0,12:53:33,1.110e-05
2482.1,12:53:34,1.110e-05
2483.3,12:53:35,1.110e-05
2484.4,12:53:36,1.110e-05
2485.6,12:53:38,1.110e-05
2486.7,12:53:39,1.110e-05
2487.9,12:53:40,1.110e-05
2489.0,12:53:41,1.110e-05
2490.2,12:53:42,1.110e-05
2491.3,12:53:43,1.110e-05
2492.5,12:53:45,1.110e-05
2493.6,12:53:46,1.110e-05
2494.8,12:53:47,1.110e-05
2495.9,12:53:48,1.110e-05
2497.1,12:53:49,1.110e-05
2498.2,12:53:50,1.110e-05
2499.4,12:53:51,1.100e-05
2500.5,12:53:53,1.100e-05
2501.7,12:53:54,1.100e-05
2502.9,12:53:55,1.100e-05
2504.0,12:53:56,1.100e-05
2505.1,12:53:57,1.100e-05
2506.3,12:53:58,1.100e-05
2507.5,12:54:00,1.100e-05
2508.6,12:54:01,1.100e-05
2509.8,12:54:02,1.100e-05
2510.9,12:54:03,1.100e-05
2512.1,12:54:04,1.100e-05
2513.2,12:54:05,1.100e-05
2514.4,12:54:06,1.100e-05
2515.5,12:54:08,1.100e-05
2516.7,12:54:09,1.100e-05
2517.8,12:54:10,1.100e-05
2519.0,12:54:11,1.100e-05
2520.1,12:54:12,1.100e-05
2521.3,12:54:13,1.090e-05
2522.4,12:54:14,1.090e-05
2523.6,12:54:16,1.090e-05
2524.7,12:54:17,1.090e-05
2525.9,12:54:18,1.090e-05
2527.0,12:54:19,1.090e-05
2528.2,12:54:20,1.090e-05
2529.3,12:54:21,1.090e-05
2530.5,12:54:23,1.090e-05
2531.6,12:54:24,1.090e-05
2532.8,12:54:25,1.090e-05
2533.9,12:54:26,1.090e-05
2535.1,12:54:27,1.090e-05
2536.2,12:54:28,1.090e-05
2537.4,12:54:29,1.090e-05
2538.5,12:54:31,1.090e-05
2539.6,12:54:32,1.090e-05
2540.8,12:54:33,1.080e-05
2541.9,12:54:34,1.080e-05
2543.1,12:54:35,1.080e-05
2544.2,12:54:36,1.080e-05
2545.4,12:54:37,1.080e-05
2546.5,12:54:39,1.080e-05
2547.7,12:54:40,1.080e-05
2548.8,12:54:41,1.080e-05
2550.0,12:54:42,1.080e-05
2551.1,12:54:43,1.080e-05
2552.3,12:54:44,1.080e-05
2553.4,12:54:45,1.080e-05
2554.6,12:54:47,1.080e-05
2555.7,12:54:48,1.070e-05
2556.9,12:54:49,1.070e-05
2558.0,12:54:50,1.070e-05
2559.2,12:54:51,1.070e-05
2560.3,12:54:52,1.070e-05
2561.5,12:54:54,1.070e-05
2562.6,12:54:55,1.070e-05
2563.8,12:54:56,1.070e-05
2564.9,12:54:57,1.070e-05
2566.1,12:54:58,1.070e-05
2567.2,12:54:59,1.070e-05
2568.4,12:55:00,1.070e-05
2569.5,12:55:02,1.070e-05
2570.7,12:55:03,1.070e-05
2571.8,12:55:04,1.060e-05
2573.0,12:55:05,1.060e-05
2574.2,12:55:06,1.060e-05
2575.3,12:55:07,1.060e-05
2576.4,12:55:08,1.060e-05
2577.6,12:55:10,1.060e-05
2578.7,12:55:11,1.060e-05
2579.9,12:55:12,1.060e-05
2581.0,12:55:13,1.060e-05
2582.2,12:55:14,1.060e-05
2583.3,12:55:15,1.060e-05
2584.5,12:55:17,1.060e-05
2585.7,12:55:18,1.050e-05
2586.8,12:55:19,1.050e-05
2587.9,12:55:20,1.050e-05
2589.1,12:55:21,1.050e-05
2590.2,12:55:22,1.050e-05
2591.4,12:55:23,1.050e-05
2592.5,12:55:25,1.050e-05
2593.7,12:55:26,1.050e-05
2594.8,12:55:27,1.050e-05
2596.0,12:55:28,1.050e-05
2597.2,12:55:29,1.050e-05
2598.3,12:55:30,1.050e-05
2599.5,12:55:32,1.050e-05
2600.6,12:55:33,1.050e-05
2601.8,12:55:34,1.050e-05
2602.9,12:55:35,1.040e-05
2604.1,12:55:36,1.040e-05
2605.2,12:55:37,1.040e-05
2606.4,12:55:38,1.040e-05
2607.5,12:55:40,1.040e-05
2608.7,12:55:41,1.040e-05
2609.8,12:55:42,1.040e-05
2610.9,12:55:43,1.040e-05
2612.1,12:55:44,1.040e-05
2613.2,12:55:45,1.040e-05
2614.4,12:55:46,1.040e-05
2615.5,12:55:48,1.040e-05
2616.7,12:55:49,1.040e-05
2617.8,12:55:50,1.040e-05
2619.0,12:55:51,1.040e-05
2620.1,12:55:52,1.040e-05
2621.3,12:55:53,1.040e-05
2622.4,12:55:54,1.040e-05
2623.6,12:55:56,1.040e-05
2624.7,12:55:57,1.040e-05
2625.9,12:55:58,1.030e-05
2627.0,12:55:59,1.030e-05
2628.2,12:56:00,1.030e-05
2629.3,12:56:01,1.030e-05
2630.5,12:56:03,1.030e-05
2631.6,12:56:04,1.030e-05
2632.8,12:56:05,1.030e-05
2634.0,12:56:06,1.030e-05
2635.1,12:56:07,1.030e-05
2636.3,12:56:08,1.030e-05
2637.4,12:56:09,1.030e-05
2638.5,12:56:11,1.030e-05
2639.7,12:56:12,1.030e-05
2640.8,12:56:13,1.030e-05
2642.0,12:56:14,1.020e-05
2643.1,12:56:15,1.020e-05
2644.3,12:56:16,1.020e-05
2645.4,12:56:17,1.020e-05
2646.6,12:56:19,1.020e-05
2647.7,12:56:20,1.020e-05
2648.9,12:56:21,1.020e-05
2650.0,12:56:22,1.020e-05
2651.2,12:56:23,1.020e-05
2652.3,12:56:24,1.020e-05
2653.5,12:56:26,1.020e-05
2654.6,12:56:27,1.020e-05
2655.8,12:56:28,1.020e-05
2657.0,12:56:29,1.020e-05
2658.1,12:56:30,1.010e-05
2659.3,12:56:31,1.010e-05
2660.4,12:56:32,1.010e-05
2661.6,12:56:34,1.010e-05
2662.7,12:56:35,1.010e-05
2663.9,12:56:36,1.010e-05
2665.0,12:56:37,1.010e-05
2666.2,12:56:38,1.010e-05
2667.4,12:56:39,1.010e-05
2668.5,12:56:41,1.010e-05
2669.7,12:56:42,1.010e-05
2670.8,12:56:43,1.010e-05
2672.0,12:56:44,1.010e-05
2673.1,12:56:45,1.010e-05
2674.3,12:56:46,1.010e-05
2675.4,12:56:47,1.010e-05
2676.5,12:56:49,1.010e-05
2677.7,12:56:50,1.000e-05
2678.8,12:56:51,1.000e-05
2680.0,12:56:52,1.000e-05
2681.1,12:56:53,1.000e-05
2682.3,12:56:54,1.000e-05
2683.4,12:56:55,1.000e-05
2684.6,12:56:57,1.000e-05
2685.7,12:56:58,1.000e-05
2686.9,12:56:59,1.000e-05
2688.1,12:57:00,1.000e-05
2689.2,12:57:01,1.000e-05
2690.4,12:57:02,1.000e-05
2691.5,12:57:04,1.000e-05
2692.7,12:57:05,1.000e-05
2693.8,12:57:06,1.000e-05
2695.0,12:57:07,1.000e-05
2696.1,12:57:08,1.000e-05
2697.3,12:57:09,9.990e-06
2698.4,12:57:10,9.990e-06
2699.6,12:57:12,9.990e-06
2700.7,12:57:13,9.990e-06
2701.9,12:57:14,9.980e-06
2703.0,12:57:15,9.980e-06
2704.2,12:57:16,9.980e-06
2705.3,12:57:17,9.970e-06
2706.5,12:57:19,9.960e-06
2707.6,12:57:20,9.960e-06
2708.8,12:57:21,9.950e-06
2709.9,12:57:22,9.950e-06
2711.1,12:57:23,9.940e-06
2712.2,12:57:24,9.940e-06
2713.4,12:57:25,9.940e-06
2714.5,12:57:27,9.940e-06
2715.7,12:57:28,9.920e-06
2716.8,12:57:29,9.920e-06
2718.0,12:57:30,9.910e-06
2719.1,12:57:31,9.910e-06
2720.3,12:57:32,9.910e-06
2721.4,12:57:33,9.910e-06
2722.6,12:57:35,9.910e-06
2723.7,12:57:36,9.900e-06
2724.9,12:57:37,9.900e-06
2726.1,12:57:38,9.900e-06
2727.2,12:57:39,9.890e-06
2728.4,12:57:40,9.890e-06
2729.5,12:57:42,9.890e-06
2730.7,12:57:43,9.890e-06
2731.8,12:57:44,9.880e-06
2733.0,12:57:45,9.880e-06
2734.1,12:57:46,9.870e-06
2735.3,12:57:47,9.870e-06
2736.4,12:57:48,9.870e-06
2737.5,12:57:50,9.870e-06
2738.7,12:57:51,9.870e-06
2739.8,12:57:52,9.860e-06
2741.0,12:57:53,9.860e-06
2742.1,12:57:54,9.850e-06
2743.3,12:57:55,9.850e-06
2744.4,12:57:56,9.850e-06
2745.6,12:57:58,9.830e-06
2746.7,12:57:59,9.830e-06
2747.9,12:58:00,9.830e-06
2749.1,12:58:01,9.830e-06
2750.2,12:58:02,9.820e-06
2751.3,12:58:03,9.820e-06
2752.5,12:58:05,9.820e-06
2753.6,12:58:06,9.810e-06
2754.8,12:58:07,9.810e-06
2756.0,12:58:08,9.810e-06
2757.1,12:58:09,9.810e-06
2758.3,12:58:10,9.800e-06
2759.4,12:58:11,9.800e-06
2760.6,12:58:13,9.800e-06
2761.7,12:58:14,9.800e-06
2762.9,12:58:15,9.790e-06
2764.0,12:58:16,9.790e-06
2765.2,12:58:17,9.790e-06
2766.3,12:58:18,9.790e-06
2767.4,12:58:19,9.780e-06
2768.6,12:58:21,9.780e-06
2769.8,12:58:22,9.780e-06
2770.9,12:58:23,9.770e-06
2772.1,12:58:24,9.770e-06
2773.2,12:58:25,9.770e-06
2774.4,12:58:26,9.750e-06
2775.5,12:58:28,9.750e-06
2776.7,12:58:29,9.750e-06
2777.9,12:58:30,9.750e-06
2779.0,12:58:31,9.740e-06
2780.2,12:58:32,9.740e-06
2781.3,12:58:33,9.740e-06
2782.5,12:58:35,9.730e-06
2783.6,12:58:36,9.730e-06
2784.8,12:58:37,9.730e-06
2785.9,12:58:38,9.730e-06
2787.1,12:58:39,9.720e-06
2788.2,12:58:40,9.720e-06
2789.4,12:58:41,9.720e-06
2790.5,12:58:43,9.720e-06
2791.7,12:58:44,9.710e-06
2792.8,12:58:45,9.710e-06
2794.0,12:58:46,9.700e-06
2795.1,12:58:47,9.690e-06
2796.3,12:58:48,9.690e-06
2797.4,12:58:49,9.690e-06
2798.6,12:58:51,9.690e-06
2799.7,12:58:52,9.680e-06
2800.9,12:58:53,9.680e-06
2802.0,12:58:54,9.680e-06
2803.2,12:58:55,9.660e-06
2804.3,12:58:56,9.660e-06
2805.5,12:58:58,9.660e-06
2806.6,12:58:59,9.650e-06
2807.8,12:59:00,9.650e-06
2808.9,12:59:01,9.650e-06
2810.1,12:59:02,9.650e-06
2811.2,12:59:03,9.640e-06
2812.4,12:59:04,9.640e-06
2813.5,12:59:06,9.640e-06
2814.7,12:59:07,9.640e-06
2815.8,12:59:08,9.630e-06
2817.0,12:59:09,9.630e-06
2818.1,12:59:10,9.630e-06
2819.3,12:59:11,9.620e-06
2820.4,12:59:12,9.620e-06
2821.6,12:59:14,9.620e-06
2822.7,12:59:15,9.620e-06
2823.9,12:59:16,9.610e-06
2825.0,12:59:17,9.610e-06
2826.2,12:59:18,9.610e-06
2827.3,12:59:19,9.610e-06
2828.5,12:59:21,9.610e-06
2829.6,12:59:22,9.600e-06
2830.8,12:59:23,9.600e-06
2831.9,12:59:24,9.590e-06
2833.1,12:59:25,9.590e-06
2834.2,12:59:26,9.590e-06
2835.4,12:59:27,9.590e-06
2836.5,12:59:29,9.570e-06
2837.7,12:59:30,9.570e-06
2838.8,12:59:31,9.570e-06
2840.0,12:59:32,9.570e-06
2841.1,12:59:33,9.560e-06
2842.3,12:59:34,9.560e-06
2843.4,12:59:35,9.560e-06
2844.6,12:59:37,9.560e-06
2845.7,12:59:38,9.550e-06
2846.9,12:59:39,9.550e-06
2848.0,12:59:40,9.550e-06
2849.1,12:59:41,9.540e-06
2850.3,12:59:42,9.540e-06
2851.4,12:59:43,9.540e-06
2852.6,12:59:45,9.540e-06
2853.8,12:59:46,9.530e-06
2854.9,12:59:47,9.530e-06
2856.0,12:59:48,9.530e-06
2857.2,12:59:49,9.530e-06
2858.3,12:59:50,9.530e-06
2859.5,12:59:52,9.520e-06
2860.6,12:59:53,9.520e-06
2861.8,12:59:54,9.520e-06
2863.0,12:59:55,9.510e-06
2864.1,12:59:56,9.510e-06
2865.3,12:59:57,9.510e-06
2866.4,12:59:58,9.510e-06
2867.6,13:00:00,9.510e-06
2868.7,13:00:01,9.500e-06
2869.9,13:00:02,9.500e-06
2871.0,13:00:03,9.500e-06
2872.2,13:00:04,9.480e-06
2873.4,13:00:05,9.480e-06
2874.5,13:00:07,9.480e-06
2875.7,13:00:08,9.470e-06
2876.8,13:00:09,9.470e-06
2878.0,13:00:10,9.470e-06
2879.1,13:00:11,9.470e-06
2880.3,13:00:12,9.460e-06
2881.4,13:00:13,9.450e-06
2882.6,13:00:15,9.450e-06
2883.7,13:00:16,9.440e-06
2884.9,13:00:17,9.440e-06
2886.0,13:00:18,9.440e-06
2887.2,13:00:19,9.430e-06
2888.3,13:00:20,9.430e-06
2889.5,13:00:22,9.430e-06
2890.7,13:00:23,9.430e-06
2891.8,13:00:24,9.430e-06
2893.0,13:00:25,9.420e-06
2894.1,13:00:26,9.420e-06
2895.3,13:00:27,9.410e-06
2896.4,13:00:28,9.410e-06
2897.6,13:00:30,9.410e-06
2898.7,13:00:31,9.410e-06
2899.9,13:00:32,9.390e-06
2901.0,13:00:33,9.390e-06
2902.2,13:00:34,9.390e-06
2903.3,13:00:35,9.390e-06
2904.5,13:00:37,9.390e-06
2905.6,13:00:38,9.430e-06
2906.8,13:00:39,9.430e-06
2907.9,13:00:40,9.420e-06
2909.1,13:00:41,9.420e-06
2910.2,13:00:42,9.410e-06
2911.4,13:00:43,9.410e-06
2912.5,13:00:45,9.420e-06
2913.7,13:00:46,9.410e-06
2914.8,13:00:47,9.410e-06
2916.0,13:00:48,9.410e-06
2917.1,13:00:49,9.410e-06
2918.3,13:00:50,9.410e-06
2919.5,13:00:52,9.410e-06
2920.6,13:00:53,9.410e-06
2921.8,13:00:54,9.390e-06
2922.9,13:00:55,9.390e-06
2924.1,13:00:56,9.390e-06
2925.2,13:00:57,9.390e-06
2926.4,13:00:58,9.390e-06
2927.5,13:01:00,9.390e-06
2928.7,13:01:01,9.390e-06
2929.8,13:01:02,9.390e-06
2931.0,13:01:03,9.380e-06
2932.1,13:01:04,9.380e-06
2933.3,13:01:05,9.380e-06
2934.4,13:01:06,9.380e-06
2935.6,13:01:08,9.370e-06
2936.7,13:01:09,9.370e-06
2937.9,13:01:10,9.370e-06
2939.1,13:01:11,9.370e-06
2940.2,13:01:12,9.370e-06
2941.4,13:01:13,9.360e-06
2942.5,13:01:15,9.360e-06
2943.7,13:01:16,9.360e-06
2944.8,13:01:17,9.360e-06
2946.0,13:01:18,9.370e-06
2947.1,13:01:19,9.410e-06
2948.3,13:01:20,9.510e-06
2949.4,13:01:21,9.610e-06
2950.6,13:01:23,9.630e-06
2951.7,13:01:24,9.610e-06
2952.9,13:01:25,9.590e-06
2954.1,13:01:26,9.560e-06
2955.2,13:01:27,9.550e-06
2956.4,13:01:28,9.530e-06
2957.5,13:01:30,9.520e-06
2958.7,13:01:31,9.510e-06
2959.8,13:01:32,9.500e-06
2961.0,13:01:33,9.480e-06
2962.1,13:01:34,9.480e-06
2963.3,13:01:35,9.480e-06
2964.4,13:01:36,9.470e-06
2965.6,13:01:38,9.470e-06
2966.7,13:01:39,9.470e-06
2967.9,13:01:40,9.470e-06
2969.0,13:01:41,9.470e-06
2970.2,13:01:42,9.460e-06
2971.4,13:01:43,9.470e-06
2972.5,13:01:45,9.470e-06
2973.7,13:01:46,9.460e-06
2974.8,13:01:47,9.460e-06
2976.0,13:01:48,9.470e-06
2977.1,13:01:49,9.470e-06
2978.3,13:01:50,9.470e-06
2979.4,13:01:51,9.470e-06
2980.6,13:01:53,9.470e-06
2981.7,13:01:54,9.470e-06
2982.9,13:01:55,9.470e-06
2984.0,13:01:56,9.470e-06
2985.2,13:01:57,9.480e-06
2986.3,13:01:58,9.480e-06
2987.5,13:02:00,9.500e-06
2988.6,13:02:01,9.500e-06
2989.8,13:02:02,9.500e-06
2991.0,13:02:03,9.500e-06
2992.1,13:02:04,9.500e-06
2993.3,13:02:05,9.510e-06
2994.4,13:02:06,9.510e-06
2995.6,13:02:08,9.510e-06
2996.8,13:02:09,9.510e-06
2997.9,13:02:10,9.520e-06
2999.1,13:02:11,9.520e-06
3000.2,13:02:12,9.510e-06
3001.4,13:02:13,9.520e-06
3002.5,13:02:15,9.530e-06
3003.7,13:02:16,9.530e-06
3004.8,13:02:17,9.530e-06
3006.0,13:02:18,9.530e-06
3007.1,13:02:19,9.530e-06
3008.3,13:02:20,9.530e-06
3009.5,13:02:22,9.540e-06
3010.6,13:02:23,9.540e-06
3011.8,13:02:24,9.540e-06
3012.9,13:02:25,9.540e-06
3014.1,13:02:26,9.550e-06
3015.2,13:02:27,9.540e-06
3016.4,13:02:28,9.530e-06
3017.5,13:02:30,9.540e-06
3018.7,13:02:31,9.540e-06
3019.8,13:02:32,9.540e-06
3021.0,13:02:33,9.540e-06
3022.2,13:02:34,9.550e-06
3023.3,13:02:35,9.540e-06
3024.5,13:02:37,9.530e-06
3025.6,13:02:38,9.540e-06
3026.8,13:02:39,9.530e-06
3027.9,13:02:40,9.530e-06
3029.1,13:02:41,9.540e-06
3030.2,13:02:42,9.530e-06
3031.4,13:02:43,9.540e-06
3032.5,13:02:45,9.540e-06
3033.7,13:02:46,9.540e-06
3034.8,13:02:47,9.550e-06
3036.0,13:02:48,9.550e-06
3037.1,13:02:49,9.550e-06
3038.3,13:02:50,9.550e-06
3039.4,13:02:51,9.550e-06
3040.6,13:02:53,9.550e-06
3041.8,13:02:54,9.560e-06
3042.9,13:02:55,9.560e-06
3044.1,13:02:56,9.560e-06
3045.2,13:02:57,9.560e-06
3046.4,13:02:58,9.560e-06
3047.5,13:03:00,9.560e-06
3048.7,13:03:01,9.570e-06
3049.8,13:03:02,9.570e-06
3051.0,13:03:03,9.570e-06
3052.1,13:03:04,9.570e-06
3053.3,13:03:05,9.590e-06
3054.4,13:03:06,9.590e-06
3055.6,13:03:08,9.590e-06
3056.8,13:03:09,9.590e-06
3057.9,13:03:10,9.600e-06
3059.1,13:03:11,9.600e-06
3060.2,13:03:12,9.590e-06
3061.4,13:03:13,9.600e-06
3062.5,13:03:15,9.600e-06
3063.7,13:03:16,9.600e-06
3064.8,13:03:17,9.600e-06
3066.0,13:03:18,9.600e-06
3067.1,13:03:19,9.590e-06
3068.3,13:03:20,9.590e-06
3069.5,13:03:21,9.590e-06
3070.6,13:03:23,9.590e-06
3071.8,13:03:24,9.590e-06
3072.9,13:03:25,9.600e-06
3074.1,13:03:26,9.600e-06
3075.2,13:03:27,9.600e-06
3076.4,13:03:28,9.600e-06
3077.5,13:03:30,9.600e-06
3078.7,13:03:31,9.600e-06
3079.8,13:03:32,9.600e-06
3081.0,13:03:33,9.600e-06
3082.2,13:03:34,9.590e-06
3083.3,13:03:35,9.600e-06
3084.5,13:03:37,9.600e-06
3085.6,13:03:38,9.600e-06
3086.8,13:03:39,9.610e-06
3087.9,13:03:40,9.600e-06
3089.1,13:03:41,9.610e-06
3090.3,13:03:42,9.610e-06
3091.4,13:03:43,9.610e-06
3092.6,13:03:45,9.610e-06
3093.7,13:03:46,9.610e-06
3094.9,13:03:47,9.610e-06
3096.0,13:03:48,9.610e-06
3097.2,13:03:49,9.610e-06
3098.3,13:03:50,9.610e-06
3099.5,13:03:52,9.610e-06
3100.6,13:03:53,9.610e-06
3101.8,13:03:54,9.610e-06
3102.9,13:03:55,9.610e-06
3104.1,13:03:56,9.610e-06
3105.2,13:03:57,9.610e-06
3106.4,13:03:58,9.610e-06
3107.5,13:04:00,9.600e-06
3108.7,13:04:01,9.610e-06
3109.8,13:04:02,9.600e-06
3111.0,13:04:03,9.600e-06
3112.1,13:04:04,9.600e-06
3113.3,13:04:05,9.600e-06
3114.4,13:04:06,9.600e-06
3115.6,13:04:08,9.590e-06
3116.8,13:04:09,9.590e-06
3117.9,13:04:10,9.590e-06
3119.1,13:04:11,9.590e-06
3120.2,13:04:12,9.600e-06
3121.4,13:04:13,9.600e-06
3122.5,13:04:15,9.600e-06
3123.7,13:04:16,9.600e-06
3124.8,13:04:17,9.610e-06
3126.0,13:04:18,9.610e-06
3127.1,13:04:19,9.600e-06
3128.3,13:04:20,9.600e-06
3129.5,13:04:21,9.610e-06
3130.6,13:04:23,9.610e-06
3131.8,13:04:24,9.600e-06
3132.9,13:04:25,9.600e-06
3134.1,13:04:26,9.600e-06
3135.2,13:04:27,9.600e-06
3136.4,13:04:28,9.610e-06
3137.5,13:04:30,9.610e-06
3138.7,13:04:31,9.610e-06
3139.8,13:04:32,9.610e-06
3141.0,13:04:33,9.600e-06
3142.1,13:04:34,9.610e-06
3143.3,13:04:35,9.600e-06
3144.5,13:04:37,9.600e-06
3145.6,13:04:38,9.600e-06
3146.8,13:04:39,9.600e-06
3147.9,13:04:40,9.600e-06
3149.1,13:04:41,9.600e-06
3150.2,13:04:42,9.600e-06
3151.4,13:04:43,9.600e-06
3152.5,13:04:45,9.600e-06
3153.7,13:04:46,9.600e-06
3154.8,13:04:47,9.600e-06
3156.0,13:04:48,9.600e-06
3157.1,13:04:49,9.600e-06
3158.3,13:04:50,9.590e-06
3159.4,13:04:51,9.590e-06
3160.6,13:04:53,9.590e-06
3161.7,13:04:54,9.570e-06
3162.9,13:04:55,9.560e-06
3164.0,13:04:56,9.550e-06
3165.2,13:04:57,9.550e-06
3166.4,13:04:58,9.550e-06
3167.5,13:05:00,9.550e-06
3168.7,13:05:01,9.550e-06
3169.8,13:05:02,9.550e-06
3171.0,13:05:03,9.540e-06
3172.1,13:05:04,9.540e-06
3173.3,13:05:05,9.540e-06
3174.4,13:05:06,9.540e-06
3175.6,13:05:08,9.530e-06
3176.7,13:05:09,9.530e-06
3177.9,13:05:10,9.530e-06
3179.0,13:05:11,9.520e-06
3180.2,13:05:12,9.520e-06
3181.3,13:05:13,9.520e-06
3182.5,13:05:15,9.520e-06
3183.6,13:05:16,9.520e-06
3184.8,13:05:17,9.510e-06
3185.9,13:05:18,9.510e-06
3187.1,13:05:19,9.510e-06
3188.2,13:05:20,9.510e-06
3189.4,13:05:21,9.510e-06
3190.5,13:05:23,9.520e-06
3191.7,13:05:24,9.520e-06
3192.8,13:05:25,9.520e-06
3194.0,13:05:26,9.520e-06
3195.1,13:05:27,9.520e-06
3196.3,13:05:28,9.520e-06
3197.5,13:05:29,9.520e-06
3198.6,13:05:31,9.530e-06
3199.7,13:05:32,9.530e-06
3200.9,13:05:33,9.520e-06
3202.1,13:05:34,9.520e-06
3203.2,13:05:35,9.520e-06
3204.4,13:05:36,9.520e-06
3205.5,13:05:38,9.520e-06
3206.7,13:05:39,9.530e-06
3207.8,13:05:40,9.520e-06
3209.0,13:05:41,9.520e-06
3210.1,13:05:42,9.520e-06
3211.3,13:05:43,9.520e-06
3212.4,13:05:44,9.520e-06
3213.6,13:05:46,9.520e-06
3214.7,13:05:47,9.520e-06
3215.9,13:05:48,9.520e-06
3217.1,13:05:49,9.520e-06
3218.2,13:05:50,9.520e-06
3219.4,13:05:51,9.510e-06
3220.5,13:05:53,9.510e-06
3221.7,13:05:54,9.510e-06
3222.8,13:05:55,9.510e-06
3224.0,13:05:56,9.510e-06
3225.1,13:05:57,9.510e-06
3226.3,13:05:58,9.510e-06
3227.4,13:05:59,9.510e-06
3228.6,13:06:01,9.500e-06
3229.7,13:06:02,9.500e-06
3230.9,13:06:03,9.500e-06
3232.0,13:06:04,9.500e-06
3233.2,13:06:05,9.500e-06
3234.3,13:06:06,9.480e-06
3235.5,13:06:08,9.500e-06
3236.6,13:06:09,9.500e-06
3237.8,13:06:10,9.500e-06
3239.0,13:06:11,9.480e-06
3240.1,13:06:12,9.500e-06
3241.3,13:06:13,9.480e-06
3242.4,13:06:14,9.470e-06
3243.6,13:06:16,9.470e-06
3244.7,13:06:17,9.470e-06
3245.9,13:06:18,9.470e-06
3247.0,13:06:19,9.470e-06
3248.2,13:06:20,9.470e-06
3249.3,13:06:21,9.470e-06
3250.5,13:06:23,9.470e-06
3251.6,13:06:24,9.470e-06
3252.8,13:06:25,9.460e-06
3254.0,13:06:26,9.470e-06
3255.1,13:06:27,9.460e-06
3256.3,13:06:28,9.460e-06
3257.4,13:06:29,9.460e-06
3258.6,13:06:31,9.450e-06
3259.7,13:06:32,9.450e-06
3260.9,13:06:33,9.440e-06
3262.0,13:06:34,9.440e-06
3263.2,13:06:35,9.440e-06
3264.3,13:06:36,9.440e-06
3265.5,13:06:38,9.440e-06
3266.7,13:06:39,9.440e-06
3267.8,13:06:40,9.430e-06
3269.0,13:06:41,9.440e-06
3270.1,13:06:42,9.430e-06
3271.3,13:06:43,9.430e-06
3272.4,13:06:44,9.430e-06
3273.6,13:06:46,9.430e-06
3274.7,13:06:47,9.430e-06
3275.9,13:06:48,9.420e-06
3277.0,13:06:49,9.420e-06
3278.2,13:06:50,9.410e-06
3279.4,13:06:51,9.420e-06
3280.5,13:06:53,9.410e-06
3281.7,13:06:54,9.420e-06
3282.8,13:06:55,9.420e-06
3284.0,13:06:56,9.410e-06
3285.1,13:06:57,9.410e-06
3286.3,13:06:58,9.410e-06
3287.4,13:06:59,9.390e-06
3288.6,13:07:01,9.380e-06
3289.7,13:07:02,9.390e-06
3290.9,13:07:03,9.390e-06
3292.1,13:07:04,9.390e-06
3293.2,13:07:05,9.390e-06
3294.4,13:07:06,9.380e-06
3295.5,13:07:08,9.380e-06
3296.7,13:07:09,9.380e-06
3297.8,13:07:10,9.370e-06
3299.0,13:07:11,9.360e-06
3300.1,13:07:12,9.360e-06
3301.3,13:07:13,9.370e-06
3302.5,13:07:14,9.360e-06
3303.6,13:07:16,9.360e-06
3304.8,13:07:17,9.360e-06
3305.9,13:07:18,9.360e-06
3307.1,13:07:19,9.360e-06
3308.2,13:07:20,9.350e-06
3309.4,13:07:21,9.350e-06
3310.5,13:07:23,9.350e-06
3311.7,13:07:24,9.350e-06
3312.9,13:07:25,9.350e-06
3314.0,13:07:26,9.350e-06
3315.2,13:07:27,9.340e-06
3316.3,13:07:28,9.340e-06
3317.5,13:07:30,9.340e-06
3318.6,13:07:31,9.330e-06
3319.8,13:07:32,9.330e-06
3320.9,13:07:33,9.320e-06
3322.1,13:07:34,9.330e-06
3323.2,13:07:35,9.320e-06
3324.4,13:07:36,9.320e-06
3325.5,13:07:38,9.320e-06
3326.7,13:07:39,9.320e-06
3327.8,13:07:40,9.320e-06
3329.0,13:07:41,9.300e-06
3330.1,13:07:42,9.300e-06
3331.3,13:07:43,9.300e-06
3332.4,13:07:44,9.300e-06
3333.6,13:07:46,9.290e-06
3334.7,13:07:47,9.290e-06
3335.9,13:07:48,9.290e-06
3337.1,13:07:49,9.290e-06
3338.2,13:07:50,9.290e-06
3339.4,13:07:51,9.280e-06
3340.5,13:07:53,9.280e-06
3341.7,13:07:54,9.280e-06
3342.8,13:07:55,9.280e-06
3344.0,13:07:56,9.270e-06
3345.1,13:07:57,9.270e-06
3346.3,13:07:58,9.270e-06
3347.4,13:07:59,9.270e-06
3348.6,13:08:01,9.270e-06
3349.7,13:08:02,9.270e-06
3350.9,13:08:03,9.260e-06
3352.0,13:08:04,9.250e-06
3353.2,13:08:05,9.260e-06
3354.4,13:08:06,9.260e-06
3355.5,13:08:08,9.260e-06
3356.7,13:08:09,9.260e-06
3357.8,13:08:10,9.250e-06
3359.0,13:08:11,9.240e-06
3360.2,13:08:12,9.240e-06
3361.3,13:08:13,9.230e-06
3362.5,13:08:15,9.230e-06
3363.6,13:08:16,9.230e-06
3364.8,13:08:17,9.230e-06
3365.9,13:08:18,9.230e-06
3367.1,13:08:19,9.230e-06
3368.2,13:08:20,9.210e-06
3369.4,13:08:21,9.210e-06
3370.5,13:08:23,9.200e-06
3371.7,13:08:24,9.210e-06
3372.8,13:08:25,9.210e-06
3374.0,13:08:26,9.200e-06
3375.1,13:08:27,9.200e-06
3376.3,13:08:28,9.200e-06
3377.5,13:08:29,9.190e-06
3378.6,13:08:31,9.190e-06
3379.7,13:08:32,9.190e-06
3380.9,13:08:33,9.190e-06
3382.0,13:08:34,9.180e-06
3383.2,13:08:35,9.180e-06
3384.4,13:08:36,9.170e-06
3385.5,13:08:38,9.170e-06
3386.7,13:08:39,9.160e-06
3387.8,13:08:40,9.160e-06
3389.0,13:08:41,9.160e-06
3390.1,13:08:42,9.150e-06
3391.3,13:08:43,9.150e-06
3392.5,13:08:45,9.150e-06
3393.6,13:08:46,9.150e-06
3394.8,13:08:47,9.130e-06
3395.9,13:08:48,9.130e-06
3397.1,13:08:49,9.130e-06
3398.2,13:08:50,9.120e-06
3399.4,13:08:51,9.120e-06
3400.5,13:08:53,9.120e-06
3401.7,13:08:54,9.120e-06
3402.8,13:08:55,9.120e-06
3404.0,13:08:56,9.110e-06
3405.1,13:08:57,9.110e-06
3406.3,13:08:58,9.110e-06
3407.4,13:08:59,9.100e-06
3408.6,13:09:01,9.100e-06
3409.7,13:09:02,9.100e-06
3410.9,13:09:03,9.090e-06
3412.1,13:09:04,9.090e-06
3413.2,13:09:05,9.090e-06
3414.4,13:09:06,9.090e-06
3415.5,13:09:08,9.080e-06
3416.7,13:09:09,9.080e-06
3417.8,13:09:10,9.080e-06
3419.0,13:09:11,9.070e-06
3420.1,13:09:12,9.070e-06
3421.3,13:09:13,9.070e-06
3422.4,13:09:14,9.070e-06
3423.6,13:09:16,9.070e-06
3424.7,13:09:17,9.070e-06
3425.9,13:09:18,9.060e-06
3427.0,13:09:19,9.060e-06
3428.2,13:09:20,9.040e-06
3429.3,13:09:21,9.040e-06
3430.5,13:09:23,9.040e-06
3431.6,13:09:24,9.030e-06
3432.8,13:09:25,9.030e-06
3433.9,13:09:26,9.030e-06
3435.1,13:09:27,9.020e-06
3436.3,13:09:28,9.020e-06
3437.4,13:09:29,9.020e-06
3438.6,13:09:31,9.020e-06
3439.7,13:09:32,9.010e-06
3440.9,13:09:33,9.010e-06
3442.0,13:09:34,9.010e-06
3443.2,13:09:35,9.010e-06
3444.3,13:09:36,9.000e-06
3445.5,13:09:38,9.000e-06
3446.6,13:09:39,9.000e-06
3447.8,13:09:40,9.000e-06
3449.0,13:09:41,8.990e-06
3450.1,13:09:42,8.990e-06
3451.3,13:09:43,8.990e-06
3452.4,13:09:44,8.990e-06
3453.6,13:09:46,8.970e-06
3454.7,13:09:47,8.970e-06
3455.9,13:09:48,8.970e-06
3457.0,13:09:49,8.950e-06
3458.2,13:09:50,8.950e-06
3459.3,13:09:51,8.950e-06
3460.5,13:09:53,8.950e-06
3461.7,13:09:54,8.950e-06
3462.8,13:09:55,8.950e-06
3464.0,13:09:56,8.950e-06
3465.1,13:09:57,8.940e-06
3466.3,13:09:58,8.940e-06
3467.4,13:09:59,8.930e-06
3468.6,13:10:01,8.930e-06
3469.7,13:10:02,8.930e-06
3470.9,13:10:03,8.930e-06
3472.0,13:10:04,8.930e-06
3473.2,13:10:05,8.920e-06
3474.4,13:10:06,8.920e-06
3475.5,13:10:08,8.920e-06
3476.7,13:10:09,8.920e-06
3477.8,13:10:10,8.910e-06
3479.0,13:10:11,8.910e-06
3480.2,13:10:12,8.910e-06
3481.3,13:10:13,8.910e-06
3482.5,13:10:15,8.910e-06
3483.6,13:10:16,8.900e-06
3484.8,13:10:17,8.900e-06
3485.9,13:10:18,8.900e-06
3487.1,13:10:19,8.900e-06
3488.3,13:10:20,8.890e-06
3489.4,13:10:21,8.890e-06
3490.6,13:10:23,8.890e-06
3491.7,13:10:24,8.890e-06
3492.9,13:10:25,8.890e-06
3494.0,13:10:26,8.890e-06
3495.2,13:10:27,8.880e-06
3496.3,13:10:28,8.880e-06
3497.5,13:10:30,8.880e-06
3498.6,13:10:31,8.880e-06
3499.8,13:10:32,8.860e-06
3500.9,13:10:33,8.860e-06
3502.1,13:10:34,8.860e-06
3503.3,13:10:35,8.850e-06
3504.4,13:10:36,8.850e-06
3505.6,13:10:38,8.850e-06
3506.7,13:10:39,8.850e-06
3507.9,13:10:40,8.850e-06
3509.1,13:10:41,8.850e-06
3510.2,13:10:42,8.840e-06
3511.4,13:10:43,8.840e-06
3512.5,13:10:45,8.840e-06
3513.7,13:10:46,8.840e-06
3514.8,13:10:47,8.830e-06
3516.0,13:10:48,8.830e-06
3517.2,13:10:49,8.830e-06
3518.3,13:10:50,8.830e-06
3519.5,13:10:52,8.830e-06
3520.6,13:10:53,8.820e-06
3521.8,13:10:54,8.820e-06
3522.9,13:10:55,8.820e-06
3524.1,13:10:56,8.820e-06
3525.2,13:10:57,8.810e-06
3526.4,13:10:58,8.810e-06
3527.5,13:11:00,8.810e-06
3528.7,13:11:01,8.810e-06
3529.8,13:11:02,8.810e-06
3531.0,13:11:03,8.810e-06
3532.2,13:11:04,8.800e-06
3533.3,13:11:05,8.800e-06
3534.5,13:11:07,8.800e-06
3535.6,13:11:08,8.800e-06
3536.8,13:11:09,8.790e-06
3537.9,13:11:10,8.790e-06
3539.1,13:11:11,8.790e-06
3540.2,13:11:12,8.790e-06
3541.4,13:11:13,8.790e-06
3542.5,13:11:15,8.770e-06
3543.7,13:11:16,8.790e-06
3544.9,13:11:17,8.770e-06
3546.0,13:11:18,8.770e-06
3547.2,13:11:19,8.770e-06
3548.3,13:11:20,8.770e-06
3549.5,13:11:22,8.760e-06
3550.6,13:11:23,8.750e-06
3551.8,13:11:24,8.750e-06
3552.9,13:11:25,8.740e-06
3554.1,13:11:26,8.740e-06
3555.2,13:11:27,8.740e-06
3556.4,13:11:28,8.740e-06
3557.6,13:11:30,8.740e-06
3558.7,13:11:31,8.730e-06
3559.9,13:11:32,8.730e-06
3561.0,13:11:33,8.730e-06
3562.2,13:11:34,8.730e-06
3563.4,13:11:35,8.730e-06
3564.5,13:11:37,8.730e-06
3565.7,13:11:38,8.720e-06
3566.8,13:11:39,8.720e-06
3568.0,13:11:40,8.720e-06
3569.1,13:11:41,8.720e-06
3570.3,13:11:42,8.720e-06
3571.4,13:11:43,8.710e-06
3572.6,13:11:45,8.710e-06
3573.7,13:11:46,8.710e-06
3574.9,13:11:47,8.710e-06
3576.0,13:11:48,8.710e-06
3577.2,13:11:49,8.700e-06
3578.4,13:11:50,8.700e-06
3579.5,13:11:52,8.700e-06
3580.7,13:11:53,8.700e-06
3581.8,13:11:54,8.680e-06
3583.0,13:11:55,8.680e-06
3584.1,13:11:56,8.680e-06
3585.3,13:11:57,8.680e-06
3586.4,13:11:58,8.680e-06
3587.6,13:12:00,8.680e-06
3588.7,13:12:01,8.680e-06
3589.9,13:12:02,8.670e-06
3591.0,13:12:03,8.670e-06
3592.2,13:12:04,8.670e-06
3593.4,13:12:05,8.670e-06
3594.5,13:12:07,8.660e-06
3595.7,13:12:08,8.660e-06
3596.8,13:12:09,8.660e-06
3598.0,13:12:10,8.660e-06
3599.1,13:12:11,8.660e-06
3600.3,13:12:12,8.650e-06
3601.4,13:12:13,8.650e-06
3602.6,13:12:15,8.650e-06
3603.7,13:12:16,8.650e-06
3604.9,13:12:17,8.650e-06
3606.1,13:12:18,8.650e-06
3607.2,13:12:19,8.640e-06
3608.4,13:12:20,8.640e-06
3609.5,13:12:22,8.640e-06
3610.7,13:12:23,8.640e-06
3611.8,13:12:24,8.640e-06
3613.0,13:12:25,8.630e-06
3614.1,13:12:26,8.630e-06
3615.3,13:12:27,8.630e-06
3616.5,13:12:29,8.630e-06
3617.6,13:12:30,8.630e-06
3618.8,13:12:31,8.620e-06
3619.9,13:12:32,8.620e-06
3621.1,13:12:33,8.620e-06
3622.2,13:12:34,8.620e-06
3623.4,13:12:35,8.620e-06
3624.5,13:12:37,8.610e-06
3625.7,13:12:38,8.610e-06
3626.8,13:12:39,8.610e-06
3628.0,13:12:40,8.610e-06
3629.2,13:12:41,8.610e-06
3630.3,13:12:42,8.590e-06
3631.5,13:12:44,8.590e-06
3632.6,13:12:45,8.590e-06
3633.8,13:12:46,8.590e-06
3635.0,13:12:47,8.580e-06
3636.1,13:12:48,8.580e-06
3637.3,13:12:49,8.580e-06
3638.4,13:12:50,8.580e-06
3639.6,13:12:52,8.570e-06
3640.7,13:12:53,8.570e-06
3641.9,13:12:54,8.570e-06
3643.0,13:12:55,8.570e-06
3644.2,13:12:56,8.570e-06
3645.3,13:12:57,8.570e-06
3646.5,13:12:59,8.560e-06
3647.7,13:13:00,8.550e-06
3648.8,13:13:01,8.550e-06
3650.0,13:13:02,8.550e-06
3651.1,13:13:03,8.550e-06
3652.3,13:13:04,8.550e-06
3653.4,13:13:05,8.540e-06
3654.6,13:13:07,8.540e-06
3655.7,13:13:08,8.540e-06
3656.9,13:13:09,8.540e-06
3658.0,13:13:10,8.530e-06
3659.2,13:13:11,8.530e-06
3660.4,13:13:12,8.530e-06
3661.5,13:13:14,8.530e-06
3662.7,13:13:15,8.530e-06
3663.8,13:13:16,8.520e-06
3665.0,13:13:17,8.520e-06
3666.1,13:13:18,8.520e-06
3667.3,13:13:19,8.520e-06
3668.4,13:13:20,8.520e-06
3669.6,13:13:22,8.500e-06
3670.7,13:13:23,8.500e-06
3671.9,13:13:24,8.500e-06
3673.0,13:13:25,8.500e-06
3674.2,13:13:26,8.500e-06
3675.3,13:13:27,8.500e-06
3676.5,13:13:29,8.500e-06
3677.6,13:13:30,8.500e-06
3678.8,13:13:31,8.490e-06
3679.9,13:13:32,8.490e-06
3681.1,13:13:33,8.490e-06
3682.3,13:13:34,8.490e-06
3683.4,13:13:35,8.480e-06
3684.6,13:13:37,8.480e-06
3685.7,13:13:38,8.480e-06
3686.9,13:13:39,8.480e-06
3688.0,13:13:40,8.470e-06
3689.2,13:13:41,8.470e-06
3690.3,13:13:42,8.470e-06
3691.5,13:13:44,8.470e-06
3692.7,13:13:45,8.470e-06
3693.8,13:13:46,8.470e-06
3695.0,13:13:47,8.470e-06
3696.1,13:13:48,8.470e-06
3697.3,13:13:49,8.460e-06
3698.4,13:13:50,8.460e-06
3699.6,13:13:52,8.460e-06
3700.7,13:13:53,8.460e-06
3701.9,13:13:54,8.450e-06
3703.0,13:13:55,8.450e-06
3704.2,13:13:56,8.450e-06
3705.4,13:13:57,8.450e-06
3706.5,13:13:59,8.450e-06
3707.6,13:14:00,8.440e-06
3708.8,13:14:01,8.440e-06
3710.0,13:14:02,8.440e-06
3711.1,13:14:03,8.440e-06
3712.3,13:14:04,8.440e-06
3713.4,13:14:05,8.430e-06
3714.6,13:14:07,8.430e-06
3715.7,13:14:08,8.430e-06
3716.9,13:14:09,8.430e-06
3718.0,13:14:10,8.430e-06
3719.2,13:14:11,8.410e-06
3720.3,13:14:12,8.410e-06
3721.5,13:14:14,8.410e-06
3722.6,13:14:15,8.410e-06
3723.8,13:14:16,8.410e-06
3725.0,13:14:17,8.400e-06
3726.1,13:14:18,8.400e-06
3727.3,13:14:19,8.400e-06
3728.4,13:14:20,8.400e-06
3729.6,13:14:22,8.390e-06
3730.7,13:14:23,8.390e-06
3731.9,13:14:24,8.390e-06
3733.1,13:14:25,8.390e-06
3734.2,13:14:26,8.390e-06
3735.4,13:14:27,8.390e-06
3736.5,13:14:29,8.380e-06
3737.7,13:14:30,8.380e-06
3738.8,13:14:31,8.380e-06
3740.0,13:14:32,8.380e-06
3741.1,13:14:33,8.380e-06
3742.3,13:14:34,8.380e-06
3743.4,13:14:35,8.370e-06
3744.6,13:14:37,8.360e-06
3745.7,13:14:38,8.360e-06
3746.9,13:14:39,8.360e-06
3748.0,13:14:40,8.360e-06
3749.2,13:14:41,8.350e-06
3750.3,13:14:42,8.350e-06
3751.5,13:14:44,8.350e-06
3752.6,13:14:45,8.350e-06
3753.8,13:14:46,8.350e-06
3755.0,13:14:47,8.350e-06
3756.1,13:14:48,8.340e-06
3757.3,13:14:49,8.340e-06
3758.4,13:14:50,8.340e-06
3759.6,13:14:52,8.320e-06
3760.7,13:14:53,8.320e-06
3761.9,13:14:54,8.320e-06
3763.1,13:14:55,8.320e-06
3764.2,13:14:56,8.320e-06
3765.4,13:14:57,8.320e-06
3766.5,13:14:59,8.320e-06
3767.7,13:15:00,8.310e-06
3768.8,13:15:01,8.310e-06
3770.0,13:15:02,8.310e-06
3771.2,13:15:03,8.310e-06
3772.3,13:15:04,8.300e-06
3773.5,13:15:06,8.300e-06
3774.6,13:15:07,8.300e-06
3775.8,13:15:08,8.300e-06
3776.9,13:15:09,8.300e-06
3778.1,13:15:10,8.290e-06
3779.2,13:15:11,8.290e-06
3780.4,13:15:12,8.290e-06
3781.6,13:15:14,8.290e-06
3782.7,13:15:15,8.290e-06
3783.9,13:15:16,8.290e-06
3785.0,13:15:17,8.280e-06
3786.2,13:15:18,8.280e-06
3787.3,13:15:19,8.280e-06
3788.5,13:15:21,8.280e-06
3789.6,13:15:22,8.270e-06
3790.8,13:15:23,8.270e-06
3792.0,13:15:24,8.270e-06
3793.1,13:15:25,8.270e-06
3794.3,13:15:26,8.270e-06
3795.4,13:15:27,8.270e-06
3796.6,13:15:29,8.290e-06
3797.7,13:15:30,8.320e-06
3798.9,13:15:31,8.350e-06
3800.1,13:15:32,8.370e-06
3801.2,13:15:33,8.370e-06
3802.4,13:15:34,8.370e-06
3803.5,13:15:36,8.370e-06
3804.7,13:15:37,8.370e-06
3805.9,13:15:38,8.370e-06
3807.0,13:15:39,8.380e-06
3808.2,13:15:40,8.380e-06
3809.3,13:15:41,8.390e-06
3810.5,13:15:43,8.390e-06
3811.6,13:15:44,8.400e-06
3812.8,13:15:45,8.400e-06
3814.0,13:15:46,8.410e-06
3815.1,13:15:47,8.430e-06
3816.3,13:15:48,8.430e-06
3817.4,13:15:49,8.440e-06
3818.6,13:15:51,8.450e-06
3819.8,13:15:52,8.450e-06
3821.0,13:15:53,8.460e-06
3822.1,13:15:54,8.460e-06
3823.3,13:15:55,8.470e-06
3824.5,13:15:57,8.480e-06
3825.6,13:15:58,8.490e-06
3826.8,13:15:59,8.500e-06
3827.9,13:16:00,8.500e-06
3829.1,13:16:01,8.520e-06
3830.2,13:16:02,8.520e-06
3831.4,13:16:03,8.530e-06
3832.6,13:16:05,8.540e-06
3833.7,13:16:06,8.540e-06
3834.9,13:16:07,8.550e-06
3836.0,13:16:08,8.550e-06
3837.2,13:16:09,8.570e-06
3838.3,13:16:10,8.570e-06
3839.5,13:16:12,8.580e-06
3840.7,13:16:13,8.580e-06
3841.8,13:16:14,8.590e-06
3843.0,13:16:15,8.610e-06
3844.1,13:16:16,8.610e-06
3845.3,13:16:17,8.610e-06
3846.4,13:16:18,8.620e-06
3847.6,13:16:20,8.630e-06
3848.8,13:16:21,8.630e-06
3849.9,13:16:22,8.640e-06
3851.1,13:16:23,8.650e-06
3852.3,13:16:24,8.650e-06
3853.4,13:16:25,8.660e-06
3854.6,13:16:27,8.670e-06
3855.7,13:16:28,8.680e-06
3856.9,13:16:29,8.680e-06
3858.0,13:16:30,8.700e-06
3859.2,13:16:31,8.710e-06
3860.3,13:16:32,8.710e-06
3861.5,13:16:34,8.720e-06
3862.7,13:16:35,8.730e-06
3863.8,13:16:36,8.730e-06
3865.0,13:16:37,8.740e-06
3866.1,13:16:38,8.750e-06
3867.3,13:16:39,8.750e-06
3868.4,13:16:40,8.760e-06
3869.6,13:16:42,8.770e-06
3870.7,13:16:43,8.790e-06
3871.9,13:16:44,8.790e-06
3873.1,13:16:45,8.800e-06
3874.2,13:16:46,8.810e-06
3875.4,13:16:47,8.810e-06
3876.6,13:16:49,8.810e-06
3877.8,13:16:50,8.820e-06
3878.9,13:16:51,8.830e-06
3880.1,13:16:52,8.830e-06
3881.2,13:16:53,8.840e-06
3882.4,13:16:54,8.840e-06
3883.6,13:16:56,8.850e-06
3884.7,13:16:57,8.850e-06
3885.9,13:16:58,8.860e-06
3887.0,13:16:59,8.860e-06
3888.2,13:17:00,8.880e-06
3889.4,13:17:01,8.890e-06
3890.5,13:17:03,8.890e-06
3891.7,13:17:04,8.900e-06
3892.8,13:17:05,8.900e-06
3894.0,13:17:06,8.910e-06
3895.2,13:17:07,8.910e-06
3896.3,13:17:08,8.920e-06
3897.5,13:17:10,8.920e-06
3898.6,13:17:11,8.930e-06
3899.8,13:17:12,8.930e-06
3900.9,13:17:13,8.930e-06
3902.1,13:17:14,8.940e-06
3903.3,13:17:15,8.950e-06
3904.4,13:17:16,8.950e-06
3905.6,13:17:18,8.970e-06
3906.7,13:17:19,8.970e-06
3907.9,13:17:20,8.970e-06
3909.1,13:17:21,8.980e-06
3910.2,13:17:22,8.980e-06
3911.4,13:17:23,8.990e-06
3912.5,13:17:25,8.990e-06
3913.7,13:17:26,8.990e-06
3914.9,13:17:27,9.000e-06
3916.0,13:17:28,9.000e-06
3917.2,13:17:29,9.010e-06
3918.3,13:17:30,9.010e-06
3919.5,13:17:32,9.010e-06
3920.6,13:17:33,9.010e-06
3921.8,13:17:34,9.020e-06
3922.9,13:17:35,9.020e-06
3924.1,13:17:36,9.030e-06
3925.2,13:17:37,9.030e-06
3926.4,13:17:38,9.030e-06
3927.5,13:17:40,9.040e-06
3928.7,13:17:41,9.040e-06
3929.9,13:17:42,9.040e-06
3931.0,13:17:43,9.060e-06
3932.2,13:17:44,9.060e-06
3933.3,13:17:45,9.070e-06
3934.5,13:17:47,9.070e-06
3935.6,13:17:48,9.070e-06
3936.8,13:17:49,9.070e-06
3938.0,13:17:50,9.080e-06
3939.1,13:17:51,9.080e-06
3940.3,13:17:52,9.070e-06
3941.4,13:17:53,9.070e-06
3942.6,13:17:55,9.080e-06
3943.8,13:17:56,9.080e-06
3944.9,13:17:57,9.080e-06
3946.1,13:17:58,9.090e-06
3947.2,13:17:59,9.090e-06
3948.4,13:18:00,9.090e-06
3949.5,13:18:02,9.090e-06
3950.7,13:18:03,9.090e-06
3951.9,13:18:04,9.090e-06
3953.0,13:18:05,9.100e-06
3954.2,13:18:06,9.100e-06
3955.3,13:18:07,9.100e-06
3956.5,13:18:09,9.100e-06
3957.7,13:18:10,9.100e-06
3958.8,13:18:11,9.110e-06
3960.0,13:18:12,9.110e-06
3961.1,13:18:13,9.110e-06
3962.3,13:18:14,9.110e-06
3963.5,13:18:16,9.110e-06
3964.6,13:18:17,9.110e-06
3965.8,13:18:18,9.120e-06
3966.9,13:18:19,9.120e-06
3968.1,13:18:20,9.120e-06
3969.3,13:18:21,9.120e-06
3970.4,13:18:22,9.120e-06
3971.6,13:18:24,9.120e-06
3972.7,13:18:25,9.120e-06
3973.9,13:18:26,9.130e-06
3975.0,13:18:27,9.130e-06
3976.2,13:18:28,9.130e-06
3977.4,13:18:29,9.130e-06
3978.5,13:18:31,9.130e-06
3979.7,13:18:32,9.130e-06
3980.8,13:18:33,9.130e-06
3982.0,13:18:34,9.130e-06
3983.1,13:18:35,9.150e-06
3984.3,13:18:36,9.150e-06
3985.4,13:18:37,9.150e-06
3986.6,13:18:39,9.150e-06
3987.7,13:18:40,9.150e-06
3988.9,13:18:41,9.150e-06
3990.1,13:18:42,9.150e-06
3991.2,13:18:43,9.150e-06
3992.4,13:18:44,9.150e-06
3993.6,13:18:46,9.150e-06
3994.7,13:18:47,9.150e-06
3995.9,13:18:48,9.150e-06
3997.0,13:18:49,9.150e-06
3998.2,13:18:50,9.150e-06
3999.3,13:18:51,9.150e-06
4000.5,13:18:53,9.150e-06
4001.6,13:18:54,9.150e-06
4002.8,13:18:55,9.150e-06
4003.9,13:18:56,9.150e-06
4005.1,13:18:57,9.150e-06
4006.3,13:18:58,9.150e-06
4007.4,13:18:59,9.200e-06
4008.6,13:19:01,9.210e-06
4009.7,13:19:02,9.200e-06
4010.9,13:19:03,9.190e-06
4012.1,13:19:04,9.190e-06
4013.2,13:19:05,9.190e-06
4014.4,13:19:06,9.190e-06
4015.5,13:19:08,9.190e-06
4016.7,13:19:09,9.190e-06
4017.8,13:19:10,9.190e-06
4019.0,13:19:11,9.190e-06
4020.2,13:19:12,9.190e-06
4021.3,13:19:13,9.190e-06
4022.5,13:19:15,9.190e-06
4023.6,13:19:16,9.190e-06
4024.8,13:19:17,9.190e-06
4025.9,13:19:18,9.190e-06
4027.1,13:19:19,9.190e-06
4028.2,13:19:20,9.190e-06
4029.4,13:19:21,9.190e-06
4030.6,13:19:23,9.190e-06
4031.7,13:19:24,9.180e-06
4032.9,13:19:25,9.180e-06
4034.0,13:19:26,9.170e-06
4035.2,13:19:27,9.170e-06
4036.3,13:19:28,9.170e-06
4037.5,13:19:30,9.170e-06
4038.7,13:19:31,9.170e-06
4039.8,13:19:32,9.170e-06
4041.0,13:19:33,9.170e-06
4042.1,13:19:34,9.170e-06
4043.3,13:19:35,9.170e-06
4044.5,13:19:36,9.160e-06
4045.6,13:19:38,9.160e-06
4046.8,13:19:39,9.160e-06
4047.9,13:19:40,9.160e-06
4049.1,13:19:41,9.150e-06
4050.2,13:19:42,9.150e-06
4051.4,13:19:43,9.150e-06
4052.6,13:19:45,9.150e-06
4053.7,13:19:46,9.150e-06
4054.9,13:19:47,9.150e-06
4056.0,13:19:48,9.150e-06
4057.2,13:19:49,9.150e-06
4058.3,13:19:50,9.150e-06
4059.5,13:19:52,9.130e-06
4060.6,13:19:53,9.130e-06
4061.8,13:19:54,9.130e-06
4062.9,13:19:55,9.130e-06
4064.1,13:19:56,9.120e-06
4065.3,13:19:57,9.120e-06
4066.4,13:19:58,9.120e-06
4067.6,13:20:00,9.120e-06
4068.7,13:20:01,9.120e-06
4069.9,13:20:02,9.120e-06
4071.0,13:20:03,9.120e-06
4072.2,13:20:04,9.110e-06
4073.3,13:20:05,9.110e-06
4074.5,13:20:07,9.100e-06
4075.7,13:20:08,9.110e-06
4076.8,13:20:09,9.110e-06
4078.0,13:20:10,9.110e-06
4079.1,13:20:11,9.110e-06
4080.3,13:20:12,9.110e-06
4081.5,13:20:14,9.110e-06
4082.6,13:20:15,9.100e-06
4083.8,13:20:16,9.100e-06
4084.9,13:20:17,9.090e-06
4086.1,13:20:18,9.090e-06
4087.3,13:20:19,9.090e-06
4088.4,13:20:20,9.080e-06
4089.6,13:20:22,9.080e-06
4090.7,13:20:23,9.080e-06
4091.9,13:20:24,9.090e-06
4093.1,13:20:25,9.080e-06
4094.2,13:20:26,9.080e-06
4095.4,13:20:27,9.080e-06
4096.5,13:20:29,9.080e-06
4097.7,13:20:30,9.080e-06
4098.8,13:20:31,9.080e-06
4100.0,13:20:32,9.070e-06
4101.2,13:20:33,9.070e-06
4102.3,13:20:34,9.070e-06
4103.5,13:20:36,9.070e-06
4104.6,13:20:37,9.070e-06
4105.8,13:20:38,9.070e-06
4106.9,13:20:39,9.070e-06
4108.1,13:20:40,9.070e-06
4109.2,13:20:41,9.070e-06
4110.4,13:20:42,9.060e-06
4111.6,13:20:44,9.040e-06
4112.7,13:20:45,9.040e-06
4113.9,13:20:46,9.040e-06
4115.0,13:20:47,9.030e-06
4116.2,13:20:48,9.030e-06
4117.3,13:20:49,9.030e-06
4118.5,13:20:51,9.030e-06
4119.6,13:20:52,9.020e-06
4120.8,13:20:53,9.020e-06
4122.0,13:20:54,9.030e-06
4123.1,13:20:55,9.030e-06
4124.3,13:20:56,9.020e-06
4125.4,13:20:57,9.020e-06
4126.6,13:20:59,9.010e-06
4127.7,13:21:00,9.010e-06
4128.9,13:21:01,9.010e-06
4130.0,13:21:02,9.010e-06
4131.2,13:21:03,9.000e-06
4132.4,13:21:04,9.000e-06
4133.5,13:21:06,9.000e-06
4134.7,13:21:07,9.000e-06
4135.8,13:21:08,9.000e-06
4137.0,13:21:09,9.000e-06
4138.1,13:21:10,8.990e-06
4139.3,13:21:11,8.990e-06
4140.4,13:21:12,8.990e-06
4141.6,13:21:14,8.990e-06
4142.8,13:21:15,8.980e-06
4143.9,13:21:16,8.980e-06
4145.1,13:21:17,8.970e-06
4146.2,13:21:18,8.970e-06
4147.4,13:21:19,8.970e-06
4148.5,13:21:21,8.970e-06
4149.7,13:21:22,8.950e-06
4150.8,13:21:23,8.950e-06
4152.0,13:21:24,8.970e-06
4153.2,13:21:25,8.970e-06
4154.3,13:21:26,8.970e-06
4155.5,13:21:28,8.950e-06
4156.7,13:21:29,8.950e-06
4157.8,13:21:30,8.950e-06
4159.0,13:21:31,8.950e-06
4160.1,13:21:32,8.950e-06
4161.3,13:21:33,8.940e-06
4162.4,13:21:34,8.930e-06
4163.6,13:21:36,8.940e-06
4164.7,13:21:37,8.940e-06
4165.9,13:21:38,8.940e-06
4167.1,13:21:39,8.940e-06
4168.2,13:21:40,8.930e-06
4169.4,13:21:41,8.930e-06
4170.5,13:21:43,8.930e-06
4171.7,13:21:44,8.930e-06
4172.8,13:21:45,8.920e-06
4174.0,13:21:46,8.910e-06
4175.2,13:21:47,8.910e-06
4176.3,13:21:48,8.910e-06
4177.5,13:21:50,8.910e-06
4178.6,13:21:51,8.920e-06
4179.8,13:21:52,8.910e-06
4181.0,13:21:53,8.910e-06
4182.1,13:21:54,8.910e-06
4183.3,13:21:55,8.910e-06
4184.4,13:21:56,8.910e-06
4185.6,13:21:58,8.910e-06
4186.8,13:21:59,8.910e-06
4187.9,13:22:00,8.910e-06
4189.1,13:22:01,8.910e-06
4190.2,13:22:02,8.900e-06
4191.4,13:22:03,8.900e-06
4192.6,13:22:05,8.900e-06
4193.7,13:22:06,8.900e-06
4194.9,13:22:07,8.890e-06
4196.0,13:22:08,8.890e-06
4197.2,13:22:09,8.890e-06
4198.3,13:22:10,8.890e-06
4199.5,13:22:12,8.890e-06
4200.6,13:22:13,8.890e-06
4201.8,13:22:14,8.890e-06
4202.9,13:22:15,8.890e-06
4204.1,13:22:16,8.890e-06
4205.2,13:22:17,8.880e-06
4206.4,13:22:18,8.880e-06
4207.5,13:22:20,8.880e-06
4208.7,13:22:21,8.860e-06
4209.9,13:22:22,8.860e-06
4211.0,13:22:23,8.880e-06
4212.2,13:22:24,8.860e-06
4213.3,13:22:25,8.860e-06
4214.5,13:22:27,8.860e-06
4215.6,13:22:28,8.850e-06
4216.8,13:22:29,8.850e-06
4217.9,13:22:30,8.850e-06
4219.1,13:22:31,8.850e-06
4220.3,13:22:32,8.850e-06
4221.4,13:22:33,8.830e-06
4222.6,13:22:35,8.820e-06
4223.8,13:22:36,8.820e-06
4224.9,13:22:37,8.830e-06
4226.1,13:22:38,8.820e-06
4227.3,13:22:39,8.820e-06
4228.4,13:22:40,8.820e-06
4229.6,13:22:42,8.810e-06
4230.7,13:22:43,8.810e-06
4231.9,13:22:44,8.810e-06
4233.1,13:22:45,8.810e-06
4234.2,13:22:46,8.810e-06
4235.4,13:22:47,8.810e-06
4236.5,13:22:49,8.810e-06
4237.7,13:22:50,8.810e-06
4238.9,13:22:51,8.800e-06
4240.0,13:22:52,8.800e-06
4241.2,13:22:53,8.800e-06
4242.3,13:22:54,8.790e-06
4243.5,13:22:56,8.790e-06
4244.6,13:22:57,8.790e-06
4245.8,13:22:58,8.790e-06
4246.9,13:22:59,8.770e-06
4248.1,13:23:00,8.760e-06
4249.3,13:23:01,8.760e-06
4250.4,13:23:02,8.760e-06
4251.6,13:23:04,8.760e-06
4252.7,13:23:05,8.760e-06
4253.9,13:23:06,8.770e-06
4255.1,13:23:07,8.750e-06
4256.2,13:23:08,8.750e-06
4257.4,13:23:09,8.740e-06
4258.5,13:23:11,8.750e-06
4259.7,13:23:12,8.750e-06
4260.9,13:23:13,8.750e-06
4262.0,13:23:14,8.750e-06
4263.2,13:23:15,8.750e-06
4264.3,13:23:16,8.740e-06
4265.5,13:23:18,8.730e-06
4266.6,13:23:19,8.730e-06
4267.8,13:23:20,8.730e-06
4268.9,13:23:21,8.730e-06
4270.1,13:23:22,8.720e-06
4271.2,13:23:23,8.720e-06
4272.4,13:23:24,8.710e-06
4273.5,13:23:26,8.710e-06
4274.7,13:23:27,8.710e-06
4275.9,13:23:28,8.710e-06
4277.0,13:23:29,8.710e-06
4278.2,13:23:30,8.700e-06
4279.3,13:23:31,8.700e-06
4280.5,13:23:33,8.700e-06
4281.7,13:23:34,8.700e-06
4282.8,13:23:35,8.680e-06
4284.0,13:23:36,8.680e-06
4285.1,13:23:37,8.710e-06
4286.3,13:23:38,8.710e-06
4287.5,13:23:39,8.700e-06
4288.6,13:23:41,8.700e-06
4289.8,13:23:42,8.700e-06
4290.9,13:23:43,8.700e-06
4292.1,13:23:44,8.710e-06
4293.2,13:23:45,8.700e-06
4294.4,13:23:46,8.710e-06
4295.5,13:23:48,8.710e-06
4296.7,13:23:49,8.710e-06
4297.8,13:23:50,8.700e-06
4299.0,13:23:51,8.700e-06
4300.1,13:23:52,8.700e-06
4301.3,13:23:53,8.700e-06
4302.4,13:23:54,8.700e-06
4303.6,13:23:56,8.700e-06
4304.7,13:23:57,8.680e-06
4305.9,13:23:58,8.680e-06
4307.0,13:23:59,8.680e-06
4308.2,13:24:00,8.680e-06
4309.4,13:24:01,8.670e-06
4310.5,13:24:03,8.670e-06
4311.7,13:24:04,8.660e-06
4312.8,13:24:05,8.650e-06
4314.0,13:24:06,8.650e-06
4315.1,13:24:07,8.650e-06
4316.3,13:24:08,8.650e-06
4317.4,13:24:09,8.650e-06
4318.6,13:24:11,8.650e-06
4319.7,13:24:12,8.650e-06
4320.8,13:24:13,8.650e-06
4322.0,13:24:14,8.650e-06
4323.2,13:24:15,8.640e-06
4324.3,13:24:16,8.640e-06
4325.5,13:24:17,8.640e-06
4326.6,13:24:19,8.640e-06
4327.8,13:24:20,8.630e-06
4328.9,13:24:21,8.630e-06
4330.1,13:24:22,8.630e-06
4331.2,13:24:23,8.630e-06
4332.4,13:24:24,8.620e-06
4333.5,13:24:26,8.620e-06
4334.6,13:24:27,8.620e-06
4335.8,13:24:28,8.620e-06
4337.0,13:24:29,8.620e-06
4338.1,13:24:30,8.620e-06
4339.2,13:24:31,8.610e-06
4340.4,13:24:32,8.610e-06
4341.6,13:24:34,8.610e-06
4342.7,13:24:35,8.610e-06
4343.9,13:24:36,8.610e-06
4345.0,13:24:37,8.610e-06
4346.2,13:24:38,8.590e-06
4347.3,13:24:39,8.590e-06
4348.5,13:24:41,8.590e-06
4349.6,13:24:42,8.590e-06
4350.8,13:24:43,8.580e-06
4351.9,13:24:44,8.580e-06
4353.1,13:24:45,8.580e-06
4354.2,13:24:46,8.580e-06
4355.4,13:24:47,8.580e-06
4356.5,13:24:49,8.580e-06
4357.7,13:24:50,8.570e-06
4358.8,13:24:51,8.580e-06
4360.0,13:24:52,8.580e-06
4361.1,13:24:53,8.570e-06
4362.3,13:24:54,8.570e-06
4363.5,13:24:55,8.570e-06
4364.6,13:24:57,8.570e-06
4365.8,13:24:58,8.570e-06
4366.9,13:24:59,8.570e-06
4368.0,13:25:00,8.570e-06
4369.2,13:25:01,8.550e-06
4370.3,13:25:02,8.550e-06
4371.5,13:25:04,8.550e-06
4372.6,13:25:05,8.550e-06
4373.8,13:25:06,8.550e-06
4374.9,13:25:07,8.550e-06
4376.1,13:25:08,8.550e-06
4377.2,13:25:09,8.550e-06
4378.4,13:25:10,8.550e-06
4379.5,13:25:12,8.550e-06
4380.7,13:25:13,8.540e-06
4381.8,13:25:14,8.540e-06
4383.0,13:25:15,8.530e-06
4384.1,13:25:16,8.540e-06
4385.3,13:25:17,8.540e-06
4386.5,13:25:18,8.540e-06
4387.6,13:25:20,8.540e-06
4388.8,13:25:21,8.540e-06
4389.9,13:25:22,8.530e-06
4391.1,13:25:23,8.530e-06
4392.2,13:25:24,8.530e-06
4393.4,13:25:25,8.530e-06
4394.5,13:25:27,8.520e-06
4395.6,13:25:28,8.500e-06
4396.8,13:25:29,8.490e-06
4398.0,13:25:30,8.490e-06
4399.1,13:25:31,8.480e-06
4400.2,13:25:32,8.480e-06
4401.4,13:25:33,8.480e-06
4402.6,13:25:35,8.480e-06
4403.7,13:25:36,8.490e-06
4404.8,13:25:37,8.490e-06
4406.0,13:25:38,8.490e-06
4407.1,13:25:39,8.480e-06
4408.3,13:25:40,8.490e-06
4409.4,13:25:41,8.480e-06
4410.6,13:25:43,8.480e-06
4411.7,13:25:44,8.480e-06
4412.9,13:25:45,8.480e-06
4414.0,13:25:46,8.480e-06
4415.2,13:25:47,8.480e-06
4416.3,13:25:48,8.480e-06
4417.5,13:25:50,8.470e-06
4418.6,13:25:51,8.470e-06
4419.8,13:25:52,8.460e-06
4420.9,13:25:53,8.460e-06
4422.1,13:25:54,8.450e-06
4423.2,13:25:55,8.450e-06
4424.4,13:25:56,8.450e-06
4425.5,13:25:58,8.450e-06
4426.7,13:25:59,8.450e-06
4427.8,13:26:00,8.450e-06
4429.0,13:26:01,8.450e-06
4430.1,13:26:02,8.450e-06
4431.3,13:26:03,8.450e-06
4432.4,13:26:04,8.440e-06
4433.6,13:26:06,8.440e-06
4434.7,13:26:07,8.440e-06
4435.9,13:26:08,8.440e-06
4437.0,13:26:09,8.440e-06
4438.2,13:26:10,8.430e-06
4439.3,13:26:11,8.430e-06
4440.5,13:26:13,8.430e-06
4441.6,13:26:14,8.430e-06
4442.8,13:26:15,8.410e-06
4443.9,13:26:16,8.410e-06
4445.1,13:26:17,8.410e-06
4446.2,13:26:18,8.410e-06
4447.4,13:26:19,8.410e-06
4448.5,13:26:21,8.400e-06
4449.7,13:26:22,8.400e-06
4450.8,13:26:23,8.400e-06
4452.0,13:26:24,8.400e-06
4453.1,13:26:25,8.400e-06
4454.3,13:26:26,8.390e-06
4455.5,13:26:27,8.390e-06
4456.6,13:26:29,8.390e-06
4457.7,13:26:30,8.390e-06
4458.9,13:26:31,8.380e-06
4460.0,13:26:32,8.390e-06
4461.2,13:26:33,8.370e-06
4462.3,13:26:34,8.370e-06
4463.5,13:26:36,8.370e-06
4464.6,13:26:37,8.370e-06
4465.8,13:26:38,8.370e-06
4466.9,13:26:39,8.370e-06
4468.1,13:26:40,8.360e-06
4469.2,13:26:41,8.360e-06
4470.4,13:26:42,8.360e-06
4471.5,13:26:44,8.350e-06
4472.7,13:26:45,8.350e-06
4473.8,13:26:46,8.350e-06
4475.0,13:26:47,8.340e-06
4476.1,13:26:48,8.340e-06
4477.3,13:26:49,8.320e-06
4478.4,13:26:50,8.320e-06
4479.6,13:26:52,8.320e-06
4480.7,13:26:53,8.320e-06
4481.9,13:26:54,8.320e-06
4483.0,13:26:55,8.310e-06
4484.2,13:26:56,8.300e-06
4485.4,13:26:57,8.300e-06
4486.5,13:26:59,8.290e-06
4487.7,13:27:00,8.290e-06
4488.8,13:27:01,8.290e-06
4490.0,13:27:02,8.270e-06
4491.1,13:27:03,8.270e-06
4492.2,13:27:04,8.270e-06
4493.4,13:27:05,8.270e-06
4494.6,13:27:07,8.270e-06
4495.7,13:27:08,8.270e-06
4496.9,13:27:09,8.260e-06
4498.0,13:27:10,8.260e-06
4499.2,13:27:11,8.260e-06
4500.3,13:27:12,8.260e-06
4501.5,13:27:13,8.250e-06
4502.6,13:27:15,8.250e-06
4503.8,13:27:16,8.250e-06
4504.9,13:27:17,8.230e-06
4506.1,13:27:18,8.230e-06
4507.2,13:27:19,8.230e-06
4508.4,13:27:20,8.210e-06
4509.5,13:27:22,8.210e-06
4510.7,13:27:23,8.220e-06
4511.9,13:27:24,8.210e-06
4513.0,13:27:25,8.200e-06
4514.2,13:27:26,8.210e-06
4515.3,13:27:27,8.200e-06
4516.5,13:27:29,8.190e-06
4517.6,13:27:30,8.190e-06
4518.8,13:27:31,8.190e-06
4519.9,13:27:32,8.190e-06
4521.1,13:27:33,8.180e-06
4522.2,13:27:34,8.170e-06
4523.4,13:27:35,8.180e-06
4524.5,13:27:37,8.180e-06
4525.7,13:27:38,8.180e-06
4526.8,13:27:39,8.170e-06
4528.0,13:27:40,8.170e-06
4529.1,13:27:41,8.170e-06
4530.3,13:27:42,8.170e-06
4531.4,13:27:43,8.170e-06
4532.6,13:27:45,8.170e-06
4533.7,13:27:46,8.160e-06
4534.9,13:27:47,8.160e-06
4536.0,13:27:48,8.140e-06
4537.2,13:27:49,8.130e-06
4538.3,13:27:50,8.130e-06
4539.5,13:27:52,8.120e-06
4540.6,13:27:53,8.120e-06
4541.8,13:27:54,8.110e-06
4542.9,13:27:55,8.110e-06
4544.1,13:27:56,8.130e-06
4545.2,13:27:57,8.120e-06
4546.4,13:27:58,8.120e-06
4547.5,13:28:00,8.110e-06
4548.7,13:28:01,8.110e-06
4549.8,13:28:02,8.110e-06
4551.0,13:28:03,8.110e-06
4552.1,13:28:04,8.110e-06
4553.3,13:28:05,8.110e-06
4554.5,13:28:06,8.100e-06
4555.6,13:28:08,8.100e-06
4556.8,13:28:09,8.100e-06
4557.9,13:28:10,8.090e-06
4559.1,13:28:11,8.090e-06
4560.2,13:28:12,8.090e-06
4561.3,13:28:13,8.090e-06
4562.5,13:28:15,8.090e-06
4563.6,13:28:16,8.080e-06
4564.8,13:28:17,8.080e-06
4565.9,13:28:18,8.080e-06
4567.1,13:28:19,8.080e-06
4568.3,13:28:20,8.070e-06
4569.4,13:28:21,8.070e-06
4570.6,13:28:23,8.070e-06
4571.7,13:28:24,8.050e-06
4572.9,13:28:25,8.050e-06
4574.0,13:28:26,8.050e-06
4575.2,13:28:27,8.040e-06
4576.3,13:28:28,8.030e-06
4577.5,13:28:30,8.030e-06
4578.6,13:28:31,8.030e-06
4579.8,13:28:32,8.020e-06
4580.9,13:28:33,8.020e-06
4582.1,13:28:34,8.020e-06
4583.2,13:28:35,8.020e-06
4584.4,13:28:36,8.010e-06
4585.5,13:28:38,8.010e-06
4586.7,13:28:39,8.010e-06
4587.8,13:28:40,8.010e-06
4589.0,13:28:41,8.010e-06
4590.1,13:28:42,8.010e-06
4591.3,13:28:43,8.010e-06
4592.4,13:28:44,8.010e-06
4593.6,13:28:46,8.000e-06
4594.7,13:28:47,8.000e-06
4595.9,13:28:48,8.000e-06
4597.0,13:28:49,8.000e-06
4598.2,13:28:50,7.990e-06
4599.3,13:28:51,7.990e-06
4600.5,13:28:53,7.990e-06
4601.6,13:28:54,7.980e-06
4602.8,13:28:55,7.990e-06
4604.0,13:28:56,7.980e-06
4605.1,13:28:57,7.980e-06
4606.2,13:28:58,7.980e-06
4607.4,13:28:59,7.980e-06
4608.5,13:29:01,7.960e-06
4609.7,13:29:02,7.960e-06
4610.9,13:29:03,7.960e-06
4612.0,13:29:04,7.960e-06
4613.2,13:29:05,7.960e-06
4614.3,13:29:06,7.950e-06
4615.5,13:29:08,7.950e-06
4616.6,13:29:09,7.950e-06
4617.8,13:29:10,7.950e-06
4618.9,13:29:11,7.950e-06
4620.1,13:29:12,7.940e-06
4621.2,13:29:13,7.940e-06
4622.4,13:29:14,7.940e-06
4623.5,13:29:16,7.930e-06
4624.7,13:29:17,7.930e-06
4625.8,13:29:18,7.930e-06
4627.0,13:29:19,7.930e-06
4628.1,13:29:20,7.920e-06
4629.3,13:29:21,7.920e-06
4630.4,13:29:22,7.920e-06
4631.6,13:29:24,7.910e-06
4632.7,13:29:25,7.910e-06
4633.9,13:29:26,7.900e-06
4635.0,13:29:27,7.900e-06
4636.2,13:29:28,7.900e-06
4637.3,13:29:29,7.890e-06
4638.5,13:29:31,7.890e-06
4639.6,13:29:32,7.890e-06
4640.8,13:29:33,7.890e-06
4641.9,13:29:34,7.890e-06
4643.1,13:29:35,7.890e-06
4644.2,13:29:36,7.890e-06
4645.4,13:29:37,7.890e-06
4646.5,13:29:39,7.890e-06
4647.7,13:29:40,7.870e-06
4648.8,13:29:41,7.870e-06
4650.0,13:29:42,7.870e-06
4651.1,13:29:43,7.860e-06
4652.3,13:29:44,7.860e-06
4653.4,13:29:45,7.860e-06
4654.6,13:29:47,7.850e-06
4655.7,13:29:48,7.850e-06
4656.9,13:29:49,7.850e-06
4658.0,13:29:50,7.850e-06
4659.2,13:29:51,7.850e-06
4660.3,13:29:52,7.840e-06
4661.5,13:29:54,7.840e-06
4662.6,13:29:55,7.840e-06
4663.8,13:29:56,7.840e-06
4664.9,13:29:57,7.830e-06
4666.1,13:29:58,7.830e-06
4667.2,13:29:59,7.830e-06
4668.4,13:30:00,7.830e-06
4669.5,13:30:02,7.810e-06
4670.7,13:30:03,7.810e-06
4671.8,13:30:04,7.810e-06
4673.0,13:30:05,7.810e-06
4674.1,13:30:06,7.800e-06
4675.3,13:30:07,7.800e-06
4676.4,13:30:08,7.780e-06
4677.6,13:30:10,7.780e-06
4678.7,13:30:11,7.780e-06
4679.9,13:30:12,7.780e-06
4681.0,13:30:13,7.780e-06
4682.2,13:30:14,7.770e-06
4683.3,13:30:15,7.770e-06
4684.5,13:30:17,7.770e-06
4685.6,13:30:18,7.760e-06
4686.8,13:30:19,7.760e-06
4688.0,13:30:20,7.760e-06
4689.1,13:30:21,7.750e-06
4690.2,13:30:22,7.750e-06
4691.4,13:30:23,7.750e-06
4692.5,13:30:25,7.740e-06
4693.7,13:30:26,7.740e-06
4694.8,13:30:27,7.740e-06
4696.0,13:30:28,7.730e-06
4697.1,13:30:29,7.730e-06
4698.3,13:30:30,7.730e-06
4699.4,13:30:31,7.720e-06
4700.6,13:30:33,7.720e-06
4701.7,13:30:34,7.720e-06
4702.9,13:30:35,7.720e-06
4704.0,13:30:36,7.700e-06
4705.2,13:30:37,7.700e-06
4706.3,13:30:38,7.700e-06
4707.5,13:30:40,7.700e-06
4708.7,13:30:41,7.700e-06
4709.8,13:30:42,7.690e-06
4711.0,13:30:43,7.690e-06
4712.1,13:30:44,7.690e-06
4713.3,13:30:45,7.690e-06
4714.4,13:30:46,7.690e-06
4715.5,13:30:48,7.680e-06
4716.7,13:30:49,7.680e-06
4717.9,13:30:50,7.680e-06
4719.0,13:30:51,7.680e-06
4720.2,13:30:52,7.670e-06
4721.3,13:30:53,7.670e-06
4722.5,13:30:55,7.670e-06
4723.6,13:30:56,7.670e-06
4724.8,13:30:57,7.670e-06
4725.9,13:30:58,7.670e-06
4727.1,13:30:59,7.670e-06
4728.2,13:31:00,7.680e-06
4729.4,13:31:01,7.680e-06
4730.5,13:31:03,7.680e-06
4731.7,13:31:04,7.690e-06
4732.9,13:31:05,7.690e-06
4734.0,13:31:06,7.700e-06
4735.2,13:31:07,7.700e-06
4736.3,13:31:08,7.700e-06
4737.5,13:31:10,7.720e-06
4738.6,13:31:11,7.720e-06
4739.8,13:31:12,7.730e-06
4740.9,13:31:13,7.730e-06
4742.1,13:31:14,7.730e-06
4743.2,13:31:15,7.740e-06
4744.4,13:31:16,7.740e-06
4745.5,13:31:18,7.750e-06
4746.7,13:31:19,7.750e-06
4747.8,13:31:20,7.750e-06
4749.0,13:31:21,7.750e-06
4750.1,13:31:22,7.760e-06
4751.3,13:31:23,7.760e-06
4752.4,13:31:24,7.770e-06
4753.6,13:31:26,7.780e-06
4754.7,13:31:27,7.770e-06
4755.9,13:31:28,7.780e-06
4757.0,13:31:29,7.780e-06
4758.2,13:31:30,7.800e-06
4759.4,13:31:31,7.800e-06
4760.5,13:31:33,7.800e-06
4761.6,13:31:34,7.810e-06
4762.8,13:31:35,7.810e-06
4763.9,13:31:36,7.810e-06
4765.1,13:31:37,7.810e-06
4766.2,13:31:38,7.810e-06
4767.4,13:31:39,7.810e-06
4768.6,13:31:41,7.810e-06
4769.7,13:31:42,7.810e-06
4770.8,13:31:43,7.810e-06
4772.0,13:31:44,7.820e-06
4773.2,13:31:45,7.820e-06
4774.3,13:31:46,7.820e-06
4775.5,13:31:48,7.830e-06
4776.6,13:31:49,7.830e-06
4777.8,13:31:50,7.830e-06
4778.9,13:31:51,7.830e-06
4780.1,13:31:52,7.840e-06
4781.2,13:31:53,7.840e-06
4782.4,13:31:54,7.850e-06
4783.5,13:31:56,7.850e-06
4784.7,13:31:57,7.850e-06
4785.9,13:31:58,7.850e-06
4787.0,13:31:59,7.860e-06
4788.2,13:32:00,7.860e-06
4789.3,13:32:01,7.910e-06
4790.5,13:32:03,7.900e-06
4791.7,13:32:04,7.900e-06
4792.8,13:32:05,7.900e-06
4794.0,13:32:06,7.900e-06
4795.1,13:32:07,7.910e-06
4796.3,13:32:08,7.910e-06
4797.5,13:32:09,7.910e-06
4798.6,13:32:11,7.910e-06
4799.8,13:32:12,7.920e-06
4800.9,13:32:13,7.920e-06
4802.1,13:32:14,7.930e-06
4803.2,13:32:15,7.930e-06
4804.4,13:32:16,7.930e-06
4805.5,13:32:18,7.930e-06
4806.7,13:32:19,7.940e-06
4807.8,13:32:20,7.940e-06
4809.0,13:32:21,7.940e-06
4810.1,13:32:22,7.950e-06
4811.3,13:32:23,7.950e-06
4812.4,13:32:24,7.960e-06
4813.6,13:32:26,7.960e-06
4814.7,13:32:27,7.960e-06
4815.9,13:32:28,7.960e-06
4817.0,13:32:29,7.960e-06
4818.2,13:32:30,7.960e-06
4819.4,13:32:31,7.960e-06
4820.5,13:32:33,7.980e-06
4821.7,13:32:34,7.980e-06
4822.8,13:32:35,7.990e-06
4824.0,13:32:36,7.990e-06
4825.1,13:32:37,7.990e-06
4826.3,13:32:38,7.990e-06
4827.4,13:32:39,7.990e-06
4828.6,13:32:41,7.990e-06
4829.7,13:32:42,8.000e-06
4830.9,13:32:43,7.990e-06
4832.0,13:32:44,7.990e-06
4833.2,13:32:45,8.000e-06
4834.4,13:32:46,8.000e-06
4835.5,13:32:48,8.010e-06
4836.7,13:32:49,8.000e-06
4837.8,13:32:50,8.000e-06
4839.0,13:32:51,8.010e-06
4840.1,13:32:52,8.010e-06
4841.3,13:32:53,8.010e-06
4842.4,13:32:54,8.020e-06
4843.6,13:32:56,8.020e-06
4844.7,13:32:57,8.010e-06
4845.9,13:32:58,8.020e-06
4847.0,13:32:59,8.020e-06
4848.2,13:33:00,8.020e-06
4849.4,13:33:01,8.020e-06
4850.5,13:33:03,8.030e-06
4851.7,13:33:04,8.030e-06
4852.8,13:33:05,8.030e-06
4854.0,13:33:06,8.030e-06
4855.1,13:33:07,8.030e-06
4856.3,13:33:08,8.030e-06
4857.4,13:33:09,8.030e-06
4858.6,13:33:11,8.040e-06
4859.8,13:33:12,8.040e-06
4860.9,13:33:13,8.040e-06
4862.1,13:33:14,8.040e-06
4863.2,13:33:15,8.040e-06
4864.4,13:33:16,8.040e-06
4865.5,13:33:18,8.030e-06
4866.7,13:33:19,8.030e-06
4867.8,13:33:20,8.030e-06
4869.0,13:33:21,8.030e-06
4870.1,13:33:22,8.030e-06
4871.3,13:33:23,8.030e-06
4872.4,13:33:24,8.040e-06
4873.6,13:33:26,8.040e-06
4874.7,13:33:27,8.040e-06
4875.9,13:33:28,8.030e-06
4877.0,13:33:29,8.040e-06
4878.2,13:33:30,8.040e-06
4879.3,13:33:31,8.040e-06
4880.5,13:33:33,8.040e-06
4881.7,13:33:34,8.040e-06
4882.8,13:33:35,8.050e-06
4884.0,13:33:36,8.050e-06
4885.1,13:33:37,8.050e-06
4886.3,13:33:38,8.050e-06
4887.4,13:33:39,8.050e-06
4888.6,13:33:41,8.050e-06
4889.7,13:33:42,8.050e-06
4890.9,13:33:43,8.070e-06
4892.0,13:33:44,8.070e-06
4893.2,13:33:45,8.070e-06
4894.3,13:33:46,8.070e-06
4895.5,13:33:48,8.070e-06
4896.6,13:33:49,8.070e-06
4897.8,13:33:50,8.070e-06
4898.9,13:33:51,8.070e-06
4900.1,13:33:52,8.070e-06
4901.2,13:33:53,8.070e-06
4902.4,13:33:54,8.070e-06
4903.5,13:33:56,8.070e-06
4904.7,13:33:57,8.070e-06
4905.8,13:33:58,8.070e-06
4907.0,13:33:59,8.070e-06
4908.1,13:34:00,8.070e-06
4909.3,13:34:01,8.050e-06
4910.4,13:34:02,8.050e-06
4911.6,13:34:04,8.050e-06
4912.8,13:34:05,8.050e-06
4913.9,13:34:06,8.050e-06
4915.1,13:34:07,8.050e-06
4916.2,13:34:08,8.050e-06
4917.4,13:34:09,8.070e-06
4918.5,13:34:11,8.050e-06
4919.7,13:34:12,8.050e-06
4920.8,13:34:13,8.050e-06
4922.0,13:34:14,8.070e-06
4923.1,13:34:15,8.050e-06
4924.3,13:34:16,8.050e-06
4925.4,13:34:17,8.050e-06
4926.6,13:34:19,8.050e-06
4927.7,13:34:20,8.050e-06
4928.9,13:34:21,8.050e-06
4930.0,13:34:22,8.050e-06
4931.2,13:34:23,8.050e-06
4932.3,13:34:24,8.050e-06
4933.5,13:34:26,8.050e-06
4934.7,13:34:27,8.050e-06
4935.8,13:34:28,8.050e-06
4937.0,13:34:29,8.050e-06
4938.1,13:34:30,8.050e-06
4939.3,13:34:31,8.040e-06
4940.5,13:34:33,8.040e-06
4941.6,13:34:34,8.040e-06
4942.8,13:34:35,8.040e-06
4943.9,13:34:36,8.040e-06
4945.1,13:34:37,8.040e-06
4946.2,13:34:38,8.040e-06
4947.4,13:34:39,8.040e-06
4948.5,13:34:41,8.040e-06
4949.7,13:34:42,8.040e-06
4950.8,13:34:43,8.030e-06
4952.0,13:34:44,8.030e-06
4953.2,13:34:45,8.030e-06
4954.3,13:34:46,8.030e-06
4955.5,13:34:48,8.030e-06
4956.6,13:34:49,8.030e-06
4957.8,13:34:50,8.030e-06
4958.9,13:34:51,8.030e-06
4960.1,13:34:52,8.030e-06
4961.2,13:34:53,8.030e-06
4962.4,13:34:54,8.030e-06
4963.5,13:34:56,8.020e-06
4964.7,13:34:57,8.020e-06
4965.8,13:34:58,8.020e-06
4967.0,13:34:59,8.010e-06
4968.1,13:35:00,8.010e-06
4969.3,13:35:01,8.000e-06
4970.4,13:35:02,8.010e-06
4971.6,13:35:04,8.010e-06
4972.7,13:35:05,8.010e-06
4973.9,13:35:06,8.000e-06
4975.1,13:35:07,7.990e-06
4976.2,13:35:08,7.990e-06
4977.4,13:35:09,8.000e-06
4978.5,13:35:11,8.000e-06
4979.7,13:35:12,8.000e-06
4980.8,13:35:13,7.990e-06
4982.0,13:35:14,7.990e-06
4983.1,13:35:15,7.990e-06
4984.3,13:35:16,7.990e-06
4985.4,13:35:17,7.990e-06
4986.6,13:35:19,7.990e-06
4987.7,13:35:20,7.990e-06
4988.9,13:35:21,7.990e-06
4990.0,13:35:22,7.990e-06
4991.2,13:35:23,7.990e-06
4992.3,13:35:24,7.980e-06
4993.5,13:35:26,7.980e-06
4994.6,13:35:27,7.990e-06
4995.8,13:35:28,7.990e-06
4996.9,13:35:29,7.980e-06
4998.1,13:35:30,7.980e-06
4999.3,13:35:31,7.980e-06
5000.4,13:35:32,7.980e-06
5001.6,13:35:34,7.980e-06
5002.7,13:35:35,7.980e-06
5003.9,13:35:36,7.980e-06
5005.0,13:35:37,7.980e-06
5006.2,13:35:38,7.980e-06
5007.4,13:35:39,7.980e-06
5008.5,13:35:41,7.980e-06
5009.7,13:35:42,7.960e-06
5010.8,13:35:43,7.960e-06
5012.0,13:35:44,7.960e-06
5013.1,13:35:45,7.960e-06
5014.3,13:35:46,7.960e-06
5015.4,13:35:47,7.960e-06
5016.6,13:35:49,7.960e-06
5017.7,13:35:50,7.960e-06
5018.9,13:35:51,7.950e-06
5020.1,13:35:52,7.960e-06
5021.2,13:35:53,7.960e-06
5022.4,13:35:54,7.950e-06
5023.5,13:35:56,7.940e-06
5024.7,13:35:57,7.930e-06
5025.9,13:35:58,7.930e-06
5027.0,13:35:59,7.930e-06
5028.2,13:36:00,7.930e-06
5029.3,13:36:01,7.950e-06
5030.5,13:36:03,7.940e-06
5031.6,13:36:04,7.940e-06
5032.8,13:36:05,7.940e-06
5033.9,13:36:06,7.940e-06
5035.1,13:36:07,7.930e-06
5036.2,13:36:08,7.930e-06
5037.4,13:36:09,7.930e-06
5038.5,13:36:11,7.930e-06
5039.7,13:36:12,7.930e-06
5040.8,13:36:13,7.930e-06
5042.0,13:36:14,7.930e-06
5043.1,13:36:15,7.930e-06
5044.3,13:36:16,7.930e-06
5045.4,13:36:17,7.920e-06
5046.6,13:36:19,7.920e-06
5047.7,13:36:20,7.920e-06
5048.9,13:36:21,7.920e-06
5050.0,13:36:22,7.920e-06
5051.2,13:36:23,7.910e-06
5052.3,13:36:24,7.910e-06
5053.5,13:36:26,7.910e-06
5054.6,13:36:27,7.910e-06
5055.8,13:36:28,7.910e-06
5056.9,13:36:29,7.910e-06
5058.1,13:36:30,7.910e-06
5059.2,13:36:31,7.910e-06
5060.4,13:36:32,7.910e-06
5061.6,13:36:34,7.900e-06
5062.7,13:36:35,7.900e-06
5063.9,13:36:36,7.900e-06
5065.0,13:36:37,7.900e-06
5066.2,13:36:38,7.900e-06
5067.3,13:36:39,7.900e-06
5068.5,13:36:41,7.900e-06
5069.6,13:36:42,7.900e-06
5070.8,13:36:43,7.870e-06
5071.9,13:36:44,7.870e-06
5073.1,13:36:45,7.870e-06
5074.2,13:36:46,7.870e-06
5075.4,13:36:47,7.860e-06
5076.5,13:36:49,7.860e-06
5077.7,13:36:50,7.850e-06
5078.9,13:36:51,7.850e-06
5080.0,13:36:52,7.850e-06
5081.2,13:36:53,7.850e-06
5082.3,13:36:54,7.850e-06
5083.5,13:36:56,7.850e-06
5084.6,13:36:57,7.850e-06
5085.8,13:36:58,7.840e-06
5086.9,13:36:59,7.840e-06
5088.1,13:37:00,7.840e-06
5089.2,13:37:01,7.840e-06
5090.4,13:37:02,7.830e-06
5091.5,13:37:04,7.830e-06
5092.7,13:37:05,7.830e-06
5093.9,13:37:06,7.830e-06
5095.0,13:37:07,7.830e-06
5096.1,13:37:08,7.820e-06
5097.3,13:37:09,7.830e-06
5098.5,13:37:10,7.830e-06
5099.6,13:37:12,7.820e-06
5100.8,13:37:13,7.810e-06
5101.9,13:37:14,7.820e-06
5103.1,13:37:15,7.810e-06
5104.2,13:37:16,7.810e-06
5105.4,13:37:17,7.810e-06
5106.5,13:37:19,7.810e-06
5107.7,13:37:20,7.810e-06
5108.8,13:37:21,7.810e-06
5110.0,13:37:22,7.810e-06
5111.1,13:37:23,7.800e-06
5112.3,13:37:24,7.800e-06
5113.5,13:37:26,7.800e-06
5114.6,13:37:27,7.800e-06
5115.8,13:37:28,7.780e-06
5116.9,13:37:29,7.780e-06
5118.1,13:37:30,7.780e-06
5119.2,13:37:31,7.780e-06
5120.4,13:37:32,7.780e-06
5121.5,13:37:34,7.780e-06
5122.7,13:37:35,7.780e-06
5123.8,13:37:36,7.780e-06
5125.0,13:37:37,7.780e-06
5126.1,13:37:38,7.770e-06
5127.3,13:37:39,7.780e-06
5128.4,13:37:40,7.770e-06
5129.6,13:37:42,7.770e-06
5130.7,13:37:43,7.770e-06
5131.9,13:37:44,7.770e-06
5133.0,13:37:45,7.760e-06
5134.2,13:37:46,7.760e-06
5135.4,13:37:47,7.760e-06
5136.5,13:37:49,7.760e-06
5137.6,13:37:50,7.760e-06
5138.8,13:37:51,7.760e-06
5140.0,13:37:52,7.750e-06
5141.1,13:37:53,7.750e-06
5142.3,13:37:54,7.750e-06
5143.4,13:37:55,7.750e-06
5144.6,13:37:57,7.740e-06
5145.7,13:37:58,7.740e-06
5146.9,13:37:59,7.730e-06
5148.0,13:38:00,7.730e-06
5149.2,13:38:01,7.730e-06
5150.3,13:38:02,7.730e-06
5151.5,13:38:04,7.720e-06
5152.6,13:38:05,7.720e-06
5153.8,13:38:06,7.720e-06
5154.9,13:38:07,7.700e-06
5156.1,13:38:08,7.700e-06
5157.2,13:38:09,7.700e-06
5158.4,13:38:10,7.700e-06
5159.6,13:38:12,7.700e-06
5160.7,13:38:13,7.690e-06
5161.9,13:38:14,7.690e-06
5163.0,13:38:15,7.690e-06
5164.2,13:38:16,7.720e-06
5165.3,13:38:17,7.700e-06
5166.5,13:38:19,7.700e-06
5167.6,13:38:20,7.700e-06
5168.8,13:38:21,7.700e-06
5170.0,13:38:22,7.690e-06
5171.1,13:38:23,7.680e-06
5172.3,13:38:24,7.680e-06
5173.4,13:38:25,7.670e-06
5174.6,13:38:27,7.670e-06
5175.7,13:38:28,7.670e-06
5176.9,13:38:29,7.670e-06
5178.0,13:38:30,7.670e-06
5179.2,13:38:31,7.670e-06
5180.3,13:38:32,7.660e-06
5181.5,13:38:34,7.670e-06
5182.6,13:38:35,7.660e-06
5183.8,13:38:36,7.660e-06
5185.0,13:38:37,7.660e-06
5186.1,13:38:38,7.660e-06
5187.3,13:38:39,7.660e-06
5188.4,13:38:40,7.660e-06
5189.6,13:38:42,7.650e-06
5190.7,13:38:43,7.650e-06
5191.9,13:38:44,7.650e-06
5193.0,13:38:45,7.650e-06
5194.2,13:38:46,7.650e-06
5195.3,13:38:47,7.650e-06
5196.5,13:38:49,7.650e-06
5197.6,13:38:50,7.640e-06
5198.8,13:38:51,7.640e-06
5199.9,13:38:52,7.640e-06
5201.1,13:38:53,7.640e-06
5202.3,13:38:54,7.640e-06
5203.4,13:38:55,7.630e-06
5204.6,13:38:57,7.630e-06
5205.7,13:38:58,7.630e-06
5206.9,13:38:59,7.630e-06
5208.0,13:39:00,7.630e-06
5209.2,13:39:01,7.630e-06
5210.3,13:39:02,7.610e-06
5211.5,13:39:04,7.610e-06
5212.6,13:39:05,7.610e-06
5213.8,13:39:06,7.610e-06
5214.9,13:39:07,7.600e-06
5216.1,13:39:08,7.600e-06
5217.2,13:39:09,7.600e-06
5218.4,13:39:10,7.600e-06
5219.5,13:39:12,7.600e-06
5220.7,13:39:13,7.600e-06
5221.9,13:39:14,7.590e-06
5223.0,13:39:15,7.590e-06
5224.2,13:39:16,7.590e-06
5225.3,13:39:17,7.590e-06
5226.5,13:39:19,7.580e-06
5227.6,13:39:20,7.580e-06
5228.8,13:39:21,7.580e-06
5229.9,13:39:22,7.580e-06
5231.1,13:39:23,7.570e-06
5232.2,13:39:24,7.570e-06
5233.4,13:39:25,7.570e-06
5234.5,13:39:27,7.570e-06
5235.7,13:39:28,7.570e-06
5236.8,13:39:29,7.560e-06
5238.0,13:39:30,7.570e-06
5239.1,13:39:31,7.560e-06
5240.3,13:39:32,7.560e-06
5241.5,13:39:33,7.550e-06
5242.6,13:39:35,7.560e-06
5243.8,13:39:36,7.560e-06
5244.9,13:39:37,7.550e-06
5246.1,13:39:38,7.550e-06
5247.2,13:39:39,7.550e-06
5248.4,13:39:40,7.550e-06
5249.5,13:39:42,7.550e-06
5250.7,13:39:43,7.550e-06
5251.8,13:39:44,7.540e-06
5253.0,13:39:45,7.520e-06
5254.1,13:39:46,7.520e-06
5255.3,13:39:47,7.520e-06
5256.4,13:39:48,7.540e-06
5257.6,13:39:50,7.520e-06
5258.7,13:39:51,7.520e-06
5259.9,13:39:52,7.520e-06
5261.1,13:39:53,7.510e-06
5262.2,13:39:54,7.510e-06
5263.4,13:39:55,7.510e-06
5264.5,13:39:57,7.510e-06
5265.7,13:39:58,7.510e-06
5266.8,13:39:59,7.510e-06
5268.0,13:40:00,7.500e-06
5269.1,13:40:01,7.500e-06
5270.3,13:40:02,7.500e-06
5271.4,13:40:03,7.490e-06
5272.6,13:40:05,7.500e-06
5273.7,13:40:06,7.500e-06
5274.9,13:40:07,7.490e-06
5276.0,13:40:08,7.490e-06
5277.2,13:40:09,7.470e-06
5278.3,13:40:10,7.470e-06
5279.5,13:40:12,7.470e-06
5280.7,13:40:13,7.460e-06
5281.8,13:40:14,7.470e-06
5283.0,13:40:15,7.460e-06
5284.1,13:40:16,7.470e-06
5285.3,13:40:17,7.460e-06
5286.4,13:40:18,7.460e-06
5287.6,13:40:20,7.450e-06
5288.7,13:40:21,7.450e-06
5289.9,13:40:22,7.450e-06
5291.0,13:40:23,7.450e-06
5292.2,13:40:24,7.450e-06
5293.3,13:40:25,7.450e-06
5294.5,13:40:27,7.450e-06
5295.7,13:40:28,7.430e-06
5296.8,13:40:29,7.430e-06
5298.0,13:40:30,7.420e-06
5299.1,13:40:31,7.430e-06
5300.3,13:40:32,7.430e-06
5301.4,13:40:33,7.420e-06
5302.6,13:40:35,7.420e-06
5303.7,13:40:36,7.420e-06
5304.9,13:40:37,7.420e-06
5306.0,13:40:38,7.420e-06
5307.2,13:40:39,7.410e-06
5308.3,13:40:40,7.410e-06
5309.5,13:40:42,7.410e-06
5310.6,13:40:43,7.400e-06
5311.8,13:40:44,7.400e-06
5312.9,13:40:45,7.400e-06
5314.1,13:40:46,7.400e-06
5315.3,13:40:47,7.400e-06
5316.4,13:40:48,7.400e-06
5317.6,13:40:50,7.390e-06
5318.7,13:40:51,7.390e-06
5319.9,13:40:52,7.390e-06
5321.0,13:40:53,7.390e-06
5322.2,13:40:54,7.390e-06
5323.3,13:40:55,7.380e-06
5324.5,13:40:57,7.380e-06
5325.6,13:40:58,7.370e-06
5326.8,13:40:59,7.370e-06
5327.9,13:41:00,7.350e-06
5329.1,13:41:01,7.350e-06
5330.2,13:41:02,7.350e-06
5331.4,13:41:03,7.350e-06
5332.6,13:41:05,7.350e-06
5333.7,13:41:06,7.350e-06
5334.9,13:41:07,7.340e-06
5336.0,13:41:08,7.350e-06
5337.2,13:41:09,7.350e-06
5338.3,13:41:10,7.350e-06
5339.5,13:41:12,7.350e-06
5340.6,13:41:13,7.340e-06
5341.8,13:41:14,7.340e-06
5343.0,13:41:15,7.340e-06
5344.1,13:41:16,7.340e-06
5345.3,13:41:17,7.340e-06
5346.4,13:41:18,7.340e-06
5347.6,13:41:20,7.340e-06
5348.7,13:41:21,7.330e-06
5349.9,13:41:22,7.330e-06
5351.0,13:41:23,7.330e-06
5352.2,13:41:24,7.330e-06
5353.3,13:41:25,7.320e-06
5354.5,13:41:27,7.320e-06
5355.6,13:41:28,7.320e-06
5356.8,13:41:29,7.320e-06
5357.9,13:41:30,7.320e-06
5359.1,13:41:31,7.320e-06
5360.2,13:41:32,7.320e-06
5361.4,13:41:33,7.320e-06
5362.5,13:41:35,7.310e-06
5363.7,13:41:36,7.310e-06
5364.8,13:41:37,7.310e-06
5366.0,13:41:38,7.310e-06
5367.1,13:41:39,7.310e-06
5368.3,13:41:40,7.310e-06
5369.5,13:41:41,7.300e-06
5370.6,13:41:43,7.300e-06
5371.8,13:41:44,7.300e-06
5372.9,13:41:45,7.300e-06
5374.1,13:41:46,7.300e-06
5375.2,13:41:47,7.290e-06
5376.4,13:41:48,7.290e-06
5377.5,13:41:50,7.290e-06
5378.7,13:41:51,7.290e-06
5379.8,13:41:52,7.290e-06
5381.0,13:41:53,7.290e-06
5382.1,13:41:54,7.260e-06
5383.3,13:41:55,7.260e-06
5384.4,13:41:56,7.260e-06
5385.6,13:41:58,7.250e-06
5386.7,13:41:59,7.260e-06
5387.9,13:42:00,7.250e-06
5389.1,13:42:01,7.250e-06
5390.2,13:42:02,7.250e-06
5391.3,13:42:03,7.250e-06
5392.5,13:42:05,7.250e-06
5393.7,13:42:06,7.240e-06
5394.8,13:42:07,7.250e-06
5396.0,13:42:08,7.240e-06
5397.1,13:42:09,7.240e-06
5398.3,13:42:10,7.230e-06
5399.4,13:42:11,7.240e-06
5400.6,13:42:13,7.240e-06
5401.8,13:42:14,7.230e-06
5402.9,13:42:15,7.220e-06
5404.1,13:42:16,7.220e-06
5405.2,13:42:17,7.230e-06
5406.4,13:42:18,7.220e-06
5407.5,13:42:20,7.220e-06
5408.9,13:42:21,7.210e-06
5410.1,13:42:22,7.220e-06
5411.2,13:42:23,7.220e-06
5412.4,13:42:24,7.210e-06
5413.6,13:42:26,7.210e-06
5414.7,13:42:27,7.210e-06
5415.9,13:42:28,7.210e-06
5417.0,13:42:29,7.210e-06
5418.2,13:42:30,7.200e-06
5419.3,13:42:31,7.200e-06
5420.5,13:42:33,7.200e-06
5421.6,13:42:34,7.200e-06
5422.8,13:42:35,7.200e-06
5423.9,13:42:36,7.190e-06
5425.1,13:42:37,7.190e-06
5426.2,13:42:38,7.170e-06
5427.4,13:42:39,7.170e-06
5428.6,13:42:41,7.170e-06
5429.7,13:42:42,7.160e-06
5430.9,13:42:43,7.160e-06
5432.0,13:42:44,7.160e-06
5433.2,13:42:45,7.160e-06
5434.3,13:42:46,7.160e-06
5435.5,13:42:48,7.170e-06
5436.6,13:42:49,7.170e-06
5437.8,13:42:50,7.160e-06
5438.9,13:42:51,7.160e-06
5440.1,13:42:52,7.160e-06
5441.2,13:42:53,7.160e-06
5442.4,13:42:54,7.160e-06
5443.5,13:42:56,7.160e-06
5444.7,13:42:57,7.160e-06
5445.8,13:42:58,7.160e-06
5447.0,13:42:59,7.160e-06
5448.2,13:43:00,7.160e-06
5449.3,13:43:01,7.160e-06
5450.5,13:43:03,7.160e-06
5451.6,13:43:04,7.160e-06
5452.8,13:43:05,7.150e-06
5453.9,13:43:06,7.150e-06
5455.1,13:43:07,7.150e-06
5456.3,13:43:08,7.140e-06
5457.4,13:43:09,7.140e-06
5458.6,13:43:11,7.140e-06
5459.7,13:43:12,7.140e-06
5460.9,13:43:13,7.140e-06
5462.0,13:43:14,7.140e-06
5463.2,13:43:15,7.140e-06
5464.3,13:43:16,7.140e-06
5465.5,13:43:18,7.130e-06
5466.6,13:43:19,7.130e-06
5467.8,13:43:20,7.130e-06
5468.9,13:43:21,7.130e-06
5470.1,13:43:22,7.120e-06
5471.2,13:43:23,7.120e-06
5472.4,13:43:24,7.120e-06
5473.6,13:43:26,7.120e-06
5474.7,13:43:27,7.120e-06
5475.9,13:43:28,7.110e-06
5477.1,13:43:29,7.110e-06
5478.2,13:43:30,7.110e-06
5479.4,13:43:31,7.110e-06
5480.5,13:43:33,7.110e-06
5481.7,13:43:34,7.110e-06
5482.8,13:43:35,7.100e-06
5484.0,13:43:36,7.110e-06
5485.1,13:43:37,7.100e-06
5486.3,13:43:38,7.100e-06
5487.5,13:43:40,7.100e-06
5488.6,13:43:41,7.080e-06
5489.8,13:43:42,7.070e-06
5490.9,13:43:43,7.070e-06
5492.1,13:43:44,7.070e-06
5493.2,13:43:45,7.070e-06
5494.4,13:43:46,7.060e-06
5495.5,13:43:48,7.060e-06
5496.7,13:43:49,7.060e-06
5497.8,13:43:50,7.060e-06
5499.0,13:43:51,7.060e-06
5500.2,13:43:52,7.060e-06
5501.3,13:43:53,7.060e-06
5502.5,13:43:55,7.050e-06
5503.6,13:43:56,7.050e-06
5504.8,13:43:57,7.050e-06
5505.9,13:43:58,7.050e-06
5507.1,13:43:59,7.050e-06
5508.3,13:44:00,7.040e-06
5509.4,13:44:01,7.040e-06
5510.6,13:44:03,7.040e-06
5511.7,13:44:04,7.040e-06
5512.9,13:44:05,7.040e-06
5514.0,13:44:06,7.040e-06
5515.2,13:44:07,7.030e-06
5516.3,13:44:08,7.030e-06
5517.5,13:44:10,7.030e-06
5518.6,13:44:11,7.030e-06
5519.8,13:44:12,7.030e-06
5520.9,13:44:13,7.030e-06
5522.1,13:44:14,7.030e-06
5523.2,13:44:15,7.030e-06
5524.4,13:44:16,7.030e-06
5525.5,13:44:18,7.040e-06
5526.7,13:44:19,7.040e-06
5527.8,13:44:20,7.040e-06
5529.0,13:44:21,7.030e-06
5530.2,13:44:22,7.030e-06
5531.3,13:44:23,7.030e-06
5532.5,13:44:25,7.030e-06
5533.6,13:44:26,7.040e-06
5534.8,13:44:27,7.040e-06
5535.9,13:44:28,7.040e-06
5537.1,13:44:29,7.040e-06
5538.2,13:44:30,7.050e-06
5539.4,13:44:31,7.050e-06
5540.5,13:44:33,7.050e-06
5541.7,13:44:34,7.050e-06
5542.8,13:44:35,7.050e-06
5544.0,13:44:36,7.050e-06
5545.1,13:44:37,7.050e-06
5546.3,13:44:38,7.060e-06
5547.4,13:44:39,7.060e-06
5548.6,13:44:41,7.060e-06
5549.8,13:44:42,7.060e-06
5550.9,13:44:43,7.060e-06
5552.1,13:44:44,7.060e-06
5553.2,13:44:45,7.060e-06
5554.4,13:44:46,7.060e-06
5555.5,13:44:48,7.070e-06
5556.7,13:44:49,7.070e-06
5557.8,13:44:50,7.070e-06
5559.0,13:44:51,7.070e-06
5560.1,13:44:52,7.070e-06
5561.3,13:44:53,7.080e-06
5562.4,13:44:54,7.080e-06
5563.6,13:44:56,7.080e-06
5564.7,13:44:57,7.080e-06
5565.9,13:44:58,7.080e-06
5567.1,13:44:59,7.080e-06
5568.2,13:45:00,7.080e-06
5569.4,13:45:01,7.100e-06
5570.5,13:45:03,7.100e-06
5571.7,13:45:04,7.100e-06
5572.8,13:45:05,7.100e-06
5574.0,13:45:06,7.110e-06
5575.1,13:45:07,7.100e-06
5576.3,13:45:08,7.110e-06
5577.4,13:45:09,7.110e-06
5578.6,13:45:11,7.110e-06
5579.8,13:45:12,7.110e-06
5580.9,13:45:13,7.110e-06
5582.1,13:45:14,7.110e-06
5583.2,13:45:15,7.110e-06
5584.4,13:45:16,7.120e-06
5585.5,13:45:18,7.120e-06
5586.7,13:45:19,7.120e-06
5587.8,13:45:20,7.120e-06
5589.0,13:45:21,7.120e-06
5590.1,13:45:22,7.120e-06
5591.3,13:45:23,7.130e-06
5592.4,13:45:24,7.130e-06
5593.6,13:45:26,7.130e-06
5594.8,13:45:27,7.120e-06
5595.9,13:45:28,7.120e-06
5597.1,13:45:29,7.120e-06
5598.2,13:45:30,7.120e-06
5599.4,13:45:31,7.120e-06
5600.5,13:45:33,7.120e-06
5601.7,13:45:34,7.120e-06
5602.8,13:45:35,7.120e-06
5604.0,13:45:36,7.120e-06
5605.2,13:45:37,7.120e-06
5606.3,13:45:38,7.130e-06
5607.4,13:45:39,7.130e-06
5608.6,13:45:41,7.130e-06
5609.8,13:45:42,7.130e-06
5610.9,13:45:43,7.130e-06
5612.1,13:45:44,7.130e-06
5613.2,13:45:45,7.140e-06
5614.4,13:45:46,7.140e-06
5615.5,13:45:48,7.140e-06
5616.7,13:45:49,7.140e-06
5617.8,13:45:50,7.140e-06
5619.0,13:45:51,7.140e-06
5620.1,13:45:52,7.140e-06
5621.3,13:45:53,7.140e-06
5622.4,13:45:54,7.140e-06
5623.6,13:45:56,7.140e-06
5624.7,13:45:57,7.140e-06
5625.9,13:45:58,7.140e-06
5627.0,13:45:59,7.140e-06
5628.2,13:46:00,7.150e-06
5629.3,13:46:01,7.150e-06
5630.5,13:46:03,7.150e-06
5631.6,13:46:04,7.150e-06
5632.8,13:46:05,7.150e-06
5634.0,13:46:06,7.150e-06
5635.1,13:46:07,7.150e-06
5636.2,13:46:08,7.150e-06
5637.4,13:46:09,7.150e-06
5638.5,13:46:11,7.160e-06
5639.7,13:46:12,7.160e-06
5640.9,13:46:13,7.160e-06
5642.0,13:46:14,7.160e-06
5643.2,13:46:15,7.160e-06
5644.3,13:46:16,7.160e-06
5645.5,13:46:18,7.160e-06
5646.6,13:46:19,7.160e-06
5647.8,13:46:20,7.160e-06
5648.9,13:46:21,7.160e-06
5650.1,13:46:22,7.160e-06
5651.2,13:46:23,7.160e-06
5652.4,13:46:24,7.160e-06
5653.5,13:46:26,7.160e-06
5654.7,13:46:27,7.160e-06
5655.8,13:46:28,7.160e-06
5657.0,13:46:29,7.160e-06
5658.2,13:46:30,7.160e-06
5659.3,13:46:31,7.160e-06
5660.5,13:46:33,7.160e-06
5661.6,13:46:34,7.160e-06
5662.8,13:46:35,7.160e-06
5663.9,13:46:36,7.160e-06
5665.1,13:46:37,7.160e-06
5666.2,13:46:38,7.160e-06
5667.4,13:46:39,7.160e-06
5668.6,13:46:41,7.160e-06
5669.7,13:46:42,7.160e-06
5670.9,13:46:43,7.160e-06
5672.0,13:46:44,7.160e-06
5673.2,13:46:45,7.160e-06
5674.3,13:46:46,7.160e-06
5675.5,13:46:48,7.160e-06
5676.6,13:46:49,7.160e-06
5677.8,13:46:50,7.160e-06
5679.0,13:46:51,7.160e-06
5680.1,13:46:52,7.160e-06
5681.3,13:46:53,7.160e-06
5682.4,13:46:54,7.160e-06
5683.6,13:46:56,7.170e-06
5684.7,13:46:57,7.160e-06
5685.9,13:46:58,7.160e-06
5687.0,13:46:59,7.170e-06
5688.2,13:47:00,7.170e-06
5689.3,13:47:01,7.160e-06
5690.5,13:47:03,7.160e-06
5691.7,13:47:04,7.160e-06
5692.8,13:47:05,7.170e-06
5694.0,13:47:06,7.170e-06
5695.1,13:47:07,7.170e-06
5696.3,13:47:08,7.160e-06
5697.5,13:47:10,7.160e-06
5698.6,13:47:11,7.160e-06
5699.8,13:47:12,7.160e-06
5700.9,13:47:13,7.160e-06
5702.1,13:47:14,7.150e-06
5703.3,13:47:15,7.150e-06
5704.4,13:47:16,7.150e-06
5705.6,13:47:18,7.150e-06
5706.7,13:47:19,7.150e-06
5707.9,13:47:20,7.150e-06
5709.0,13:47:21,7.150e-06
5710.2,13:47:22,7.150e-06
5711.3,13:47:23,7.150e-06
5712.5,13:47:25,7.150e-06
5713.6,13:47:26,7.140e-06
5714.8,13:47:27,7.140e-06
5715.9,13:47:28,7.140e-06
5717.1,13:47:29,7.140e-06
5718.3,13:47:30,7.140e-06
5719.4,13:47:31,7.140e-06
5720.6,13:47:33,7.140e-06
5721.8,13:47:34,7.140e-06
5722.9,13:47:35,7.140e-06
5724.1,13:47:36,7.140e-06
5725.2,13:47:37,7.140e-06
5726.4,13:47:38,7.140e-06
5727.6,13:47:40,7.140e-06
5728.7,13:47:41,7.140e-06
5729.9,13:47:42,7.140e-06
5731.0,13:47:43,7.140e-06
5732.2,13:47:44,7.140e-06
5733.3,13:47:45,7.140e-06
5734.5,13:47:47,7.140e-06
5735.7,13:47:48,7.130e-06
5736.8,13:47:49,7.140e-06
5738.0,13:47:50,7.130e-06
5739.2,13:47:51,7.130e-06
5740.3,13:47:52,7.130e-06
5741.5,13:47:54,7.130e-06
5742.6,13:47:55,7.130e-06
5743.8,13:47:56,7.130e-06
5744.9,13:47:57,7.130e-06
5746.1,13:47:58,7.130e-06
5747.3,13:47:59,7.130e-06
5748.4,13:48:00,7.130e-06
5749.6,13:48:02,7.130e-06
5750.7,13:48:03,7.130e-06
5751.9,13:48:04,7.130e-06
5753.0,13:48:05,7.120e-06
5754.2,13:48:06,7.120e-06
5755.4,13:48:07,7.120e-06
5756.5,13:48:09,7.120e-06
5757.7,13:48:10,7.120e-06
5758.8,13:48:11,7.120e-06
5760.0,13:48:12,7.120e-06
5761.1,13:48:13,7.120e-06
5762.3,13:48:14,7.120e-06
5763.4,13:48:15,7.120e-06
5764.6,13:48:17,7.110e-06
5765.7,13:48:18,7.110e-06
5766.9,13:48:19,7.110e-06
5768.1,13:48:20,7.110e-06
5769.2,13:48:21,7.110e-06
5770.4,13:48:22,7.110e-06
5771.5,13:48:24,7.110e-06
5772.7,13:48:25,7.110e-06
5773.8,13:48:26,7.110e-06
5775.0,13:48:27,7.110e-06
5776.1,13:48:28,7.110e-06
5777.3,13:48:29,7.110e-06
5778.4,13:48:30,7.110e-06
5779.6,13:48:32,7.110e-06
5780.8,13:48:33,7.110e-06
5781.9,13:48:34,7.110e-06
5783.1,13:48:35,7.100e-06
5784.2,13:48:36,7.100e-06
5785.4,13:48:37,7.100e-06
5786.6,13:48:39,7.100e-06
5787.7,13:48:40,7.100e-06
5788.9,13:48:41,7.100e-06
5790.0,13:48:42,7.100e-06
5791.2,13:48:43,7.100e-06
5792.3,13:48:44,7.100e-06
5793.5,13:48:46,7.100e-06
5794.7,13:48:47,7.080e-06
5795.8,13:48:48,7.080e-06
5797.0,13:48:49,7.080e-06
5798.1,13:48:50,7.080e-06
5799.3,13:48:51,7.080e-06
5800.4,13:48:52,7.080e-06
5801.6,13:48:54,7.080e-06
5802.7,13:48:55,7.080e-06
5803.9,13:48:56,7.080e-06
5805.0,13:48:57,7.080e-06
5806.2,13:48:58,7.080e-06
5807.4,13:48:59,7.070e-06
5808.5,13:49:01,7.060e-06
5809.7,13:49:02,7.060e-06
5810.8,13:49:03,7.060e-06
5812.0,13:49:04,7.060e-06
5813.1,13:49:05,7.050e-06
5814.3,13:49:06,7.050e-06
5815.4,13:49:07,7.050e-06
5816.6,13:49:09,7.050e-06
5817.7,13:49:10,7.050e-06
5818.9,13:49:11,7.050e-06
5820.1,13:49:12,7.050e-06
5821.2,13:49:13,7.050e-06
5822.4,13:49:14,7.040e-06
5823.5,13:49:16,7.040e-06
5824.7,13:49:17,7.040e-06
5825.8,13:49:18,7.040e-06
5827.0,13:49:19,7.040e-06
5828.1,13:49:20,7.040e-06
5829.3,13:49:21,7.030e-06
5830.4,13:49:22,7.040e-06
5831.6,13:49:24,7.030e-06
5832.8,13:49:25,7.030e-06
5833.9,13:49:26,7.030e-06
5835.1,13:49:27,7.030e-06
5836.2,13:49:28,7.030e-06
5837.4,13:49:29,7.030e-06
5838.5,13:49:31,7.030e-06
5839.7,13:49:32,7.030e-06
5840.8,13:49:33,7.030e-06
5842.0,13:49:34,7.030e-06
5843.1,13:49:35,7.020e-06
5844.3,13:49:36,7.020e-06
5845.5,13:49:37,7.020e-06
5846.6,13:49:39,7.020e-06
5847.8,13:49:40,7.020e-06
5848.9,13:49:41,7.020e-06
5850.1,13:49:42,7.010e-06
5851.2,13:49:43,7.010e-06
5852.4,13:49:44,7.010e-06
5853.5,13:49:46,7.010e-06
5854.7,13:49:47,7.010e-06
5855.8,13:49:48,7.010e-06
5857.0,13:49:49,7.010e-06
5858.1,13:49:50,7.010e-06
5859.3,13:49:51,7.000e-06
5860.5,13:49:53,7.010e-06
5861.6,13:49:54,7.000e-06
5862.8,13:49:55,7.000e-06
5863.9,13:49:56,7.000e-06
5865.1,13:49:57,7.000e-06
5866.2,13:49:58,7.000e-06
5867.4,13:49:59,7.080e-06
5868.6,13:50:01,7.050e-06
5869.7,13:50:02,7.030e-06
5870.9,13:50:03,7.020e-06
5872.0,13:50:04,7.030e-06
5873.2,13:50:05,7.020e-06
5874.3,13:50:06,7.020e-06
5875.5,13:50:08,7.020e-06
5876.6,13:50:09,7.020e-06
5877.8,13:50:10,7.010e-06
5879.0,13:50:11,7.010e-06
5880.1,13:50:12,7.020e-06
5881.3,13:50:13,7.010e-06
5882.4,13:50:14,7.010e-06
5883.6,13:50:16,7.010e-06
5884.7,13:50:17,7.010e-06
5885.9,13:50:18,7.010e-06
5887.1,13:50:19,7.010e-06
5888.2,13:50:20,7.000e-06
5889.4,13:50:21,7.010e-06
5890.6,13:50:23,7.010e-06
5891.7,13:50:24,7.000e-06
5892.9,13:50:25,7.000e-06
5894.0,13:50:26,7.000e-06
5895.2,13:50:27,7.000e-06
5896.4,13:50:28,7.000e-06
5897.5,13:50:30,7.000e-06
5898.7,13:50:31,6.990e-06
5899.8,13:50:32,6.990e-06
5901.0,13:50:33,7.000e-06
5902.1,13:50:34,6.990e-06
5903.3,13:50:35,6.990e-06
5904.5,13:50:36,6.990e-06
5905.6,13:50:38,6.990e-06
5906.8,13:50:39,6.990e-06
5907.9,13:50:40,6.990e-06
5909.1,13:50:41,6.990e-06
5910.2,13:50:42,6.990e-06
5911.4,13:50:43,6.980e-06
5912.5,13:50:45,6.980e-06
5913.7,13:50:46,6.980e-06
5914.8,13:50:47,6.980e-06
5916.0,13:50:48,6.980e-06
5917.2,13:50:49,6.970e-06
5918.3,13:50:50,6.980e-06
5919.5,13:50:52,6.960e-06
5920.7,13:50:53,6.960e-06
5921.8,13:50:54,6.950e-06
5923.0,13:50:55,6.950e-06
5924.1,13:50:56,6.950e-06
5925.3,13:50:57,6.960e-06
5926.4,13:50:58,6.950e-06
5927.6,13:51:00,6.950e-06
5928.7,13:51:01,6.950e-06
5929.9,13:51:02,6.950e-06
5931.0,13:51:03,6.950e-06
5932.2,13:51:04,6.940e-06
5933.4,13:51:05,6.940e-06
5934.5,13:51:07,6.940e-06
5935.7,13:51:08,6.940e-06
5936.8,13:51:09,6.930e-06
5938.0,13:51:10,6.930e-06
5939.1,13:51:11,6.930e-06
5940.3,13:51:12,6.930e-06
5941.4,13:51:13,6.930e-06
5942.6,13:51:15,6.920e-06
5943.8,13:51:16,6.920e-06
5944.9,13:51:17,6.920e-06
5946.1,13:51:18,6.920e-06
5947.2,13:51:19,6.920e-06
5948.4,13:51:20,6.920e-06
5949.5,13:51:22,6.920e-06
5950.7,13:51:23,6.910e-06
5951.8,13:51:24,6.910e-06
5953.0,13:51:25,6.910e-06
5954.2,13:51:26,6.910e-06
5955.3,13:51:27,6.910e-06
5956.5,13:51:29,6.900e-06
5957.7,13:51:30,6.900e-06
5958.8,13:51:31,6.900e-06
5960.0,13:51:32,6.900e-06
5961.1,13:51:33,6.900e-06
5962.3,13:51:34,6.900e-06
5963.4,13:51:35,6.900e-06
5964.6,13:51:37,6.900e-06
5965.7,13:51:38,6.890e-06
5966.9,13:51:39,6.890e-06
5968.1,13:51:40,6.890e-06
5969.2,13:51:41,6.890e-06
5970.4,13:51:42,6.890e-06
5971.5,13:51:44,6.880e-06
5972.7,13:51:45,6.880e-06
5973.8,13:51:46,6.870e-06
5975.0,13:51:47,6.890e-06
5976.1,13:51:48,6.890e-06
5977.3,13:51:49,6.890e-06
5978.5,13:51:51,6.890e-06
5979.6,13:51:52,6.880e-06
5980.8,13:51:53,6.880e-06
5981.9,13:51:54,6.880e-06
5983.1,13:51:55,6.880e-06
5984.3,13:51:56,6.870e-06
5985.4,13:51:57,6.870e-06
5986.6,13:51:59,6.870e-06
5987.7,13:52:00,6.870e-06
5988.9,13:52:01,6.870e-06
5990.0,13:52:02,6.870e-06
5991.2,13:52:03,6.870e-06
5992.4,13:52:04,6.870e-06
5993.5,13:52:06,6.870e-06
5994.7,13:52:07,6.860e-06
5995.8,13:52:08,6.870e-06
5997.0,13:52:09,6.860e-06
5998.2,13:52:10,6.860e-06
5999.3,13:52:11,6.860e-06
6000.5,13:52:13,6.860e-06
6001.6,13:52:14,6.860e-06
6002.8,13:52:15,6.860e-06
6003.9,13:52:16,6.850e-06
6005.1,13:52:17,6.850e-06
6006.2,13:52:18,6.850e-06
6007.4,13:52:19,6.850e-06
6008.6,13:52:21,6.850e-06
6009.7,13:52:22,6.850e-06
6010.9,13:52:23,6.850e-06
6012.0,13:52:24,6.850e-06
6013.2,13:52:25,6.850e-06
6014.4,13:52:26,6.840e-06
6015.5,13:52:28,6.840e-06
6016.7,13:52:29,6.840e-06
6017.8,13:52:30,6.840e-06
6019.0,13:52:31,6.840e-06
6020.1,13:52:32,6.840e-06
6021.3,13:52:33,6.830e-06
6022.5,13:52:35,6.830e-06
6023.6,13:52:36,6.830e-06
6024.8,13:52:37,6.830e-06
6025.9,13:52:38,6.830e-06
6027.1,13:52:39,6.830e-06
6028.3,13:52:40,6.830e-06
6029.4,13:52:41,6.830e-06
6030.6,13:52:43,6.820e-06
6031.7,13:52:44,6.820e-06
6032.9,13:52:45,6.810e-06
6034.1,13:52:46,6.810e-06
6035.2,13:52:47,6.810e-06
6036.4,13:52:48,6.810e-06
6037.5,13:52:50,6.800e-06
6038.7,13:52:51,6.800e-06
6039.8,13:52:52,6.790e-06
6041.0,13:52:53,6.790e-06
6042.1,13:52:54,6.800e-06
6043.3,13:52:55,6.790e-06
6044.5,13:52:57,6.790e-06
6045.6,13:52:58,6.790e-06
6046.8,13:52:59,6.780e-06
6047.9,13:53:00,6.780e-06
6049.1,13:53:01,6.780e-06
6050.2,13:53:02,6.780e-06
6051.4,13:53:03,6.780e-06
6052.6,13:53:05,6.770e-06
6053.7,13:53:06,6.770e-06
6054.9,13:53:07,6.770e-06
6056.0,13:53:08,6.780e-06
6057.2,13:53:09,6.770e-06
6058.4,13:53:10,6.770e-06
6059.5,13:53:12,6.770e-06
6060.7,13:53:13,6.760e-06
6061.8,13:53:14,6.760e-06
6063.0,13:53:15,6.760e-06
6064.1,13:53:16,6.770e-06
6065.3,13:53:17,6.770e-06
6066.4,13:53:18,6.760e-06
6067.6,13:53:20,6.760e-06
6068.7,13:53:21,6.760e-06
6069.9,13:53:22,6.750e-06
6071.1,13:53:23,6.750e-06
6072.2,13:53:24,6.750e-06
6073.4,13:53:25,6.740e-06
6074.5,13:53:27,6.740e-06
6075.7,13:53:28,6.740e-06
6076.8,13:53:29,6.760e-06
6078.0,13:53:30,6.750e-06
6079.2,13:53:31,6.750e-06
6080.3,13:53:32,6.750e-06
6081.5,13:53:34,6.750e-06
6082.6,13:53:35,6.750e-06
6083.8,13:53:36,6.750e-06
6084.9,13:53:37,6.740e-06
6086.1,13:53:38,6.740e-06
6087.2,13:53:39,6.740e-06
6088.4,13:53:40,6.740e-06
6089.6,13:53:42,6.740e-06
6090.7,13:53:43,6.740e-06
6091.9,13:53:44,6.740e-06
6093.0,13:53:45,6.730e-06
6094.2,13:53:46,6.730e-06
6095.3,13:53:47,6.730e-06
6096.5,13:53:49,6.730e-06
6097.7,13:53:50,6.730e-06
6098.8,13:53:51,6.730e-06
6100.0,13:53:52,6.730e-06
6101.1,13:53:53,6.720e-06
6102.3,13:53:54,6.720e-06
6103.5,13:53:56,6.720e-06
6104.6,13:53:57,6.710e-06
6105.8,13:53:58,6.720e-06
6106.9,13:53:59,6.720e-06
6108.1,13:54:00,6.720e-06
6109.2,13:54:01,6.710e-06
6110.4,13:54:02,6.710e-06
6111.5,13:54:04,6.710e-06
6112.7,13:54:05,6.710e-06
6113.8,13:54:06,6.710e-06
6115.0,13:54:07,6.710e-06
6116.2,13:54:08,6.710e-06
6117.3,13:54:09,6.710e-06
6118.5,13:54:11,6.700e-06
6119.6,13:54:12,6.700e-06
6120.8,13:54:13,6.690e-06
6121.9,13:54:14,6.700e-06
6123.1,13:54:15,6.700e-06
6124.2,13:54:16,6.700e-06
6125.4,13:54:17,6.700e-06
6126.5,13:54:19,6.700e-06
6127.7,13:54:20,6.700e-06
6128.9,13:54:21,6.690e-06
6130.0,13:54:22,6.690e-06
6131.2,13:54:23,6.690e-06
6132.4,13:54:24,6.690e-06
6133.5,13:54:26,6.690e-06
6134.7,13:54:27,6.690e-06
6135.8,13:54:28,6.690e-06
6137.0,13:54:29,6.680e-06
6138.1,13:54:30,6.690e-06
6139.3,13:54:31,6.690e-06
6140.4,13:54:32,6.690e-06
6141.6,13:54:34,6.670e-06
6142.8,13:54:35,6.670e-06
6143.9,13:54:36,6.670e-06
6145.1,13:54:37,6.660e-06
6146.2,13:54:38,6.660e-06
6147.4,13:54:39,6.660e-06
6148.5,13:54:41,6.670e-06
6149.7,13:54:42,6.660e-06
6150.8,13:54:43,6.650e-06
6152.0,13:54:44,6.650e-06
6153.1,13:54:45,6.650e-06
6154.3,13:54:46,6.640e-06
6155.4,13:54:47,6.640e-06
6156.6,13:54:49,6.640e-06
6157.7,13:54:50,6.640e-06
6158.9,13:54:51,6.630e-06
6160.0,13:54:52,6.630e-06
6161.2,13:54:53,6.640e-06
6162.4,13:54:54,6.650e-06
6163.5,13:54:56,6.640e-06
6164.7,13:54:57,6.640e-06
6165.8,13:54:58,6.640e-06
6167.0,13:54:59,6.640e-06
6168.1,13:55:00,6.630e-06
6169.3,13:55:01,6.640e-06
6170.5,13:55:03,6.630e-06
6171.6,13:55:04,6.630e-06
6172.8,13:55:05,6.630e-06
6174.0,13:55:06,6.620e-06
6175.1,13:55:07,6.630e-06
6176.3,13:55:08,6.630e-06
6177.4,13:55:09,6.620e-06
6178.6,13:55:11,6.620e-06
6179.7,13:55:12,6.620e-06
6180.9,13:55:13,6.620e-06
6182.0,13:55:14,6.620e-06
6183.2,13:55:15,6.620e-06
6184.4,13:55:16,6.620e-06
6185.5,13:55:18,6.620e-06
6186.7,13:55:19,6.610e-06
6187.8,13:55:20,6.620e-06
6189.0,13:55:21,6.610e-06
6190.1,13:55:22,6.610e-06
6191.3,13:55:23,6.610e-06
6192.5,13:55:24,6.600e-06
6193.6,13:55:26,6.610e-06
6194.8,13:55:27,6.600e-06
6195.9,13:55:28,6.600e-06
6197.1,13:55:29,6.600e-06
6198.2,13:55:30,6.600e-06
6199.4,13:55:31,6.600e-06
6200.5,13:55:33,6.600e-06
6201.7,13:55:34,6.600e-06
6202.9,13:55:35,6.590e-06
6204.0,13:55:36,6.590e-06
6205.2,13:55:37,6.590e-06
6206.3,13:55:38,6.590e-06
6207.5,13:55:40,6.590e-06
6208.6,13:55:41,6.580e-06
6209.8,13:55:42,6.580e-06
6210.9,13:55:43,6.580e-06
6212.1,13:55:44,6.580e-06
6213.3,13:55:45,6.580e-06
6214.4,13:55:46,6.580e-06
6215.6,13:55:48,6.580e-06
6216.7,13:55:49,6.580e-06
6217.9,13:55:50,6.570e-06
6219.0,13:55:51,6.570e-06
6220.2,13:55:52,6.570e-06
6221.3,13:55:53,6.570e-06
6222.5,13:55:55,6.570e-06
6223.6,13:55:56,6.560e-06
6224.8,13:55:57,6.550e-06
6226.0,13:55:58,6.550e-06
6227.1,13:55:59,6.550e-06
6228.3,13:56:00,6.550e-06
6229.4,13:56:01,6.540e-06
6230.6,13:56:03,6.540e-06
6231.8,13:56:04,6.540e-06
6232.9,13:56:05,6.550e-06
6234.1,13:56:06,6.550e-06
6235.2,13:56:07,6.550e-06
6236.4,13:56:08,6.550e-06
6237.6,13:56:10,6.550e-06
6238.7,13:56:11,6.550e-06
6239.9,13:56:12,6.550e-06
6241.0,13:56:13,6.550e-06
6242.2,13:56:14,6.550e-06
6243.3,13:56:15,6.540e-06
6244.5,13:56:17,6.550e-06
6245.6,13:56:18,6.540e-06
6246.8,13:56:19,6.540e-06
6248.0,13:56:20,6.530e-06
6249.1,13:56:21,6.530e-06
6250.3,13:56:22,6.520e-06
6251.5,13:56:24,6.520e-06
6252.6,13:56:25,6.520e-06
6253.8,13:56:26,6.520e-06
6254.9,13:56:27,6.520e-06
6256.1,13:56:28,6.520e-06
6257.3,13:56:29,6.510e-06
6258.4,13:56:30,6.510e-06
6259.6,13:56:32,6.510e-06
6260.7,13:56:33,6.510e-06
6261.9,13:56:34,6.510e-06
6263.0,13:56:35,6.510e-06
6264.2,13:56:36,6.510e-06
6265.3,13:56:37,6.510e-06
6266.5,13:56:39,6.510e-06
6267.6,13:56:40,6.500e-06
6268.8,13:56:41,6.500e-06
6269.9,13:56:42,6.500e-06
6271.1,13:56:43,6.490e-06
6272.3,13:56:44,6.490e-06
6273.4,13:56:45,6.490e-06
6274.6,13:56:47,6.490e-06
6275.7,13:56:48,6.490e-06
6276.9,13:56:49,6.490e-06
6278.0,13:56:50,6.490e-06
6279.2,13:56:51,6.490e-06
6280.3,13:56:52,6.490e-06
6281.5,13:56:54,6.490e-06
6282.6,13:56:55,6.490e-06
6283.8,13:56:56,6.490e-06
6285.0,13:56:57,6.480e-06
6286.1,13:56:58,6.480e-06
6287.3,13:56:59,6.480e-06
6288.4,13:57:00,6.480e-06
6289.6,13:57:02,6.480e-06
6290.7,13:57:03,6.460e-06
6291.9,13:57:04,6.470e-06
6293.0,13:57:05,6.470e-06
6294.2,13:57:06,6.470e-06
6295.4,13:57:07,6.470e-06
6296.5,13:57:09,6.460e-06
6297.7,13:57:10,6.460e-06
6298.8,13:57:11,6.460e-06
6300.0,13:57:12,6.460e-06
6301.1,13:57:13,6.460e-06
6302.3,13:57:14,6.460e-06
6303.4,13:57:15,6.460e-06
6304.6,13:57:17,6.460e-06
6305.8,13:57:18,6.460e-06
6306.9,13:57:19,6.460e-06
6308.1,13:57:20,6.460e-06
6309.2,13:57:21,6.450e-06
6310.4,13:57:22,6.450e-06
6311.5,13:57:24,6.450e-06
6312.7,13:57:25,6.450e-06
6313.8,13:57:26,6.440e-06
6315.0,13:57:27,6.440e-06
6316.1,13:57:28,6.440e-06
6317.3,13:57:29,6.440e-06
6318.5,13:57:30,6.440e-06
6319.6,13:57:32,6.440e-06
6320.8,13:57:33,6.440e-06
6321.9,13:57:34,6.430e-06
6323.1,13:57:35,6.430e-06
6324.2,13:57:36,6.430e-06
6325.4,13:57:37,6.430e-06
6326.6,13:57:39,6.420e-06
6327.7,13:57:40,6.430e-06
6328.9,13:57:41,6.420e-06
6330.0,13:57:42,6.430e-06
6331.2,13:57:43,6.420e-06
6332.3,13:57:44,6.410e-06
6333.5,13:57:46,6.410e-06
6334.7,13:57:47,6.410e-06
6335.8,13:57:48,6.400e-06
6337.0,13:57:49,6.400e-06
6338.1,13:57:50,6.410e-06
6339.3,13:57:51,6.410e-06
6340.4,13:57:52,6.410e-06
6341.6,13:57:54,6.410e-06
6342.7,13:57:55,6.410e-06
6343.9,13:57:56,6.410e-06
6345.1,13:57:57,6.410e-06
6346.2,13:57:58,6.410e-06
6347.4,13:57:59,6.410e-06
6348.5,13:58:01,6.410e-06
6349.7,13:58:02,6.400e-06
6350.8,13:58:03,6.410e-06
6352.0,13:58:04,6.400e-06
6353.2,13:58:05,6.390e-06
6354.3,13:58:06,6.390e-06
6355.5,13:58:08,6.390e-06
6356.6,13:58:09,6.380e-06
6357.8,13:58:10,6.380e-06
6359.0,13:58:11,6.380e-06
6360.1,13:58:12,6.370e-06
6361.3,13:58:13,6.380e-06
6362.4,13:58:14,6.380e-06
6363.6,13:58:16,6.370e-06
6364.7,13:58:17,6.370e-06
6365.9,13:58:18,6.370e-06
6367.1,13:58:19,6.370e-06
6368.2,13:58:20,6.370e-06
6369.4,13:58:21,6.370e-06
6370.5,13:58:23,6.360e-06
6371.7,13:58:24,6.370e-06
6372.8,13:58:25,6.350e-06
6374.0,13:58:26,6.350e-06
6375.2,13:58:27,6.340e-06
6376.3,13:58:28,6.340e-06
6377.5,13:58:30,6.340e-06
6378.7,13:58:31,6.350e-06
6379.8,13:58:32,6.350e-06
6381.0,13:58:33,6.350e-06
6382.1,13:58:34,6.350e-06
6383.3,13:58:35,6.350e-06
6384.4,13:58:36,6.350e-06
6385.6,13:58:38,6.350e-06
6386.8,13:58:39,6.350e-06
6387.9,13:58:40,6.340e-06
6389.1,13:58:41,6.350e-06
6390.2,13:58:42,6.340e-06
6391.4,13:58:43,6.340e-06
6392.5,13:58:45,6.340e-06
6393.7,13:58:46,6.340e-06
6394.9,13:58:47,6.330e-06
6396.0,13:58:48,6.340e-06
6397.2,13:58:49,6.330e-06
6398.3,13:58:50,6.330e-06
6399.5,13:58:52,6.330e-06
6400.6,13:58:53,6.330e-06
6401.8,13:58:54,6.330e-06
6403.0,13:58:55,6.330e-06
6404.1,13:58:56,6.320e-06
6405.3,13:58:57,6.330e-06
6406.4,13:58:58,6.330e-06
6407.6,13:59:00,6.330e-06
6408.7,13:59:01,6.320e-06
6409.9,13:59:02,6.320e-06
6411.1,13:59:03,6.320e-06
6412.2,13:59:04,6.310e-06
6413.4,13:59:05,6.300e-06
6414.5,13:59:07,6.310e-06
6415.7,13:59:08,6.310e-06
6416.8,13:59:09,6.310e-06
6418.0,13:59:10,6.310e-06
6419.2,13:59:11,6.310e-06
6420.3,13:59:12,6.310e-06
6421.5,13:59:14,6.310e-06
6422.6,13:59:15,6.310e-06
6423.8,13:59:16,6.300e-06
6424.9,13:59:17,6.300e-06
6426.1,13:59:18,6.300e-06
6427.3,13:59:19,6.300e-06
6428.4,13:59:20,6.300e-06
6429.6,13:59:22,6.290e-06
6430.7,13:59:23,6.300e-06
6431.9,13:59:24,6.300e-06
6433.0,13:59:25,6.290e-06
6434.2,13:59:26,6.290e-06
6435.3,13:59:27,6.280e-06
6436.5,13:59:29,6.280e-06
6437.7,13:59:30,6.280e-06
6438.8,13:59:31,6.270e-06
6440.0,13:59:32,6.270e-06
6441.1,13:59:33,6.260e-06
6442.3,13:59:34,6.270e-06
6443.4,13:59:35,6.280e-06
6444.6,13:59:37,6.280e-06
6445.7,13:59:38,6.270e-06
6446.9,13:59:39,6.280e-06
6448.0,13:59:40,6.280e-06
6449.2,13:59:41,6.270e-06
6450.3,13:59:42,6.270e-06
6451.5,13:59:44,6.270e-06
6452.7,13:59:45,6.270e-06
6453.8,13:59:46,6.270e-06
6455.0,13:59:47,6.260e-06
6456.1,13:59:48,6.250e-06
6457.3,13:59:49,6.250e-06
6458.4,13:59:50,6.250e-06
6459.7,13:59:52,6.250e-06
6460.8,13:59:53,6.250e-06
6462.0,13:59:54,6.240e-06
6463.1,13:59:55,6.250e-06
6464.3,13:59:56,6.240e-06
6465.4,13:59:57,6.240e-06
6466.6,13:59:59,6.240e-06
6467.7,14:00:00,6.240e-06
6468.9,14:00:01,6.240e-06
6470.1,14:00:02,6.230e-06
6471.2,14:00:03,6.220e-06
6472.4,14:00:04,6.220e-06
6473.5,14:00:06,6.210e-06
6474.7,14:00:07,6.210e-06
6475.9,14:00:08,6.210e-06
6477.0,14:00:09,6.210e-06
6478.2,14:00:10,6.210e-06
6479.3,14:00:11,6.200e-06
6480.5,14:00:13,6.200e-06
6481.6,14:00:14,6.200e-06
6482.8,14:00:15,6.200e-06
6484.0,14:00:16,6.200e-06
6485.1,14:00:17,6.190e-06
6486.3,14:00:18,6.190e-06
6487.4,14:00:19,6.190e-06
6488.6,14:00:21,6.190e-06
6489.7,14:00:22,6.190e-06
6490.9,14:00:23,6.190e-06
6492.1,14:00:24,6.180e-06
6493.2,14:00:25,6.190e-06
6494.4,14:00:26,6.190e-06
6495.5,14:00:28,6.190e-06
6496.7,14:00:29,6.190e-06
6497.8,14:00:30,6.190e-06
6499.0,14:00:31,6.190e-06
6500.1,14:00:32,6.190e-06
6501.3,14:00:33,6.190e-06
6502.5,14:00:35,6.190e-06
6503.6,14:00:36,6.190e-06
6504.8,14:00:37,6.190e-06
6505.9,14:00:38,6.180e-06
6507.1,14:00:39,6.190e-06
6508.2,14:00:40,6.180e-06
6509.4,14:00:41,6.170e-06
6510.6,14:00:43,6.180e-06
6511.7,14:00:44,6.190e-06
6512.9,14:00:45,6.190e-06
6514.0,14:00:46,6.200e-06
6515.2,14:00:47,6.200e-06
6516.4,14:00:48,6.200e-06
6517.5,14:00:50,6.210e-06
6518.7,14:00:51,6.210e-06
6519.8,14:00:52,6.220e-06
6521.0,14:00:53,6.220e-06
6522.1,14:00:54,6.230e-06
6523.3,14:00:55,6.230e-06
6524.4,14:00:56,6.240e-06
6525.6,14:00:58,6.240e-06
6526.8,14:00:59,6.240e-06
6527.9,14:01:00,6.240e-06
6529.1,14:01:01,6.240e-06
6530.2,14:01:02,6.250e-06
6531.4,14:01:03,6.250e-06
6532.6,14:01:05,6.250e-06
6533.7,14:01:06,6.240e-06
6534.9,14:01:07,6.240e-06
6536.0,14:01:08,6.250e-06
6537.2,14:01:09,6.250e-06
6538.3,14:01:10,6.250e-06
6539.5,14:01:12,6.250e-06
6540.7,14:01:13,6.260e-06
6541.8,14:01:14,6.260e-06
6543.0,14:01:15,6.280e-06
6544.1,14:01:16,6.280e-06
6545.3,14:01:17,6.290e-06
6546.4,14:01:18,6.290e-06
6547.6,14:01:20,6.300e-06
6548.7,14:01:21,6.300e-06
6549.9,14:01:22,6.300e-06
6551.0,14:01:23,6.300e-06
6552.2,14:01:24,6.310e-06
6553.4,14:01:25,6.300e-06
6554.5,14:01:27,6.300e-06
6555.7,14:01:28,6.300e-06
6556.8,14:01:29,6.300e-06
6558.0,14:01:30,6.310e-06
6559.1,14:01:31,6.320e-06
6560.3,14:01:32,6.320e-06
6561.5,14:01:34,6.320e-06
6562.6,14:01:35,6.330e-06
6563.8,14:01:36,6.330e-06
6564.9,14:01:37,6.330e-06
6566.1,14:01:38,6.330e-06
6567.2,14:01:39,6.330e-06
6568.4,14:01:40,6.340e-06
6569.6,14:01:42,6.340e-06
6570.7,14:01:43,6.340e-06
6571.9,14:01:44,6.350e-06
6573.0,14:01:45,6.340e-06
6574.2,14:01:46,6.350e-06
6575.3,14:01:47,6.350e-06
6576.5,14:01:49,6.340e-06
6577.6,14:01:50,6.350e-06
6578.8,14:01:51,6.350e-06
6579.9,14:01:52,6.350e-06
6581.1,14:01:53,6.370e-06
6582.3,14:01:54,6.370e-06
6583.4,14:01:55,6.360e-06
6584.6,14:01:57,6.370e-06
6585.7,14:01:58,6.370e-06
6586.9,14:01:59,6.370e-06
6588.1,14:02:00,6.370e-06
6589.2,14:02:01,6.380e-06
6590.4,14:02:02,6.370e-06
6591.5,14:02:04,6.370e-06
6592.7,14:02:05,6.380e-06
6593.9,14:02:06,6.390e-06
6595.0,14:02:07,6.380e-06
6596.2,14:02:08,6.390e-06
6597.3,14:02:09,6.400e-06
6598.5,14:02:11,6.390e-06
6599.7,14:02:12,6.390e-06
6600.8,14:02:13,6.400e-06
6602.0,14:02:14,6.400e-06
6603.2,14:02:15,6.400e-06
6604.3,14:02:16,6.390e-06
6605.5,14:02:18,6.400e-06
6606.6,14:02:19,6.410e-06
6607.8,14:02:20,6.400e-06
6609.0,14:02:21,6.400e-06
6610.1,14:02:22,6.410e-06
6611.3,14:02:23,6.420e-06
6612.4,14:02:24,6.410e-06
6613.6,14:02:26,6.400e-06
6614.7,14:02:27,6.400e-06
6615.9,14:02:28,6.400e-06
6617.0,14:02:29,6.400e-06
6618.2,14:02:30,6.400e-06
6619.4,14:02:31,6.410e-06
6620.5,14:02:33,6.420e-06
6621.7,14:02:34,6.430e-06
6622.8,14:02:35,6.420e-06
6624.0,14:02:36,6.410e-06
6625.1,14:02:37,6.420e-06
6626.3,14:02:38,6.430e-06
6627.5,14:02:40,6.420e-06
6628.6,14:02:41,6.420e-06
6629.8,14:02:42,6.420e-06
6630.9,14:02:43,6.420e-06
6632.1,14:02:44,6.420e-06
6633.2,14:02:45,6.430e-06
6634.4,14:02:46,6.440e-06
6635.5,14:02:48,6.420e-06
6636.7,14:02:49,6.420e-06
6637.9,14:02:50,6.440e-06
6639.0,14:02:51,6.440e-06
6640.2,14:02:52,6.430e-06
6641.3,14:02:53,6.430e-06
6642.5,14:02:55,6.440e-06
6643.6,14:02:56,6.440e-06
6644.8,14:02:57,6.440e-06
6646.0,14:02:58,6.440e-06
6647.1,14:02:59,6.430e-06
6648.3,14:03:00,6.420e-06
6649.4,14:03:01,6.420e-06
6650.6,14:03:03,6.420e-06
6651.7,14:03:04,6.410e-06
6652.9,14:03:05,6.410e-06
6654.1,14:03:06,6.420e-06
6655.2,14:03:07,6.420e-06
6656.4,14:03:08,6.420e-06
6657.5,14:03:10,6.420e-06
6658.7,14:03:11,6.440e-06
6659.9,14:03:12,6.440e-06
6661.0,14:03:13,6.440e-06
6662.2,14:03:14,6.450e-06
6663.3,14:03:15,6.440e-06
6664.5,14:03:17,6.450e-06
6665.7,14:03:18,6.450e-06
6666.8,14:03:19,6.460e-06
6668.0,14:03:20,6.460e-06
6669.2,14:03:21,6.460e-06
6670.3,14:03:22,6.460e-06
6671.5,14:03:24,6.460e-06
6672.6,14:03:25,6.460e-06
6673.8,14:03:26,6.460e-06
6675.0,14:03:27,6.460e-06
6676.1,14:03:28,6.460e-06
6677.3,14:03:29,6.470e-06
6678.4,14:03:30,6.460e-06
6679.6,14:03:32,6.460e-06
6680.8,14:03:33,6.470e-06
6681.9,14:03:34,6.470e-06
6683.1,14:03:35,6.470e-06
6684.3,14:03:36,6.470e-06
6685.4,14:03:37,6.470e-06
6686.6,14:03:39,6.480e-06
6687.7,14:03:40,6.470e-06
6688.9,14:03:41,6.460e-06
6690.1,14:03:42,6.450e-06
6691.2,14:03:43,6.450e-06
6692.4,14:03:44,6.450e-06
6693.6,14:03:46,6.450e-06
6694.7,14:03:47,6.450e-06
6695.9,14:03:48,6.450e-06
6697.0,14:03:49,6.450e-06
6698.2,14:03:50,6.440e-06
6699.4,14:03:51,6.440e-06
6700.5,14:03:53,6.440e-06
6701.7,14:03:54,6.440e-06
6702.8,14:03:55,6.440e-06
6704.0,14:03:56,6.440e-06
6705.1,14:03:57,6.480e-06
6706.3,14:03:58,6.470e-06
6707.5,14:04:00,6.480e-06
6708.6,14:04:01,6.480e-06
6709.8,14:04:02,6.480e-06
6710.9,14:04:03,6.470e-06
6712.1,14:04:04,6.480e-06
6713.3,14:04:05,6.480e-06
6714.4,14:04:06,6.480e-06
6715.6,14:04:08,6.480e-06
6716.7,14:04:09,6.490e-06
6717.9,14:04:10,6.490e-06
6719.1,14:04:11,6.480e-06
6720.2,14:04:12,6.490e-06
6721.4,14:04:13,6.490e-06
6722.5,14:04:15,6.490e-06
6723.7,14:04:16,6.480e-06
6724.9,14:04:17,6.490e-06
6726.0,14:04:18,6.490e-06
6727.2,14:04:19,6.490e-06
6728.3,14:04:20,6.480e-06
6729.5,14:04:22,6.490e-06
6730.7,14:04:23,6.480e-06
6731.8,14:04:24,6.490e-06
6733.0,14:04:25,6.490e-06
6734.2,14:04:26,6.480e-06
6735.3,14:04:27,6.490e-06
6736.5,14:04:29,6.490e-06
6737.6,14:04:30,6.490e-06
6738.8,14:04:31,6.490e-06
6739.9,14:04:32,6.480e-06
6741.1,14:04:33,6.470e-06
6742.3,14:04:34,6.470e-06
6743.4,14:04:35,6.470e-06
6744.6,14:04:37,6.460e-06
6745.7,14:04:38,6.450e-06
6746.9,14:04:39,6.450e-06
6748.1,14:04:40,6.450e-06
6749.2,14:04:41,6.460e-06
6750.4,14:04:42,6.460e-06
6751.5,14:04:44,6.450e-06
6752.7,14:04:45,6.440e-06
6753.8,14:04:46,6.460e-06
6755.0,14:04:47,6.460e-06
6756.2,14:04:48,6.460e-06
6757.3,14:04:49,6.450e-06
6758.5,14:04:51,6.440e-06
6759.6,14:04:52,6.440e-06
6760.8,14:04:53,6.440e-06
6762.0,14:04:54,6.450e-06
6763.1,14:04:55,6.460e-06
6764.3,14:04:56,6.460e-06
6765.4,14:04:57,6.440e-06
6766.6,14:04:59,6.440e-06
6767.8,14:05:00,6.440e-06
6768.9,14:05:01,6.430e-06
6770.1,14:05:02,6.430e-06
6771.2,14:05:03,6.430e-06
6772.4,14:05:04,6.430e-06
6773.6,14:05:06,6.440e-06
6774.7,14:05:07,6.440e-06
6775.9,14:05:08,6.430e-06
6777.0,14:05:09,6.420e-06
6778.2,14:05:10,6.420e-06
6779.4,14:05:11,6.420e-06
6780.5,14:05:13,6.420e-06
6781.7,14:05:14,6.430e-06
6782.8,14:05:15,6.440e-06
6784.0,14:05:16,6.430e-06
6785.1,14:05:17,6.420e-06
6786.3,14:05:18,6.420e-06
6787.5,14:05:19,6.440e-06
6788.6,14:05:21,6.440e-06
6789.8,14:05:22,6.420e-06
6790.9,14:05:23,6.420e-06
6792.1,14:05:24,6.420e-06
6793.2,14:05:25,6.430e-06
6794.4,14:05:26,6.420e-06
6795.6,14:05:28,6.410e-06
6796.7,14:05:29,6.410e-06
6797.9,14:05:30,6.420e-06
6799.0,14:05:31,6.420e-06
6800.2,14:05:32,6.410e-06
6801.3,14:05:33,6.410e-06
6802.5,14:05:35,6.420e-06
6803.6,14:05:36,6.430e-06
6804.8,14:05:37,6.410e-06
6806.0,14:05:38,6.410e-06
6807.1,14:05:39,6.420e-06
6808.3,14:05:40,6.420e-06
6809.4,14:05:41,6.410e-06
6810.6,14:05:43,6.400e-06
6811.7,14:05:44,6.400e-06
6812.9,14:05:45,6.400e-06
6814.0,14:05:46,6.390e-06
6815.2,14:05:47,6.390e-06
6816.4,14:05:48,6.390e-06
6817.5,14:05:50,6.390e-06
6818.7,14:05:51,6.400e-06
6819.8,14:05:52,6.410e-06
6821.0,14:05:53,6.410e-06
6822.1,14:05:54,6.410e-06
6823.3,14:05:55,6.410e-06
6824.5,14:05:57,6.410e-06
6825.6,14:05:58,6.410e-06
6826.8,14:05:59,6.420e-06
6828.0,14:06:00,6.410e-06
6829.1,14:06:01,6.420e-06
6830.3,14:06:02,6.410e-06
6831.4,14:06:03,6.410e-06
6832.6,14:06:05,6.410e-06
6833.8,14:06:06,6.410e-06
6834.9,14:06:07,6.400e-06
6836.1,14:06:08,6.390e-06
6837.2,14:06:09,6.390e-06
6838.4,14:06:10,6.390e-06
6839.6,14:06:12,6.390e-06
6840.7,14:06:13,6.400e-06
6841.9,14:06:14,6.390e-06
6843.0,14:06:15,6.400e-06
6844.2,14:06:16,6.390e-06
6845.4,14:06:17,6.400e-06
6846.5,14:06:19,6.390e-06
6847.7,14:06:20,6.390e-06
6848.9,14:06:21,6.380e-06
6850.0,14:06:22,6.380e-06
6851.2,14:06:23,6.380e-06
6852.3,14:06:24,6.370e-06
6853.5,14:06:26,6.360e-06
6854.6,14:06:27,6.360e-06
6855.8,14:06:28,6.360e-06
6857.0,14:06:29,6.350e-06
6858.1,14:06:30,6.370e-06
6859.3,14:06:31,6.370e-06
6860.4,14:06:32,6.380e-06
6861.6,14:06:34,6.370e-06
6862.7,14:06:35,6.380e-06
6863.9,14:06:36,6.380e-06
6865.0,14:06:37,6.380e-06
6866.2,14:06:38,6.380e-06
6867.3,14:06:39,6.370e-06
6868.5,14:06:41,6.370e-06
6869.7,14:06:42,6.370e-06
6870.8,14:06:43,6.370e-06
6872.0,14:06:44,6.380e-06
6873.1,14:06:45,6.370e-06
6874.3,14:06:46,6.370e-06
6875.5,14:06:48,6.370e-06
6876.6,14:06:49,6.370e-06
6877.8,14:06:50,6.370e-06
6878.9,14:06:51,6.370e-06
6880.1,14:06:52,6.370e-06
6881.2,14:06:53,6.370e-06
6882.4,14:06:54,6.370e-06
6883.6,14:06:56,6.370e-06
6884.7,14:06:57,6.370e-06
6885.9,14:06:58,6.370e-06
6887.1,14:06:59,6.370e-06
6888.2,14:07:00,6.350e-06
6889.4,14:07:01,6.350e-06
6890.5,14:07:03,6.340e-06
6891.7,14:07:04,6.330e-06
6892.8,14:07:05,6.330e-06
6894.0,14:07:06,6.330e-06
6895.2,14:07:07,6.320e-06
6896.3,14:07:08,6.320e-06
6897.5,14:07:10,6.320e-06
6898.7,14:07:11,6.320e-06
6899.8,14:07:12,6.320e-06
6901.0,14:07:13,6.310e-06
6902.2,14:07:14,6.310e-06
6903.3,14:07:15,6.310e-06
6904.5,14:07:17,6.300e-06
6905.6,14:07:18,6.300e-06
6906.8,14:07:19,6.300e-06
6907.9,14:07:20,6.300e-06
6909.1,14:07:21,6.300e-06
6910.2,14:07:22,6.300e-06
6911.4,14:07:23,6.300e-06
6912.6,14:07:25,6.300e-06
6913.7,14:07:26,6.300e-06
6914.9,14:07:27,6.290e-06
6916.0,14:07:28,6.290e-06
6917.2,14:07:29,6.290e-06
6918.4,14:07:30,6.290e-06
6919.5,14:07:32,6.290e-06
6920.7,14:07:33,6.280e-06
6921.8,14:07:34,6.280e-06
6923.0,14:07:35,6.280e-06
6924.2,14:07:36,6.280e-06
6925.3,14:07:37,6.280e-06
6926.5,14:07:39,6.280e-06
6927.6,14:07:40,6.280e-06
6928.8,14:07:41,6.280e-06
6929.9,14:07:42,6.280e-06
6931.1,14:07:43,6.280e-06
6932.3,14:07:44,6.270e-06
6933.4,14:07:45,6.270e-06
6934.6,14:07:47,6.270e-06
6935.7,14:07:48,6.270e-06
6936.9,14:07:49,6.260e-06
6938.1,14:07:50,6.250e-06
6939.2,14:07:51,6.250e-06
6940.4,14:07:52,6.250e-06
6941.5,14:07:54,6.250e-06
6942.7,14:07:55,6.240e-06
6943.9,14:07:56,6.240e-06
6945.0,14:07:57,6.240e-06
6946.2,14:07:58,6.240e-06
6947.4,14:07:59,6.240e-06
6948.5,14:08:01,6.240e-06
6949.7,14:08:02,6.240e-06
6950.8,14:08:03,6.240e-06
6952.0,14:08:04,6.240e-06
6953.2,14:08:05,6.240e-06
6954.3,14:08:06,6.240e-06
6955.5,14:08:08,6.240e-06
6956.7,14:08:09,6.240e-06
6957.8,14:08:10,6.230e-06
6959.0,14:08:11,6.230e-06
6960.1,14:08:12,6.230e-06
6961.3,14:08:13,6.230e-06
6962.4,14:08:14,6.230e-06
6963.6,14:08:16,6.230e-06
6964.8,14:08:17,6.230e-06
6965.9,14:08:18,6.230e-06
6967.1,14:08:19,6.230e-06
6968.2,14:08:20,6.230e-06
6969.4,14:08:21,6.220e-06
6970.6,14:08:23,6.220e-06
6971.7,14:08:24,6.220e-06
6972.9,14:08:25,6.220e-06
6974.1,14:08:26,6.220e-06
6975.2,14:08:27,6.220e-06
6976.4,14:08:28,6.220e-06
6977.5,14:08:30,6.210e-06
6978.7,14:08:31,6.210e-06
6979.9,14:08:32,6.210e-06
6981.0,14:08:33,6.210e-06
6982.2,14:08:34,6.210e-06
6983.3,14:08:35,6.210e-06
6984.5,14:08:37,6.210e-06
6985.6,14:08:38,6.210e-06
6986.8,14:08:39,6.210e-06
6987.9,14:08:40,6.210e-06
6989.1,14:08:41,6.210e-06
6990.3,14:08:42,6.210e-06
6991.4,14:08:43,6.210e-06
6992.6,14:08:45,6.210e-06
6993.8,14:08:46,6.210e-06
6994.9,14:08:47,6.200e-06
6996.1,14:08:48,6.200e-06
6997.2,14:08:49,6.200e-06
6998.4,14:08:50,6.200e-06
6999.6,14:08:52,6.200e-06
7000.7,14:08:53,6.200e-06
7001.9,14:08:54,6.200e-06
7003.0,14:08:55,6.200e-06
7004.2,14:08:56,6.190e-06
7005.4,14:08:57,6.190e-06
7006.5,14:08:59,6.190e-06
7007.7,14:09:00,6.190e-06
7008.9,14:09:01,6.190e-06
7010.0,14:09:02,6.190e-06
7011.2,14:09:03,6.190e-06
7012.4,14:09:04,6.190e-06
7013.5,14:09:06,6.190e-06
7014.7,14:09:07,6.190e-06
7015.8,14:09:08,6.190e-06
7017.0,14:09:09,6.190e-06
7018.2,14:09:10,6.190e-06
7019.3,14:09:11,6.190e-06
7020.5,14:09:13,6.190e-06
7021.6,14:09:14,6.190e-06
7022.8,14:09:15,6.180e-06
7023.9,14:09:16,6.180e-06
7025.1,14:09:17,6.180e-06
7026.2,14:09:18,6.180e-06
7027.4,14:09:19,6.180e-06
7028.5,14:09:21,6.180e-06
7029.7,14:09:22,6.180e-06
7030.9,14:09:23,6.170e-06
7032.0,14:09:24,6.180e-06
7033.2,14:09:25,6.170e-06
7034.3,14:09:26,6.160e-06
7035.5,14:09:28,6.150e-06
7036.7,14:09:29,6.150e-06
7037.8,14:09:30,6.150e-06
7039.0,14:09:31,6.150e-06
7040.1,14:09:32,6.150e-06
7041.3,14:09:33,6.150e-06
7042.5,14:09:35,6.150e-06
7043.6,14:09:36,6.150e-06
7044.8,14:09:37,6.140e-06
7046.0,14:09:38,6.140e-06
7047.1,14:09:39,6.140e-06
7048.3,14:09:40,6.140e-06
7049.4,14:09:41,6.140e-06
7050.6,14:09:43,6.140e-06
7051.8,14:09:44,6.140e-06
7052.9,14:09:45,6.140e-06
7054.1,14:09:46,6.140e-06
7055.2,14:09:47,6.140e-06
7056.4,14:09:48,6.140e-06
7057.5,14:09:50,6.130e-06
7058.7,14:09:51,6.130e-06
7059.9,14:09:52,6.130e-06
7061.0,14:09:53,6.130e-06
7062.2,14:09:54,6.130e-06
7063.3,14:09:55,6.130e-06
7064.5,14:09:57,6.130e-06
7065.6,14:09:58,6.120e-06
7066.8,14:09:59,6.120e-06
7067.9,14:10:00,6.120e-06
7069.1,14:10:01,6.120e-06
7070.2,14:10:02,6.120e-06
7071.4,14:10:03,6.120e-06
7072.5,14:10:05,6.120e-06
7073.7,14:10:06,6.120e-06
7074.9,14:10:07,6.120e-06
7076.0,14:10:08,6.120e-06
7077.2,14:10:09,6.110e-06
7078.3,14:10:10,6.110e-06
7079.5,14:10:12,6.110e-06
7080.7,14:10:13,6.110e-06
7081.8,14:10:14,6.110e-06
7083.0,14:10:15,6.110e-06
7084.1,14:10:16,6.100e-06
7085.3,14:10:17,6.100e-06
7086.5,14:10:19,6.100e-06
7087.6,14:10:20,6.100e-06
7088.8,14:10:21,6.100e-06
7090.0,14:10:22,6.100e-06
7091.1,14:10:23,6.100e-06
7092.3,14:10:24,6.100e-06
7093.4,14:10:25,6.090e-06
7094.6,14:10:27,6.100e-06
7095.8,14:10:28,6.100e-06
7096.9,14:10:29,6.090e-06
7098.1,14:10:30,6.090e-06
7099.3,14:10:31,6.090e-06
7100.4,14:10:32,6.090e-06
7101.6,14:10:34,6.090e-06
7102.7,14:10:35,6.080e-06
7103.9,14:10:36,6.080e-06
7105.1,14:10:37,6.080e-06
7106.2,14:10:38,6.080e-06
7107.4,14:10:39,6.080e-06
7108.5,14:10:41,6.080e-06
7109.7,14:10:42,6.080e-06
7110.9,14:10:43,6.080e-06
7112.0,14:10:44,6.080e-06
7113.2,14:10:45,6.070e-06
7114.3,14:10:46,6.070e-06
7115.5,14:10:48,6.070e-06
7116.6,14:10:49,6.070e-06
7117.8,14:10:50,6.070e-06
7119.0,14:10:51,6.070e-06
7120.1,14:10:52,6.070e-06
7121.3,14:10:53,6.060e-06
7122.4,14:10:54,6.060e-06
7123.6,14:10:56,6.060e-06
7124.7,14:10:57,6.060e-06
7125.9,14:10:58,6.060e-06
7127.1,14:10:59,6.050e-06
7128.2,14:11:00,6.050e-06
7129.4,14:11:01,6.050e-06
7130.5,14:11:03,6.050e-06
7131.7,14:11:04,6.050e-06
7132.8,14:11:05,6.050e-06
7134.0,14:11:06,6.050e-06
7135.1,14:11:07,6.050e-06
7136.3,14:11:08,6.040e-06
7137.5,14:11:10,6.030e-06
7138.6,14:11:11,6.030e-06
7139.8,14:11:12,6.030e-06
7140.9,14:11:13,6.020e-06
7142.1,14:11:14,6.020e-06
7143.3,14:11:15,6.020e-06
7144.4,14:11:16,6.020e-06
7145.6,14:11:18,6.020e-06
7146.7,14:11:19,6.020e-06
7147.9,14:11:20,6.020e-06
7149.1,14:11:21,6.010e-06
7150.2,14:11:22,6.010e-06
7151.4,14:11:23,6.010e-06
7152.5,14:11:25,6.010e-06
7153.7,14:11:26,6.010e-06
7154.8,14:11:27,6.010e-06
7156.0,14:11:28,6.010e-06
7157.2,14:11:29,6.010e-06
7158.3,14:11:30,6.010e-06
7159.5,14:11:32,6.000e-06
7160.6,14:11:33,6.000e-06
7161.8,14:11:34,6.000e-06
7162.9,14:11:35,6.000e-06
7164.1,14:11:36,6.000e-06
7165.3,14:11:37,6.000e-06
7166.4,14:11:38,6.000e-06
7167.6,14:11:40,6.000e-06
7168.7,14:11:41,5.990e-06
7169.9,14:11:42,5.990e-06
7171.0,14:11:43,5.990e-06
7172.2,14:11:44,5.990e-06
7173.4,14:11:45,5.990e-06
7174.5,14:11:47,5.990e-06
7175.7,14:11:48,5.990e-06
7176.9,14:11:49,5.990e-06
7178.0,14:11:50,5.990e-06
7179.2,14:11:51,5.980e-06
7180.4,14:11:52,5.980e-06
7181.5,14:11:54,5.980e-06
7182.7,14:11:55,5.980e-06
7183.8,14:11:56,5.980e-06
7185.0,14:11:57,5.980e-06
7186.2,14:11:58,5.980e-06
7187.4,14:11:59,5.980e-06
7188.5,14:12:01,5.980e-06
7189.7,14:12:02,5.980e-06
7190.8,14:12:03,5.980e-06
7192.0,14:12:04,5.980e-06
7193.1,14:12:05,5.980e-06
7194.3,14:12:06,5.970e-06
7195.4,14:12:07,5.970e-06
7196.6,14:12:09,5.970e-06
7197.8,14:12:10,5.970e-06
7198.9,14:12:11,5.970e-06
7200.1,14:12:12,5.970e-06
7201.2,14:12:13,5.970e-06
7202.4,14:12:14,5.970e-06
7203.5,14:12:16,5.970e-06
7204.7,14:12:17,5.960e-06
7205.9,14:12:18,5.960e-06
7207.0,14:12:19,5.960e-06
7208.2,14:12:20,5.960e-06
7209.4,14:12:21,5.960e-06
7210.5,14:12:23,5.960e-06
7211.7,14:12:24,5.960e-06
7212.8,14:12:25,5.960e-06
7214.0,14:12:26,5.960e-06
7215.1,14:12:27,5.960e-06
7216.3,14:12:28,5.960e-06
7217.5,14:12:30,5.960e-06
7218.6,14:12:31,5.950e-06
7219.8,14:12:32,5.960e-06
7221.0,14:12:33,5.950e-06
7222.1,14:12:34,5.950e-06
7223.3,14:12:35,5.950e-06
7224.4,14:12:36,5.950e-06
7225.6,14:12:38,5.950e-06
7226.7,14:12:39,5.950e-06
7227.9,14:12:40,5.950e-06
7229.1,14:12:41,5.940e-06
7230.2,14:12:42,5.940e-06
7231.4,14:12:43,5.940e-06
7232.5,14:12:45,5.940e-06
7233.7,14:12:46,5.940e-06
7234.9,14:12:47,5.940e-06
7236.0,14:12:48,5.940e-06
7237.2,14:12:49,5.940e-06
7238.3,14:12:50,5.940e-06
7239.5,14:12:52,5.940e-06
7240.7,14:12:53,5.940e-06
7241.8,14:12:54,5.940e-06
7243.0,14:12:55,5.940e-06
7244.1,14:12:56,5.920e-06
7245.3,14:12:57,5.920e-06
7246.5,14:12:59,5.920e-06
7247.7,14:13:00,5.910e-06
7248.8,14:13:01,5.910e-06
7250.0,14:13:02,5.910e-06
7251.1,14:13:03,5.910e-06
7252.3,14:13:04,5.910e-06
7253.5,14:13:05,5.910e-06
7254.6,14:13:07,5.910e-06
7255.8,14:13:08,5.910e-06
7256.9,14:13:09,5.910e-06
7258.1,14:13:10,5.900e-06
7259.2,14:13:11,5.900e-06
7260.4,14:13:12,5.900e-06
7261.5,14:13:14,5.900e-06
7262.7,14:13:15,5.900e-06
7263.8,14:13:16,5.900e-06
7265.0,14:13:17,5.900e-06
7266.2,14:13:18,5.900e-06
7267.3,14:13:19,5.890e-06
7268.5,14:13:21,5.890e-06
7269.6,14:13:22,5.890e-06
7270.8,14:13:23,5.890e-06
7271.9,14:13:24,5.890e-06
7273.1,14:13:25,5.890e-06
7274.2,14:13:26,5.890e-06
7275.4,14:13:27,5.890e-06
7276.6,14:13:29,5.890e-06
7277.7,14:13:30,5.890e-06
7278.9,14:13:31,5.890e-06
7280.0,14:13:32,5.880e-06
7281.2,14:13:33,5.890e-06
7282.4,14:13:34,5.880e-06
7283.5,14:13:36,5.880e-06
7284.7,14:13:37,5.880e-06
7285.9,14:13:38,5.880e-06
7287.0,14:13:39,5.880e-06
7288.2,14:13:40,5.880e-06
7289.3,14:13:41,5.880e-06
7290.5,14:13:43,5.870e-06
7291.6,14:13:44,5.870e-06
7292.8,14:13:45,5.880e-06
7294.0,14:13:46,5.970e-06
7295.1,14:13:47,5.940e-06
7296.3,14:13:48,5.930e-06
7297.4,14:13:49,5.930e-06
7298.6,14:13:51,5.930e-06
7299.7,14:13:52,5.930e-06
7300.9,14:13:53,5.930e-06
7302.0,14:13:54,5.930e-06
7303.2,14:13:55,5.930e-06
7304.3,14:13:56,5.930e-06
7305.5,14:13:58,5.930e-06
7306.7,14:13:59,5.930e-06
7307.8,14:14:00,5.930e-06
7309.0,14:14:01,5.920e-06
7310.2,14:14:02,5.930e-06
7311.3,14:14:03,5.920e-06
7312.5,14:14:05,5.930e-06
7313.6,14:14:06,5.920e-06
7314.8,14:14:07,5.910e-06
7315.9,14:14:08,5.910e-06
7317.1,14:14:09,5.900e-06
7318.3,14:14:10,5.890e-06
7319.4,14:14:11,5.910e-06
7320.6,14:14:13,5.920e-06
7321.8,14:14:14,5.920e-06
7322.9,14:14:15,5.920e-06
7324.1,14:14:16,5.920e-06
7325.2,14:14:17,5.920e-06
7326.4,14:14:18,5.920e-06
7327.5,14:14:20,5.920e-06
7328.7,14:14:21,5.920e-06
7329.8,14:14:22,5.920e-06
7331.0,14:14:23,5.920e-06
7332.2,14:14:24,5.920e-06
7333.3,14:14:25,5.910e-06
7334.5,14:14:27,5.920e-06
7335.7,14:14:28,5.920e-06
7336.8,14:14:29,5.920e-06
7338.0,14:14:30,5.910e-06
7339.1,14:14:31,5.910e-06
7340.3,14:14:32,5.910e-06
7341.5,14:14:34,5.910e-06
7342.6,14:14:35,5.910e-06
7343.8,14:14:36,5.910e-06
7344.9,14:14:37,5.900e-06
7346.1,14:14:38,5.900e-06
7347.3,14:14:39,5.900e-06
7348.4,14:14:40,5.890e-06
7349.6,14:14:42,5.880e-06
7350.7,14:14:43,5.860e-06
7351.9,14:14:44,5.860e-06
7353.1,14:14:45,5.870e-06
7354.2,14:14:46,5.880e-06
7355.4,14:14:47,5.880e-06
7356.5,14:14:49,5.890e-06
7357.7,14:14:50,5.890e-06
7358.8,14:14:51,5.890e-06
7360.0,14:14:52,5.880e-06
7361.2,14:14:53,5.880e-06
7362.3,14:14:54,5.890e-06
7363.5,14:14:56,5.890e-06
7364.6,14:14:57,5.890e-06
7365.8,14:14:58,5.880e-06
7367.0,14:14:59,5.890e-06
7368.1,14:15:00,5.890e-06
7369.3,14:15:01,5.890e-06
7370.4,14:15:02,5.890e-06
7371.6,14:15:04,5.890e-06
7372.7,14:15:05,5.890e-06
7373.9,14:15:06,5.890e-06
7375.0,14:15:07,5.890e-06
7376.2,14:15:08,5.890e-06
7377.4,14:15:09,5.890e-06
7378.5,14:15:11,5.890e-06
7379.7,14:15:12,5.890e-06
7380.9,14:15:13,5.890e-06
7382.0,14:15:14,5.890e-06
7383.2,14:15:15,5.870e-06
7384.3,14:15:16,5.860e-06
7385.5,14:15:18,5.860e-06
7386.7,14:15:19,5.850e-06
7387.8,14:15:20,5.870e-06
7389.0,14:15:21,5.880e-06
7390.1,14:15:22,5.880e-06
7391.3,14:15:23,5.880e-06
7392.5,14:15:24,5.870e-06
7393.6,14:15:26,5.880e-06
7394.8,14:15:27,5.880e-06
7396.0,14:15:28,5.880e-06
7397.1,14:15:29,5.880e-06
7398.3,14:15:30,5.870e-06
7399.4,14:15:31,5.880e-06
7400.6,14:15:33,5.870e-06
7401.8,14:15:34,5.870e-06
7402.9,14:15:35,5.860e-06
7404.1,14:15:36,5.860e-06
7405.3,14:15:37,5.870e-06
7406.4,14:15:38,5.860e-06
7407.6,14:15:40,5.860e-06
7408.7,14:15:41,5.860e-06
7409.9,14:15:42,5.870e-06
7411.1,14:15:43,5.860e-06
7412.2,14:15:44,5.860e-06
7413.4,14:15:45,5.850e-06
7414.5,14:15:47,5.860e-06
7415.7,14:15:48,5.850e-06
7416.8,14:15:49,5.860e-06
7418.0,14:15:50,5.850e-06
7419.2,14:15:51,5.840e-06
7420.3,14:15:52,5.840e-06
7421.5,14:15:54,5.850e-06
7422.7,14:15:55,5.860e-06
7423.8,14:15:56,5.840e-06
7425.0,14:15:57,5.840e-06
7426.1,14:15:58,5.850e-06
7427.3,14:15:59,5.830e-06
7428.5,14:16:01,5.840e-06
7429.6,14:16:02,5.850e-06
7430.8,14:16:03,5.830e-06
7431.9,14:16:04,5.840e-06
7433.1,14:16:05,5.840e-06
7434.3,14:16:06,5.830e-06
7435.4,14:16:07,5.840e-06
7436.6,14:16:09,5.840e-06
7437.7,14:16:10,5.840e-06
7438.9,14:16:11,5.820e-06
7440.1,14:16:12,5.840e-06
7441.2,14:16:13,5.850e-06
7442.4,14:16:14,5.820e-06
7443.5,14:16:16,5.830e-06
7444.7,14:16:17,5.840e-06
7445.8,14:16:18,5.830e-06
7447.0,14:16:19,5.830e-06
7448.1,14:16:20,5.840e-06
7449.3,14:16:21,5.840e-06
7450.5,14:16:23,5.840e-06
7451.6,14:16:24,5.810e-06
7452.8,14:16:25,5.810e-06
7454.0,14:16:26,5.810e-06
7455.1,14:16:27,5.830e-06
7456.3,14:16:28,5.830e-06
7457.4,14:16:29,5.830e-06
7458.6,14:16:31,5.820e-06
7459.7,14:16:32,5.820e-06
7460.9,14:16:33,5.820e-06
7462.1,14:16:34,5.810e-06
7463.2,14:16:35,5.820e-06
7464.4,14:16:36,5.810e-06
7465.5,14:16:38,5.810e-06
7466.7,14:16:39,5.810e-06
7467.8,14:16:40,5.810e-06
7469.0,14:16:41,5.810e-06
7470.2,14:16:42,5.810e-06
7471.3,14:16:43,5.810e-06
7472.5,14:16:45,5.810e-06
7473.6,14:16:46,5.810e-06
7474.8,14:16:47,5.810e-06
7475.9,14:16:48,5.810e-06
7477.1,14:16:49,5.810e-06
7478.3,14:16:50,5.800e-06
7479.4,14:16:51,5.800e-06
7480.6,14:16:53,5.800e-06
7481.7,14:16:54,5.800e-06
7482.9,14:16:55,5.800e-06
7484.0,14:16:56,5.800e-06
7485.2,14:16:57,5.800e-06
7486.4,14:16:58,5.800e-06
7487.5,14:17:00,5.800e-06
7488.7,14:17:01,5.800e-06
7489.8,14:17:02,5.800e-06
7491.0,14:17:03,5.800e-06
7492.1,14:17:04,5.800e-06
7493.3,14:17:05,5.790e-06
7494.5,14:17:07,5.780e-06
7495.6,14:17:08,5.780e-06
7496.8,14:17:09,5.790e-06
7497.9,14:17:10,5.790e-06
7499.1,14:17:11,5.790e-06
7500.2,14:17:12,5.790e-06
7501.4,14:17:13,5.790e-06
7502.6,14:17:15,5.770e-06
7503.7,14:17:16,5.780e-06
7504.9,14:17:17,5.780e-06
7506.1,14:17:18,5.780e-06
7507.2,14:17:19,5.780e-06
7508.4,14:17:20,5.780e-06
7509.5,14:17:22,5.780e-06
7510.7,14:17:23,5.780e-06
7511.9,14:17:24,5.780e-06
7513.0,14:17:25,5.770e-06
7514.2,14:17:26,5.780e-06
7515.4,14:17:27,5.770e-06
7516.5,14:17:29,5.760e-06
7517.7,14:17:30,5.770e-06
7518.8,14:17:31,5.760e-06
7520.0,14:17:32,5.770e-06
7521.1,14:17:33,5.760e-06
7522.3,14:17:34,5.760e-06
7523.5,14:17:35,5.770e-06
7524.6,14:17:37,5.770e-06
7525.8,14:17:38,5.750e-06
7526.9,14:17:39,5.750e-06
7528.1,14:17:40,5.740e-06
7529.3,14:17:41,5.740e-06
7530.4,14:17:42,5.730e-06
7531.6,14:17:44,5.730e-06
7532.8,14:17:45,5.730e-06
7533.9,14:17:46,5.730e-06
7535.1,14:17:47,5.740e-06
7536.2,14:17:48,5.740e-06
7537.4,14:17:49,5.740e-06
7538.5,14:17:51,5.740e-06
7539.7,14:17:52,5.730e-06
7540.9,14:17:53,5.730e-06
7542.0,14:17:54,5.730e-06
7543.2,14:17:55,5.740e-06
7544.3,14:17:56,5.730e-06
7545.5,14:17:58,5.730e-06
7546.6,14:17:59,5.720e-06
7547.8,14:18:00,5.710e-06
7549.0,14:18:01,5.710e-06
7550.1,14:18:02,5.730e-06
7551.3,14:18:03,5.730e-06
7552.4,14:18:04,5.730e-06
7553.6,14:18:06,5.730e-06
7554.8,14:18:07,5.730e-06
7555.9,14:18:08,5.730e-06
7557.1,14:18:09,5.730e-06
7558.2,14:18:10,5.730e-06
7559.4,14:18:11,5.730e-06
7560.5,14:18:13,5.730e-06
7561.7,14:18:14,5.730e-06
7562.9,14:18:15,5.730e-06
7564.0,14:18:16,5.720e-06
7565.2,14:18:17,5.710e-06
7566.4,14:18:18,5.710e-06
7567.5,14:18:20,5.710e-06
7568.7,14:18:21,5.710e-06
7569.8,14:18:22,5.710e-06
7571.0,14:18:23,5.710e-06
7572.2,14:18:24,5.710e-06
7573.3,14:18:25,5.710e-06
7574.5,14:18:27,5.710e-06
7575.6,14:18:28,5.710e-06
7576.8,14:18:29,5.710e-06
7578.0,14:18:30,5.710e-06
7579.1,14:18:31,5.710e-06
7580.3,14:18:32,5.700e-06
7581.4,14:18:33,5.710e-06
7582.6,14:18:35,5.710e-06
7583.7,14:18:36,5.690e-06
7584.9,14:18:37,5.700e-06
7586.1,14:18:38,5.710e-06
7587.2,14:18:39,5.700e-06
7588.4,14:18:40,5.700e-06
7589.5,14:18:42,5.700e-06
7590.7,14:18:43,5.700e-06
7591.8,14:18:44,5.690e-06
7593.0,14:18:45,5.700e-06
7594.1,14:18:46,5.690e-06
7595.3,14:18:47,5.690e-06
7596.5,14:18:49,5.690e-06
7597.6,14:18:50,5.690e-06
7598.8,14:18:51,5.670e-06
7599.9,14:18:52,5.660e-06
7601.1,14:18:53,5.660e-06
7602.3,14:18:54,5.660e-06
7603.4,14:18:55,5.650e-06
7604.6,14:18:57,5.650e-06
7605.7,14:18:58,5.650e-06
7606.9,14:18:59,5.640e-06
7608.0,14:19:00,5.660e-06
7609.2,14:19:01,5.670e-06
7610.4,14:19:02,5.670e-06
7611.5,14:19:04,5.660e-06
7612.7,14:19:05,5.670e-06
7613.8,14:19:06,5.670e-06
7615.0,14:19:07,5.670e-06
7616.2,14:19:08,5.670e-06
7617.3,14:19:09,5.660e-06
7618.5,14:19:11,5.670e-06
7619.6,14:19:12,5.660e-06
7620.8,14:19:13,5.660e-06
7622.0,14:19:14,5.660e-06
7623.1,14:19:15,5.660e-06
7624.3,14:19:16,5.660e-06
7625.5,14:19:18,5.650e-06
7626.6,14:19:19,5.650e-06
7627.8,14:19:20,5.660e-06
7629.0,14:19:21,5.660e-06
7630.1,14:19:22,5.640e-06
7631.3,14:19:23,5.650e-06
7632.4,14:19:24,5.650e-06
7633.6,14:19:26,5.650e-06
7634.8,14:19:27,5.640e-06
7635.9,14:19:28,5.630e-06
7637.1,14:19:29,5.630e-06
7638.2,14:19:30,5.640e-06
7639.4,14:19:31,5.640e-06
7640.6,14:19:33,5.640e-06
7641.7,14:19:34,5.620e-06
7642.9,14:19:35,5.620e-06
7644.1,14:19:36,5.620e-06
7645.2,14:19:37,5.630e-06
7646.4,14:19:38,5.630e-06
7647.6,14:19:40,5.620e-06
7648.8,14:19:41,5.610e-06
7649.9,14:19:42,5.610e-06
7651.1,14:19:43,5.620e-06
7652.2,14:19:44,5.620e-06
7653.4,14:19:45,5.620e-06
7654.6,14:19:47,5.600e-06
7655.7,14:19:48,5.610e-06
7656.9,14:19:49,5.610e-06
7658.0,14:19:50,5.610e-06
7659.2,14:19:51,5.600e-06
7660.4,14:19:52,5.590e-06
7661.5,14:19:54,5.600e-06
7662.7,14:19:55,5.600e-06
7663.8,14:19:56,5.600e-06
7665.0,14:19:57,5.580e-06
7666.2,14:19:58,5.580e-06
7667.3,14:19:59,5.580e-06
7668.5,14:20:01,5.570e-06
7669.6,14:20:02,5.570e-06
7670.8,14:20:03,5.570e-06
7672.0,14:20:04,5.590e-06
7673.1,14:20:05,5.590e-06
7674.3,14:20:06,5.580e-06
7675.5,14:20:08,5.560e-06
7676.6,14:20:09,5.550e-06
7677.8,14:20:10,5.550e-06
7679.0,14:20:11,5.550e-06
7680.1,14:20:12,5.540e-06
7681.3,14:20:13,5.550e-06
7682.4,14:20:14,5.550e-06
7683.6,14:20:16,5.550e-06
7684.7,14:20:17,5.550e-06
7685.9,14:20:18,5.550e-06
7687.1,14:20:19,5.550e-06
7688.2,14:20:20,5.550e-06
7689.4,14:20:21,5.550e-06
7690.6,14:20:23,5.550e-06
7691.7,14:20:24,5.550e-06
7692.9,14:20:25,5.540e-06
7694.1,14:20:26,5.540e-06
7695.2,14:20:27,5.540e-06
7696.4,14:20:28,5.540e-06
7697.5,14:20:30,5.530e-06
7698.7,14:20:31,5.530e-06
7699.8,14:20:32,5.530e-06
7701.0,14:20:33,5.520e-06
7702.1,14:20:34,5.520e-06
7703.3,14:20:35,5.520e-06
7704.5,14:20:37,5.510e-06
7705.6,14:20:38,5.510e-06
7706.8,14:20:39,5.510e-06
7707.9,14:20:40,5.510e-06
7709.1,14:20:41,5.500e-06
7710.3,14:20:42,5.500e-06
7711.5,14:20:43,5.500e-06
7712.6,14:20:45,5.500e-06
7713.8,14:20:46,5.500e-06
7714.9,14:20:47,5.490e-06
7716.1,14:20:48,5.490e-06
7717.3,14:20:49,5.490e-06
7718.4,14:20:50,5.480e-06
7719.6,14:20:52,5.480e-06
7720.7,14:20:53,5.480e-06
7721.9,14:20:54,5.480e-06
7723.0,14:20:55,5.480e-06
7724.2,14:20:56,5.480e-06
7725.4,14:20:57,5.480e-06
7726.5,14:20:59,5.470e-06
7727.7,14:21:00,5.470e-06
7728.8,14:21:01,5.470e-06
7730.0,14:21:02,5.460e-06
7731.2,14:21:03,5.460e-06
7732.3,14:21:04,5.460e-06
7733.5,14:21:06,5.460e-06
7734.7,14:21:07,5.460e-06
7735.9,14:21:08,5.460e-06
7737.0,14:21:09,5.460e-06
7738.2,14:21:10,5.460e-06
7739.4,14:21:11,5.450e-06
7740.5,14:21:13,5.450e-06
7741.7,14:21:14,5.450e-06
7742.9,14:21:15,5.450e-06
7744.0,14:21:16,5.450e-06
7745.2,14:21:17,5.450e-06
7746.4,14:21:18,5.470e-06
7747.5,14:21:20,5.480e-06
7748.7,14:21:21,5.480e-06
7749.8,14:21:22,5.480e-06
7751.0,14:21:23,5.480e-06
7752.2,14:21:24,5.480e-06
7753.3,14:21:25,5.480e-06
7754.5,14:21:27,5.490e-06
7755.6,14:21:28,5.480e-06
7756.8,14:21:29,5.470e-06
7758.0,14:21:30,5.460e-06
7759.1,14:21:31,5.470e-06
7760.3,14:21:32,5.480e-06
7761.5,14:21:33,5.480e-06
7762.6,14:21:35,5.490e-06
7763.8,14:21:36,5.480e-06
7765.0,14:21:37,5.480e-06
7766.1,14:21:38,5.470e-06
7767.3,14:21:39,5.480e-06
7768.4,14:21:40,5.480e-06
7769.6,14:21:42,5.480e-06
7770.7,14:21:43,5.490e-06
7771.9,14:21:44,5.480e-06
7773.1,14:21:45,5.480e-06
7774.2,14:21:46,5.470e-06
7775.4,14:21:47,5.480e-06
7776.5,14:21:49,5.480e-06
7777.7,14:21:50,5.470e-06
7778.9,14:21:51,5.470e-06
7780.0,14:21:52,5.470e-06
7781.2,14:21:53,5.460e-06
7782.4,14:21:54,5.460e-06
7783.5,14:21:56,5.460e-06
7784.7,14:21:57,5.460e-06
7785.9,14:21:58,5.460e-06
7787.0,14:21:59,5.450e-06
7788.2,14:22:00,5.440e-06
7789.3,14:22:01,5.430e-06
7790.5,14:22:03,5.430e-06
7791.7,14:22:04,5.420e-06
7792.8,14:22:05,5.420e-06
7794.0,14:22:06,5.420e-06
7795.2,14:22:07,5.420e-06
7796.3,14:22:08,5.420e-06
7797.5,14:22:10,5.410e-06
7798.6,14:22:11,5.410e-06
7799.8,14:22:12,5.410e-06
7800.9,14:22:13,5.410e-06
7802.1,14:22:14,5.410e-06
7803.2,14:22:15,5.410e-06
7804.4,14:22:16,5.410e-06
7805.5,14:22:18,5.410e-06
7806.7,14:22:19,5.400e-06
7807.9,14:22:20,5.400e-06
7809.0,14:22:21,5.400e-06
7810.2,14:22:22,5.400e-06
7811.3,14:22:23,5.390e-06
7812.5,14:22:25,5.390e-06
7813.7,14:22:26,5.390e-06
7814.8,14:22:27,5.390e-06
7816.0,14:22:28,5.390e-06
7817.1,14:22:29,5.390e-06
7818.3,14:22:30,5.390e-06
7819.5,14:22:32,5.390e-06
7820.6,14:22:33,5.390e-06
7821.8,14:22:34,5.380e-06
7822.9,14:22:35,5.380e-06
7824.1,14:22:36,5.380e-06
7825.3,14:22:37,5.380e-06
7826.4,14:22:38,5.380e-06
7827.6,14:22:40,5.380e-06
7828.7,14:22:41,5.370e-06
7829.9,14:22:42,5.370e-06
7831.0,14:22:43,5.370e-06
7832.2,14:22:44,5.370e-06
7833.4,14:22:45,5.370e-06
7834.5,14:22:47,5.370e-06
7835.7,14:22:48,5.370e-06
7836.9,14:22:49,5.370e-06
7838.0,14:22:50,5.360e-06
7839.2,14:22:51,5.370e-06
7840.4,14:22:52,5.370e-06
7841.5,14:22:54,5.360e-06
7842.7,14:22:55,5.360e-06
7843.8,14:22:56,5.360e-06
7845.0,14:22:57,5.360e-06
7846.2,14:22:58,5.350e-06
7847.3,14:22:59,5.350e-06
7848.5,14:23:01,5.350e-06
7849.7,14:23:02,5.350e-06
7850.8,14:23:03,5.360e-06
7852.0,14:23:04,5.370e-06
7853.2,14:23:05,5.360e-06
7854.3,14:23:06,5.360e-06
7855.5,14:23:08,5.370e-06
7856.7,14:23:09,5.380e-06
7857.8,14:23:10,5.370e-06
7859.0,14:23:11,5.360e-06
7860.1,14:23:12,5.360e-06
7861.3,14:23:13,5.350e-06
7862.5,14:23:15,5.350e-06
7863.6,14:23:16,5.350e-06
7864.8,14:23:17,5.350e-06
7866.0,14:23:18,5.350e-06
7867.1,14:23:19,5.350e-06
7868.3,14:23:20,5.350e-06
7869.5,14:23:22,5.340e-06
7870.6,14:23:23,5.340e-06
7871.8,14:23:24,5.340e-06
7872.9,14:23:25,5.340e-06
7874.1,14:23:26,5.340e-06
7875.3,14:23:27,5.340e-06
7876.4,14:23:28,5.330e-06
7877.6,14:23:30,5.340e-06
7878.8,14:23:31,5.330e-06
7879.9,14:23:32,5.330e-06
7881.1,14:23:33,5.330e-06
7882.3,14:23:34,5.320e-06
7883.4,14:23:35,5.330e-06
7884.6,14:23:37,5.320e-06
7885.7,14:23:38,5.320e-06
7886.9,14:23:39,5.320e-06
7888.0,14:23:40,5.320e-06
7889.2,14:23:41,5.320e-06
7890.4,14:23:42,5.320e-06
7891.5,14:23:44,5.320e-06
7892.7,14:23:45,5.320e-06
7893.8,14:23:46,5.320e-06
7895.0,14:23:47,5.320e-06
7896.2,14:23:48,5.310e-06
7897.3,14:23:49,5.310e-06
7898.5,14:23:51,5.310e-06
7899.7,14:23:52,5.300e-06
7900.8,14:23:53,5.290e-06
7902.0,14:23:54,5.290e-06
7903.2,14:23:55,5.290e-06
7904.3,14:23:56,5.280e-06
7905.5,14:23:58,5.280e-06
7906.6,14:23:59,5.280e-06
7907.8,14:24:00,5.280e-06
7908.9,14:24:01,5.280e-06
7910.1,14:24:02,5.280e-06
7911.3,14:24:03,5.280e-06
7912.4,14:24:04,5.270e-06
7913.6,14:24:06,5.280e-06
7914.7,14:24:07,5.270e-06
7915.9,14:24:08,5.270e-06
7917.1,14:24:09,5.270e-06
7918.2,14:24:10,5.270e-06
7919.4,14:24:11,5.260e-06
7920.5,14:24:13,5.260e-06
7921.7,14:24:14,5.260e-06
7922.9,14:24:15,5.260e-06
7924.0,14:24:16,5.260e-06
7925.2,14:24:17,5.260e-06
7926.3,14:24:18,5.250e-06
7927.5,14:24:20,5.250e-06
7928.7,14:24:21,5.250e-06
7929.8,14:24:22,5.250e-06
7931.0,14:24:23,5.250e-06
7932.1,14:24:24,5.250e-06
7933.3,14:24:25,5.250e-06
7934.5,14:24:27,5.250e-06
7935.6,14:24:28,5.240e-06
7936.8,14:24:29,5.240e-06
7937.9,14:24:30,5.240e-06
7939.1,14:24:31,5.240e-06
7940.3,14:24:32,5.240e-06
7941.4,14:24:33,5.240e-06
7942.6,14:24:35,5.240e-06
7943.8,14:24:36,5.240e-06
7944.9,14:24:37,5.240e-06
7946.1,14:24:38,5.230e-06
7947.2,14:24:39,5.230e-06
7948.4,14:24:40,5.230e-06
7949.6,14:24:42,5.230e-06
7950.7,14:24:43,5.220e-06
7951.9,14:24:44,5.250e-06
7953.1,14:24:45,5.240e-06
7954.2,14:24:46,5.240e-06
7955.4,14:24:47,5.250e-06
7956.5,14:24:49,5.250e-06
7957.7,14:24:50,5.250e-06
7958.9,14:24:51,5.250e-06
7960.0,14:24:52,5.250e-06
7961.2,14:24:53,5.250e-06
7962.3,14:24:54,5.250e-06
7963.5,14:24:56,5.250e-06
7964.6,14:24:57,5.260e-06
7965.8,14:24:58,5.250e-06
7967.0,14:24:59,5.250e-06
7968.1,14:25:00,5.240e-06
7969.3,14:25:01,5.250e-06
7970.5,14:25:03,5.250e-06
7971.6,14:25:04,5.250e-06
7972.8,14:25:05,5.250e-06
7973.9,14:25:06,5.250e-06
7975.1,14:25:07,5.250e-06
7976.2,14:25:08,5.240e-06
7977.4,14:25:09,5.240e-06
7978.6,14:25:11,5.240e-06
7979.7,14:25:12,5.250e-06
7980.9,14:25:13,5.240e-06
7982.1,14:25:14,5.240e-06
7983.2,14:25:15,5.240e-06
7984.4,14:25:16,5.250e-06
7985.5,14:25:18,5.250e-06
7986.7,14:25:19,5.240e-06
7987.9,14:25:20,5.250e-06
7989.0,14:25:21,5.230e-06
7990.2,14:25:22,5.230e-06
7991.3,14:25:23,5.240e-06
7992.5,14:25:25,5.240e-06
7993.7,14:25:26,5.230e-06
7994.8,14:25:27,5.230e-06
7996.0,14:25:28,5.230e-06
7997.1,14:25:29,5.230e-06
7998.3,14:25:30,5.240e-06
7999.5,14:25:32,5.230e-06
8000.6,14:25:33,5.220e-06
8001.8,14:25:34,5.210e-06
8003.0,14:25:35,5.210e-06
8004.1,14:25:36,5.210e-06
8005.3,14:25:37,5.210e-06
8006.4,14:25:38,5.210e-06
8007.6,14:25:40,5.210e-06
8008.8,14:25:41,5.210e-06
8009.9,14:25:42,5.220e-06
8011.1,14:25:43,5.210e-06
8012.2,14:25:44,5.200e-06
8013.4,14:25:45,5.200e-06
8014.6,14:25:47,5.200e-06
8015.7,14:25:48,5.190e-06
8016.9,14:25:49,5.190e-06
8018.0,14:25:50,5.190e-06
8019.2,14:25:51,5.180e-06
8020.4,14:25:52,5.170e-06
8021.5,14:25:54,5.170e-06
8022.7,14:25:55,5.170e-06
8023.9,14:25:56,5.160e-06
8025.0,14:25:57,5.180e-06
8026.2,14:25:58,5.180e-06
8027.3,14:25:59,5.170e-06
8028.5,14:26:01,5.180e-06
8029.7,14:26:02,5.180e-06
8030.8,14:26:03,5.180e-06
8032.0,14:26:04,5.160e-06
8033.2,14:26:05,5.160e-06
8034.3,14:26:06,5.170e-06
8035.5,14:26:08,5.170e-06
8036.7,14:26:09,5.170e-06
8037.8,14:26:10,5.170e-06
8039.0,14:26:11,5.180e-06
8040.2,14:26:12,5.170e-06
8041.3,14:26:13,5.180e-06
8042.5,14:26:15,5.180e-06
8043.6,14:26:16,5.180e-06
8044.8,14:26:17,5.180e-06
8046.0,14:26:18,5.170e-06
8047.1,14:26:19,5.170e-06
8048.3,14:26:20,5.170e-06
8049.4,14:26:21,5.160e-06
8050.6,14:26:23,5.170e-06
8051.8,14:26:24,5.170e-06
8052.9,14:26:25,5.170e-06
8054.1,14:26:26,5.170e-06
8055.2,14:26:27,5.160e-06
8056.4,14:26:28,5.160e-06
8057.6,14:26:30,5.170e-06
8058.8,14:26:31,5.170e-06
8059.9,14:26:32,5.170e-06
8061.1,14:26:33,5.170e-06
8062.2,14:26:34,5.170e-06
8063.4,14:26:35,5.170e-06
8064.6,14:26:37,5.170e-06
8065.7,14:26:38,5.170e-06
8066.9,14:26:39,5.170e-06
8068.1,14:26:40,5.170e-06
8069.2,14:26:41,5.170e-06
8070.4,14:26:42,5.170e-06
8071.5,14:26:44,5.170e-06
8072.7,14:26:45,5.170e-06
8073.9,14:26:46,5.170e-06
8075.0,14:26:47,5.170e-06
8076.2,14:26:48,5.170e-06
8077.3,14:26:49,5.160e-06
8078.5,14:26:51,5.160e-06
8079.7,14:26:52,5.160e-06
8080.8,14:26:53,5.170e-06
8082.0,14:26:54,5.160e-06
8083.1,14:26:55,5.160e-06
8084.3,14:26:56,5.160e-06
8085.5,14:26:58,5.140e-06
8086.7,14:26:59,5.140e-06
8087.8,14:27:00,5.140e-06
8089.0,14:27:01,5.130e-06
8090.1,14:27:02,5.130e-06
8091.3,14:27:03,5.130e-06
8092.5,14:27:05,5.130e-06
8093.6,14:27:06,5.130e-06
8094.8,14:27:07,5.130e-06
8095.9,14:27:08,5.150e-06
8097.1,14:27:09,5.140e-06
8098.3,14:27:10,5.140e-06
8099.4,14:27:11,5.140e-06
8100.6,14:27:13,5.140e-06
8101.8,14:27:14,5.140e-06
8102.9,14:27:15,5.140e-06
8104.1,14:27:16,5.130e-06
8105.2,14:27:17,5.140e-06
8106.4,14:27:18,5.140e-06
8107.6,14:27:20,5.130e-06
8108.7,14:27:21,5.130e-06
8109.9,14:27:22,5.130e-06
8111.1,14:27:23,5.130e-06
8112.3,14:27:24,5.130e-06
8113.4,14:27:25,5.120e-06
8114.6,14:27:27,5.120e-06
8115.7,14:27:28,5.120e-06
8116.9,14:27:29,5.120e-06
8118.0,14:27:30,5.120e-06
8119.2,14:27:31,5.120e-06
8120.4,14:27:32,5.110e-06
8121.5,14:27:34,5.120e-06
8122.7,14:27:35,5.110e-06
8123.9,14:27:36,5.120e-06
8125.0,14:27:37,5.110e-06
8126.2,14:27:38,5.100e-06
8127.4,14:27:39,5.080e-06
8128.5,14:27:41,5.090e-06
8129.7,14:27:42,5.080e-06
8130.8,14:27:43,5.080e-06
8132.0,14:27:44,5.090e-06
8133.2,14:27:45,5.080e-06
8134.3,14:27:46,5.070e-06
8135.5,14:27:48,5.070e-06
8136.6,14:27:49,5.080e-06
8137.8,14:27:50,5.080e-06
8139.0,14:27:51,5.070e-06
8140.1,14:27:52,5.080e-06
8141.3,14:27:53,5.070e-06
8142.5,14:27:54,5.070e-06
8143.6,14:27:56,5.070e-06
8144.8,14:27:57,5.070e-06
8145.9,14:27:58,5.070e-06
8147.1,14:27:59,5.070e-06
8148.3,14:28:00,5.060e-06
8149.4,14:28:01,5.070e-06
8150.6,14:28:03,5.070e-06
8151.7,14:28:04,5.060e-06
8152.9,14:28:05,5.050e-06
8154.1,14:28:06,5.050e-06
8155.2,14:28:07,5.050e-06
8156.4,14:28:08,5.050e-06
8157.5,14:28:10,5.040e-06
8158.7,14:28:11,5.040e-06
8159.8,14:28:12,5.040e-06
8161.0,14:28:13,5.050e-06
8162.2,14:28:14,5.040e-06
8163.3,14:28:15,5.040e-06
8164.5,14:28:17,5.030e-06
8165.7,14:28:18,5.030e-06
8166.8,14:28:19,5.030e-06
8168.0,14:28:20,5.030e-06
8169.1,14:28:21,5.030e-06
8170.3,14:28:22,5.030e-06
8171.4,14:28:23,5.030e-06
8172.6,14:28:25,5.030e-06
8173.7,14:28:26,5.040e-06
8174.9,14:28:27,5.030e-06
8176.1,14:28:28,5.030e-06
8177.2,14:28:29,5.040e-06
8178.4,14:28:30,5.040e-06
8179.5,14:28:32,5.030e-06
8180.7,14:28:33,5.020e-06
8181.8,14:28:34,5.020e-06
8183.0,14:28:35,5.010e-06
8184.2,14:28:36,5.010e-06
8185.3,14:28:37,5.020e-06
8186.5,14:28:39,5.030e-06
8187.7,14:28:40,5.030e-06
8188.8,14:28:41,5.030e-06
8190.0,14:28:42,5.040e-06
8191.2,14:28:43,5.020e-06
8192.3,14:28:44,5.010e-06
8193.5,14:28:46,5.010e-06
8194.6,14:28:47,5.000e-06
8195.8,14:28:48,5.000e-06
8197.0,14:28:49,5.020e-06
8198.1,14:28:50,5.030e-06
8199.3,14:28:51,5.030e-06
8200.5,14:28:52,5.030e-06
8201.6,14:28:54,5.030e-06
8202.8,14:28:55,5.030e-06
8203.9,14:28:56,5.030e-06
8205.1,14:28:57,5.030e-06
8206.2,14:28:58,5.030e-06
8207.4,14:28:59,5.020e-06
8208.6,14:29:01,5.030e-06
8209.7,14:29:02,5.030e-06
8210.9,14:29:03,5.030e-06
8212.1,14:29:04,5.030e-06
8213.2,14:29:05,5.030e-06
8214.4,14:29:06,5.030e-06
8215.5,14:29:08,5.010e-06
8216.7,14:29:09,5.020e-06
8217.9,14:29:10,5.030e-06
8219.0,14:29:11,5.020e-06
8220.2,14:29:12,5.030e-06
8221.3,14:29:13,5.030e-06
8222.5,14:29:15,5.020e-06
8223.7,14:29:16,5.030e-06
8224.8,14:29:17,5.020e-06
8226.0,14:29:18,5.010e-06
8227.2,14:29:19,5.020e-06
8228.3,14:29:20,5.030e-06
8229.5,14:29:22,5.020e-06
8230.6,14:29:23,5.030e-06
8231.8,14:29:24,5.030e-06
8233.0,14:29:25,5.010e-06
8234.1,14:29:26,5.020e-06
8235.3,14:29:27,5.010e-06
8236.5,14:29:29,5.020e-06
8237.6,14:29:30,5.010e-06
8238.8,14:29:31,5.020e-06
8239.9,14:29:32,5.020e-06
8241.1,14:29:33,5.000e-06
8242.3,14:29:34,5.000e-06
8243.4,14:29:35,4.990e-06
8244.6,14:29:37,4.990e-06
8245.8,14:29:38,5.000e-06
8246.9,14:29:39,5.000e-06
8248.1,14:29:40,5.000e-06
8249.2,14:29:41,5.000e-06
8250.4,14:29:42,5.000e-06
8251.6,14:29:44,5.000e-06
8252.7,14:29:45,4.990e-06
8253.9,14:29:46,5.000e-06
8255.1,14:29:47,5.000e-06
8256.2,14:29:48,4.980e-06
8257.4,14:29:49,4.970e-06
8258.6,14:29:51,4.970e-06
8259.7,14:29:52,4.970e-06
8260.9,14:29:53,4.970e-06
8262.0,14:29:54,4.960e-06
8263.2,14:29:55,4.960e-06
8264.3,14:29:56,4.960e-06
8265.5,14:29:58,4.960e-06
8266.7,14:29:59,4.970e-06
8267.9,14:30:00,4.990e-06
8269.0,14:30:01,4.990e-06
8270.2,14:30:02,4.990e-06
8271.4,14:30:03,4.990e-06
8272.5,14:30:05,4.990e-06
8273.7,14:30:06,4.980e-06
8274.8,14:30:07,4.980e-06
8276.0,14:30:08,4.980e-06
8277.1,14:30:09,4.980e-06
8278.3,14:30:10,4.970e-06
8279.5,14:30:12,4.980e-06
8280.6,14:30:13,4.980e-06
8281.8,14:30:14,4.990e-06
8283.0,14:30:15,4.980e-06
8284.1,14:30:16,4.980e-06
8285.3,14:30:17,4.990e-06
8286.4,14:30:18,4.980e-06
8287.6,14:30:20,4.980e-06
8288.8,14:30:21,4.980e-06
8289.9,14:30:22,4.990e-06
8291.1,14:30:23,4.990e-06
8292.3,14:30:24,4.990e-06
8293.4,14:30:25,4.990e-06
8294.6,14:30:27,4.980e-06
8295.7,14:30:28,4.990e-06
8296.9,14:30:29,4.980e-06
8298.0,14:30:30,4.980e-06
8299.2,14:30:31,4.980e-06
8300.4,14:30:32,4.970e-06
8301.5,14:30:34,4.960e-06
8302.7,14:30:35,4.960e-06
8303.8,14:30:36,4.950e-06
8305.0,14:30:37,4.950e-06
8306.2,14:30:38,4.950e-06
8307.3,14:30:39,4.950e-06
8308.5,14:30:41,4.950e-06
8309.7,14:30:42,4.940e-06
8310.8,14:30:43,4.940e-06
8312.0,14:30:44,4.940e-06
8313.2,14:30:45,4.940e-06
8314.3,14:30:46,4.940e-06
8315.5,14:30:48,4.940e-06
8316.6,14:30:49,4.950e-06
8317.8,14:30:50,4.950e-06
8319.0,14:30:51,4.950e-06
8320.1,14:30:52,4.940e-06
8321.3,14:30:53,4.950e-06
8322.5,14:30:55,4.950e-06
8323.6,14:30:56,4.940e-06
8324.8,14:30:57,4.940e-06
8325.9,14:30:58,4.940e-06
8327.1,14:30:59,4.940e-06
8328.2,14:31:00,4.940e-06
8329.4,14:31:01,4.940e-06
8330.6,14:31:03,4.940e-06
8331.7,14:31:04,4.940e-06
8332.9,14:31:05,4.940e-06
8334.0,14:31:06,4.940e-06
8335.2,14:31:07,4.930e-06
8336.4,14:31:08,4.940e-06
8337.5,14:31:10,4.930e-06
8338.7,14:31:11,4.930e-06
8339.9,14:31:12,4.930e-06
8341.0,14:31:13,4.930e-06
8342.2,14:31:14,4.930e-06
8343.3,14:31:15,4.930e-06
8344.5,14:31:17,4.930e-06
8345.7,14:31:18,4.930e-06
8346.8,14:31:19,4.930e-06
8348.0,14:31:20,4.930e-06
8349.1,14:31:21,4.930e-06
8350.3,14:31:22,4.930e-06
8351.5,14:31:24,4.920e-06
8352.7,14:31:25,4.910e-06
8353.8,14:31:26,4.910e-06
8355.0,14:31:27,4.910e-06
8356.2,14:31:28,4.910e-06
8357.3,14:31:29,4.890e-06
8358.5,14:31:31,4.890e-06
8359.6,14:31:32,4.890e-06
8360.8,14:31:33,4.890e-06
8362.0,14:31:34,4.890e-06
8363.1,14:31:35,4.900e-06
8364.3,14:31:36,4.900e-06
8365.4,14:31:37,4.890e-06
8366.6,14:31:39,4.890e-06
8367.8,14:31:40,4.890e-06
8368.9,14:31:41,4.890e-06
8370.1,14:31:42,4.890e-06
8371.2,14:31:43,4.890e-06
8372.4,14:31:44,4.890e-06
8373.6,14:31:46,4.890e-06
8374.7,14:31:47,4.890e-06
8375.9,14:31:48,4.890e-06
8377.1,14:31:49,4.880e-06
8378.2,14:31:50,4.880e-06
8379.4,14:31:51,4.880e-06
8380.5,14:31:53,4.880e-06
8381.7,14:31:54,4.880e-06
8382.9,14:31:55,4.880e-06
8384.0,14:31:56,4.880e-06
8385.2,14:31:57,4.880e-06
8386.3,14:31:58,4.880e-06
8387.5,14:32:00,4.880e-06
8388.7,14:32:01,4.880e-06
8389.8,14:32:02,4.880e-06
8391.0,14:32:03,4.880e-06
8392.2,14:32:04,4.880e-06
8393.3,14:32:05,4.880e-06
8394.5,14:32:07,4.880e-06
8395.6,14:32:08,4.870e-06
8396.8,14:32:09,4.870e-06
8398.0,14:32:10,4.870e-06
8399.1,14:32:11,4.870e-06
8400.3,14:32:12,4.870e-06
8401.5,14:32:13,4.870e-06
8402.6,14:32:15,4.870e-06
8403.8,14:32:16,4.870e-06
8404.9,14:32:17,4.870e-06
8406.1,14:32:18,4.870e-06
8407.3,14:32:19,4.870e-06
8408.4,14:32:20,4.870e-06
8409.6,14:32:22,4.870e-06
8410.8,14:32:23,4.870e-06
8411.9,14:32:24,4.870e-06
8413.1,14:32:25,4.870e-06
8414.2,14:32:26,4.870e-06
8415.4,14:32:27,4.870e-06
8416.6,14:32:29,4.870e-06
8417.7,14:32:30,4.870e-06
8418.9,14:32:31,4.870e-06
8420.1,14:32:32,4.870e-06
8421.2,14:32:33,4.870e-06
8422.4,14:32:34,4.870e-06
8423.5,14:32:36,4.870e-06
8424.7,14:32:37,4.870e-06
8425.9,14:32:38,4.870e-06
8427.0,14:32:39,4.870e-06
8428.2,14:32:40,4.870e-06
8429.4,14:32:41,4.870e-06
8430.5,14:32:43,4.860e-06
8431.7,14:32:44,4.860e-06
8432.8,14:32:45,4.860e-06
8434.0,14:32:46,4.860e-06
8435.2,14:32:47,4.860e-06
8436.3,14:32:48,4.860e-06
8437.5,14:32:50,4.860e-06
8438.7,14:32:51,4.860e-06
8439.8,14:32:52,4.860e-06
8441.0,14:32:53,4.860e-06
8442.2,14:32:54,4.860e-06
8443.3,14:32:55,4.860e-06
8444.5,14:32:57,4.860e-06
8445.6,14:32:58,4.860e-06
8446.8,14:32:59,4.860e-06
8448.0,14:33:00,4.860e-06
8449.1,14:33:01,4.860e-06
8450.3,14:33:02,4.860e-06
8451.4,14:33:03,4.860e-06
8452.6,14:33:05,4.860e-06
8453.8,14:33:06,4.860e-06
8454.9,14:33:07,4.860e-06
8456.1,14:33:08,4.860e-06
8457.3,14:33:09,4.860e-06
8458.4,14:33:10,4.860e-06
8459.6,14:33:12,4.860e-06
8460.8,14:33:13,4.860e-06
8462.0,14:33:14,4.870e-06
8463.1,14:33:15,4.870e-06
8464.3,14:33:16,4.870e-06
8465.4,14:33:17,4.880e-06
8466.6,14:33:19,4.880e-06
8467.7,14:33:20,4.890e-06
8468.9,14:33:21,4.880e-06
8470.1,14:33:22,4.870e-06
8471.2,14:33:23,4.870e-06
8472.4,14:33:24,4.870e-06
8473.5,14:33:26,4.880e-06
8474.7,14:33:27,4.880e-06
8475.8,14:33:28,4.890e-06
8477.0,14:33:29,4.890e-06
8478.2,14:33:30,4.890e-06
8479.3,14:33:31,4.890e-06
8480.5,14:33:33,4.890e-06
8481.6,14:33:34,4.900e-06
8482.8,14:33:35,4.900e-06
8484.0,14:33:36,4.900e-06
8485.1,14:33:37,4.910e-06
8486.3,14:33:38,4.910e-06
8487.5,14:33:40,4.910e-06
8488.6,14:33:41,4.910e-06
8489.8,14:33:42,4.910e-06
8491.0,14:33:43,4.920e-06
8492.1,14:33:44,5.010e-06
8493.3,14:33:45,5.040e-06
8494.5,14:33:46,5.010e-06
8495.6,14:33:48,5.000e-06
8496.8,14:33:49,5.010e-06
8497.9,14:33:50,5.010e-06
8499.1,14:33:51,5.010e-06
8500.3,14:33:52,5.020e-06
8501.5,14:33:53,5.030e-06
8502.6,14:33:55,5.030e-06
8503.8,14:33:56,5.030e-06
8504.9,14:33:57,5.030e-06
8506.1,14:33:58,5.050e-06
8507.3,14:33:59,5.050e-06
8508.4,14:34:00,5.050e-06
8509.6,14:34:02,5.050e-06
8510.7,14:34:03,5.060e-06
8511.9,14:34:04,5.060e-06
8513.1,14:34:05,5.070e-06
8514.2,14:34:06,5.060e-06
8515.4,14:34:07,5.070e-06
8516.5,14:34:09,5.070e-06
8517.7,14:34:10,5.070e-06
8518.8,14:34:11,5.080e-06
8520.0,14:34:12,5.080e-06
8521.2,14:34:13,5.090e-06
8522.3,14:34:14,5.090e-06
8523.5,14:34:16,5.090e-06
8524.7,14:34:17,5.090e-06
8525.8,14:34:18,5.090e-06
8527.0,14:34:19,5.100e-06
8528.1,14:34:20,5.100e-06
8529.3,14:34:21,5.100e-06
8530.5,14:34:23,5.100e-06
8531.6,14:34:24,5.090e-06
8532.8,14:34:25,5.120e-06
8533.9,14:34:26,5.120e-06
8535.1,14:34:27,5.130e-06
8536.3,14:34:28,5.130e-06
8537.4,14:34:29,5.140e-06
8538.6,14:34:31,5.140e-06
8539.8,14:34:32,5.140e-06
8540.9,14:34:33,5.140e-06
8542.1,14:34:34,5.150e-06
8543.3,14:34:35,5.150e-06
8544.4,14:34:36,5.160e-06
8545.6,14:34:38,5.160e-06
8546.7,14:34:39,5.140e-06
8547.9,14:34:40,5.160e-06
8549.1,14:34:41,5.170e-06
8550.2,14:34:42,5.170e-06
8551.4,14:34:43,5.170e-06
8552.5,14:34:45,5.170e-06
8553.7,14:34:46,5.180e-06
8554.9,14:34:47,5.180e-06
8556.0,14:34:48,5.180e-06
8557.2,14:34:49,5.180e-06
8558.4,14:34:50,5.160e-06
8559.5,14:34:52,5.190e-06
8560.7,14:34:53,5.200e-06
8561.9,14:34:54,5.200e-06
8563.0,14:34:55,5.210e-06
8564.2,14:34:56,5.210e-06
8565.3,14:34:57,5.210e-06
8566.5,14:34:59,5.210e-06
8567.7,14:35:00,5.220e-06
8568.8,14:35:01,5.220e-06
8570.0,14:35:02,5.220e-06
8571.2,14:35:03,5.230e-06
8572.3,14:35:04,5.230e-06
8573.5,14:35:06,5.230e-06
8574.6,14:35:07,5.230e-06
8575.8,14:35:08,5.230e-06
8576.9,14:35:09,5.230e-06
8578.1,14:35:10,5.230e-06
8579.2,14:35:11,5.240e-06
8580.4,14:35:12,5.230e-06
8581.5,14:35:14,5.240e-06
8582.7,14:35:15,5.230e-06
8583.8,14:35:16,5.230e-06
8585.0,14:35:17,5.230e-06
8586.1,14:35:18,5.230e-06
8587.3,14:35:19,5.230e-06
8588.4,14:35:20,5.230e-06
8589.6,14:35:22,5.230e-06
8590.8,14:35:23,5.230e-06
8591.9,14:35:24,5.220e-06
8593.1,14:35:25,5.230e-06
8594.2,14:35:26,5.240e-06
8595.4,14:35:27,5.250e-06
8596.5,14:35:29,5.250e-06
8597.7,14:35:30,5.250e-06
8598.8,14:35:31,5.250e-06
8600.0,14:35:32,5.250e-06
8601.2,14:35:33,5.250e-06
8602.3,14:35:34,5.250e-06
8603.5,14:35:35,5.250e-06
8604.6,14:35:37,5.250e-06
8605.8,14:35:38,5.250e-06
8606.9,14:35:39,5.250e-06
8608.1,14:35:40,5.250e-06
8609.2,14:35:41,5.250e-06
8610.4,14:35:42,5.250e-06
8611.5,14:35:44,5.250e-06
8612.7,14:35:45,5.250e-06
8613.8,14:35:46,5.250e-06
8615.0,14:35:47,5.250e-06
8616.2,14:35:48,5.250e-06
8617.3,14:35:49,5.250e-06
8618.5,14:35:51,5.250e-06
8619.6,14:35:52,5.250e-06
8620.8,14:35:53,5.250e-06
8621.9,14:35:54,5.250e-06
8623.1,14:35:55,5.230e-06
8624.2,14:35:56,5.230e-06
8625.4,14:35:57,5.230e-06
8626.5,14:35:59,5.260e-06
8627.7,14:36:00,5.260e-06
8628.8,14:36:01,5.260e-06
8630.0,14:36:02,5.260e-06
8631.1,14:36:03,5.270e-06
8632.3,14:36:04,5.270e-06
8633.4,14:36:05,5.270e-06
8634.6,14:36:07,5.270e-06
8635.8,14:36:08,5.270e-06
8636.9,14:36:09,5.270e-06
8638.1,14:36:10,5.270e-06
8639.2,14:36:11,5.270e-06
8640.4,14:36:12,5.280e-06
8641.5,14:36:14,5.280e-06
8642.7,14:36:15,5.280e-06
8643.8,14:36:16,5.280e-06
8645.0,14:36:17,5.280e-06
8646.1,14:36:18,5.280e-06
8647.3,14:36:19,5.270e-06
8648.4,14:36:20,5.280e-06
8649.6,14:36:22,5.280e-06
8650.8,14:36:23,5.280e-06
8651.9,14:36:24,5.280e-06
8653.1,14:36:25,5.280e-06
8654.2,14:36:26,5.270e-06
8655.4,14:36:27,5.270e-06
8656.5,14:36:29,5.270e-06
8657.7,14:36:30,5.270e-06
8658.8,14:36:31,5.260e-06
8660.0,14:36:32,5.250e-06
8661.1,14:36:33,5.240e-06
8662.3,14:36:34,5.280e-06
8663.5,14:36:36,5.280e-06
8664.6,14:36:37,5.280e-06
8665.8,14:36:38,5.280e-06
8666.9,14:36:39,5.280e-06
8668.1,14:36:40,5.290e-06
8669.2,14:36:41,5.290e-06
8670.4,14:36:42,5.290e-06
8671.5,14:36:44,5.290e-06
8672.7,14:36:45,5.290e-06
8673.9,14:36:46,5.290e-06
8675.0,14:36:47,5.290e-06
8676.2,14:36:48,5.300e-06
8677.4,14:36:49,5.300e-06
8678.5,14:36:51,5.290e-06
8679.7,14:36:52,5.300e-06
8680.9,14:36:53,5.300e-06
8682.0,14:36:54,5.300e-06
8683.2,14:36:55,5.300e-06
8684.3,14:36:56,5.300e-06
8685.5,14:36:58,5.300e-06
8686.6,14:36:59,5.300e-06
8687.8,14:37:00,5.300e-06
8688.9,14:37:01,5.300e-06
8690.1,14:37:02,5.300e-06
8691.2,14:37:03,5.300e-06
8692.4,14:37:04,5.300e-06
8693.5,14:37:06,5.300e-06
8694.7,14:37:07,5.300e-06
8695.9,14:37:08,5.310e-06
8697.0,14:37:09,5.300e-06
8698.2,14:37:10,5.310e-06
8699.3,14:37:11,5.310e-06
8700.5,14:37:12,5.300e-06
8701.6,14:37:14,5.290e-06
8702.8,14:37:15,5.290e-06
8703.9,14:37:16,5.290e-06
8705.1,14:37:17,5.290e-06
8706.3,14:37:18,5.290e-06
8707.4,14:37:19,5.290e-06
8708.6,14:37:21,5.300e-06
8709.7,14:37:22,5.300e-06
8710.9,14:37:23,5.290e-06
8712.0,14:37:24,5.290e-06
8713.2,14:37:25,5.300e-06
8714.3,14:37:26,5.300e-06
8715.5,14:37:28,5.290e-06
8716.6,14:37:29,5.300e-06
8717.8,14:37:30,5.300e-06
8719.0,14:37:31,5.300e-06
8720.1,14:37:32,5.280e-06
8721.3,14:37:33,5.300e-06
8722.4,14:37:34,5.300e-06
8723.6,14:37:36,5.300e-06
8724.7,14:37:37,5.300e-06
8725.9,14:37:38,5.300e-06
8727.1,14:37:39,5.300e-06
8728.2,14:37:40,5.290e-06
8729.4,14:37:41,5.300e-06
8730.5,14:37:43,5.300e-06
8731.7,14:37:44,5.300e-06
8732.8,14:37:45,5.300e-06
8734.0,14:37:46,5.300e-06
8735.2,14:37:47,5.300e-06
8736.3,14:37:48,5.300e-06
8737.5,14:37:50,5.310e-06
8738.6,14:37:51,5.300e-06
8739.8,14:37:52,5.310e-06
8740.9,14:37:53,5.310e-06
8742.1,14:37:54,5.300e-06
8743.2,14:37:55,5.310e-06
8744.4,14:37:56,5.310e-06
8745.5,14:37:58,5.300e-06
8746.7,14:37:59,5.310e-06
8747.8,14:38:00,5.310e-06
8749.0,14:38:01,5.310e-06
8750.2,14:38:02,5.320e-06
8751.3,14:38:03,5.310e-06
8752.5,14:38:05,5.310e-06
8753.6,14:38:06,5.310e-06
8754.8,14:38:07,5.310e-06
8756.0,14:38:08,5.320e-06
8757.1,14:38:09,5.320e-06
8758.3,14:38:10,5.310e-06
8759.4,14:38:11,5.290e-06
8760.6,14:38:13,5.280e-06
8761.7,14:38:14,5.310e-06
8762.9,14:38:15,5.310e-06
8764.0,14:38:16,5.320e-06
8765.2,14:38:17,5.320e-06
8766.4,14:38:18,5.320e-06
8767.5,14:38:20,5.320e-06
8768.7,14:38:21,5.320e-06
8769.8,14:38:22,5.320e-06
8771.0,14:38:23,5.320e-06
8772.1,14:38:24,5.320e-06
8773.3,14:38:25,5.320e-06
8774.4,14:38:26,5.320e-06
8775.6,14:38:28,5.320e-06
8776.8,14:38:29,5.320e-06
8777.9,14:38:30,5.320e-06
8779.1,14:38:31,5.320e-06
8780.2,14:38:32,5.320e-06
8781.4,14:38:33,5.320e-06
8782.5,14:38:35,5.330e-06
8783.7,14:38:36,5.330e-06
8784.8,14:38:37,5.320e-06
8786.0,14:38:38,5.330e-06
8787.1,14:38:39,5.330e-06
8788.3,14:38:40,5.330e-06
8789.5,14:38:41,5.330e-06
8790.6,14:38:43,5.330e-06
8791.8,14:38:44,5.320e-06
8792.9,14:38:45,5.330e-06
8794.1,14:38:46,5.330e-06
8795.2,14:38:47,5.340e-06
8796.4,14:38:48,5.340e-06
8797.5,14:38:50,5.330e-06
8798.7,14:38:51,5.330e-06
8799.8,14:38:52,5.340e-06
8801.0,14:38:53,5.340e-06
8802.1,14:38:54,5.340e-06
8803.3,14:38:55,5.340e-06
8804.4,14:38:56,5.340e-06
8805.6,14:38:58,5.340e-06
8806.7,14:38:59,5.340e-06
8807.9,14:39:00,5.350e-06
8809.0,14:39:01,5.340e-06
8810.2,14:39:02,5.350e-06
8811.4,14:39:03,5.350e-06
8812.5,14:39:05,5.340e-06
8813.7,14:39:06,5.350e-06
8814.8,14:39:07,5.330e-06
8816.0,14:39:08,5.320e-06
8817.1,14:39:09,5.330e-06
8818.3,14:39:10,5.330e-06
8819.4,14:39:11,5.320e-06
8820.6,14:39:13,5.300e-06
8821.8,14:39:14,5.300e-06
8822.9,14:39:15,5.300e-06
8824.1,14:39:16,5.300e-06
8825.2,14:39:17,5.290e-06
8826.4,14:39:18,5.290e-06
8827.5,14:39:20,5.290e-06
8828.7,14:39:21,5.290e-06
8829.8,14:39:22,5.310e-06
8831.0,14:39:23,5.310e-06
8832.1,14:39:24,5.320e-06
8833.3,14:39:25,5.320e-06
8834.4,14:39:26,5.320e-06
8835.6,14:39:28,5.320e-06
8836.8,14:39:29,5.310e-06
8837.9,14:39:30,5.320e-06
8839.1,14:39:31,5.320e-06
8840.2,14:39:32,5.330e-06
8841.4,14:39:33,5.330e-06
8842.5,14:39:35,5.330e-06
8843.7,14:39:36,5.330e-06
8844.8,14:39:37,5.310e-06
8846.0,14:39:38,5.300e-06
8847.1,14:39:39,5.320e-06
8848.3,14:39:40,5.330e-06
8849.5,14:39:42,5.330e-06
8850.6,14:39:43,5.330e-06
8851.8,14:39:44,5.310e-06
8852.9,14:39:45,5.320e-06
8854.1,14:39:46,5.330e-06
8855.2,14:39:47,5.340e-06
8856.4,14:39:48,5.340e-06
8857.5,14:39:50,5.320e-06
8858.7,14:39:51,5.320e-06
8859.8,14:39:52,5.330e-06
8861.0,14:39:53,5.340e-06
8862.1,14:39:54,5.340e-06
8863.3,14:39:55,5.340e-06
8864.4,14:39:56,5.320e-06
8865.6,14:39:58,5.320e-06
8866.7,14:39:59,5.330e-06
8867.9,14:40:00,5.340e-06
8869.0,14:40:01,5.340e-06
8870.2,14:40:02,5.330e-06
8871.4,14:40:03,5.310e-06
8872.5,14:40:05,5.320e-06
8873.7,14:40:06,5.330e-06
8874.8,14:40:07,5.340e-06
8876.0,14:40:08,5.340e-06
8877.1,14:40:09,5.340e-06
8878.3,14:40:10,5.330e-06
8879.4,14:40:11,5.340e-06
8880.6,14:40:13,5.350e-06
8881.7,14:40:14,5.350e-06
8882.9,14:40:15,5.350e-06
8884.0,14:40:16,5.350e-06
8885.2,14:40:17,5.350e-06
8886.4,14:40:18,5.330e-06
8887.5,14:40:20,5.320e-06
8888.7,14:40:21,5.330e-06
8889.8,14:40:22,5.340e-06
8891.0,14:40:23,5.340e-06
8892.1,14:40:24,5.340e-06
8893.3,14:40:25,5.330e-06
8894.4,14:40:26,5.340e-06
8895.6,14:40:28,5.340e-06
8896.8,14:40:29,5.350e-06
8897.9,14:40:30,5.340e-06
8899.1,14:40:31,5.340e-06
8900.2,14:40:32,5.340e-06
8901.4,14:40:33,5.320e-06
8902.5,14:40:35,5.330e-06
8903.7,14:40:36,5.340e-06
8904.8,14:40:37,5.340e-06
8906.0,14:40:38,5.340e-06
8907.1,14:40:39,5.340e-06
8908.3,14:40:40,5.350e-06
8909.4,14:40:41,5.340e-06
8910.6,14:40:43,5.340e-06
8911.7,14:40:44,5.340e-06
8912.9,14:40:45,5.340e-06
8914.0,14:40:46,5.340e-06
8915.2,14:40:47,5.340e-06
8916.4,14:40:48,5.320e-06
8917.5,14:40:50,5.320e-06
8918.7,14:40:51,5.320e-06
8919.8,14:40:52,5.320e-06
8921.0,14:40:53,5.320e-06
8922.1,14:40:54,5.330e-06
8923.3,14:40:55,5.330e-06
8924.4,14:40:56,5.330e-06
8925.6,14:40:58,5.330e-06
8926.8,14:40:59,5.330e-06
8927.9,14:41:00,5.320e-06
8929.1,14:41:01,5.310e-06
8930.2,14:41:02,5.300e-06
8931.4,14:41:03,5.280e-06
8932.5,14:41:05,5.280e-06
8933.7,14:41:06,5.280e-06
8934.9,14:41:07,5.320e-06
8936.0,14:41:08,5.320e-06
8937.2,14:41:09,5.320e-06
8938.3,14:41:10,5.320e-06
8939.5,14:41:12,5.330e-06
8940.6,14:41:13,5.330e-06
8941.8,14:41:14,5.340e-06
8943.0,14:41:15,5.340e-06
8944.1,14:41:16,5.340e-06
8945.3,14:41:17,5.340e-06
8946.4,14:41:18,5.350e-06
8947.6,14:41:20,5.350e-06
8948.7,14:41:21,5.340e-06
8949.9,14:41:22,5.350e-06
8951.0,14:41:23,5.350e-06
8952.2,14:41:24,5.350e-06
8953.4,14:41:25,5.350e-06
8954.5,14:41:27,5.350e-06
8955.7,14:41:28,5.350e-06
8956.8,14:41:29,5.350e-06
8958.0,14:41:30,5.350e-06
8959.1,14:41:31,5.350e-06
8960.3,14:41:32,5.360e-06
8961.4,14:41:33,5.360e-06
8962.6,14:41:35,5.360e-06
8963.8,14:41:36,5.360e-06
8964.9,14:41:37,5.360e-06
8966.1,14:41:38,5.360e-06
8967.2,14:41:39,5.360e-06
8968.4,14:41:40,5.370e-06
8969.6,14:41:42,5.370e-06
8970.7,14:41:43,5.350e-06
8971.9,14:41:44,5.360e-06
8973.0,14:41:45,5.370e-06
8974.2,14:41:46,5.370e-06
8975.3,14:41:47,5.370e-06
8976.5,14:41:49,5.370e-06
8977.6,14:41:50,5.350e-06
8978.8,14:41:51,5.360e-06
8979.9,14:41:52,5.370e-06
8981.1,14:41:53,5.370e-06
8982.3,14:41:54,5.370e-06
8983.4,14:41:55,5.370e-06
8984.6,14:41:57,5.370e-06
8985.7,14:41:58,5.370e-06
8986.9,14:41:59,5.370e-06
8988.0,14:42:00,5.370e-06
8989.2,14:42:01,5.370e-06
8990.3,14:42:02,5.380e-06
8991.5,14:42:04,5.380e-06
8992.7,14:42:05,5.370e-06
8993.8,14:42:06,5.370e-06
8995.0,14:42:07,5.380e-06
8996.1,14:42:08,5.380e-06
8997.3,14:42:09,5.370e-06
8998.4,14:42:10,5.360e-06
8999.6,14:42:12,5.370e-06
9000.7,14:42:13,5.380e-06
9001.9,14:42:14,5.380e-06
9003.0,14:42:15,5.380e-06
9004.2,14:42:16,5.370e-06
9005.3,14:42:17,5.370e-06
9006.5,14:42:19,5.380e-06
9007.6,14:42:20,5.380e-06
9008.8,14:42:21,5.370e-06
9009.9,14:42:22,5.350e-06
9011.1,14:42:23,5.340e-06
9012.3,14:42:24,5.330e-06
9013.4,14:42:25,5.330e-06
9014.6,14:42:27,5.320e-06
9015.7,14:42:28,5.360e-06
9016.9,14:42:29,5.360e-06
9018.0,14:42:30,5.370e-06
9019.2,14:42:31,5.370e-06
9020.4,14:42:32,5.370e-06
9021.5,14:42:34,5.370e-06
9022.7,14:42:35,5.370e-06
9023.8,14:42:36,5.370e-06
9025.0,14:42:37,5.370e-06
9026.1,14:42:38,5.370e-06
9027.3,14:42:39,5.370e-06
9028.4,14:42:40,5.370e-06
9029.6,14:42:42,5.380e-06
9030.7,14:42:43,5.380e-06
9031.9,14:42:44,5.380e-06
9033.0,14:42:45,5.370e-06
9034.2,14:42:46,5.380e-06
9035.3,14:42:47,5.380e-06
9036.5,14:42:49,5.380e-06
9037.6,14:42:50,5.380e-06
9038.8,14:42:51,5.380e-06
9040.0,14:42:52,5.380e-06
9041.1,14:42:53,5.380e-06
9042.3,14:42:54,5.390e-06
9043.4,14:42:55,5.390e-06
9044.6,14:42:57,5.380e-06
9045.7,14:42:58,5.380e-06
9046.9,14:42:59,5.380e-06
9048.1,14:43:00,5.370e-06
9049.2,14:43:01,5.390e-06
9050.4,14:43:02,5.370e-06
9051.5,14:43:04,5.370e-06
9052.7,14:43:05,5.370e-06
9053.8,14:43:06,5.360e-06
9055.0,14:43:07,5.360e-06
9056.1,14:43:08,5.370e-06
9057.3,14:43:09,5.370e-06
9058.4,14:43:10,5.360e-06
9059.6,14:43:12,5.360e-06
9060.8,14:43:13,5.360e-06
9061.9,14:43:14,5.360e-06
9063.1,14:43:15,5.370e-06
9064.2,14:43:16,5.360e-06
9065.4,14:43:17,5.360e-06
9066.5,14:43:19,5.350e-06
9067.7,14:43:20,5.360e-06
9068.8,14:43:21,5.360e-06
9070.0,14:43:22,5.360e-06
9071.1,14:43:23,5.350e-06
9072.3,14:43:24,5.360e-06
9073.4,14:43:25,5.360e-06
9074.6,14:43:27,5.360e-06
9075.8,14:43:28,5.360e-06
9076.9,14:43:29,5.360e-06
9078.1,14:43:30,5.350e-06
9079.2,14:43:31,5.360e-06
9080.4,14:43:32,5.360e-06
9081.5,14:43:34,5.360e-06
9082.7,14:43:35,5.350e-06
9083.8,14:43:36,5.350e-06
9085.0,14:43:37,5.360e-06
9086.1,14:43:38,5.360e-06
9087.3,14:43:39,5.350e-06
9088.4,14:43:40,5.350e-06
9089.6,14:43:42,5.340e-06
9090.7,14:43:43,5.350e-06
9091.9,14:43:44,5.360e-06
9093.0,14:43:45,5.360e-06
9094.2,14:43:46,5.350e-06
9095.3,14:43:47,5.320e-06
9096.5,14:43:49,5.350e-06
9097.7,14:43:50,5.350e-06
9098.8,14:43:51,5.350e-06
9100.0,14:43:52,5.350e-06
9101.1,14:43:53,5.350e-06
9102.3,14:43:54,5.350e-06
9103.4,14:43:55,5.350e-06
9104.6,14:43:57,5.350e-06
9105.8,14:43:58,5.350e-06
9106.9,14:43:59,5.350e-06
9108.1,14:44:00,5.350e-06
9109.2,14:44:01,5.350e-06
9110.4,14:44:02,5.350e-06
9111.6,14:44:04,5.350e-06
9112.7,14:44:05,5.350e-06
9113.9,14:44:06,5.340e-06
9115.0,14:44:07,5.350e-06
9116.2,14:44:08,5.350e-06
9117.3,14:44:09,5.350e-06
9118.5,14:44:11,5.350e-06
9119.6,14:44:12,5.350e-06
9120.8,14:44:13,5.350e-06
9122.0,14:44:14,5.350e-06
9123.1,14:44:15,5.350e-06
9124.3,14:44:16,5.350e-06
9125.4,14:44:17,5.350e-06
9126.6,14:44:19,5.350e-06
9127.7,14:44:20,5.350e-06
9128.9,14:44:21,5.320e-06
9130.0,14:44:22,5.340e-06
9131.2,14:44:23,5.350e-06
9132.3,14:44:24,5.350e-06
9133.5,14:44:26,5.350e-06
9134.7,14:44:27,5.340e-06
9135.8,14:44:28,5.350e-06
9137.0,14:44:29,5.350e-06
9138.1,14:44:30,5.350e-06
9139.3,14:44:31,5.330e-06
9140.4,14:44:32,5.340e-06
9141.6,14:44:34,5.350e-06
9142.7,14:44:35,5.350e-06
9143.9,14:44:36,5.350e-06
9145.1,14:44:37,5.340e-06
9146.2,14:44:38,5.320e-06
9147.4,14:44:39,5.340e-06
9148.5,14:44:41,5.350e-06
9149.7,14:44:42,5.350e-06
9150.9,14:44:43,5.350e-06
9152.0,14:44:44,5.320e-06
9153.2,14:44:45,5.310e-06
9154.3,14:44:46,5.300e-06
9155.5,14:44:48,5.320e-06
9156.6,14:44:49,5.330e-06
9157.8,14:44:50,5.340e-06
9158.9,14:44:51,5.340e-06
9160.1,14:44:52,5.340e-06
9161.2,14:44:53,5.340e-06
9162.4,14:44:54,5.320e-06
9163.6,14:44:56,5.310e-06
9164.7,14:44:57,5.300e-06
9165.9,14:44:58,5.320e-06
9167.0,14:44:59,5.330e-06
9168.2,14:45:00,5.330e-06
9169.3,14:45:01,5.320e-06
9170.5,14:45:03,5.320e-06
9171.6,14:45:04,5.300e-06
9172.8,14:45:05,5.260e-06
9173.9,14:45:06,5.250e-06
9175.1,14:45:07,5.250e-06
9176.3,14:45:08,5.300e-06
9177.4,14:45:09,5.300e-06
9178.6,14:45:11,5.300e-06
9179.7,14:45:12,5.300e-06
9180.9,14:45:13,5.300e-06
9182.0,14:45:14,5.300e-06
9183.2,14:45:15,5.310e-06
9184.3,14:45:16,5.310e-06
9185.5,14:45:18,5.310e-06
9186.7,14:45:19,5.310e-06
9187.8,14:45:20,5.310e-06
9189.0,14:45:21,5.300e-06
9190.1,14:45:22,5.310e-06
9191.3,14:45:23,5.310e-06
9192.4,14:45:24,5.310e-06
9193.6,14:45:26,5.310e-06
9194.7,14:45:27,5.310e-06
9195.9,14:45:28,5.310e-06
9197.1,14:45:29,5.310e-06
9198.2,14:45:30,5.310e-06
9199.4,14:45:31,5.320e-06
9200.5,14:45:33,5.320e-06
9201.7,14:45:34,5.320e-06
9202.9,14:45:35,5.310e-06
9204.0,14:45:36,5.320e-06
9205.2,14:45:37,5.320e-06
9206.3,14:45:38,5.320e-06
9207.5,14:45:40,5.320e-06
9208.6,14:45:41,5.320e-06
9209.8,14:45:42,5.300e-06
9210.9,14:45:43,5.310e-06
9212.1,14:45:44,5.320e-06
9213.3,14:45:45,5.320e-06
9214.4,14:45:46,5.320e-06
9215.6,14:45:48,5.320e-06
9216.7,14:45:49,5.320e-06
9217.9,14:45:50,5.330e-06
9219.0,14:45:51,5.340e-06
9220.2,14:45:52,5.340e-06
9221.3,14:45:53,5.330e-06
9222.5,14:45:55,5.340e-06
9223.6,14:45:56,5.340e-06
9224.8,14:45:57,5.330e-06
9225.9,14:45:58,5.340e-06
9227.1,14:45:59,5.340e-06
9228.2,14:46:00,5.340e-06
9229.4,14:46:01,5.310e-06
9230.5,14:46:03,5.330e-06
9231.7,14:46:04,5.330e-06
9232.9,14:46:05,5.340e-06
9234.0,14:46:06,5.330e-06
9235.2,14:46:07,5.340e-06
9236.3,14:46:08,5.340e-06
9237.5,14:46:10,5.340e-06
9238.6,14:46:11,5.330e-06
9239.8,14:46:12,5.340e-06
9240.9,14:46:13,5.340e-06
9242.1,14:46:14,5.320e-06
9243.2,14:46:15,5.310e-06
9244.4,14:46:16,5.310e-06
9245.6,14:46:18,5.320e-06
9246.7,14:46:19,5.330e-06
9247.9,14:46:20,5.330e-06
9249.0,14:46:21,5.320e-06
9250.2,14:46:22,5.300e-06
9251.3,14:46:23,5.290e-06
9252.5,14:46:25,5.290e-06
9253.6,14:46:26,5.320e-06
9254.8,14:46:27,5.320e-06
9255.9,14:46:28,5.320e-06
9257.1,14:46:29,5.320e-06
9258.2,14:46:30,5.320e-06
9259.4,14:46:31,5.300e-06
9260.5,14:46:33,5.290e-06
9261.7,14:46:34,5.300e-06
9262.8,14:46:35,5.310e-06
9264.0,14:46:36,5.310e-06
9265.1,14:46:37,5.320e-06
9266.3,14:46:38,5.310e-06
9267.4,14:46:39,5.310e-06
9268.6,14:46:41,5.290e-06
9269.7,14:46:42,5.300e-06
9270.9,14:46:43,5.310e-06
9272.1,14:46:44,5.310e-06
9273.2,14:46:45,5.310e-06
9274.4,14:46:46,5.310e-06
9275.5,14:46:48,5.300e-06
9276.7,14:46:49,5.300e-06
9277.9,14:46:50,5.300e-06
9279.0,14:46:51,5.310e-06
9280.2,14:46:52,5.300e-06
9281.3,14:46:53,5.300e-06
9282.5,14:46:54,5.300e-06
9283.6,14:46:56,5.300e-06
9284.8,14:46:57,5.300e-06
9285.9,14:46:58,5.290e-06
9287.1,14:46:59,5.280e-06
9288.2,14:47:00,5.260e-06
9289.4,14:47:01,5.260e-06
9290.5,14:47:03,5.250e-06
9291.7,14:47:04,5.250e-06
9292.8,14:47:05,5.280e-06
9294.0,14:47:06,5.300e-06
9295.1,14:47:07,5.300e-06
9296.3,14:47:08,5.300e-06
9297.4,14:47:09,5.290e-06
9298.6,14:47:11,5.280e-06
9299.8,14:47:12,5.290e-06
9300.9,14:47:13,5.290e-06
9302.1,14:47:14,5.290e-06
9303.3,14:47:15,5.290e-06
9304.4,14:47:16,5.290e-06
9305.6,14:47:18,5.280e-06
9306.7,14:47:19,5.290e-06
9307.9,14:47:20,5.300e-06
9309.0,14:47:21,5.290e-06
9310.2,14:47:22,5.300e-06
9311.4,14:47:23,5.300e-06
9312.5,14:47:25,5.290e-06
9313.7,14:47:26,5.290e-06
9314.8,14:47:27,5.300e-06
9316.0,14:47:28,5.300e-06
9317.1,14:47:29,5.300e-06
9318.3,14:47:30,5.300e-06
9319.4,14:47:31,5.300e-06
9320.6,14:47:33,5.310e-06
9321.8,14:47:34,5.310e-06
9322.9,14:47:35,5.310e-06
9324.1,14:47:36,5.310e-06
9325.2,14:47:37,5.310e-06
9326.3,14:47:38,5.310e-06
9327.5,14:47:40,5.310e-06
9328.7,14:47:41,5.310e-06
9329.8,14:47:42,5.320e-06
9331.0,14:47:43,5.320e-06
9332.1,14:47:44,5.310e-06
9333.3,14:47:45,5.300e-06
9334.4,14:47:46,5.320e-06
9335.6,14:47:48,5.320e-06
9336.8,14:47:49,5.310e-06
9337.9,14:47:50,5.300e-06
9339.1,14:47:51,5.320e-06
9340.2,14:47:52,5.320e-06
9341.4,14:47:53,5.320e-06
9342.5,14:47:55,5.300e-06
9343.7,14:47:56,5.310e-06
9344.8,14:47:57,5.320e-06
9346.0,14:47:58,5.320e-06
9347.1,14:47:59,5.310e-06
9348.3,14:48:00,5.320e-06
9349.5,14:48:02,5.320e-06
9350.6,14:48:03,5.290e-06
9351.8,14:48:04,5.280e-06
9352.9,14:48:05,5.310e-06
9354.1,14:48:06,5.320e-06
9355.2,14:48:07,5.320e-06
9356.4,14:48:08,5.300e-06
9357.5,14:48:10,5.280e-06
9358.7,14:48:11,5.290e-06
9359.9,14:48:12,5.310e-06
9361.1,14:48:13,5.320e-06
9362.2,14:48:14,5.320e-06
9363.4,14:48:15,5.300e-06
9364.6,14:48:17,5.310e-06
9365.7,14:48:18,5.320e-06
9366.9,14:48:19,5.310e-06
9368.0,14:48:20,5.310e-06
9369.2,14:48:21,5.290e-06
9370.3,14:48:22,5.280e-06
9371.5,14:48:24,5.280e-06
9372.6,14:48:25,5.280e-06
9373.8,14:48:26,5.280e-06
9374.9,14:48:27,5.300e-06
9376.1,14:48:28,5.310e-06
9377.3,14:48:29,5.310e-06
9378.4,14:48:30,5.310e-06
9379.6,14:48:32,5.300e-06
9380.7,14:48:33,5.310e-06
9381.9,14:48:34,5.300e-06
9383.0,14:48:35,5.290e-06
9384.2,14:48:36,5.310e-06
9385.3,14:48:37,5.320e-06
9386.5,14:48:39,5.320e-06
9387.6,14:48:40,5.300e-06
9388.8,14:48:41,5.280e-06
9389.9,14:48:42,5.280e-06
9391.1,14:48:43,5.280e-06
9392.2,14:48:44,5.280e-06
9393.4,14:48:45,5.300e-06
9394.6,14:48:47,5.310e-06
9395.7,14:48:48,5.310e-06
9396.9,14:48:49,5.310e-06
9398.0,14:48:50,5.280e-06
9399.2,14:48:51,5.270e-06
9400.3,14:48:52,5.270e-06
9401.5,14:48:54,5.290e-06
9402.6,14:48:55,5.300e-06
9403.8,14:48:56,5.300e-06
9404.9,14:48:57,5.300e-06
9406.1,14:48:58,5.300e-06
9407.2,14:48:59,5.300e-06
9408.4,14:49:00,5.290e-06
9409.5,14:49:02,5.300e-06
9410.7,14:49:03,5.310e-06
9411.9,14:49:04,5.320e-06
9413.0,14:49:05,5.320e-06
9414.2,14:49:06,5.320e-06
9415.3,14:49:07,5.320e-06
9416.5,14:49:09,5.310e-06
9417.6,14:49:10,5.310e-06
9418.8,14:49:11,5.310e-06
9420.0,14:49:12,5.310e-06
9421.1,14:49:13,5.300e-06
9422.3,14:49:14,5.280e-06
9423.4,14:49:15,5.260e-06
9424.6,14:49:17,5.250e-06
9425.7,14:49:18,5.250e-06
9426.9,14:49:19,5.250e-06
9428.0,14:49:20,5.240e-06
9429.2,14:49:21,5.240e-06
9430.3,14:49:22,5.240e-06
9431.5,14:49:24,5.230e-06
9432.7,14:49:25,5.230e-06
9433.8,14:49:26,5.230e-06
9435.0,14:49:27,5.230e-06
9436.1,14:49:28,5.230e-06
9437.3,14:49:29,5.220e-06
9438.4,14:49:30,5.220e-06
9439.6,14:49:32,5.220e-06
9440.7,14:49:33,5.220e-06
9441.9,14:49:34,5.210e-06
9443.0,14:49:35,5.210e-06
9444.2,14:49:36,5.210e-06
9445.3,14:49:37,5.210e-06
9446.5,14:49:39,5.210e-06
9447.6,14:49:40,5.190e-06
9448.8,14:49:41,5.200e-06
9450.0,14:49:42,5.200e-06
9451.1,14:49:43,5.240e-06
9452.3,14:49:44,5.250e-06
9453.4,14:49:45,5.250e-06
9454.6,14:49:47,5.250e-06
9455.7,14:49:48,5.260e-06
9456.9,14:49:49,5.260e-06
9458.1,14:49:50,5.270e-06
9459.2,14:49:51,5.270e-06
9460.4,14:49:52,5.270e-06
9461.5,14:49:54,5.270e-06
9462.7,14:49:55,5.280e-06
9463.8,14:49:56,5.280e-06
9465.0,14:49:57,5.280e-06
9466.1,14:49:58,5.280e-06
9467.3,14:49:59,5.280e-06
9468.4,14:50:00,5.270e-06
9469.6,14:50:02,5.280e-06
9470.7,14:50:03,5.280e-06
9471.9,14:50:04,5.290e-06
9473.0,14:50:05,5.290e-06
9474.2,14:50:06,5.280e-06
9475.4,14:50:07,5.290e-06
9476.5,14:50:09,5.300e-06
9477.7,14:50:10,5.300e-06
9478.8,14:50:11,5.300e-06
9480.0,14:50:12,5.300e-06
9481.1,14:50:13,5.300e-06
9482.3,14:50:14,5.300e-06
9483.5,14:50:15,5.300e-06
9484.6,14:50:17,5.300e-06
9485.8,14:50:18,5.300e-06
9486.9,14:50:19,5.310e-06
9488.1,14:50:20,5.310e-06
9489.2,14:50:21,5.280e-06
9490.4,14:50:22,5.300e-06
9491.5,14:50:24,5.310e-06
9492.7,14:50:25,5.310e-06
9493.8,14:50:26,5.310e-06
9495.0,14:50:27,5.290e-06
9496.1,14:50:28,5.280e-06
9497.3,14:50:29,5.300e-06
9498.5,14:50:31,5.300e-06
9499.6,14:50:32,5.310e-06
9500.8,14:50:33,5.310e-06
9501.9,14:50:34,5.290e-06
9503.1,14:50:35,5.270e-06
9504.3,14:50:36,5.290e-06
9505.4,14:50:37,5.300e-06
9506.6,14:50:39,5.300e-06
9507.7,14:50:40,5.310e-06
9508.9,14:50:41,5.280e-06
9510.0,14:50:42,5.270e-06
9511.2,14:50:43,5.280e-06
9512.3,14:50:44,5.300e-06
9513.5,14:50:46,5.300e-06
9514.6,14:50:47,5.300e-06
9515.8,14:50:48,5.300e-06
9516.9,14:50:49,5.270e-06
9518.1,14:50:50,5.260e-06
9519.3,14:50:51,5.250e-06
9520.4,14:50:52,5.250e-06
9521.6,14:50:54,5.250e-06
9522.7,14:50:55,5.270e-06
9523.9,14:50:56,5.280e-06
9525.0,14:50:57,5.280e-06
9526.2,14:50:58,5.280e-06
9527.3,14:50:59,5.280e-06
9528.5,14:51:01,5.270e-06
9529.7,14:51:02,5.280e-06
9530.8,14:51:03,5.290e-06
9532.0,14:51:04,5.290e-06
9533.1,14:51:05,5.290e-06
9534.3,14:51:06,5.300e-06
9535.4,14:51:07,5.290e-06
9536.6,14:51:09,5.260e-06
9537.7,14:51:10,5.250e-06
9538.9,14:51:11,5.250e-06
9540.1,14:51:12,5.270e-06
9541.2,14:51:13,5.270e-06
9542.4,14:51:14,5.270e-06
9543.5,14:51:16,5.270e-06
9544.7,14:51:17,5.260e-06
9545.9,14:51:18,5.240e-06
9547.0,14:51:19,5.220e-06
9548.2,14:51:20,5.210e-06
9549.3,14:51:21,5.210e-06
9550.5,14:51:23,5.210e-06
9551.6,14:51:24,5.200e-06
9552.8,14:51:25,5.200e-06
9553.9,14:51:26,5.190e-06
9555.1,14:51:27,5.190e-06
9556.3,14:51:28,5.190e-06
9557.4,14:51:29,5.190e-06
9558.6,14:51:31,5.190e-06
9559.7,14:51:32,5.180e-06
9560.9,14:51:33,5.180e-06
9562.1,14:51:34,5.210e-06
9563.2,14:51:35,5.220e-06
9564.4,14:51:36,5.230e-06
9565.5,14:51:38,5.230e-06
9566.7,14:51:39,5.230e-06
9567.8,14:51:40,5.230e-06
9569.0,14:51:41,5.230e-06
9570.2,14:51:42,5.240e-06
9571.3,14:51:43,5.240e-06
9572.5,14:51:45,5.240e-06
9573.6,14:51:46,5.240e-06
9574.8,14:51:47,5.240e-06
9576.0,14:51:48,5.250e-06
9577.1,14:51:49,5.250e-06
9578.3,14:51:50,5.250e-06
9579.4,14:51:51,5.230e-06
9580.6,14:51:53,5.250e-06
9581.7,14:51:54,5.250e-06
9582.9,14:51:55,5.250e-06
9584.1,14:51:56,5.250e-06
9585.2,14:51:57,5.230e-06
9586.4,14:51:58,5.240e-06
9587.5,14:52:00,5.250e-06
9588.7,14:52:01,5.250e-06
9589.8,14:52:02,5.260e-06
9591.0,14:52:03,5.240e-06
9592.2,14:52:04,5.210e-06
9593.3,14:52:05,5.190e-06
9594.5,14:52:07,5.190e-06
9595.6,14:52:08,5.190e-06
9596.8,14:52:09,5.180e-06
9598.0,14:52:10,5.160e-06
9599.1,14:52:11,5.160e-06
9600.3,14:52:12,5.160e-06
9601.4,14:52:13,5.150e-06
9602.6,14:52:15,5.150e-06
9603.7,14:52:16,5.150e-06
9604.9,14:52:17,5.140e-06
9606.0,14:52:18,5.140e-06
9607.2,14:52:19,5.140e-06
9608.4,14:52:20,5.140e-06
9609.5,14:52:22,5.160e-06
9610.7,14:52:23,5.150e-06
9611.8,14:52:24,5.140e-06
9613.0,14:52:25,5.140e-06
9614.2,14:52:26,5.140e-06
9615.3,14:52:27,5.130e-06
9616.5,14:52:29,5.130e-06
9617.6,14:52:30,5.120e-06
9618.8,14:52:31,5.120e-06
9620.0,14:52:32,5.120e-06
9621.1,14:52:33,5.120e-06
9622.3,14:52:34,5.120e-06
9623.4,14:52:35,5.120e-06
9624.6,14:52:37,5.110e-06
9625.7,14:52:38,5.110e-06
9626.9,14:52:39,5.110e-06
9628.1,14:52:40,5.110e-06
9629.2,14:52:41,5.100e-06
9630.4,14:52:42,5.100e-06
9631.5,14:52:44,5.100e-06
9632.7,14:52:45,5.100e-06
9633.9,14:52:46,5.090e-06
9635.0,14:52:47,5.090e-06
9636.2,14:52:48,5.090e-06
9637.3,14:52:49,5.090e-06
9638.5,14:52:51,5.090e-06
9639.6,14:52:52,5.090e-06
9640.8,14:52:53,5.090e-06
9642.0,14:52:54,5.080e-06
9643.2,14:52:55,5.080e-06
9644.3,14:52:56,5.080e-06
9645.5,14:52:58,5.080e-06
9646.6,14:52:59,5.080e-06
9647.8,14:53:00,5.080e-06
9649.0,14:53:01,5.080e-06
9650.1,14:53:02,5.070e-06
9651.3,14:53:03,5.070e-06
9652.4,14:53:04,5.070e-06
9653.6,14:53:06,5.070e-06
9654.7,14:53:07,5.070e-06
9655.9,14:53:08,5.070e-06
9657.0,14:53:09,5.070e-06
9658.2,14:53:10,5.070e-06
9659.3,14:53:11,5.070e-06
9660.5,14:53:13,5.070e-06
9661.6,14:53:14,5.070e-06
9662.8,14:53:15,5.070e-06
9664.0,14:53:16,5.070e-06
9665.1,14:53:17,5.070e-06
9666.3,14:53:18,5.070e-06
9667.4,14:53:19,5.060e-06
9668.6,14:53:21,5.050e-06
9669.8,14:53:22,5.050e-06
9670.9,14:53:23,5.040e-06
9672.1,14:53:24,5.040e-06
9673.2,14:53:25,5.040e-06
9674.4,14:53:26,5.040e-06
9675.5,14:53:28,5.040e-06
9676.7,14:53:29,5.040e-06
9677.9,14:53:30,5.040e-06
9679.0,14:53:31,5.040e-06
9680.2,14:53:32,5.040e-06
9681.3,14:53:33,5.160e-06
9682.5,14:53:35,5.130e-06
9683.6,14:53:36,5.120e-06
9684.8,14:53:37,5.120e-06
9686.0,14:53:38,5.120e-06
9687.1,14:53:39,5.120e-06
9688.3,14:53:40,5.120e-06
9689.4,14:53:41,5.100e-06
9690.6,14:53:43,5.090e-06
9691.7,14:53:44,5.090e-06
9692.9,14:53:45,5.100e-06
9694.1,14:53:46,5.120e-06
9695.2,14:53:47,5.130e-06
9696.4,14:53:48,5.130e-06
9697.5,14:53:50,5.140e-06
9698.7,14:53:51,5.140e-06
9699.9,14:53:52,5.140e-06
9701.0,14:53:53,5.140e-06
9702.2,14:53:54,5.150e-06
9703.3,14:53:55,5.150e-06
9704.5,14:53:57,5.140e-06
9705.6,14:53:58,5.150e-06
9706.8,14:53:59,5.160e-06
9708.0,14:54:00,5.160e-06
9709.1,14:54:01,5.150e-06
9710.3,14:54:02,5.160e-06
9711.4,14:54:03,5.160e-06
9712.6,14:54:05,5.170e-06
9713.7,14:54:06,5.160e-06
9714.9,14:54:07,5.150e-06
9716.0,14:54:08,5.170e-06
9717.2,14:54:09,5.170e-06
9718.4,14:54:10,5.180e-06
9719.5,14:54:12,5.180e-06
9720.7,14:54:13,5.160e-06
9721.8,14:54:14,5.180e-06
9723.0,14:54:15,5.180e-06
9724.1,14:54:16,5.180e-06
9725.3,14:54:17,5.170e-06
9726.4,14:54:18,5.190e-06
9727.6,14:54:20,5.190e-06
9728.7,14:54:21,5.180e-06
9729.9,14:54:22,5.180e-06
9731.1,14:54:23,5.180e-06
9732.2,14:54:24,5.170e-06
9733.4,14:54:25,5.160e-06
9734.6,14:54:27,5.150e-06
9735.7,14:54:28,5.150e-06
9736.9,14:54:29,5.140e-06
9738.0,14:54:30,5.140e-06
9739.2,14:54:31,5.140e-06
9740.3,14:54:32,5.140e-06
9741.5,14:54:34,5.140e-06
9742.7,14:54:35,5.130e-06
9743.8,14:54:36,5.130e-06
9745.0,14:54:37,5.130e-06
9746.1,14:54:38,5.130e-06
9747.3,14:54:39,5.120e-06
9748.4,14:54:40,5.120e-06
9749.6,14:54:42,5.120e-06
9750.7,14:54:43,5.120e-06
9751.9,14:54:44,5.120e-06
9753.1,14:54:45,5.120e-06
9754.2,14:54:46,5.110e-06
9755.4,14:54:47,5.110e-06
9756.5,14:54:49,5.110e-06
9757.7,14:54:50,5.110e-06
9758.8,14:54:51,5.110e-06
9760.0,14:54:52,5.110e-06
9761.2,14:54:53,5.110e-06
9762.3,14:54:54,5.100e-06
9763.5,14:54:56,5.100e-06
9764.6,14:54:57,5.100e-06
9765.8,14:54:58,5.100e-06
9767.0,14:54:59,5.100e-06
9768.1,14:55:00,5.090e-06
9769.3,14:55:01,5.090e-06
9770.4,14:55:02,5.090e-06
9771.6,14:55:04,5.090e-06
9772.7,14:55:05,5.090e-06
9773.9,14:55:06,5.090e-06
9775.1,14:55:07,5.090e-06
9776.2,14:55:08,5.090e-06
9777.4,14:55:09,5.090e-06
9778.5,14:55:11,5.090e-06
9779.7,14:55:12,5.090e-06
9780.9,14:55:13,5.090e-06
9782.0,14:55:14,5.080e-06
9783.2,14:55:15,5.080e-06
9784.4,14:55:16,5.080e-06
9785.5,14:55:18,5.080e-06
9786.7,14:55:19,5.080e-06
9787.8,14:55:20,5.080e-06
9789.0,14:55:21,5.060e-06
9790.1,14:55:22,5.060e-06
9791.3,14:55:23,5.050e-06
9792.5,14:55:25,5.050e-06
9793.6,14:55:26,5.050e-06
9794.8,14:55:27,5.050e-06
9795.9,14:55:28,5.050e-06
9797.1,14:55:29,5.050e-06
9798.3,14:55:30,5.050e-06
9799.4,14:55:31,5.040e-06
9800.6,14:55:33,5.040e-06
9801.7,14:55:34,5.090e-06
9802.9,14:55:35,5.090e-06
9804.0,14:55:36,5.100e-06
9805.2,14:55:37,5.110e-06
9806.4,14:55:38,5.110e-06
9807.5,14:55:40,5.120e-06
9808.7,14:55:41,5.120e-06
9809.8,14:55:42,5.120e-06
9811.0,14:55:43,5.120e-06
9812.1,14:55:44,5.130e-06
9813.3,14:55:45,5.130e-06
9814.5,14:55:47,5.140e-06
9815.6,14:55:48,5.130e-06
9816.8,14:55:49,5.140e-06
9817.9,14:55:50,5.140e-06
9819.1,14:55:51,5.150e-06
9820.2,14:55:52,5.150e-06
9821.4,14:55:53,5.150e-06
9822.6,14:55:55,5.150e-06
9823.7,14:55:56,5.150e-06
9824.9,14:55:57,5.160e-06
9826.0,14:55:58,5.160e-06
9827.2,14:55:59,5.130e-06
9828.3,14:56:00,5.150e-06
9829.5,14:56:02,5.160e-06
9830.6,14:56:03,5.160e-06
9831.8,14:56:04,5.170e-06
9833.0,14:56:05,5.150e-06
9834.1,14:56:06,5.160e-06
9835.3,14:56:07,5.170e-06
9836.4,14:56:08,5.180e-06
9837.6,14:56:10,5.180e-06
9838.7,14:56:11,5.180e-06
9839.9,14:56:12,5.180e-06
9841.0,14:56:13,5.190e-06
9842.2,14:56:14,5.190e-06
9843.3,14:56:15,5.190e-06
9844.5,14:56:17,5.190e-06
9845.7,14:56:18,5.190e-06
9846.8,14:56:19,5.180e-06
9848.0,14:56:20,5.190e-06
9849.1,14:56:21,5.190e-06
9850.3,14:56:22,5.200e-06
9851.4,14:56:23,5.200e-06
9852.6,14:56:25,5.180e-06
9853.7,14:56:26,5.180e-06
9854.9,14:56:27,5.190e-06
9856.1,14:56:28,5.200e-06
9857.2,14:56:29,5.200e-06
9858.4,14:56:30,5.210e-06
9859.5,14:56:32,5.200e-06
9860.7,14:56:33,5.210e-06
9861.9,14:56:34,5.210e-06
9863.0,14:56:35,5.200e-06
9864.2,14:56:36,5.200e-06
9865.3,14:56:37,5.210e-06
9866.5,14:56:39,5.210e-06
9867.7,14:56:40,5.200e-06
9868.8,14:56:41,5.190e-06
9870.0,14:56:42,5.210e-06
9871.1,14:56:43,5.210e-06
9872.3,14:56:44,5.210e-06
9873.4,14:56:45,5.190e-06
9874.6,14:56:47,5.190e-06
9875.8,14:56:48,5.210e-06
9876.9,14:56:49,5.210e-06
9878.1,14:56:50,5.220e-06
9879.2,14:56:51,5.220e-06
9880.4,14:56:52,5.220e-06
9881.5,14:56:54,5.220e-06
9882.7,14:56:55,5.220e-06
9883.8,14:56:56,5.230e-06
9885.0,14:56:57,5.230e-06
9886.1,14:56:58,5.230e-06
9887.3,14:56:59,5.230e-06
9888.5,14:57:01,5.230e-06
9889.6,14:57:02,5.230e-06
9890.8,14:57:03,5.230e-06
9891.9,14:57:04,5.240e-06
9893.1,14:57:05,5.220e-06
9894.2,14:57:06,5.230e-06
9895.4,14:57:07,5.230e-06
9896.6,14:57:09,5.240e-06
9897.7,14:57:10,5.240e-06
9898.9,14:57:11,5.240e-06
9900.0,14:57:12,5.240e-06
9901.2,14:57:13,5.230e-06
9902.4,14:57:14,5.210e-06
9903.5,14:57:16,5.220e-06
9904.7,14:57:17,5.220e-06
9905.9,14:57:18,5.210e-06
9907.0,14:57:19,5.190e-06
9908.2,14:57:20,5.190e-06
9909.3,14:57:21,5.210e-06
9910.5,14:57:23,5.210e-06
9911.6,14:57:24,5.210e-06
9912.8,14:57:25,5.190e-06
9913.9,14:57:26,5.210e-06
9915.1,14:57:27,5.210e-06
9916.3,14:57:28,5.210e-06
9917.4,14:57:29,5.180e-06
9918.6,14:57:31,5.200e-06
9919.7,14:57:32,5.210e-06
9920.9,14:57:33,5.210e-06
9922.1,14:57:34,5.210e-06
9923.2,14:57:35,5.220e-06
9924.4,14:57:36,5.220e-06
9925.5,14:57:38,5.220e-06
9926.7,14:57:39,5.220e-06
9927.9,14:57:40,5.210e-06
9929.0,14:57:41,5.190e-06
9930.2,14:57:42,5.160e-06
9931.3,14:57:43,5.190e-06
9932.5,14:57:45,5.210e-06
9933.7,14:57:46,5.210e-06
9934.8,14:57:47,5.210e-06
9936.0,14:57:48,5.210e-06
9937.1,14:57:49,5.220e-06
9938.3,14:57:50,5.220e-06
9939.5,14:57:52,5.220e-06
9940.6,14:57:53,5.220e-06
9941.8,14:57:54,5.220e-06
9942.9,14:57:55,5.210e-06
9944.1,14:57:56,5.220e-06
9945.2,14:57:57,5.220e-06
9946.4,14:57:58,5.220e-06
9947.6,14:58:00,5.220e-06
9948.7,14:58:01,5.220e-06
9949.9,14:58:02,5.230e-06
9951.0,14:58:03,5.200e-06
9952.2,14:58:04,5.220e-06
9953.3,14:58:05,5.220e-06
9954.5,14:58:07,5.230e-06
9955.7,14:58:08,5.210e-06
9956.8,14:58:09,5.220e-06
9958.0,14:58:10,5.230e-06
9959.1,14:58:11,5.230e-06
9960.3,14:58:12,5.200e-06
9961.4,14:58:13,5.220e-06
9962.6,14:58:15,5.230e-06
9963.8,14:58:16,5.230e-06
9964.9,14:58:17,5.200e-06
9966.1,14:58:18,5.210e-06
9967.2,14:58:19,5.220e-06
9968.4,14:58:20,5.220e-06
9969.6,14:58:22,5.210e-06
9970.7,14:58:23,5.190e-06
9971.9,14:58:24,5.180e-06
9973.0,14:58:25,5.170e-06
9974.2,14:58:26,5.170e-06
9975.3,14:58:27,5.180e-06
9976.5,14:58:29,5.200e-06
9977.6,14:58:30,5.210e-06
9978.8,14:58:31,5.210e-06
9979.9,14:58:32,5.180e-06
9981.1,14:58:33,5.170e-06
9982.3,14:58:34,5.160e-06
9983.4,14:58:35,5.160e-06
9984.6,14:58:37,5.150e-06
9985.7,14:58:38,5.140e-06
9986.9,14:58:39,5.140e-06
9988.0,14:58:40,5.140e-06
9989.2,14:58:41,5.140e-06
9990.3,14:58:42,5.130e-06
9991.5,14:58:44,5.130e-06
9992.7,14:58:45,5.130e-06
9993.8,14:58:46,5.120e-06
9995.0,14:58:47,5.120e-06
9996.1,14:58:48,5.120e-06
9997.3,14:58:49,5.120e-06
9998.4,14:58:50,5.110e-06
9999.6,14:58:52,5.110e-06
10000.7,14:58:53,5.110e-06
10001.9,14:58:54,5.100e-06
10003.1,14:58:55,5.100e-06
10004.2,14:58:56,5.100e-06
10005.4,14:58:57,5.090e-06
10006.5,14:58:59,5.090e-06
10007.7,14:59:00,5.090e-06
10008.9,14:59:01,5.090e-06
10010.0,14:59:02,5.090e-06
10011.2,14:59:03,5.110e-06
10012.3,14:59:04,5.120e-06
10013.5,14:59:06,5.120e-06
10014.6,14:59:07,5.120e-06
10015.8,14:59:08,5.110e-06
10017.0,14:59:09,5.090e-06
10018.1,14:59:10,5.080e-06
10019.3,14:59:11,5.060e-06
10020.4,14:59:12,5.050e-06
10021.6,14:59:14,5.050e-06
10022.7,14:59:15,5.100e-06
10023.9,14:59:16,5.110e-06
10025.1,14:59:17,5.110e-06
10026.2,14:59:18,5.120e-06
10027.4,14:59:19,5.120e-06
10028.5,14:59:21,5.120e-06
10029.7,14:59:22,5.120e-06
10030.8,14:59:23,5.120e-06
10032.0,14:59:24,5.120e-06
10033.2,14:59:25,5.130e-06
10034.3,14:59:26,5.130e-06
10035.5,14:59:28,5.130e-06
10036.6,14:59:29,5.140e-06
10037.8,14:59:30,5.140e-06
10038.9,14:59:31,5.120e-06
10040.1,14:59:32,5.140e-06
10041.2,14:59:33,5.140e-06
10042.4,14:59:34,5.140e-06
10043.6,14:59:36,5.120e-06
10044.7,14:59:37,5.130e-06
10045.9,14:59:38,5.140e-06
10047.0,14:59:39,5.140e-06
10048.2,14:59:40,5.140e-06
10049.3,14:59:41,5.120e-06
10050.5,14:59:43,5.130e-06
10051.7,14:59:44,5.140e-06
10052.8,14:59:45,5.140e-06
10054.0,14:59:46,5.140e-06
10055.1,14:59:47,5.110e-06
10056.3,14:59:48,5.130e-06
10057.5,14:59:50,5.140e-06
10058.6,14:59:51,5.140e-06
10059.8,14:59:52,5.130e-06
10060.9,14:59:53,5.110e-06
10062.1,14:59:54,5.130e-06
10063.3,14:59:55,5.140e-06
10064.4,14:59:56,5.140e-06
10065.6,14:59:58,5.110e-06
10066.7,14:59:59,5.130e-06
10067.9,15:00:00,5.140e-06
10069.1,15:00:01,5.140e-06
10070.2,15:00:02,5.140e-06
10071.4,15:00:03,5.140e-06
10072.5,15:00:05,5.110e-06
10073.7,15:00:06,5.130e-06
10074.9,15:00:07,5.140e-06
10076.0,15:00:08,5.140e-06
10077.2,15:00:09,5.140e-06
10078.3,15:00:10,5.140e-06
10079.5,15:00:12,5.140e-06
10080.6,15:00:13,5.140e-06
10081.8,15:00:14,5.120e-06
10083.0,15:00:15,5.140e-06
10084.1,15:00:16,5.140e-06
10085.3,15:00:17,5.130e-06
10086.4,15:00:18,5.110e-06
10087.6,15:00:20,5.130e-06
10088.8,15:00:21,5.140e-06
10089.9,15:00:22,5.140e-06
10091.1,15:00:23,5.120e-06
10092.2,15:00:24,5.100e-06
10093.4,15:00:25,5.100e-06
10094.6,15:00:27,5.120e-06
10095.7,15:00:28,5.130e-06
10096.9,15:00:29,5.120e-06
10098.0,15:00:30,5.090e-06
10099.2,15:00:31,5.070e-06
10100.3,15:00:32,5.070e-06
10101.5,15:00:34,5.060e-06
10102.6,15:00:35,5.100e-06
10103.8,15:00:36,5.110e-06
10105.0,15:00:37,5.120e-06
10106.1,15:00:38,5.120e-06
10107.3,15:00:39,5.120e-06
10108.4,15:00:40,5.120e-06
10109.6,15:00:42,5.120e-06
10110.7,15:00:43,5.120e-06
10111.9,15:00:44,5.130e-06
10113.1,15:00:45,5.130e-06
10114.2,15:00:46,5.130e-06
10115.4,15:00:47,5.130e-06
10116.5,15:00:49,5.120e-06
10117.7,15:00:50,5.130e-06
10118.8,15:00:51,5.130e-06
10120.0,15:00:52,5.130e-06
10121.2,15:00:53,5.130e-06
10122.3,15:00:54,5.140e-06
10123.5,15:00:56,5.140e-06
10124.7,15:00:57,5.120e-06
10125.8,15:00:58,5.130e-06
10127.0,15:00:59,5.130e-06
10128.1,15:01:00,5.130e-06
10129.3,15:01:01,5.120e-06
10130.4,15:01:02,5.110e-06
10131.6,15:01:04,5.110e-06
10132.8,15:01:05,5.090e-06
10133.9,15:01:06,5.110e-06
10135.1,15:01:07,5.110e-06
10136.3,15:01:08,5.090e-06
10137.4,15:01:09,5.100e-06
10138.6,15:01:11,5.110e-06
10139.7,15:01:12,5.100e-06
10140.9,15:01:13,5.070e-06
10142.0,15:01:14,5.090e-06
10143.2,15:01:15,5.100e-06
10144.3,15:01:16,5.100e-06
10145.5,15:01:18,5.100e-06
10146.6,15:01:19,5.070e-06
10147.8,15:01:20,5.070e-06
10149.0,15:01:21,5.090e-06
10150.1,15:01:22,5.090e-06
10151.3,15:01:23,5.090e-06
10152.4,15:01:24,5.090e-06
10153.6,15:01:26,5.100e-06
10154.7,15:01:27,5.080e-06
10155.9,15:01:28,5.060e-06
10157.1,15:01:29,5.080e-06
10158.2,15:01:30,5.090e-06
10159.4,15:01:31,5.090e-06
10160.5,15:01:33,5.090e-06
10161.7,15:01:34,5.070e-06
10162.9,15:01:35,5.080e-06
10164.0,15:01:36,5.080e-06
10165.2,15:01:37,5.070e-06
10166.3,15:01:38,5.080e-06
10167.5,15:01:40,5.080e-06
10168.7,15:01:41,5.050e-06
10169.8,15:01:42,5.050e-06
10170.9,15:01:43,5.050e-06
10172.1,15:01:44,5.090e-06
10173.3,15:01:45,5.110e-06
10174.4,15:01:46,5.120e-06
10175.6,15:01:48,5.120e-06
10176.7,15:01:49,5.140e-06
10177.9,15:01:50,5.140e-06
10179.0,15:01:51,5.150e-06
10180.2,15:01:52,5.150e-06
10181.3,15:01:53,5.160e-06
10182.5,15:01:55,5.160e-06
10183.7,15:01:56,5.170e-06
10184.8,15:01:57,5.170e-06
10186.0,15:01:58,5.180e-06
10187.1,15:01:59,5.190e-06
10188.3,15:02:00,5.190e-06
10189.4,15:02:01,5.190e-06
10190.6,15:02:03,5.200e-06
10191.8,15:02:04,5.180e-06
10192.9,15:02:05,5.190e-06
10194.1,15:02:06,5.210e-06
10195.2,15:02:07,5.210e-06
10196.4,15:02:08,5.190e-06
10197.6,15:02:10,5.190e-06
10198.8,15:02:11,5.210e-06
10199.9,15:02:12,5.220e-06
10201.1,15:02:13,5.210e-06
10202.2,15:02:14,5.190e-06
10203.4,15:02:15,5.180e-06
10204.6,15:02:17,5.210e-06
10205.7,15:02:18,5.230e-06
10206.9,15:02:19,5.230e-06
10208.0,15:02:20,5.210e-06
10209.2,15:02:21,5.240e-06
10210.3,15:02:22,5.250e-06
10211.5,15:02:24,5.250e-06
10212.6,15:02:25,5.250e-06
10213.8,15:02:26,5.260e-06
10215.0,15:02:27,5.260e-06
10216.1,15:02:28,5.240e-06
10217.3,15:02:29,5.260e-06
10218.4,15:02:30,5.270e-06
10219.6,15:02:32,5.270e-06
10220.8,15:02:33,5.250e-06
10221.9,15:02:34,5.280e-06
10223.1,15:02:35,5.290e-06
10224.3,15:02:36,5.290e-06
10225.4,15:02:37,5.260e-06
10226.6,15:02:39,5.280e-06
10227.7,15:02:40,5.290e-06
10228.9,15:02:41,5.290e-06
10230.0,15:02:42,5.280e-06
10231.2,15:02:43,5.290e-06
10232.3,15:02:44,5.300e-06
10233.5,15:02:46,5.300e-06
10234.7,15:02:47,5.290e-06
10235.8,15:02:48,5.270e-06
10237.0,15:02:49,5.260e-06
10238.2,15:02:50,5.300e-06
10239.3,15:02:51,5.320e-06
10240.5,15:02:53,5.320e-06
10241.6,15:02:54,5.330e-06
10242.8,15:02:55,5.330e-06
10243.9,15:02:56,5.340e-06
10245.1,15:02:57,5.340e-06
10246.2,15:02:58,5.350e-06
10247.4,15:02:59,5.350e-06
10248.6,15:03:01,5.330e-06
10249.8,15:03:02,5.330e-06
10250.9,15:03:03,5.340e-06
10252.1,15:03:04,5.340e-06
10253.2,15:03:05,5.340e-06
10254.4,15:03:06,5.350e-06
10255.5,15:03:08,5.350e-06
10256.7,15:03:09,5.350e-06
10257.8,15:03:10,5.360e-06
10259.0,15:03:11,5.330e-06
10260.2,15:03:12,5.350e-06
10261.3,15:03:13,5.360e-06
10262.5,15:03:15,5.370e-06
10263.6,15:03:16,5.340e-06
10264.8,15:03:17,5.350e-06
10265.9,15:03:18,5.370e-06
10267.1,15:03:19,5.370e-06
10268.3,15:03:20,5.350e-06
10269.4,15:03:21,5.370e-06
10270.6,15:03:23,5.370e-06
10271.7,15:03:24,5.370e-06
10272.9,15:03:25,5.370e-06
10274.0,15:03:26,5.390e-06
10275.2,15:03:27,5.390e-06
10276.4,15:03:28,5.390e-06
10277.5,15:03:30,5.400e-06
10278.7,15:03:31,5.400e-06
10279.8,15:03:32,5.390e-06
10281.0,15:03:33,5.410e-06
10282.1,15:03:34,5.400e-06
10283.3,15:03:35,5.410e-06
10284.4,15:03:36,5.400e-06
10285.6,15:03:38,5.410e-06
10286.8,15:03:39,5.420e-06
10287.9,15:03:40,5.390e-06
10289.1,15:03:41,5.390e-06
10290.2,15:03:42,5.410e-06
10291.4,15:03:43,5.420e-06
10292.5,15:03:45,5.410e-06
10293.7,15:03:46,5.390e-06
10294.8,15:03:47,5.390e-06
10296.0,15:03:48,5.410e-06
10297.2,15:03:49,5.420e-06
10298.3,15:03:50,5.410e-06
10299.5,15:03:52,5.390e-06
10300.6,15:03:53,5.390e-06
10301.8,15:03:54,5.410e-06
10303.0,15:03:55,5.420e-06
10304.1,15:03:56,5.420e-06
10305.3,15:03:57,5.410e-06
10306.4,15:03:58,5.390e-06
10307.6,15:04:00,5.390e-06
10308.8,15:04:01,5.420e-06
10309.9,15:04:02,5.430e-06
10311.1,15:04:03,5.410e-06
10312.2,15:04:04,5.390e-06
10313.4,15:04:05,5.380e-06
10314.6,15:04:07,5.380e-06
10315.7,15:04:08,5.380e-06
10316.9,15:04:09,5.430e-06
10318.0,15:04:10,5.440e-06
10319.2,15:04:11,5.440e-06
10320.4,15:04:12,5.450e-06
10321.5,15:04:14,5.450e-06
10322.7,15:04:15,5.450e-06
10323.8,15:04:16,5.460e-06
10325.0,15:04:17,5.460e-06
10326.1,15:04:18,5.460e-06
10327.3,15:04:19,5.460e-06
10328.5,15:04:20,5.460e-06
10329.6,15:04:22,5.470e-06
10330.8,15:04:23,5.470e-06
10331.9,15:04:24,5.470e-06
10333.1,15:04:25,5.480e-06
10334.2,15:04:26,5.480e-06
10335.4,15:04:27,5.480e-06
10336.5,15:04:29,5.480e-06
10337.7,15:04:30,5.450e-06
10338.9,15:04:31,5.450e-06
10340.0,15:04:32,5.480e-06
10341.2,15:04:33,5.480e-06
10342.4,15:04:34,5.470e-06
10343.5,15:04:36,5.450e-06
10344.7,15:04:37,5.440e-06
10345.8,15:04:38,5.470e-06
10347.0,15:04:39,5.480e-06
10348.2,15:04:40,5.470e-06
10349.3,15:04:41,5.460e-06
10350.5,15:04:43,5.450e-06
10351.6,15:04:44,5.440e-06
10352.8,15:04:45,5.440e-06
10353.9,15:04:46,5.440e-06
10355.1,15:04:47,5.420e-06
10356.3,15:04:48,5.420e-06
10357.4,15:04:49,5.410e-06
10358.6,15:04:51,5.410e-06
10359.7,15:04:52,5.410e-06
10360.9,15:04:53,5.430e-06
10362.0,15:04:54,5.410e-06
10363.2,15:04:55,5.390e-06
10364.4,15:04:56,5.390e-06
10365.5,15:04:58,5.390e-06
10366.7,15:04:59,5.370e-06
10367.8,15:05:00,5.370e-06
10369.0,15:05:01,5.370e-06
10370.1,15:05:02,5.370e-06
10371.3,15:05:03,5.370e-06
10372.5,15:05:05,5.370e-06
10373.6,15:05:06,5.370e-06
10374.8,15:05:07,5.360e-06
10375.9,15:05:08,5.360e-06
10377.1,15:05:09,5.360e-06
10378.2,15:05:10,5.350e-06
10379.4,15:05:11,5.350e-06
10380.6,15:05:13,5.350e-06
10381.7,15:05:14,5.350e-06
10382.9,15:05:15,5.350e-06
10384.1,15:05:16,5.350e-06
10385.2,15:05:17,5.350e-06
10386.4,15:05:18,5.350e-06
10387.5,15:05:20,5.350e-06
10388.7,15:05:21,5.350e-06
10389.9,15:05:22,5.350e-06
10391.0,15:05:23,5.350e-06
10392.2,15:05:24,5.350e-06
10393.3,15:05:25,5.350e-06
10394.5,15:05:27,5.350e-06
10395.7,15:05:28,5.350e-06
10396.8,15:05:29,5.350e-06
10398.0,15:05:30,5.350e-06
10399.1,15:05:31,5.350e-06
10400.3,15:05:32,5.350e-06
10401.4,15:05:33,5.350e-06
10402.6,15:05:35,5.340e-06
10403.7,15:05:36,5.340e-06
10404.9,15:05:37,5.350e-06
10406.1,15:05:38,5.350e-06
10407.2,15:05:39,5.350e-06
10408.4,15:05:40,5.350e-06
10409.5,15:05:42,5.340e-06
10410.7,15:05:43,5.340e-06
10411.9,15:05:44,5.340e-06
10413.0,15:05:45,5.340e-06
10414.2,15:05:46,5.340e-06
10415.3,15:05:47,5.340e-06
10416.5,15:05:49,5.340e-06
10417.6,15:05:50,5.340e-06
10418.8,15:05:51,5.340e-06
10419.9,15:05:52,5.340e-06
10421.1,15:05:53,5.340e-06
10422.3,15:05:54,5.340e-06
10423.4,15:05:55,5.340e-06
10424.6,15:05:57,5.340e-06
10425.7,15:05:58,5.330e-06
10426.9,15:05:59,5.330e-06
10428.0,15:06:00,5.340e-06
10429.2,15:06:01,5.370e-06
10430.4,15:06:02,5.380e-06
10431.5,15:06:04,5.360e-06
10432.7,15:06:05,5.350e-06
10433.8,15:06:06,5.340e-06
10435.0,15:06:07,5.340e-06
10436.2,15:06:08,5.320e-06
10437.3,15:06:09,5.340e-06
10438.5,15:06:11,5.320e-06
10439.6,15:06:12,5.310e-06
10440.8,15:06:13,5.300e-06
10442.0,15:06:14,5.280e-06
10443.1,15:06:15,5.280e-06
10444.3,15:06:16,5.280e-06
10445.4,15:06:17,5.270e-06
10446.6,15:06:19,5.260e-06
10447.7,15:06:20,5.260e-06
10448.9,15:06:21,5.250e-06
10450.1,15:06:22,5.250e-06
10451.2,15:06:23,5.250e-06
10452.4,15:06:24,5.240e-06
10453.5,15:06:26,5.240e-06
10454.7,15:06:27,5.240e-06
10455.9,15:06:28,5.230e-06
10457.0,15:06:29,5.230e-06
10458.2,15:06:30,5.230e-06
10459.3,15:06:31,5.230e-06
10460.5,15:06:33,5.220e-06
10461.6,15:06:34,5.220e-06
10462.8,15:06:35,5.210e-06
10464.0,15:06:36,5.210e-06
10465.1,15:06:37,5.210e-06
10466.3,15:06:38,5.200e-06
10467.4,15:06:39,5.200e-06
10468.6,15:06:41,5.200e-06
10469.8,15:06:42,5.200e-06
10470.9,15:06:43,5.190e-06
10472.1,15:06:44,5.190e-06
10473.2,15:06:45,5.190e-06
10474.4,15:06:46,5.190e-06
10475.6,15:06:48,5.190e-06
10476.7,15:06:49,5.190e-06
10477.9,15:06:50,5.180e-06
10479.0,15:06:51,5.150e-06
10480.2,15:06:52,5.150e-06
10481.4,15:06:53,5.140e-06
10482.5,15:06:55,5.140e-06
10483.7,15:06:56,5.140e-06
10484.9,15:06:57,5.140e-06
10486.0,15:06:58,5.130e-06
10487.2,15:06:59,5.130e-06
10488.3,15:07:00,5.130e-06
10489.5,15:07:02,5.130e-06
10490.6,15:07:03,5.120e-06
10491.8,15:07:04,5.120e-06
10492.9,15:07:05,5.120e-06
10494.1,15:07:06,5.120e-06
10495.2,15:07:07,5.120e-06
10496.4,15:07:08,5.120e-06
10497.6,15:07:10,5.120e-06
10498.7,15:07:11,5.110e-06
10499.9,15:07:12,5.110e-06
10501.0,15:07:13,5.110e-06
10502.2,15:07:14,5.110e-06
10503.4,15:07:15,5.110e-06
10504.5,15:07:17,5.110e-06
10505.7,15:07:18,5.110e-06
10506.9,15:07:19,5.100e-06
10508.0,15:07:20,5.100e-06
10509.2,15:07:21,5.100e-06
10510.3,15:07:22,5.100e-06
10511.5,15:07:24,5.100e-06
10512.7,15:07:25,5.100e-06
10513.8,15:07:26,5.100e-06
10515.0,15:07:27,5.090e-06
10516.1,15:07:28,5.090e-06
10517.3,15:07:29,5.090e-06
10518.5,15:07:31,5.090e-06
10519.6,15:07:32,5.090e-06
10520.8,15:07:33,5.090e-06
10521.9,15:07:34,5.090e-06
10523.1,15:07:35,5.090e-06
10524.2,15:07:36,5.090e-06
10525.4,15:07:37,5.090e-06
10526.6,15:07:39,5.090e-06
10527.7,15:07:40,5.090e-06
10528.9,15:07:41,5.090e-06
10530.0,15:07:42,5.090e-06
10531.2,15:07:43,5.090e-06
10532.4,15:07:44,5.090e-06
10533.5,15:07:46,5.090e-06
10534.7,15:07:47,5.080e-06
10535.8,15:07:48,5.080e-06
10537.0,15:07:49,5.090e-06
10538.1,15:07:50,5.080e-06
10539.3,15:07:51,5.080e-06
10540.4,15:07:52,5.080e-06
10541.6,15:07:54,5.080e-06
10542.7,15:07:55,5.080e-06
10543.9,15:07:56,5.080e-06
10545.1,15:07:57,5.080e-06
10546.2,15:07:58,5.080e-06
10547.4,15:07:59,5.080e-06
10548.5,15:08:01,5.070e-06
10549.7,15:08:02,5.070e-06
10550.9,15:08:03,5.070e-06
10552.0,15:08:04,5.070e-06
10553.2,15:08:05,5.070e-06
10554.3,15:08:06,5.070e-06
10555.5,15:08:08,5.070e-06
10556.6,15:08:09,5.070e-06
10557.8,15:08:10,5.070e-06
10558.9,15:08:11,5.070e-06
10560.1,15:08:12,5.070e-06
10561.3,15:08:13,5.070e-06
10562.4,15:08:14,5.070e-06
10563.6,15:08:16,5.070e-06
10564.7,15:08:17,5.070e-06
10565.9,15:08:18,5.070e-06
10567.1,15:08:19,5.070e-06
10568.2,15:08:20,5.070e-06
10569.4,15:08:21,5.070e-06
10570.5,15:08:23,5.070e-06
10571.7,15:08:24,5.070e-06
10572.8,15:08:25,5.070e-06
10574.0,15:08:26,5.060e-06
10575.2,15:08:27,5.070e-06
10576.3,15:08:28,5.060e-06
10577.5,15:08:30,5.070e-06
10578.6,15:08:31,5.070e-06
10579.8,15:08:32,5.060e-06
10580.9,15:08:33,5.060e-06
10582.1,15:08:34,5.060e-06
10583.3,15:08:35,5.060e-06
10584.4,15:08:36,5.060e-06
10585.6,15:08:38,5.060e-06
10586.7,15:08:39,5.060e-06
10587.9,15:08:40,5.060e-06
10589.0,15:08:41,5.060e-06
10590.2,15:08:42,5.060e-06
10591.4,15:08:43,5.060e-06
10592.5,15:08:45,5.060e-06
10593.7,15:08:46,5.060e-06
10594.8,15:08:47,5.060e-06
10596.0,15:08:48,5.060e-06
10597.2,15:08:49,5.060e-06
10598.3,15:08:50,5.060e-06
10599.5,15:08:52,5.060e-06
10600.6,15:08:53,5.060e-06
10601.8,15:08:54,5.030e-06
10603.0,15:08:55,5.030e-06
10604.1,15:08:56,5.030e-06
10605.2,15:08:57,5.030e-06
10606.4,15:08:58,5.020e-06
10607.6,15:09:00,5.020e-06
10608.7,15:09:01,5.020e-06
10609.9,15:09:02,5.020e-06
10611.0,15:09:03,5.020e-06
10612.2,15:09:04,5.020e-06
10613.4,15:09:05,5.020e-06
10614.5,15:09:07,5.020e-06
10615.7,15:09:08,5.020e-06
10616.8,15:09:09,5.020e-06
10618.0,15:09:10,5.020e-06
10619.2,15:09:11,5.080e-06
10620.3,15:09:12,5.090e-06
10621.5,15:09:14,5.100e-06
10622.6,15:09:15,5.110e-06
10623.8,15:09:16,5.110e-06
10624.9,15:09:17,5.110e-06
10626.1,15:09:18,5.120e-06
10627.2,15:09:19,5.120e-06
10628.4,15:09:20,5.120e-06
10629.6,15:09:22,5.120e-06
10630.7,15:09:23,5.120e-06
10631.9,15:09:24,5.120e-06
10633.0,15:09:25,5.120e-06
10634.2,15:09:26,5.120e-06
10635.3,15:09:27,5.120e-06
10636.5,15:09:29,5.120e-06
10637.7,15:09:30,5.120e-06
10638.8,15:09:31,5.120e-06
10640.0,15:09:32,5.120e-06
10641.1,15:09:33,5.120e-06
10642.3,15:09:34,5.120e-06
10643.4,15:09:35,5.120e-06
10644.6,15:09:37,5.120e-06
10645.7,15:09:38,5.120e-06
10646.9,15:09:39,5.120e-06
10648.0,15:09:40,5.120e-06
10649.2,15:09:41,5.120e-06
10650.4,15:09:42,5.120e-06
10651.5,15:09:44,5.120e-06
10652.7,15:09:45,5.120e-06
10653.8,15:09:46,5.120e-06
10655.0,15:09:47,5.120e-06
10656.1,15:09:48,5.120e-06
10657.3,15:09:49,5.120e-06
10658.4,15:09:50,5.120e-06
10659.6,15:09:52,5.120e-06
10660.8,15:09:53,5.110e-06
10661.9,15:09:54,5.120e-06
10663.1,15:09:55,5.120e-06
10664.3,15:09:56,5.110e-06
10665.4,15:09:57,5.110e-06
10666.5,15:09:59,5.110e-06
10667.7,15:10:00,5.110e-06
10668.9,15:10:01,5.110e-06
10670.0,15:10:02,5.110e-06
10671.2,15:10:03,5.110e-06
10672.3,15:10:04,5.110e-06
10673.5,15:10:06,5.110e-06
10674.7,15:10:07,5.110e-06
10675.8,15:10:08,5.110e-06
10677.0,15:10:09,5.110e-06
10678.1,15:10:10,5.110e-06
10679.3,15:10:11,5.110e-06
10680.4,15:10:12,5.110e-06
10681.6,15:10:14,5.110e-06
10682.7,15:10:15,5.110e-06
10683.9,15:10:16,5.110e-06
10685.1,15:10:17,5.110e-06
10686.2,15:10:18,5.110e-06
10687.4,15:10:19,5.110e-06
10688.5,15:10:21,5.110e-06
10689.7,15:10:22,5.110e-06
10690.8,15:10:23,5.110e-06
10692.0,15:10:24,5.110e-06
10693.2,15:10:25,5.110e-06
10694.3,15:10:26,5.110e-06
10695.5,15:10:28,5.110e-06
10696.7,15:10:29,5.110e-06
10697.8,15:10:30,5.110e-06
10699.0,15:10:31,5.110e-06
10700.1,15:10:32,5.110e-06
10701.3,15:10:33,5.110e-06
10702.5,15:10:35,5.110e-06
10703.6,15:10:36,5.110e-06
10704.8,15:10:37,5.110e-06
10705.9,15:10:38,5.110e-06
10707.1,15:10:39,5.110e-06
10708.2,15:10:40,5.110e-06
10709.4,15:10:41,5.110e-06
10710.6,15:10:43,5.110e-06
10711.7,15:10:44,5.110e-06
10712.9,15:10:45,5.110e-06
10714.1,15:10:46,5.100e-06
10715.2,15:10:47,5.110e-06
10716.4,15:10:48,5.110e-06
10717.5,15:10:50,5.110e-06
10718.7,15:10:51,5.110e-06
10719.8,15:10:52,5.100e-06
10721.0,15:10:53,5.100e-06
10722.2,15:10:54,5.100e-06
10723.3,15:10:55,5.080e-06
10724.5,15:10:57,5.070e-06
10725.6,15:10:58,5.070e-06
10726.8,15:10:59,5.070e-06
10727.9,15:11:00,5.070e-06
10729.1,15:11:01,5.070e-06
10730.2,15:11:02,5.070e-06
10731.4,15:11:03,5.070e-06
10732.6,15:11:05,5.070e-06
10733.7,15:11:06,5.070e-06
10734.9,15:11:07,5.070e-06
10736.0,15:11:08,5.070e-06
10737.2,15:11:09,5.070e-06
10738.3,15:11:10,5.070e-06
10739.5,15:11:12,5.070e-06
10740.7,15:11:13,5.070e-06
10741.8,15:11:14,5.070e-06
10743.0,15:11:15,5.070e-06
10744.1,15:11:16,5.070e-06
10745.3,15:11:17,5.060e-06
10746.5,15:11:18,5.070e-06
10747.6,15:11:20,5.070e-06
10748.8,15:11:21,5.060e-06
10749.9,15:11:22,5.060e-06
10751.1,15:11:23,5.060e-06
10752.3,15:11:24,5.060e-06
10753.4,15:11:25,5.060e-06
10754.6,15:11:27,5.060e-06
10755.7,15:11:28,5.060e-06
10756.9,15:11:29,5.060e-06
10758.0,15:11:30,5.060e-06
10759.2,15:11:31,5.060e-06
10760.4,15:11:32,5.060e-06
10761.5,15:11:34,5.060e-06
10762.7,15:11:35,5.060e-06
10763.9,15:11:36,5.060e-06
10765.0,15:11:37,5.060e-06
10766.2,15:11:38,5.060e-06
10767.3,15:11:39,5.060e-06
10768.5,15:11:41,5.060e-06
10769.6,15:11:42,5.060e-06
10770.8,15:11:43,5.050e-06
10772.0,15:11:44,5.050e-06
10773.1,15:11:45,5.050e-06
10774.3,15:11:46,5.050e-06
10775.4,15:11:47,5.050e-06
10776.6,15:11:49,5.050e-06
10777.7,15:11:50,5.050e-06
10778.9,15:11:51,5.050e-06
10780.0,15:11:52,5.050e-06
10781.2,15:11:53,5.050e-06
10782.4,15:11:54,5.050e-06
10783.5,15:11:56,5.050e-06
10784.7,15:11:57,5.050e-06
10785.8,15:11:58,5.050e-06
10787.0,15:11:59,5.050e-06
10788.2,15:12:00,5.050e-06
10789.3,15:12:01,5.050e-06
10790.5,15:12:03,5.050e-06
10791.6,15:12:04,5.050e-06
10792.8,15:12:05,5.050e-06
10794.0,15:12:06,5.050e-06
10795.1,15:12:07,5.050e-06
10796.3,15:12:08,5.050e-06
10797.4,15:12:09,5.050e-06
10798.6,15:12:11,5.050e-06
10799.7,15:12:12,5.050e-06
10800.9,15:12:13,5.050e-06
10802.0,15:12:14,5.050e-06
10803.2,15:12:15,5.050e-06
10804.4,15:12:16,5.050e-06
10805.5,15:12:18,5.050e-06
10806.7,15:12:19,5.050e-06
10807.8,15:12:20,5.050e-06
10809.0,15:12:21,5.050e-06
10810.2,15:12:22,5.050e-06
10811.3,15:12:23,5.050e-06
10812.5,15:12:25,5.050e-06
10813.6,15:12:26,5.050e-06
10814.8,15:12:27,5.050e-06
10815.9,15:12:28,5.050e-06
10817.1,15:12:29,5.050e-06
10818.3,15:12:30,5.050e-06
10819.4,15:12:31,5.060e-06
10820.6,15:12:33,5.050e-06
10821.7,15:12:34,5.050e-06
10822.9,15:12:35,5.050e-06
10824.0,15:12:36,5.050e-06
10825.2,15:12:37,5.060e-06
10826.3,15:12:38,5.050e-06
10827.5,15:12:40,5.050e-06
10828.7,15:12:41,5.060e-06
10829.8,15:12:42,5.060e-06
10831.0,15:12:43,5.060e-06
10832.1,15:12:44,5.060e-06
10833.3,15:12:45,5.060e-06
10834.4,15:12:46,5.060e-06
10835.6,15:12:48,5.060e-06
10836.8,15:12:49,5.060e-06
10837.9,15:12:50,5.060e-06
10839.1,15:12:51,5.060e-06
10840.2,15:12:52,5.060e-06
10841.4,15:12:53,5.060e-06
10842.5,15:12:55,5.060e-06
10843.7,15:12:56,5.060e-06
10844.9,15:12:57,5.060e-06
10846.0,15:12:58,5.060e-06
10847.2,15:12:59,5.060e-06
10848.4,15:13:00,5.060e-06
10849.5,15:13:02,5.060e-06
10850.7,15:13:03,5.060e-06
10851.8,15:13:04,5.060e-06
10853.0,15:13:05,5.050e-06
10854.1,15:13:06,5.030e-06
10855.3,15:13:07,5.030e-06
10856.5,15:13:09,5.030e-06
10857.6,15:13:10,5.030e-06
10858.8,15:13:11,5.030e-06
10860.0,15:13:12,5.030e-06
10861.1,15:13:13,5.030e-06
10862.3,15:13:14,5.030e-06
10863.4,15:13:15,5.030e-06
10864.6,15:13:17,5.030e-06
10865.7,15:13:18,5.030e-06
10866.9,15:13:19,5.030e-06
10868.0,15:13:20,5.030e-06
10869.2,15:13:21,5.030e-06
10870.4,15:13:22,5.030e-06
10871.5,15:13:24,5.030e-06
10872.7,15:13:25,5.030e-06
10873.8,15:13:26,5.030e-06
10875.0,15:13:27,5.030e-06
10876.2,15:13:28,5.030e-06
10877.3,15:13:29,5.030e-06
10878.5,15:13:31,5.030e-06
10879.6,15:13:32,5.030e-06
10880.8,15:13:33,5.030e-06
10882.0,15:13:34,5.030e-06
10883.1,15:13:35,5.030e-06
10884.3,15:13:36,5.030e-06
10885.4,15:13:37,5.030e-06
10886.6,15:13:39,5.030e-06
10887.8,15:13:40,5.030e-06
10889.0,15:13:41,5.030e-06
10890.1,15:13:42,5.030e-06
10891.3,15:13:43,5.040e-06
10892.4,15:13:44,5.050e-06
10893.6,15:13:46,5.050e-06
10894.8,15:13:47,5.060e-06
10895.9,15:13:48,5.060e-06
10897.1,15:13:49,5.060e-06
10898.2,15:13:50,5.060e-06
10899.4,15:13:51,5.060e-06
10900.5,15:13:53,5.060e-06
10901.7,15:13:54,5.060e-06
10902.9,15:13:55,5.060e-06
10904.0,15:13:56,5.060e-06
10905.2,15:13:57,5.060e-06
10906.3,15:13:58,5.060e-06
10907.5,15:14:00,5.060e-06
10908.7,15:14:01,5.060e-06
10909.8,15:14:02,5.060e-06
10911.0,15:14:03,5.060e-06
10912.1,15:14:04,5.060e-06
10913.3,15:14:05,5.060e-06
10914.4,15:14:06,5.060e-06
10915.6,15:14:08,5.060e-06
10916.8,15:14:09,5.060e-06
10917.9,15:14:10,5.060e-06
10919.1,15:14:11,5.060e-06
10920.2,15:14:12,5.060e-06
10921.4,15:14:13,5.060e-06
10922.5,15:14:15,5.050e-06
10923.7,15:14:16,5.060e-06
10924.9,15:14:17,5.060e-06
10926.0,15:14:18,5.050e-06
10927.2,15:14:19,5.060e-06
10928.3,15:14:20,5.050e-06
10929.5,15:14:22,5.050e-06
10930.7,15:14:23,5.050e-06
10931.8,15:14:24,5.050e-06
10933.0,15:14:25,5.050e-06
10934.1,15:14:26,5.050e-06
10935.3,15:14:27,5.050e-06
10936.4,15:14:28,5.050e-06
10937.6,15:14:30,5.050e-06
10938.7,15:14:31,5.050e-06
10939.9,15:14:32,5.050e-06
10941.1,15:14:33,5.050e-06
10942.2,15:14:34,5.050e-06
10943.4,15:14:35,5.050e-06
10944.5,15:14:37,5.050e-06
10945.7,15:14:38,5.050e-06
10946.9,15:14:39,5.050e-06
10948.0,15:14:40,5.050e-06
10949.2,15:14:41,5.050e-06
10950.3,15:14:42,5.050e-06
10951.5,15:14:44,5.050e-06
10952.6,15:14:45,5.050e-06
10953.8,15:14:46,5.050e-06
10955.0,15:14:47,5.050e-06
10956.1,15:14:48,5.050e-06
10957.3,15:14:49,5.050e-06
10958.4,15:14:50,5.050e-06
10959.6,15:14:52,5.050e-06
10960.8,15:14:53,5.050e-06
10961.9,15:14:54,5.050e-06
10963.1,15:14:55,5.050e-06
10964.2,15:14:56,5.050e-06
10965.4,15:14:57,5.050e-06
10966.5,15:14:59,5.040e-06
10967.7,15:15:00,5.050e-06
10968.8,15:15:01,5.040e-06
10970.0,15:15:02,5.040e-06
10971.2,15:15:03,5.040e-06
10972.3,15:15:04,5.040e-06
10973.5,15:15:06,5.040e-06
10974.7,15:15:07,5.040e-06
10975.8,15:15:08,5.040e-06
10977.0,15:15:09,5.040e-06
10978.1,15:15:10,5.030e-06
10979.3,15:15:11,5.010e-06
10980.4,15:15:12,5.010e-06
10981.6,15:15:14,5.000e-06
10982.8,15:15:15,5.000e-06
10983.9,15:15:16,5.000e-06
10985.1,15:15:17,5.000e-06
10986.2,15:15:18,5.000e-06
10987.4,15:15:19,5.000e-06
10988.5,15:15:21,5.000e-06
10989.7,15:15:22,5.000e-06
10990.8,15:15:23,5.000e-06
10992.0,15:15:24,5.000e-06
10993.2,15:15:25,5.000e-06
10994.3,15:15:26,5.000e-06
10995.5,15:15:28,5.000e-06
10996.6,15:15:29,5.000e-06
10997.8,15:15:30,5.000e-06
10998.9,15:15:31,4.990e-06
11000.1,15:15:32,4.990e-06
11001.3,15:15:33,4.990e-06
11002.4,15:15:34,4.990e-06
11003.6,15:15:36,4.990e-06
11004.8,15:15:37,4.990e-06
11005.9,15:15:38,4.990e-06
11007.1,15:15:39,4.990e-06
11008.2,15:15:40,4.990e-06
11009.4,15:15:41,4.980e-06
11010.6,15:15:43,4.980e-06
11011.7,15:15:44,4.980e-06
11012.9,15:15:45,4.980e-06
11014.0,15:15:46,4.980e-06
11015.2,15:15:47,4.980e-06
11016.3,15:15:48,4.980e-06
11017.5,15:15:50,4.980e-06
11018.7,15:15:51,4.980e-06
11019.8,15:15:52,4.980e-06
11021.0,15:15:53,4.980e-06
11022.1,15:15:54,4.980e-06
11023.3,15:15:55,4.980e-06
11024.4,15:15:56,4.980e-06
11025.6,15:15:58,4.970e-06
11026.7,15:15:59,4.970e-06
11027.9,15:16:00,4.970e-06
11029.1,15:16:01,4.970e-06
11030.2,15:16:02,4.970e-06
11031.4,15:16:03,4.970e-06
11032.5,15:16:05,4.970e-06
11033.7,15:16:06,4.970e-06
11034.8,15:16:07,4.960e-06
11036.0,15:16:08,4.960e-06
11037.2,15:16:09,4.960e-06
11038.3,15:16:10,4.960e-06
11039.5,15:16:12,4.960e-06
11040.6,15:16:13,4.960e-06
11041.8,15:16:14,4.960e-06
11042.9,15:16:15,4.960e-06
11044.1,15:16:16,4.960e-06
11045.2,15:16:17,4.960e-06
11046.4,15:16:18,4.960e-06
11047.6,15:16:20,4.960e-06
11048.7,15:16:21,4.960e-06
11049.9,15:16:22,4.960e-06
11051.1,15:16:23,4.950e-06
11052.2,15:16:24,4.950e-06
11053.4,15:16:25,4.950e-06
11054.5,15:16:27,4.950e-06
11055.7,15:16:28,4.950e-06
11056.8,15:16:29,4.950e-06
11058.0,15:16:30,4.950e-06
11059.1,15:16:31,4.950e-06
11060.3,15:16:32,4.950e-06
11061.4,15:16:33,4.950e-06
11062.6,15:16:35,4.940e-06
11063.8,15:16:36,4.940e-06
11064.9,15:16:37,4.940e-06
11066.1,15:16:38,4.940e-06
11067.2,15:16:39,4.940e-06
11068.4,15:16:40,4.940e-06
11069.6,15:16:42,4.940e-06
11070.7,15:16:43,4.940e-06
11071.9,15:16:44,4.930e-06
11073.1,15:16:45,4.930e-06
11074.2,15:16:46,4.930e-06
11075.4,15:16:47,4.930e-06
11076.6,15:16:49,4.930e-06
11077.7,15:16:50,4.930e-06
11078.9,15:16:51,4.930e-06
11080.0,15:16:52,4.930e-06
11081.2,15:16:53,4.930e-06
11082.3,15:16:54,4.930e-06
11083.5,15:16:56,4.930e-06
11084.6,15:16:57,4.930e-06
11085.8,15:16:58,4.930e-06
11087.0,15:16:59,4.930e-06
11088.1,15:17:00,4.930e-06
11089.3,15:17:01,4.930e-06
11090.4,15:17:02,4.930e-06
11091.6,15:17:04,4.930e-06
11092.7,15:17:05,4.920e-06
11093.9,15:17:06,4.920e-06
11095.1,15:17:07,4.920e-06
11096.2,15:17:08,4.920e-06
11097.4,15:17:09,4.920e-06
11098.5,15:17:11,4.920e-06
11099.7,15:17:12,4.920e-06
11100.8,15:17:13,4.920e-06
11102.0,15:17:14,4.920e-06
11103.2,15:17:15,4.920e-06
11104.3,15:17:16,4.920e-06
11105.5,15:17:18,4.910e-06
11106.6,15:17:19,4.910e-06
11107.8,15:17:20,4.910e-06
11108.9,15:17:21,4.910e-06
11110.1,15:17:22,4.890e-06
11111.3,15:17:23,4.880e-06
11112.4,15:17:24,4.880e-06
11113.6,15:17:26,4.880e-06
11114.8,15:17:27,4.870e-06
11116.0,15:17:28,4.870e-06
11117.1,15:17:29,4.870e-06
11118.3,15:17:30,4.870e-06
11119.4,15:17:31,4.870e-06
11120.6,15:17:33,4.870e-06
11121.7,15:17:34,4.870e-06
11122.9,15:17:35,4.870e-06
11124.0,15:17:36,4.870e-06
11125.2,15:17:37,4.870e-06
11126.4,15:17:38,4.870e-06
11127.5,15:17:40,4.870e-06
11128.7,15:17:41,4.870e-06
11129.8,15:17:42,4.870e-06
11131.0,15:17:43,4.870e-06
11132.1,15:17:44,4.860e-06
11133.3,15:17:45,4.860e-06
11134.5,15:17:47,4.860e-06
11135.6,15:17:48,4.860e-06
11136.8,15:17:49,4.860e-06
11138.0,15:17:50,4.860e-06
11139.1,15:17:51,4.860e-06
11140.3,15:17:52,4.850e-06
11141.5,15:17:54,4.850e-06
11142.6,15:17:55,4.850e-06
11143.8,15:17:56,4.850e-06
11144.9,15:17:57,4.850e-06
11146.1,15:17:58,4.850e-06
11147.3,15:17:59,4.850e-06
11148.4,15:18:00,4.850e-06
11149.6,15:18:02,4.850e-06
11150.8,15:18:03,4.850e-06
11151.9,15:18:04,4.850e-06
11153.1,15:18:05,4.840e-06
11154.3,15:18:06,4.840e-06
11155.4,15:18:07,4.840e-06
11156.6,15:18:09,4.840e-06
11157.8,15:18:10,4.840e-06
11158.9,15:18:11,4.840e-06
11160.1,15:18:12,4.840e-06
11161.2,15:18:13,4.840e-06
11162.4,15:18:14,4.840e-06
11163.5,15:18:16,4.840e-06
11164.7,15:18:17,4.840e-06
11165.9,15:18:18,4.840e-06
11167.0,15:18:19,4.840e-06
11168.2,15:18:20,4.840e-06
11169.3,15:18:21,4.840e-06
11170.5,15:18:23,4.840e-06
11171.7,15:18:24,4.830e-06
11172.8,15:18:25,4.830e-06
11174.0,15:18:26,4.830e-06
11175.2,15:18:27,4.830e-06
11176.3,15:18:28,4.830e-06
11177.5,15:18:30,4.830e-06
11178.6,15:18:31,4.830e-06
11179.8,15:18:32,4.830e-06
11181.0,15:18:33,4.830e-06
11182.1,15:18:34,4.830e-06
11183.3,15:18:35,4.830e-06
11184.4,15:18:36,4.830e-06
11185.6,15:18:38,4.830e-06
11186.8,15:18:39,4.820e-06
11187.9,15:18:40,4.820e-06
11189.1,15:18:41,4.820e-06
11190.2,15:18:42,4.820e-06
11191.4,15:18:43,4.820e-06
11192.5,15:18:45,4.820e-06
11193.7,15:18:46,4.820e-06
11194.9,15:18:47,4.820e-06
11196.0,15:18:48,4.820e-06
11197.2,15:18:49,4.820e-06
11198.3,15:18:50,4.820e-06
11199.5,15:18:52,4.820e-06
11200.6,15:18:53,4.820e-06
11201.8,15:18:54,4.820e-06
11203.0,15:18:55,4.820e-06
11204.1,15:18:56,4.820e-06
11205.3,15:18:57,4.820e-06
11206.5,15:18:59,4.820e-06
11207.6,15:19:00,4.820e-06
11208.8,15:19:01,4.820e-06
11210.0,15:19:02,4.820e-06
11211.1,15:19:03,4.820e-06
11212.3,15:19:04,4.820e-06
11213.5,15:19:06,4.820e-06
11214.6,15:19:07,4.820e-06
11215.8,15:19:08,4.820e-06
11216.9,15:19:09,4.820e-06
11218.1,15:19:10,4.820e-06
11219.3,15:19:11,4.810e-06
11220.4,15:19:12,4.820e-06
11221.6,15:19:14,4.820e-06
11222.7,15:19:15,4.810e-06
11223.9,15:19:16,4.810e-06
11225.1,15:19:17,4.810e-06
11226.2,15:19:18,4.810e-06
11227.4,15:19:19,4.810e-06
11228.5,15:19:21,4.810e-06
11229.7,15:19:22,4.810e-06
11230.9,15:19:23,4.810e-06
11232.0,15:19:24,4.810e-06
11233.2,15:19:25,4.810e-06
11234.3,15:19:26,4.810e-06
11235.5,15:19:28,4.800e-06
11236.7,15:19:29,4.810e-06
11237.8,15:19:30,4.800e-06
11239.0,15:19:31,4.800e-06
11240.2,15:19:32,4.800e-06
11241.3,15:19:33,4.780e-06
11242.5,15:19:35,4.770e-06
11243.6,15:19:36,4.770e-06
11244.8,15:19:37,4.770e-06
11246.0,15:19:38,4.770e-06
11247.1,15:19:39,4.770e-06
11248.3,15:19:40,4.770e-06
11249.5,15:19:42,4.770e-06
11250.6,15:19:43,4.770e-06
11251.8,15:19:44,4.770e-06
11253.0,15:19:45,4.770e-06
11254.1,15:19:46,4.760e-06
11255.3,15:19:47,4.760e-06
11256.5,15:19:49,4.760e-06
11257.6,15:19:50,4.760e-06
11258.8,15:19:51,4.760e-06
11260.0,15:19:52,4.760e-06
11261.1,15:19:53,4.760e-06
11262.3,15:19:54,4.760e-06
11263.5,15:19:55,4.760e-06
11264.6,15:19:57,4.760e-06
11265.8,15:19:58,4.760e-06
11267.0,15:19:59,4.750e-06
11268.1,15:20:00,4.750e-06
11269.3,15:20:01,4.750e-06
11270.5,15:20:03,4.750e-06
11271.6,15:20:04,4.750e-06
11272.8,15:20:05,4.750e-06
11274.0,15:20:06,4.750e-06
11275.1,15:20:07,4.750e-06
11276.3,15:20:08,4.750e-06
11277.4,15:20:09,4.750e-06
11278.6,15:20:11,4.750e-06
11279.8,15:20:12,4.750e-06
11280.9,15:20:13,4.740e-06
11282.1,15:20:14,4.750e-06
11283.3,15:20:15,4.740e-06
11284.4,15:20:16,4.740e-06
11285.6,15:20:18,4.740e-06
11286.8,15:20:19,4.740e-06
11287.9,15:20:20,4.740e-06
11289.1,15:20:21,4.740e-06
11290.2,15:20:22,4.740e-06
11291.4,15:20:23,4.730e-06
11292.6,15:20:25,4.730e-06
11293.7,15:20:26,4.730e-06
11294.9,15:20:27,4.730e-06
11296.1,15:20:28,4.730e-06
11297.3,15:20:29,4.730e-06
11298.4,15:20:30,4.730e-06
11299.6,15:20:32,4.730e-06
11300.7,15:20:33,4.730e-06
11301.9,15:20:34,4.730e-06
11303.0,15:20:35,4.730e-06
11304.2,15:20:36,4.730e-06
11305.3,15:20:37,4.730e-06
11306.5,15:20:39,4.730e-06
11307.7,15:20:40,4.720e-06
11308.8,15:20:41,4.720e-06
11310.0,15:20:42,4.720e-06
11311.1,15:20:43,4.720e-06
11312.3,15:20:44,4.720e-06
11313.4,15:20:45,4.720e-06
11314.6,15:20:47,4.720e-06
11315.8,15:20:48,4.710e-06
11316.9,15:20:49,4.720e-06
11318.1,15:20:50,4.720e-06
11319.2,15:20:51,4.710e-06
11320.4,15:20:52,4.710e-06
11321.5,15:20:54,4.710e-06
11322.7,15:20:55,4.710e-06
11323.9,15:20:56,4.710e-06
11325.0,15:20:57,4.710e-06
11326.2,15:20:58,4.710e-06
11327.4,15:20:59,4.710e-06
11328.5,15:21:01,4.710e-06
11329.7,15:21:02,4.710e-06
11330.8,15:21:03,4.710e-06
11332.0,15:21:04,4.710e-06
11333.2,15:21:05,4.710e-06
11334.3,15:21:06,4.710e-06
11335.5,15:21:08,4.710e-06
11336.6,15:21:09,4.710e-06
11337.8,15:21:10,4.710e-06
11338.9,15:21:11,4.710e-06
11340.1,15:21:12,4.710e-06
11341.3,15:21:13,4.710e-06
11342.4,15:21:14,4.710e-06
11343.6,15:21:16,4.710e-06
11344.7,15:21:17,4.710e-06
11345.9,15:21:18,4.710e-06
11347.1,15:21:19,4.710e-06
11348.2,15:21:20,4.710e-06
11349.4,15:21:21,4.710e-06
11350.6,15:21:23,4.710e-06
11351.7,15:21:24,4.710e-06
11352.9,15:21:25,4.710e-06
11354.0,15:21:26,4.710e-06
11355.2,15:21:27,4.710e-06
11356.3,15:21:28,4.710e-06
11357.5,15:21:30,4.710e-06
11358.7,15:21:31,4.710e-06
11359.8,15:21:32,4.710e-06
11361.0,15:21:33,4.710e-06
11362.1,15:21:34,4.710e-06
11363.3,15:21:35,4.710e-06
11364.5,15:21:37,4.710e-06
11365.6,15:21:38,4.710e-06
11366.8,15:21:39,4.710e-06
11367.9,15:21:40,4.710e-06
11369.1,15:21:41,4.690e-06
11370.3,15:21:42,4.680e-06
11371.4,15:21:43,4.680e-06
11372.6,15:21:45,4.680e-06
11373.7,15:21:46,4.680e-06
11374.9,15:21:47,4.680e-06
11376.0,15:21:48,4.680e-06
11377.2,15:21:49,4.680e-06
11378.4,15:21:50,4.680e-06
11379.5,15:21:52,4.680e-06
11380.7,15:21:53,4.680e-06
11381.8,15:21:54,4.680e-06
11383.0,15:21:55,4.680e-06
11384.2,15:21:56,4.680e-06
11385.3,15:21:57,4.680e-06
11386.5,15:21:59,4.680e-06
11387.7,15:22:00,4.680e-06
11388.8,15:22:01,4.680e-06
11390.0,15:22:02,4.680e-06
11391.1,15:22:03,4.680e-06
11392.3,15:22:04,4.670e-06
11393.5,15:22:05,4.680e-06
11394.6,15:22:07,4.670e-06
11395.8,15:22:08,4.670e-06
11396.9,15:22:09,4.670e-06
11398.1,15:22:10,4.670e-06
11399.2,15:22:11,4.670e-06
11400.4,15:22:12,4.670e-06
11401.5,15:22:14,4.670e-06
11402.7,15:22:15,4.670e-06
11403.9,15:22:16,4.670e-06
11405.0,15:22:17,4.670e-06
11406.2,15:22:18,4.670e-06
11407.4,15:22:19,4.670e-06
11408.5,15:22:21,4.670e-06
11409.7,15:22:22,4.670e-06
11410.8,15:22:23,4.670e-06
11412.0,15:22:24,4.670e-06
11413.2,15:22:25,4.670e-06
11414.3,15:22:26,4.670e-06
11415.5,15:22:28,4.670e-06
11416.6,15:22:29,4.660e-06
11417.8,15:22:30,4.670e-06
11418.9,15:22:31,4.660e-06
11420.1,15:22:32,4.670e-06
11421.3,15:22:33,4.660e-06
11422.4,15:22:34,4.670e-06
11423.6,15:22:36,4.660e-06
11424.8,15:22:37,4.670e-06
11425.9,15:22:38,4.660e-06
11427.1,15:22:39,4.670e-06
11428.2,15:22:40,4.670e-06
11429.4,15:22:41,4.660e-06
11430.6,15:22:43,4.660e-06
11431.7,15:22:44,4.660e-06
11432.9,15:22:45,4.660e-06
11434.1,15:22:46,4.660e-06
11435.2,15:22:47,4.660e-06
11436.4,15:22:48,4.660e-06
11437.6,15:22:50,4.660e-06
11438.7,15:22:51,4.660e-06
11439.9,15:22:52,4.660e-06
11441.1,15:22:53,4.660e-06
11442.2,15:22:54,4.660e-06
11443.4,15:22:55,4.660e-06
11444.6,15:22:57,4.660e-06
11445.7,15:22:58,4.660e-06
11446.9,15:22:59,4.660e-06
11448.1,15:23:00,4.660e-06
11449.2,15:23:01,4.660e-06
11450.4,15:23:02,4.660e-06
11451.6,15:23:04,4.660e-06
11452.7,15:23:05,4.660e-06
11453.9,15:23:06,4.660e-06
11455.1,15:23:07,4.660e-06
11456.2,15:23:08,4.660e-06
11457.4,15:23:09,4.660e-06
11458.6,15:23:11,4.660e-06
11459.7,15:23:12,4.660e-06
11460.9,15:23:13,4.660e-06
11462.0,15:23:14,4.660e-06
11463.2,15:23:15,4.660e-06
11464.4,15:23:16,4.660e-06
11465.5,15:23:18,4.660e-06
11466.7,15:23:19,4.660e-06
11467.8,15:23:20,4.660e-06
11469.0,15:23:21,4.660e-06
11470.2,15:23:22,4.660e-06
11471.3,15:23:23,4.660e-06
11472.5,15:23:25,4.660e-06
11473.7,15:23:26,4.660e-06
11474.8,15:23:27,4.660e-06
11476.0,15:23:28,4.660e-06
11477.2,15:23:29,4.660e-06
11478.3,15:23:30,4.660e-06
11479.5,15:23:32,4.660e-06
11480.6,15:23:33,4.660e-06
11481.8,15:23:34,4.660e-06
11483.0,15:23:35,4.650e-06
11484.1,15:23:36,4.660e-06
11485.3,15:23:37,4.650e-06
11486.5,15:23:39,4.660e-06
11487.6,15:23:40,4.650e-06
11488.8,15:23:41,4.650e-06
11489.9,15:23:42,4.650e-06
11491.1,15:23:43,4.650e-06
11492.3,15:23:44,4.650e-06
11493.4,15:23:45,4.650e-06
11494.6,15:23:47,4.650e-06
11495.8,15:23:48,4.650e-06
11496.9,15:23:49,4.650e-06
11498.1,15:23:50,4.650e-06
11499.3,15:23:51,4.650e-06
11500.4,15:23:52,4.650e-06
11501.6,15:23:54,4.650e-06
11502.7,15:23:55,4.630e-06
11503.9,15:23:56,4.620e-06
11505.1,15:23:57,4.610e-06
11506.2,15:23:58,4.610e-06
11507.4,15:23:59,4.610e-06
11508.6,15:24:01,4.610e-06
11509.8,15:24:02,4.610e-06
11510.9,15:24:03,4.610e-06
11512.1,15:24:04,4.610e-06
11513.3,15:24:05,4.610e-06
11514.4,15:24:06,4.610e-06
11515.6,15:24:08,4.610e-06
11516.7,15:24:09,4.610e-06
11517.9,15:24:10,4.610e-06
11519.1,15:24:11,4.610e-06
11520.2,15:24:12,4.610e-06
11521.4,15:24:13,4.610e-06
11522.5,15:24:15,4.610e-06
11523.7,15:24:16,4.610e-06
11524.8,15:24:17,4.610e-06
11526.0,15:24:18,4.600e-06
11527.2,15:24:19,4.600e-06
11528.3,15:24:20,4.600e-06
11529.5,15:24:22,4.600e-06
11530.7,15:24:23,4.600e-06
11531.8,15:24:24,4.600e-06
11533.0,15:24:25,4.600e-06
11534.2,15:24:26,4.600e-06
11535.3,15:24:27,4.600e-06
11536.5,15:24:29,4.600e-06
11537.6,15:24:30,4.600e-06
11538.8,15:24:31,4.600e-06
11540.0,15:24:32,4.600e-06
11541.1,15:24:33,4.590e-06
11542.3,15:24:34,4.590e-06
11543.4,15:24:35,4.590e-06
11544.6,15:24:37,4.590e-06
11545.8,15:24:38,4.590e-06
11546.9,15:24:39,4.590e-06
11548.1,15:24:40,4.590e-06
11549.3,15:24:41,4.590e-06
11550.4,15:24:42,4.590e-06
11551.6,15:24:44,4.590e-06
11552.7,15:24:45,4.590e-06
11553.9,15:24:46,4.590e-06
11555.1,15:24:47,4.590e-06
11556.2,15:24:48,4.590e-06
11557.4,15:24:49,4.590e-06
11558.6,15:24:51,4.590e-06
11559.7,15:24:52,4.590e-06
11560.9,15:24:53,4.590e-06
11562.0,15:24:54,4.590e-06
11563.2,15:24:55,4.590e-06
11564.4,15:24:56,4.590e-06
11565.5,15:24:58,4.590e-06
11566.7,15:24:59,4.590e-06
11567.9,15:25:00,4.590e-06
11569.0,15:25:01,4.590e-06
11570.2,15:25:02,4.590e-06
11571.4,15:25:03,4.590e-06
11572.5,15:25:05,4.580e-06
11573.7,15:25:06,4.580e-06
11574.9,15:25:07,4.590e-06
11576.0,15:25:08,4.580e-06
11577.2,15:25:09,4.580e-06
11578.3,15:25:10,4.580e-06
11579.5,15:25:12,4.580e-06
11580.7,15:25:13,4.580e-06
11581.9,15:25:14,4.580e-06
11583.0,15:25:15,4.580e-06
11584.2,15:25:16,4.580e-06
11585.3,15:25:17,4.570e-06
11586.5,15:25:19,4.570e-06
11587.7,15:25:20,4.570e-06
11588.8,15:25:21,4.570e-06
11590.0,15:25:22,4.570e-06
11591.2,15:25:23,4.570e-06
11592.3,15:25:24,4.570e-06
11593.5,15:25:26,4.570e-06
11594.6,15:25:27,4.570e-06
11595.8,15:25:28,4.570e-06
11597.0,15:25:29,4.570e-06
11598.2,15:25:30,4.570e-06
11599.3,15:25:31,4.570e-06
11600.5,15:25:33,4.570e-06
11601.6,15:25:34,4.570e-06
11602.8,15:25:35,4.570e-06
11604.0,15:25:36,4.570e-06
11605.1,15:25:37,4.570e-06
11606.3,15:25:38,4.570e-06
11607.5,15:25:40,4.570e-06
11608.6,15:25:41,4.560e-06
11609.8,15:25:42,4.570e-06
11611.0,15:25:43,4.560e-06
11612.1,15:25:44,4.560e-06
11613.3,15:25:45,4.560e-06
11614.5,15:25:47,4.560e-06
11615.6,15:25:48,4.560e-06
11616.8,15:25:49,4.560e-06
11618.0,15:25:50,4.560e-06
11619.1,15:25:51,4.560e-06
11620.3,15:25:52,4.560e-06
11621.4,15:25:53,4.560e-06
11622.6,15:25:55,4.560e-06
11623.8,15:25:56,4.560e-06
11624.9,15:25:57,4.560e-06
11626.1,15:25:58,4.560e-06
11627.3,15:25:59,4.550e-06
11628.4,15:26:00,4.550e-06
11629.6,15:26:02,4.540e-06
11630.8,15:26:03,4.540e-06
11631.9,15:26:04,4.530e-06
11633.1,15:26:05,4.530e-06
11634.3,15:26:06,4.530e-06
11635.4,15:26:07,4.530e-06
11636.6,15:26:09,4.530e-06
11637.8,15:26:10,4.530e-06
11639.0,15:26:11,4.530e-06
11640.1,15:26:12,4.530e-06
11641.3,15:26:13,4.530e-06
11642.4,15:26:14,4.530e-06
11643.6,15:26:16,4.530e-06
11644.8,15:26:17,4.530e-06
11645.9,15:26:18,4.530e-06
11647.1,15:26:19,4.530e-06
11648.2,15:26:20,4.520e-06
11649.4,15:26:21,4.520e-06
11650.6,15:26:23,4.520e-06
11651.7,15:26:24,4.520e-06
11652.9,15:26:25,4.520e-06
11654.1,15:26:26,4.520e-06
11655.2,15:26:27,4.520e-06
11656.4,15:26:28,4.520e-06
11657.6,15:26:30,4.520e-06
11658.7,15:26:31,4.520e-06
11659.9,15:26:32,4.520e-06
11661.1,15:26:33,4.520e-06
11662.2,15:26:34,4.520e-06
11663.4,15:26:35,4.520e-06
11664.6,15:26:37,4.510e-06
11665.8,15:26:38,4.510e-06
11666.9,15:26:39,4.510e-06
11668.1,15:26:40,4.510e-06
11669.2,15:26:41,4.510e-06
11670.4,15:26:42,4.510e-06
11671.6,15:26:44,4.510e-06
11672.7,15:26:45,4.510e-06
11673.9,15:26:46,4.510e-06
11675.1,15:26:47,4.510e-06
11676.2,15:26:48,4.510e-06
11677.4,15:26:49,4.510e-06
11678.5,15:26:51,4.510e-06
11679.7,15:26:52,4.510e-06
11680.8,15:26:53,4.510e-06
11682.0,15:26:54,4.510e-06
11683.2,15:26:55,4.510e-06
11684.3,15:26:56,4.510e-06
11685.5,15:26:58,4.500e-06
11686.7,15:26:59,4.500e-06
11687.9,15:27:00,4.500e-06
11689.0,15:27:01,4.500e-06
11690.2,15:27:02,4.500e-06
11691.3,15:27:03,4.500e-06
11692.5,15:27:05,4.500e-06
11693.7,15:27:06,4.500e-06
11694.9,15:27:07,4.500e-06
11696.0,15:27:08,4.500e-06
11697.2,15:27:09,4.500e-06
11698.3,15:27:10,4.500e-06
11699.5,15:27:12,4.490e-06
11700.6,15:27:13,4.490e-06
11701.8,15:27:14,4.500e-06
11703.0,15:27:15,4.490e-06
11704.1,15:27:16,4.490e-06
11705.3,15:27:17,4.490e-06
11706.5,15:27:19,4.490e-06
11707.6,15:27:20,4.490e-06
11708.8,15:27:21,4.490e-06
11710.0,15:27:22,4.490e-06
11711.1,15:27:23,4.490e-06
11712.3,15:27:24,4.490e-06
11713.5,15:27:26,4.490e-06
11714.6,15:27:27,4.490e-06
11715.8,15:27:28,4.490e-06
11717.0,15:27:29,4.490e-06
11718.1,15:27:30,4.490e-06
11719.3,15:27:31,4.490e-06
11720.4,15:27:32,4.490e-06
11721.6,15:27:34,4.490e-06
11722.8,15:27:35,4.490e-06
11723.9,15:27:36,4.490e-06
11725.1,15:27:37,4.490e-06
11726.3,15:27:38,4.490e-06
11727.4,15:27:39,4.490e-06
11728.6,15:27:41,4.490e-06
11729.8,15:27:42,4.490e-06
11730.9,15:27:43,4.490e-06
11732.1,15:27:44,4.490e-06
11733.2,15:27:45,4.480e-06
11734.4,15:27:46,4.480e-06
11735.6,15:27:48,4.480e-06
11736.7,15:27:49,4.480e-06
11737.9,15:27:50,4.480e-06
11739.1,15:27:51,4.480e-06
11740.2,15:27:52,4.480e-06
11741.4,15:27:53,4.480e-06
11742.6,15:27:55,4.480e-06
11743.7,15:27:56,4.480e-06
11744.9,15:27:57,4.480e-06
11746.1,15:27:58,4.480e-06
11747.2,15:27:59,4.480e-06
11748.4,15:28:00,4.480e-06
11749.6,15:28:02,4.480e-06
11750.7,15:28:03,4.480e-06
11751.9,15:28:04,4.480e-06
11753.1,15:28:05,4.480e-06
11754.2,15:28:06,4.480e-06
11755.4,15:28:07,4.480e-06
11756.6,15:28:09,4.480e-06
11757.7,15:28:10,4.480e-06
11758.9,15:28:11,4.470e-06
11760.1,15:28:12,4.450e-06
11761.2,15:28:13,4.450e-06
11762.4,15:28:14,4.450e-06
11763.6,15:28:16,4.440e-06
11764.7,15:28:17,4.450e-06
11765.9,15:28:18,4.440e-06
11767.1,15:28:19,4.440e-06
11768.2,15:28:20,4.440e-06
11769.4,15:28:21,4.440e-06
11770.6,15:28:23,4.440e-06
11771.7,15:28:24,4.440e-06
11772.9,15:28:25,4.440e-06
11774.0,15:28:26,4.440e-06
11775.2,15:28:27,4.440e-06
11776.4,15:28:28,4.440e-06
11777.5,15:28:30,4.440e-06
11778.7,15:28:31,4.440e-06
11779.9,15:28:32,4.440e-06
11781.0,15:28:33,4.440e-06
11782.2,15:28:34,4.440e-06
11783.3,15:28:35,4.440e-06
11784.5,15:28:37,4.440e-06
11785.7,15:28:38,4.440e-06
11786.9,15:28:39,4.440e-06
11788.0,15:28:40,4.440e-06
11789.2,15:28:41,4.440e-06
11790.4,15:28:42,4.440e-06
11791.5,15:28:44,4.440e-06
11792.7,15:28:45,4.440e-06
11793.9,15:28:46,4.440e-06
11795.0,15:28:47,4.440e-06
11796.2,15:28:48,4.440e-06
11797.3,15:28:49,4.440e-06
11798.5,15:28:51,4.440e-06
11799.7,15:28:52,4.440e-06
11800.9,15:28:53,4.440e-06
11802.0,15:28:54,4.440e-06
11803.2,15:28:55,4.440e-06
11804.4,15:28:56,4.440e-06
11805.5,15:28:58,4.440e-06
11806.7,15:28:59,4.440e-06
11807.8,15:29:00,4.440e-06
11809.0,15:29:01,4.440e-06
11810.2,15:29:02,4.440e-06
11811.3,15:29:03,4.440e-06
11812.5,15:29:05,4.440e-06
11813.7,15:29:06,4.440e-06
11814.8,15:29:07,4.440e-06
11816.0,15:29:08,4.440e-06
11817.2,15:29:09,4.440e-06
11818.3,15:29:10,4.440e-06
11819.5,15:29:12,4.440e-06
11820.7,15:29:13,4.440e-06
11821.8,15:29:14,4.440e-06
11823.0,15:29:15,4.440e-06
11824.1,15:29:16,4.440e-06
11825.3,15:29:17,4.440e-06
11826.5,15:29:19,4.440e-06
11827.6,15:29:20,4.440e-06
11828.8,15:29:21,4.440e-06
11829.9,15:29:22,4.440e-06
11831.1,15:29:23,4.440e-06
11832.3,15:29:24,4.440e-06
11833.5,15:29:25,4.440e-06
11834.6,15:29:27,4.440e-06
11835.8,15:29:28,4.440e-06
11837.0,15:29:29,4.440e-06
11838.1,15:29:30,4.440e-06
11839.3,15:29:31,4.440e-06
11840.5,15:29:33,4.440e-06
11841.6,15:29:34,4.440e-06
11842.8,15:29:35,4.440e-06
11844.0,15:29:36,4.440e-06
11845.1,15:29:37,4.440e-06
11846.3,15:29:38,4.440e-06
11847.5,15:29:40,4.450e-06
11848.6,15:29:41,4.440e-06
11849.8,15:29:42,4.440e-06
11851.0,15:29:43,4.440e-06
11852.1,15:29:44,4.440e-06
11853.3,15:29:45,4.450e-06
11854.4,15:29:46,4.440e-06
11855.6,15:29:48,4.440e-06
11856.8,15:29:49,4.450e-06
11857.9,15:29:50,4.440e-06
11859.1,15:29:51,4.450e-06
11860.3,15:29:52,4.440e-06
11861.5,15:29:54,4.450e-06
11862.6,15:29:55,4.450e-06
11863.8,15:29:56,4.450e-06
11865.0,15:29:57,4.450e-06
11866.1,15:29:58,4.450e-06
11867.3,15:29:59,4.450e-06
11868.4,15:30:00,4.450e-06
11869.6,15:30:02,4.450e-06
11870.8,15:30:03,4.450e-06
11871.9,15:30:04,4.450e-06
11873.1,15:30:05,4.450e-06
11874.2,15:30:06,4.450e-06
11875.4,15:30:07,4.450e-06
11876.6,15:30:09,4.450e-06
11877.8,15:30:10,4.450e-06
11878.9,15:30:11,4.450e-06
11880.1,15:30:12,4.450e-06
11881.2,15:30:13,4.450e-06
11882.4,15:30:14,4.450e-06
11883.5,15:30:16,4.450e-06
11884.7,15:30:17,4.450e-06
11885.9,15:30:18,4.450e-06
11887.0,15:30:19,4.450e-06
11888.2,15:30:20,4.450e-06
11889.4,15:30:21,4.450e-06
11890.5,15:30:23,4.430e-06
11891.7,15:30:24,4.430e-06
11892.8,15:30:25,4.430e-06
11894.0,15:30:26,4.420e-06
11895.2,15:30:27,4.420e-06
11896.3,15:30:28,4.420e-06
11897.5,15:30:30,4.420e-06
11898.7,15:30:31,4.420e-06
11899.9,15:30:32,4.430e-06
11901.0,15:30:33,4.430e-06
11902.2,15:30:34,4.430e-06
11903.4,15:30:35,4.430e-06
11904.5,15:30:37,4.430e-06
11905.7,15:30:38,4.420e-06
11906.8,15:30:39,4.420e-06
11908.0,15:30:40,4.420e-06
11909.2,15:30:41,4.420e-06
11910.3,15:30:42,4.420e-06
11911.5,15:30:44,4.430e-06
11912.6,15:30:45,4.420e-06
11913.8,15:30:46,4.430e-06
11915.0,15:30:47,4.420e-06
11916.1,15:30:48,4.420e-06
11917.3,15:30:49,4.420e-06
11918.5,15:30:51,4.420e-06
11919.6,15:30:52,4.430e-06
11920.8,15:30:53,4.420e-06
11922.0,15:30:54,4.420e-06
11923.1,15:30:55,4.430e-06
11924.3,15:30:56,4.430e-06
11925.4,15:30:57,4.420e-06
11926.6,15:30:59,4.420e-06
11927.8,15:31:00,4.430e-06
11928.9,15:31:01,4.420e-06
11930.1,15:31:02,4.420e-06
11931.3,15:31:03,4.420e-06
11932.4,15:31:04,4.420e-06
11933.6,15:31:06,4.420e-06
11934.8,15:31:07,4.420e-06
11935.9,15:31:08,4.420e-06
11937.1,15:31:09,4.420e-06
11938.3,15:31:10,4.420e-06
11939.4,15:31:11,4.420e-06
11940.6,15:31:13,4.420e-06
11941.8,15:31:14,4.420e-06
11942.9,15:31:15,4.420e-06
11944.1,15:31:16,4.420e-06
11945.3,15:31:17,4.420e-06
11946.4,15:31:18,4.420e-06
11947.6,15:31:20,4.420e-06
11948.8,15:31:21,4.420e-06
11949.9,15:31:22,4.420e-06
11951.1,15:31:23,4.420e-06
11952.3,15:31:24,4.420e-06
11953.4,15:31:25,4.420e-06
11954.6,15:31:27,4.420e-06
11955.8,15:31:28,4.420e-06
11956.9,15:31:29,4.420e-06
11958.1,15:31:30,4.420e-06
11959.2,15:31:31,4.420e-06
11960.4,15:31:32,4.420e-06
11961.6,15:31:34,4.420e-06
11962.7,15:31:35,4.420e-06
11963.9,15:31:36,4.420e-06
11965.1,15:31:37,4.420e-06
11966.2,15:31:38,4.420e-06
11967.4,15:31:39,4.420e-06
11968.5,15:31:41,4.420e-06
11969.7,15:31:42,4.420e-06
11970.9,15:31:43,4.420e-06
11972.0,15:31:44,4.420e-06
11973.2,15:31:45,4.420e-06
11974.4,15:31:46,4.420e-06
11975.6,15:31:48,4.420e-06
11976.7,15:31:49,4.420e-06
11977.9,15:31:50,4.420e-06
11979.1,15:31:51,4.420e-06
11980.2,15:31:52,4.420e-06
11981.4,15:31:53,4.420e-06
11982.5,15:31:55,4.420e-06
11983.7,15:31:56,4.420e-06
11984.9,15:31:57,4.420e-06
11986.0,15:31:58,4.410e-06
11987.2,15:31:59,4.410e-06
11988.4,15:32:00,4.410e-06
11989.5,15:32:02,4.410e-06
11990.7,15:32:03,4.410e-06
11991.9,15:32:04,4.410e-06
11993.0,15:32:05,4.410e-06
11994.2,15:32:06,4.410e-06
11995.4,15:32:07,4.410e-06
11996.5,15:32:09,4.410e-06
11997.7,15:32:10,4.410e-06
11998.9,15:32:11,4.410e-06
12000.0,15:32:12,4.410e-06
12001.2,15:32:13,4.410e-06
12002.3,15:32:14,4.410e-06
12003.5,15:32:16,4.410e-06
12004.7,15:32:17,4.410e-06
12005.8,15:32:18,4.400e-06
12007.0,15:32:19,4.410e-06
12008.2,15:32:20,4.410e-06
12009.3,15:32:21,4.400e-06
12010.5,15:32:23,4.410e-06
12011.7,15:32:24,4.400e-06
12012.8,15:32:25,4.410e-06
12014.0,15:32:26,4.410e-06
12015.2,15:32:27,4.410e-06
12016.3,15:32:28,4.400e-06
12017.5,15:32:30,4.390e-06
12018.6,15:32:31,4.380e-06
12019.8,15:32:32,4.380e-06
12020.9,15:32:33,4.370e-06
12022.1,15:32:34,4.370e-06
12023.3,15:32:35,4.370e-06
12024.4,15:32:36,4.370e-06
12025.6,15:32:38,4.370e-06
12026.8,15:32:39,4.370e-06
12027.9,15:32:40,4.370e-06
12029.1,15:32:41,4.370e-06
12030.3,15:32:42,4.370e-06
12031.4,15:32:43,4.370e-06
12032.6,15:32:45,4.370e-06
12033.8,15:32:46,4.370e-06
12034.9,15:32:47,4.370e-06
12036.1,15:32:48,4.370e-06
12037.3,15:32:49,4.370e-06
12038.4,15:32:50,4.370e-06
12039.6,15:32:52,4.370e-06
12040.8,15:32:53,4.370e-06
12041.9,15:32:54,4.370e-06
12043.1,15:32:55,4.370e-06
12044.3,15:32:56,4.370e-06
12045.4,15:32:57,4.370e-06
12046.6,15:32:59,4.370e-06
12047.7,15:33:00,4.370e-06
12048.9,15:33:01,4.370e-06
12050.1,15:33:02,4.370e-06
12051.2,15:33:03,4.370e-06
12052.4,15:33:04,4.370e-06
12053.6,15:33:06,4.370e-06
12054.7,15:33:07,4.370e-06
12055.9,15:33:08,4.360e-06
12057.1,15:33:09,4.360e-06
12058.2,15:33:10,4.360e-06
12059.4,15:33:11,4.360e-06
12060.6,15:33:13,4.360e-06
12061.7,15:33:14,4.360e-06
12062.9,15:33:15,4.360e-06
12064.1,15:33:16,4.360e-06
12065.2,15:33:17,4.360e-06
12066.4,15:33:18,4.360e-06
12067.6,15:33:20,4.360e-06
12068.7,15:33:21,4.360e-06
12069.9,15:33:22,4.360e-06
12071.0,15:33:23,4.360e-06
12072.2,15:33:24,4.360e-06
12073.4,15:33:25,4.350e-06
12074.5,15:33:27,4.360e-06
12075.7,15:33:28,4.350e-06
12076.9,15:33:29,4.350e-06
12078.1,15:33:30,4.350e-06
12079.2,15:33:31,4.350e-06
12080.4,15:33:32,4.350e-06
12081.5,15:33:34,4.350e-06
12082.7,15:33:35,4.350e-06
12083.9,15:33:36,4.350e-06
12085.1,15:33:37,4.350e-06
12086.2,15:33:38,4.350e-06
12087.4,15:33:39,4.350e-06
12088.6,15:33:41,4.350e-06
12089.7,15:33:42,4.350e-06
12090.9,15:33:43,4.350e-06
12092.0,15:33:44,4.350e-06
12093.2,15:33:45,4.370e-06
12094.4,15:33:46,4.380e-06
12095.6,15:33:48,4.380e-06
12096.7,15:33:49,4.390e-06
12097.9,15:33:50,4.400e-06
12099.0,15:33:51,4.400e-06
12100.2,15:33:52,4.400e-06
12101.4,15:33:53,4.400e-06
12102.5,15:33:55,4.410e-06
12103.7,15:33:56,4.410e-06
12104.8,15:33:57,4.420e-06
12106.0,15:33:58,4.420e-06
12107.2,15:33:59,4.420e-06
12108.4,15:34:00,4.430e-06
12109.5,15:34:02,4.430e-06
12110.7,15:34:03,4.430e-06
12111.9,15:34:04,4.440e-06
12113.1,15:34:05,4.440e-06
12114.2,15:34:06,4.440e-06
12115.4,15:34:07,4.450e-06
12116.6,15:34:09,4.450e-06
12117.7,15:34:10,4.460e-06
12118.9,15:34:11,4.460e-06
12120.1,15:34:12,4.460e-06
12121.2,15:34:13,4.470e-06
12122.4,15:34:14,4.470e-06
12123.6,15:34:16,4.470e-06
12124.7,15:34:17,4.480e-06
12125.9,15:34:18,4.480e-06
12127.1,15:34:19,4.490e-06
12128.2,15:34:20,4.490e-06
12129.4,15:34:21,4.490e-06
12130.6,15:34:23,4.500e-06
12131.7,15:34:24,4.500e-06
12132.9,15:34:25,4.510e-06
12134.1,15:34:26,4.510e-06
12135.2,15:34:27,4.510e-06
12136.4,15:34:28,4.510e-06
12137.6,15:34:30,4.520e-06
12138.7,15:34:31,4.520e-06
12139.9,15:34:32,4.530e-06
12141.1,15:34:33,4.530e-06
12142.2,15:34:34,4.510e-06
12143.4,15:34:35,4.510e-06
12144.6,15:34:37,4.510e-06
12145.7,15:34:38,4.510e-06
12146.9,15:34:39,4.520e-06
12148.1,15:34:40,4.520e-06
12149.2,15:34:41,4.530e-06
12150.4,15:34:42,4.530e-06
12151.6,15:34:44,4.530e-06
12152.7,15:34:45,4.530e-06
12153.9,15:34:46,4.540e-06
12155.1,15:34:47,4.540e-06
12156.2,15:34:48,4.540e-06
12157.4,15:34:49,4.540e-06
12158.6,15:34:51,4.540e-06
12159.7,15:34:52,4.540e-06
12160.9,15:34:53,4.550e-06
12162.1,15:34:54,4.550e-06
12163.2,15:34:55,4.550e-06
12164.4,15:34:56,4.550e-06
12165.6,15:34:58,4.560e-06
12166.7,15:34:59,4.560e-06
12167.9,15:35:00,4.560e-06
12169.1,15:35:01,4.560e-06
12170.2,15:35:02,4.570e-06
12171.4,15:35:03,4.570e-06
12172.6,15:35:05,4.570e-06
12173.8,15:35:06,4.570e-06
12174.9,15:35:07,4.580e-06
12176.1,15:35:08,4.580e-06
12177.2,15:35:09,4.580e-06
12178.4,15:35:10,4.590e-06
12179.6,15:35:12,4.590e-06
12180.7,15:35:13,4.590e-06
12181.9,15:35:14,4.590e-06
12183.1,15:35:15,4.590e-06
12184.2,15:35:16,4.600e-06
12185.4,15:35:17,4.600e-06
12186.6,15:35:19,4.600e-06
12187.7,15:35:20,4.610e-06
12188.9,15:35:21,4.610e-06
12190.1,15:35:22,4.610e-06
12191.2,15:35:23,4.610e-06
12192.4,15:35:24,4.610e-06
12193.5,15:35:26,4.610e-06
12194.7,15:35:27,4.620e-06
12195.9,15:35:28,4.620e-06
12197.0,15:35:29,4.620e-06
12198.2,15:35:30,4.620e-06
12199.3,15:35:31,4.630e-06
12200.5,15:35:33,4.630e-06
12201.7,15:35:34,4.630e-06
12202.8,15:35:35,4.640e-06
12204.0,15:35:36,4.640e-06
12205.2,15:35:37,4.640e-06
12206.3,15:35:38,4.640e-06
12207.5,15:35:40,4.640e-06
12208.6,15:35:41,4.640e-06
12209.8,15:35:42,4.650e-06
12211.0,15:35:43,4.650e-06
12212.1,15:35:44,4.650e-06
12213.3,15:35:45,4.650e-06
12214.5,15:35:47,4.660e-06
12215.7,15:35:48,4.660e-06
12216.8,15:35:49,4.660e-06
12218.0,15:35:50,4.660e-06
12219.2,15:35:51,4.660e-06
12220.3,15:35:52,4.670e-06
12221.5,15:35:54,4.670e-06
12222.7,15:35:55,4.670e-06
12223.8,15:35:56,4.670e-06
12225.0,15:35:57,4.680e-06
12226.2,15:35:58,4.680e-06
12227.4,15:35:59,4.680e-06
12228.5,15:36:01,4.680e-06
12229.7,15:36:02,4.680e-06
12230.8,15:36:03,4.690e-06
12232.0,15:36:04,4.690e-06
12233.2,15:36:05,4.690e-06
12234.3,15:36:06,4.690e-06
12235.5,15:36:08,4.690e-06
12236.7,15:36:09,4.700e-06
12237.8,15:36:10,4.700e-06
12239.0,15:36:11,4.700e-06
12240.2,15:36:12,4.710e-06
12241.3,15:36:13,4.710e-06
12242.5,15:36:15,4.710e-06
12243.7,15:36:16,4.710e-06
12244.8,15:36:17,4.710e-06
12246.0,15:36:18,4.710e-06
12247.1,15:36:19,4.720e-06
12248.3,15:36:20,4.720e-06
12249.5,15:36:22,4.720e-06
12250.7,15:36:23,4.720e-06
12251.8,15:36:24,4.730e-06
12253.0,15:36:25,4.730e-06
12254.2,15:36:26,4.730e-06
12255.3,15:36:27,4.730e-06
12256.5,15:36:29,4.730e-06
12257.6,15:36:30,4.740e-06
12258.8,15:36:31,4.740e-06
12260.0,15:36:32,4.740e-06
12261.1,15:36:33,4.740e-06
12262.3,15:36:34,4.740e-06
12263.5,15:36:36,4.750e-06
12264.6,15:36:37,4.750e-06
12265.8,15:36:38,4.750e-06
12267.0,15:36:39,4.750e-06
12268.1,15:36:40,4.750e-06
12269.3,15:36:41,4.760e-06
12270.4,15:36:42,4.760e-06
12271.6,15:36:44,4.760e-06
12272.8,15:36:45,4.770e-06
12273.9,15:36:46,4.770e-06
12275.1,15:36:47,4.750e-06
12276.3,15:36:48,4.750e-06
12277.4,15:36:49,4.740e-06
12278.6,15:36:51,4.750e-06
12279.8,15:36:52,4.750e-06
12280.9,15:36:53,4.750e-06
12282.1,15:36:54,4.750e-06
12283.3,15:36:55,4.750e-06
12284.4,15:36:56,4.750e-06
12285.6,15:36:58,4.750e-06
12286.8,15:36:59,4.750e-06
12287.9,15:37:00,4.760e-06
12289.1,15:37:01,4.760e-06
12290.3,15:37:02,4.760e-06
12291.4,15:37:03,4.760e-06
12292.6,15:37:05,4.770e-06
12293.7,15:37:06,4.770e-06
12294.9,15:37:07,4.770e-06
12296.1,15:37:08,4.770e-06
12297.2,15:37:09,4.770e-06
12298.4,15:37:10,4.770e-06
12299.5,15:37:12,4.780e-06
12300.7,15:37:13,4.780e-06
12301.9,15:37:14,4.780e-06
12303.0,15:37:15,4.780e-06
12304.2,15:37:16,4.790e-06
12305.4,15:37:17,4.790e-06
12306.6,15:37:19,4.790e-06
12307.7,15:37:20,4.790e-06
12308.9,15:37:21,4.800e-06
12310.0,15:37:22,4.790e-06
12311.2,15:37:23,4.800e-06
12312.4,15:37:24,4.800e-06
12313.5,15:37:26,4.800e-06
12314.7,15:37:27,4.800e-06
12315.9,15:37:28,4.800e-06
12317.1,15:37:29,4.810e-06
12318.2,15:37:30,4.810e-06
12319.4,15:37:31,4.810e-06
12320.5,15:37:33,4.810e-06
12321.7,15:37:34,4.810e-06
12322.9,15:37:35,4.820e-06
12324.0,15:37:36,4.820e-06
12325.2,15:37:37,4.820e-06
12326.4,15:37:38,4.820e-06
12327.5,15:37:40,4.820e-06
12328.7,15:37:41,4.820e-06
12329.8,15:37:42,4.820e-06
12331.0,15:37:43,4.830e-06
12332.2,15:37:44,4.830e-06
12333.3,15:37:45,4.830e-06
12334.5,15:37:47,4.830e-06
12335.7,15:37:48,4.840e-06
12336.8,15:37:49,4.840e-06
12338.0,15:37:50,4.840e-06
12339.1,15:37:51,4.840e-06
12340.3,15:37:52,4.840e-06
12341.5,15:37:54,4.840e-06
12342.6,15:37:55,4.840e-06
12343.8,15:37:56,4.840e-06
12345.0,15:37:57,4.850e-06
12346.2,15:37:58,4.850e-06
12347.3,15:37:59,4.850e-06
12348.5,15:38:01,4.850e-06
12349.6,15:38:02,4.860e-06
12350.8,15:38:03,4.860e-06
12352.0,15:38:04,4.860e-06
12353.1,15:38:05,4.860e-06
12354.3,15:38:06,4.860e-06
12355.5,15:38:08,4.870e-06
12356.6,15:38:09,4.870e-06
12357.8,15:38:10,4.870e-06
12359.0,15:38:11,4.870e-06
12360.1,15:38:12,4.870e-06
12361.3,15:38:13,4.870e-06
12362.5,15:38:15,4.870e-06
12363.6,15:38:16,4.870e-06
12364.8,15:38:17,4.880e-06
12365.9,15:38:18,4.880e-06
12367.1,15:38:19,4.880e-06
12368.3,15:38:20,4.880e-06
12369.5,15:38:22,4.880e-06
12370.6,15:38:23,4.890e-06
12371.8,15:38:24,4.880e-06
12373.0,15:38:25,4.890e-06
12374.1,15:38:26,4.890e-06
12375.3,15:38:27,4.890e-06
12376.5,15:38:28,4.890e-06
12377.6,15:38:30,4.890e-06
12378.8,15:38:31,4.890e-06
12380.0,15:38:32,4.890e-06
12381.1,15:38:33,4.890e-06
12382.3,15:38:34,4.900e-06
12383.4,15:38:35,4.900e-06
12384.6,15:38:37,4.900e-06
12385.8,15:38:38,4.900e-06
12386.9,15:38:39,4.900e-06
12388.1,15:38:40,4.900e-06
12389.3,15:38:41,4.900e-06
12390.4,15:38:42,4.900e-06
12391.6,15:38:44,4.910e-06
12392.7,15:38:45,4.910e-06
12393.9,15:38:46,4.910e-06
12395.1,15:38:47,4.910e-06
12396.2,15:38:48,4.910e-06
12397.4,15:38:49,4.910e-06
12398.6,15:38:51,4.910e-06
12399.7,15:38:52,4.910e-06
12400.9,15:38:53,4.910e-06
12402.1,15:38:54,4.890e-06
12403.3,15:38:55,4.890e-06
12404.4,15:38:56,4.890e-06
12405.6,15:38:58,4.890e-06
12406.8,15:38:59,4.890e-06
12407.9,15:39:00,4.890e-06
12409.1,15:39:01,4.890e-06
12410.3,15:39:02,4.890e-06
12411.4,15:39:03,4.890e-06
12412.6,15:39:05,4.890e-06
12413.8,15:39:06,4.890e-06
12414.9,15:39:07,4.890e-06
12416.1,15:39:08,4.890e-06
12417.2,15:39:09,4.890e-06
12418.4,15:39:10,4.890e-06
12419.6,15:39:12,4.890e-06
12420.8,15:39:13,4.890e-06
12421.9,15:39:14,4.900e-06
12423.1,15:39:15,4.900e-06
12424.2,15:39:16,4.900e-06
12425.4,15:39:17,4.900e-06
12426.6,15:39:19,4.900e-06
12427.7,15:39:20,4.900e-06
12428.9,15:39:21,4.900e-06
12430.1,15:39:22,4.900e-06
12431.3,15:39:23,4.900e-06
12432.4,15:39:24,4.900e-06
12433.6,15:39:26,4.910e-06
12434.8,15:39:27,4.910e-06
12435.9,15:39:28,4.910e-06
12437.1,15:39:29,4.910e-06
12438.3,15:39:30,4.910e-06
12439.4,15:39:31,4.910e-06
12440.6,15:39:33,4.910e-06
12441.8,15:39:34,4.910e-06
12442.9,15:39:35,4.910e-06
12444.1,15:39:36,4.910e-06
12445.3,15:39:37,4.910e-06
12446.4,15:39:38,4.910e-06
12447.6,15:39:40,4.910e-06
12448.8,15:39:41,4.910e-06
12449.9,15:39:42,4.910e-06
12451.1,15:39:43,4.920e-06
12452.3,15:39:44,4.910e-06
12453.4,15:39:45,4.920e-06
12454.6,15:39:47,4.920e-06
12455.8,15:39:48,4.920e-06
12456.9,15:39:49,4.920e-06
12458.1,15:39:50,4.920e-06
12459.3,15:39:51,4.920e-06
12460.4,15:39:52,4.920e-06
12461.6,15:39:54,4.920e-06
12462.8,15:39:55,4.920e-06
12463.9,15:39:56,4.920e-06
12465.1,15:39:57,4.920e-06
12466.3,15:39:58,4.920e-06
12467.4,15:39:59,4.920e-06
12468.6,15:40:01,4.920e-06
12469.8,15:40:02,4.920e-06
12470.9,15:40:03,4.920e-06
12472.1,15:40:04,4.920e-06
12473.3,15:40:05,4.920e-06
12474.4,15:40:06,4.920e-06
12475.6,15:40:08,4.920e-06
12476.7,15:40:09,4.930e-06
12477.9,15:40:10,4.930e-06
12479.1,15:40:11,4.930e-06
12480.2,15:40:12,4.930e-06
12481.4,15:40:13,4.930e-06
12482.6,15:40:15,4.930e-06
12483.7,15:40:16,4.930e-06
12484.9,15:40:17,4.930e-06
12486.1,15:40:18,4.930e-06
12487.2,15:40:19,4.930e-06
12488.4,15:40:20,4.930e-06
12489.5,15:40:22,4.930e-06
12490.7,15:40:23,4.930e-06
12491.9,15:40:24,4.930e-06
12493.1,15:40:25,4.930e-06
12494.2,15:40:26,4.930e-06
12495.4,15:40:27,4.930e-06
12496.6,15:40:29,4.930e-06
12497.7,15:40:30,4.930e-06
12498.9,15:40:31,4.930e-06
12500.0,15:40:32,4.940e-06
12501.2,15:40:33,4.940e-06
12502.4,15:40:34,4.940e-06
12503.5,15:40:36,4.940e-06
12504.7,15:40:37,4.940e-06
12505.8,15:40:38,4.940e-06
12507.0,15:40:39,4.940e-06
12508.2,15:40:40,4.940e-06
12509.3,15:40:41,4.940e-06
12510.5,15:40:43,4.940e-06
12511.7,15:40:44,4.940e-06
12512.8,15:40:45,4.940e-06
12514.0,15:40:46,4.940e-06
12515.2,15:40:47,4.950e-06
12516.3,15:40:48,4.950e-06
12517.5,15:40:50,4.950e-06
12518.7,15:40:51,4.950e-06
12519.8,15:40:52,4.950e-06
12521.0,15:40:53,4.950e-06
12522.2,15:40:54,4.950e-06
12523.3,15:40:55,4.950e-06
12524.5,15:40:57,4.950e-06
12525.7,15:40:58,4.950e-06
12526.8,15:40:59,4.960e-06
12528.0,15:41:00,4.960e-06
12529.2,15:41:01,4.960e-06
12530.3,15:41:02,4.960e-06
12531.5,15:41:04,4.960e-06
12532.7,15:41:05,4.960e-06
12533.8,15:41:06,4.960e-06
12535.0,15:41:07,4.960e-06
12536.1,15:41:08,4.960e-06
12537.3,15:41:09,4.960e-06
12538.5,15:41:11,4.960e-06
12539.7,15:41:12,4.930e-06
12540.8,15:41:13,4.930e-06
12542.0,15:41:14,4.930e-06
12543.2,15:41:15,4.930e-06
12544.3,15:41:16,4.930e-06
12545.5,15:41:18,4.930e-06
12546.7,15:41:19,4.930e-06
12547.8,15:41:20,4.930e-06
12549.0,15:41:21,4.930e-06
12550.2,15:41:22,4.930e-06
12551.3,15:41:23,4.930e-06
12552.5,15:41:25,4.930e-06
12553.6,15:41:26,4.930e-06
12554.8,15:41:27,4.930e-06
12556.0,15:41:28,4.930e-06
12557.1,15:41:29,4.930e-06
12558.3,15:41:30,4.930e-06
12559.4,15:41:31,4.930e-06
12560.6,15:41:33,4.930e-06
12561.8,15:41:34,4.930e-06
12562.9,15:41:35,4.930e-06
12564.1,15:41:36,4.930e-06
12565.2,15:41:37,4.930e-06
12566.4,15:41:38,4.930e-06
12567.6,15:41:40,4.930e-06
12568.8,15:41:41,4.930e-06
12569.9,15:41:42,4.930e-06
12571.1,15:41:43,4.940e-06
12572.3,15:41:44,4.940e-06
12573.4,15:41:45,4.940e-06
12574.6,15:41:47,4.940e-06
12575.8,15:41:48,4.940e-06
12577.0,15:41:49,4.940e-06
12578.1,15:41:50,4.940e-06
12579.3,15:41:51,4.940e-06
12580.4,15:41:52,4.940e-06
12581.6,15:41:54,4.940e-06
12582.8,15:41:55,4.940e-06
12583.9,15:41:56,4.940e-06
12585.1,15:41:57,4.940e-06
12586.3,15:41:58,4.940e-06
12587.4,15:41:59,4.950e-06
12588.6,15:42:01,4.940e-06
12589.8,15:42:02,4.950e-06
12590.9,15:42:03,4.950e-06
12592.1,15:42:04,4.950e-06
12593.3,15:42:05,4.950e-06
12594.4,15:42:06,4.950e-06
12595.6,15:42:08,4.950e-06
12596.8,15:42:09,4.950e-06
12597.9,15:42:10,4.950e-06
12599.1,15:42:11,4.950e-06
12600.3,15:42:12,4.950e-06
12601.4,15:42:13,4.960e-06
12602.6,15:42:15,4.960e-06
12603.8,15:42:16,4.960e-06
12604.9,15:42:17,4.960e-06
12606.1,15:42:18,4.960e-06
12607.3,15:42:19,4.960e-06
12608.4,15:42:20,4.960e-06
12609.6,15:42:22,4.960e-06
12610.8,15:42:23,4.960e-06
12611.9,15:42:24,4.960e-06
12613.1,15:42:25,4.960e-06
12614.3,15:42:26,4.960e-06
12615.4,15:42:27,4.960e-06
12616.6,15:42:29,4.960e-06
12617.8,15:42:30,4.960e-06
12618.9,15:42:31,4.960e-06
12620.1,15:42:32,4.960e-06
12621.3,15:42:33,4.960e-06
12622.4,15:42:34,4.960e-06
12623.6,15:42:36,4.960e-06
12624.8,15:42:37,4.960e-06
12626.0,15:42:38,4.960e-06
12627.1,15:42:39,4.960e-06
12628.3,15:42:40,4.960e-06
12629.5,15:42:42,4.960e-06
12630.6,15:42:43,4.960e-06
12631.8,15:42:44,4.960e-06
12633.0,15:42:45,4.960e-06
12634.1,15:42:46,4.960e-06
12635.3,15:42:47,4.960e-06
12636.5,15:42:48,4.970e-06
12637.6,15:42:50,4.970e-06
12638.8,15:42:51,4.970e-06
12640.0,15:42:52,4.970e-06
12641.1,15:42:53,4.970e-06
12642.3,15:42:54,4.970e-06
12643.5,15:42:56,4.970e-06
12644.6,15:42:57,4.970e-06
12645.8,15:42:58,4.970e-06
12646.9,15:42:59,4.970e-06
12648.1,15:43:00,4.970e-06
12649.3,15:43:01,4.970e-06
12650.5,15:43:03,4.970e-06
12651.6,15:43:04,4.970e-06
12652.8,15:43:05,4.980e-06
12653.9,15:43:06,4.980e-06
12655.1,15:43:07,4.980e-06
12656.3,15:43:08,4.980e-06
12657.4,15:43:09,4.980e-06
12658.6,15:43:11,4.980e-06
12659.8,15:43:12,4.980e-06
12660.9,15:43:13,4.980e-06
12662.1,15:43:14,4.980e-06
12663.3,15:43:15,4.980e-06
12664.4,15:43:16,4.980e-06
12665.6,15:43:18,4.980e-06
12666.8,15:43:19,4.980e-06
12667.9,15:43:20,4.980e-06
12669.1,15:43:21,4.980e-06
12670.3,15:43:22,4.980e-06
12671.5,15:43:23,4.960e-06
12672.6,15:43:25,4.950e-06
12673.8,15:43:26,4.950e-06
12675.0,15:43:27,4.950e-06
12676.1,15:43:28,4.950e-06
12677.3,15:43:29,4.950e-06
12678.5,15:43:30,4.950e-06
12679.6,15:43:32,4.950e-06
12680.8,15:43:33,4.950e-06
12682.0,15:43:34,4.950e-06
12683.1,15:43:35,4.950e-06
12684.3,15:43:36,4.950e-06
12685.5,15:43:37,4.950e-06
12686.6,15:43:39,4.950e-06
12687.8,15:43:40,4.950e-06
12689.0,15:43:41,4.950e-06
12690.1,15:43:42,4.950e-06
12691.3,15:43:43,4.950e-06
12692.5,15:43:45,4.950e-06
12693.7,15:43:46,4.950e-06
12694.8,15:43:47,4.950e-06
12696.0,15:43:48,4.950e-06
12697.2,15:43:49,4.950e-06
12698.3,15:43:50,4.950e-06
12699.5,15:43:52,4.950e-06
12700.7,15:43:53,4.950e-06
12701.9,15:43:54,4.950e-06
12703.0,15:43:55,4.950e-06
12704.2,15:43:56,4.950e-06
12705.4,15:43:57,4.950e-06
12706.5,15:43:59,4.950e-06
12707.7,15:44:00,4.950e-06
12708.9,15:44:01,4.950e-06
12710.0,15:44:02,4.950e-06
12711.2,15:44:03,4.950e-06
12712.4,15:44:04,4.960e-06
12713.5,15:44:06,4.960e-06
12714.7,15:44:07,4.950e-06
12715.9,15:44:08,4.960e-06
12717.0,15:44:09,4.950e-06
12718.2,15:44:10,4.960e-06
12719.4,15:44:11,4.960e-06
12720.5,15:44:13,4.960e-06
12721.7,15:44:14,4.950e-06
12722.9,15:44:15,4.960e-06
12724.1,15:44:16,4.960e-06
12725.2,15:44:17,4.950e-06
12726.4,15:44:18,4.960e-06
12727.6,15:44:20,4.950e-06
12728.8,15:44:21,4.950e-06
12729.9,15:44:22,4.960e-06
12731.1,15:44:23,4.960e-06
12732.3,15:44:24,4.960e-06
12733.4,15:44:25,4.960e-06
12734.6,15:44:27,4.960e-06
12735.8,15:44:28,4.960e-06
12736.9,15:44:29,4.960e-06
12738.1,15:44:30,4.960e-06
12739.3,15:44:31,4.960e-06
12740.4,15:44:32,4.960e-06
12741.6,15:44:34,4.960e-06
12742.8,15:44:35,4.960e-06
12743.9,15:44:36,4.960e-06
12745.1,15:44:37,4.960e-06
12746.3,15:44:38,4.960e-06
12747.4,15:44:39,4.960e-06
12748.6,15:44:41,4.960e-06
12749.8,15:44:42,4.960e-06
12751.0,15:44:43,4.960e-06
12752.1,15:44:44,4.960e-06
12753.3,15:44:45,4.960e-06
12754.5,15:44:47,4.960e-06
12755.7,15:44:48,4.960e-06
12756.8,15:44:49,4.960e-06
12758.0,15:44:50,4.960e-06
12759.2,15:44:51,4.960e-06
12760.3,15:44:52,4.960e-06
12761.5,15:44:54,4.960e-06
12762.7,15:44:55,4.960e-06
12763.8,15:44:56,4.960e-06
12765.0,15:44:57,4.960e-06
12766.2,15:44:58,4.960e-06
12767.4,15:44:59,4.970e-06
12768.5,15:45:01,4.970e-06
12769.7,15:45:02,4.970e-06
12770.9,15:45:03,4.970e-06
12772.1,15:45:04,4.970e-06
12773.2,15:45:05,4.970e-06
12774.4,15:45:06,4.970e-06
12775.6,15:45:08,4.970e-06
12776.7,15:45:09,4.970e-06
12777.9,15:45:10,4.970e-06
12779.1,15:45:11,4.970e-06
12780.2,15:45:12,4.970e-06
12781.4,15:45:13,4.970e-06
12782.6,15:45:15,4.970e-06
12783.8,15:45:16,4.980e-06
12784.9,15:45:17,4.970e-06
12786.1,15:45:18,4.980e-06
12787.3,15:45:19,4.980e-06
12788.4,15:45:20,4.980e-06
12789.6,15:45:22,4.980e-06
12790.8,15:45:23,4.980e-06
12791.9,15:45:24,4.980e-06
12793.1,15:45:25,4.980e-06
12794.3,15:45:26,4.980e-06
12795.5,15:45:27,4.980e-06
12796.6,15:45:29,4.980e-06
12797.8,15:45:30,4.980e-06
12799.0,15:45:31,4.980e-06
12800.1,15:45:32,4.980e-06
12801.3,15:45:33,4.980e-06
12802.5,15:45:35,4.990e-06
12803.6,15:45:36,4.960e-06
12804.8,15:45:37,4.960e-06
12806.0,15:45:38,4.960e-06
12807.2,15:45:39,4.950e-06
12808.3,15:45:40,4.960e-06
12809.5,15:45:42,4.960e-06
12810.7,15:45:43,4.960e-06
12811.8,15:45:44,4.960e-06
12813.0,15:45:45,4.960e-06
12814.2,15:45:46,4.960e-06
12815.3,15:45:47,4.960e-06
12816.5,15:45:49,4.960e-06
12817.7,15:45:50,4.960e-06
12818.9,15:45:51,4.960e-06
12820.0,15:45:52,4.960e-06
12821.2,15:45:53,4.960e-06
12822.4,15:45:54,4.960e-06
12823.5,15:45:56,4.970e-06
12824.7,15:45:57,4.960e-06
12825.9,15:45:58,4.960e-06
12827.1,15:45:59,4.960e-06
12828.3,15:46:00,4.960e-06
12829.4,15:46:01,4.970e-06
12830.6,15:46:03,4.960e-06
12831.8,15:46:04,4.970e-06
12832.9,15:46:05,4.970e-06
12834.1,15:46:06,4.970e-06
12835.3,15:46:07,4.970e-06
12836.4,15:46:08,4.970e-06
12837.6,15:46:10,4.970e-06
12838.8,15:46:11,4.970e-06
12839.9,15:46:12,4.970e-06
12841.1,15:46:13,4.970e-06
12842.3,15:46:14,4.970e-06
12843.4,15:46:15,4.970e-06
12844.6,15:46:17,4.970e-06
12845.8,15:46:18,4.970e-06
12846.9,15:46:19,4.970e-06
12848.1,15:46:20,4.970e-06
12849.3,15:46:21,4.970e-06
12850.5,15:46:23,4.970e-06
12851.6,15:46:24,4.970e-06
12852.8,15:46:25,4.980e-06
12854.0,15:46:26,4.980e-06
12855.1,15:46:27,4.980e-06
12856.3,15:46:28,4.980e-06
12857.5,15:46:30,4.980e-06
12858.6,15:46:31,4.980e-06
12859.8,15:46:32,4.980e-06
12861.0,15:46:33,4.980e-06
12862.1,15:46:34,4.980e-06
12863.3,15:46:35,4.980e-06
12864.5,15:46:37,4.980e-06
12865.7,15:46:38,4.980e-06
12866.8,15:46:39,4.980e-06
12868.0,15:46:40,4.980e-06
12869.2,15:46:41,4.980e-06
12870.3,15:46:42,4.980e-06
12871.5,15:46:44,4.980e-06
12872.7,15:46:45,4.980e-06
12873.8,15:46:46,4.980e-06
12875.0,15:46:47,4.980e-06
12876.2,15:46:48,4.980e-06
12877.3,15:46:49,4.980e-06
12878.5,15:46:51,4.980e-06
12879.7,15:46:52,4.990e-06
12880.8,15:46:53,4.990e-06
12882.0,15:46:54,4.990e-06
12883.2,15:46:55,4.990e-06
12884.3,15:46:56,4.990e-06
12885.5,15:46:58,4.990e-06
12886.7,15:46:59,4.990e-06
12887.8,15:47:00,4.990e-06
12889.0,15:47:01,4.990e-06
12890.2,15:47:02,4.990e-06
12891.3,15:47:03,4.990e-06
12892.5,15:47:05,4.990e-06
12893.7,15:47:06,4.990e-06
12894.8,15:47:07,4.990e-06
12896.0,15:47:08,4.990e-06
12897.2,15:47:09,4.990e-06
12898.3,15:47:10,4.990e-06
12899.5,15:47:12,4.990e-06
12900.7,15:47:13,4.990e-06
12901.8,15:47:14,4.990e-06
12903.0,15:47:15,5.000e-06
12904.2,15:47:16,4.990e-06
12905.4,15:47:17,5.000e-06
12906.5,15:47:19,5.000e-06
12907.7,15:47:20,5.000e-06
12908.9,15:47:21,5.000e-06
12910.0,15:47:22,5.000e-06
12911.2,15:47:23,5.000e-06
12912.4,15:47:24,5.000e-06
12913.5,15:47:26,5.000e-06
12914.7,15:47:27,5.000e-06
12915.9,15:47:28,5.000e-06
12917.0,15:47:29,5.000e-06
12918.2,15:47:30,5.000e-06
12919.4,15:47:31,5.000e-06
12920.5,15:47:33,5.000e-06
12921.7,15:47:34,5.000e-06
12922.9,15:47:35,5.000e-06
12924.0,15:47:36,5.000e-06
12925.2,15:47:37,5.000e-06
12926.4,15:47:38,5.000e-06
12927.6,15:47:40,5.000e-06
12928.7,15:47:41,5.000e-06
12929.9,15:47:42,5.000e-06
12931.1,15:47:43,5.000e-06
12932.2,15:47:44,4.980e-06
12933.4,15:47:45,4.970e-06
12934.6,15:47:47,4.970e-06
12935.7,15:47:48,4.970e-06
12936.9,15:47:49,4.970e-06
12938.1,15:47:50,4.970e-06
12939.2,15:47:51,4.970e-06
12940.4,15:47:52,4.970e-06
12941.6,15:47:54,4.970e-06
12942.8,15:47:55,4.970e-06
12943.9,15:47:56,4.960e-06
12945.1,15:47:57,4.970e-06
12946.3,15:47:58,4.960e-06
12947.5,15:48:00,4.960e-06
12948.6,15:48:01,4.960e-06
12949.8,15:48:02,4.960e-06
12951.0,15:48:03,4.960e-06
12952.1,15:48:04,4.960e-06
12953.3,15:48:05,4.960e-06
12954.5,15:48:07,4.960e-06
12955.7,15:48:08,4.960e-06
12956.8,15:48:09,4.960e-06
12958.0,15:48:10,4.960e-06
12959.2,15:48:11,4.960e-06
12960.3,15:48:12,4.960e-06
12961.5,15:48:14,4.960e-06
12962.7,15:48:15,4.960e-06
12963.8,15:48:16,4.960e-06
12965.0,15:48:17,4.960e-06
12966.2,15:48:18,4.960e-06
12967.3,15:48:19,4.960e-06
12968.5,15:48:21,4.960e-06
12969.7,15:48:22,4.960e-06
12970.9,15:48:23,4.960e-06
12972.0,15:48:24,4.960e-06
12973.2,15:48:25,4.960e-06
12974.4,15:48:26,4.960e-06
12975.6,15:48:28,4.960e-06
12976.7,15:48:29,4.960e-06
12977.9,15:48:30,4.960e-06
12979.1,15:48:31,4.960e-06
12980.2,15:48:32,4.960e-06
12981.4,15:48:33,4.960e-06
12982.6,15:48:35,4.960e-06
12983.8,15:48:36,4.960e-06
12984.9,15:48:37,4.960e-06
12986.1,15:48:38,4.960e-06
12987.3,15:48:39,4.960e-06
12988.4,15:48:40,4.960e-06
12989.6,15:48:42,4.960e-06
12990.8,15:48:43,4.960e-06
12991.9,15:48:44,4.960e-06
12993.1,15:48:45,4.960e-06
12994.3,15:48:46,4.960e-06
12995.4,15:48:47,4.960e-06
12996.6,15:48:49,4.960e-06
12997.8,15:48:50,4.960e-06
12998.9,15:48:51,4.960e-06
13000.1,15:48:52,4.960e-06
13001.3,15:48:53,4.960e-06
13002.4,15:48:54,4.960e-06
13003.6,15:48:56,4.960e-06
13004.8,15:48:57,4.960e-06
13005.9,15:48:58,4.960e-06
13007.1,15:48:59,4.960e-06
13008.3,15:49:00,4.960e-06
13009.4,15:49:01,4.960e-06
13010.6,15:49:03,4.960e-06
13011.8,15:49:04,4.960e-06
13012.9,15:49:05,4.960e-06
13014.1,15:49:06,4.960e-06
13015.3,15:49:07,4.960e-06
13016.5,15:49:08,4.960e-06
13017.6,15:49:10,4.970e-06
13018.8,15:49:11,4.960e-06
13020.0,15:49:12,4.970e-06
13021.1,15:49:13,4.960e-06
13022.3,15:49:14,4.960e-06
13023.5,15:49:16,4.970e-06
13024.6,15:49:17,4.970e-06
13025.8,15:49:18,4.970e-06
13027.0,15:49:19,4.970e-06
13028.2,15:49:20,4.970e-06
13029.3,15:49:21,4.970e-06
13030.5,15:49:23,4.970e-06
13031.7,15:49:24,4.970e-06
13032.9,15:49:25,4.970e-06
13034.0,15:49:26,4.970e-06
13035.2,15:49:27,4.970e-06
13036.3,15:49:28,4.970e-06
13037.5,15:49:30,4.970e-06
13038.7,15:49:31,4.970e-06
13039.9,15:49:32,4.970e-06
13041.0,15:49:33,4.970e-06
13042.2,15:49:34,4.970e-06
13043.4,15:49:35,4.970e-06
13044.6,15:49:37,4.970e-06
13045.7,15:49:38,4.970e-06
13046.9,15:49:39,4.970e-06
13048.1,15:49:40,4.970e-06
13049.2,15:49:41,4.970e-06
13050.4,15:49:42,4.970e-06
13051.6,15:49:44,4.970e-06
13052.8,15:49:45,4.970e-06
13053.9,15:49:46,4.970e-06
13055.1,15:49:47,4.970e-06
13056.3,15:49:48,4.970e-06
13057.5,15:49:50,4.970e-06
13058.6,15:49:51,4.970e-06
13059.8,15:49:52,4.950e-06
13061.0,15:49:53,4.940e-06
13062.1,15:49:54,4.940e-06
13063.3,15:49:55,4.940e-06
13064.5,15:49:57,4.940e-06
13065.6,15:49:58,4.940e-06
13066.8,15:49:59,4.940e-06
13068.0,15:50:00,4.930e-06
13069.2,15:50:01,4.940e-06
13070.3,15:50:02,4.930e-06
13071.5,15:50:04,4.930e-06
13072.7,15:50:05,4.930e-06
13073.9,15:50:06,4.930e-06
13075.0,15:50:07,4.930e-06
13076.2,15:50:08,4.930e-06
13077.4,15:50:09,4.930e-06
13078.5,15:50:11,4.930e-06
13079.7,15:50:12,4.940e-06
13080.9,15:50:13,4.930e-06
13082.0,15:50:14,4.930e-06
13083.2,15:50:15,4.930e-06
13084.4,15:50:16,4.930e-06
13085.6,15:50:18,4.930e-06
13086.7,15:50:19,4.930e-06
13087.9,15:50:20,4.930e-06
13089.1,15:50:21,4.930e-06
13090.2,15:50:22,4.930e-06
13091.4,15:50:23,4.930e-06
13092.6,15:50:25,4.930e-06
13093.7,15:50:26,4.930e-06
13094.9,15:50:27,4.930e-06
13096.1,15:50:28,4.930e-06
13097.3,15:50:29,4.930e-06
13098.4,15:50:30,4.930e-06
13099.6,15:50:32,4.930e-06
13100.8,15:50:33,4.930e-06
13102.0,15:50:34,4.930e-06
13103.1,15:50:35,4.930e-06
13104.3,15:50:36,4.930e-06
13105.5,15:50:38,4.930e-06
13106.6,15:50:39,4.930e-06
13107.8,15:50:40,4.930e-06
13109.0,15:50:41,4.930e-06
13110.2,15:50:42,4.930e-06
13111.4,15:50:43,4.930e-06
13112.5,15:50:45,4.930e-06
13113.7,15:50:46,4.930e-06
13114.9,15:50:47,4.930e-06
13116.0,15:50:48,4.930e-06
13117.2,15:50:49,4.930e-06
13118.4,15:50:50,4.930e-06
13119.5,15:50:52,4.930e-06
13120.7,15:50:53,4.930e-06
13121.9,15:50:54,4.930e-06
13123.1,15:50:55,4.930e-06
13124.2,15:50:56,4.930e-06
13125.4,15:50:57,4.930e-06
13126.6,15:50:59,4.930e-06
13127.7,15:51:00,4.930e-06
13128.9,15:51:01,4.930e-06
13130.1,15:51:02,4.930e-06
13131.3,15:51:03,4.930e-06
13132.4,15:51:04,4.930e-06
13133.6,15:51:06,4.930e-06
13134.8,15:51:07,4.930e-06
13135.9,15:51:08,4.930e-06
13137.1,15:51:09,4.930e-06
13138.3,15:51:10,4.930e-06
13139.5,15:51:12,4.930e-06
13140.6,15:51:13,4.930e-06
13141.8,15:51:14,4.930e-06
13143.0,15:51:15,4.930e-06
13144.2,15:51:16,4.930e-06
13145.3,15:51:17,4.930e-06
13146.5,15:51:19,4.930e-06
13147.7,15:51:20,4.930e-06
13148.8,15:51:21,4.930e-06
13150.0,15:51:22,4.930e-06
13151.2,15:51:23,4.930e-06
13152.3,15:51:24,4.930e-06
13153.5,15:51:26,4.930e-06
13154.7,15:51:27,4.930e-06
13155.8,15:51:28,4.930e-06
13157.0,15:51:29,4.930e-06
13158.2,15:51:30,4.930e-06
13159.3,15:51:31,4.930e-06
13160.5,15:51:33,4.930e-06
13161.7,15:51:34,4.930e-06
13162.8,15:51:35,4.930e-06
13164.0,15:51:36,4.930e-06
13165.2,15:51:37,4.930e-06
13166.4,15:51:38,4.930e-06
13167.6,15:51:40,4.930e-06
13168.7,15:51:41,4.930e-06
13169.9,15:51:42,4.930e-06
13171.1,15:51:43,4.930e-06
13172.2,15:51:44,4.930e-06
13173.4,15:51:45,4.930e-06
13174.6,15:51:47,4.930e-06
13175.7,15:51:48,4.930e-06
13176.9,15:51:49,4.930e-06
13178.1,15:51:50,4.930e-06
13179.2,15:51:51,4.930e-06
13180.4,15:51:52,4.930e-06
13181.6,15:51:54,4.930e-06
13182.7,15:51:55,4.930e-06
13183.9,15:51:56,4.930e-06
13185.1,15:51:57,4.910e-06
13186.3,15:51:58,4.900e-06
13187.4,15:51:59,4.900e-06
13188.6,15:52:01,4.900e-06
13189.8,15:52:02,4.890e-06
13190.9,15:52:03,4.890e-06
13192.1,15:52:04,4.890e-06
13193.3,15:52:05,4.890e-06
13194.5,15:52:06,4.890e-06
13195.6,15:52:08,4.890e-06
13196.8,15:52:09,4.890e-06
13198.0,15:52:10,4.890e-06
13199.1,15:52:11,4.890e-06
13200.3,15:52:12,4.890e-06
13201.5,15:52:14,4.890e-06
13202.7,15:52:15,4.890e-06
13203.8,15:52:16,4.890e-06
13205.0,15:52:17,4.890e-06
13206.2,15:52:18,4.890e-06
13207.4,15:52:19,4.890e-06
13208.5,15:52:21,4.890e-06
13209.7,15:52:22,4.890e-06
13210.9,15:52:23,4.890e-06
13212.0,15:52:24,4.890e-06
13213.2,15:52:25,4.890e-06
13214.4,15:52:26,4.890e-06
13215.6,15:52:28,4.890e-06
13216.8,15:52:29,4.890e-06
13217.9,15:52:30,4.890e-06
13219.1,15:52:31,4.890e-06
13220.3,15:52:32,4.890e-06
13221.5,15:52:34,4.890e-06
13222.6,15:52:35,4.890e-06
13223.8,15:52:36,4.890e-06
13225.0,15:52:37,4.890e-06
13226.1,15:52:38,4.890e-06
13227.3,15:52:39,4.890e-06
13228.5,15:52:41,4.890e-06
13229.7,15:52:42,4.890e-06
13230.8,15:52:43,4.890e-06
13232.0,15:52:44,4.890e-06
13233.2,15:52:45,4.890e-06
13234.3,15:52:46,4.890e-06
13235.5,15:52:48,4.890e-06
13236.7,15:52:49,4.890e-06
13237.8,15:52:50,4.890e-06
13239.0,15:52:51,4.890e-06
13240.2,15:52:52,4.890e-06
13241.4,15:52:53,4.890e-06
13242.5,15:52:55,4.890e-06
13243.7,15:52:56,4.890e-06
13244.9,15:52:57,4.890e-06
13246.1,15:52:58,4.890e-06
13247.2,15:52:59,4.890e-06
13248.4,15:53:00,4.890e-06
13249.5,15:53:02,4.890e-06
13250.7,15:53:03,4.890e-06
13251.9,15:53:04,4.900e-06
13253.1,15:53:05,4.900e-06
13254.2,15:53:06,4.900e-06
13255.4,15:53:07,4.900e-06
13256.6,15:53:09,4.890e-06
13257.7,15:53:10,4.900e-06
13258.9,15:53:11,4.900e-06
13260.1,15:53:12,4.900e-06
13261.2,15:53:13,4.900e-06
13262.4,15:53:14,4.900e-06
13263.6,15:53:16,4.900e-06
13264.8,15:53:17,4.900e-06
13265.9,15:53:18,4.900e-06
13267.1,15:53:19,4.900e-06
13268.3,15:53:20,4.900e-06
13269.4,15:53:21,4.900e-06
13270.6,15:53:23,4.900e-06
13271.8,15:53:24,4.900e-06
13273.0,15:53:25,4.900e-06
13274.1,15:53:26,4.900e-06
13275.3,15:53:27,4.900e-06
13276.5,15:53:28,4.890e-06
13277.6,15:53:30,4.900e-06
13278.8,15:53:31,4.900e-06
13280.0,15:53:32,4.900e-06
13281.1,15:53:33,4.890e-06
13282.3,15:53:34,4.890e-06
13283.5,15:53:36,4.890e-06
13284.6,15:53:37,4.900e-06
13285.8,15:53:38,4.900e-06
13287.0,15:53:39,4.890e-06
13288.1,15:53:40,4.890e-06
13289.3,15:53:41,4.900e-06
13290.5,15:53:43,4.900e-06
13291.6,15:53:44,4.900e-06
13292.8,15:53:45,4.900e-06
13294.0,15:53:46,4.900e-06
13295.2,15:53:47,4.900e-06
13296.3,15:53:48,4.900e-06
13297.5,15:53:50,4.900e-06
13298.7,15:53:51,4.900e-06
13299.8,15:53:52,4.900e-06
13301.0,15:53:53,4.900e-06
13302.2,15:53:54,4.900e-06
13303.4,15:53:55,4.900e-06
13304.5,15:53:57,4.900e-06
13305.7,15:53:58,4.900e-06
13306.9,15:53:59,4.900e-06
13308.1,15:54:00,4.900e-06
13309.2,15:54:01,4.900e-06
13310.4,15:54:02,4.900e-06
13311.6,15:54:04,4.900e-06
13312.7,15:54:05,4.880e-06
13313.9,15:54:06,4.870e-06
13315.1,15:54:07,4.870e-06
13316.2,15:54:08,4.870e-06
13317.4,15:54:09,4.870e-06
13318.6,15:54:11,4.870e-06
13319.7,15:54:12,4.870e-06
13320.9,15:54:13,4.870e-06
13322.1,15:54:14,4.870e-06
13323.2,15:54:15,4.870e-06
13324.4,15:54:16,4.870e-06
13325.6,15:54:18,4.870e-06
13326.8,15:54:19,4.870e-06
13328.0,15:54:20,4.870e-06
13329.1,15:54:21,4.870e-06
13330.3,15:54:22,4.870e-06
13331.5,15:54:24,4.870e-06
13332.6,15:54:25,4.870e-06
13333.8,15:54:26,4.870e-06
13335.0,15:54:27,4.870e-06
13336.2,15:54:28,4.870e-06
13337.4,15:54:29,4.870e-06
13338.5,15:54:31,4.870e-06
13339.7,15:54:32,4.870e-06
13340.9,15:54:33,4.870e-06
13342.0,15:54:34,4.870e-06
13343.2,15:54:35,4.870e-06
13344.4,15:54:36,4.870e-06
13345.6,15:54:38,4.870e-06
13346.7,15:54:39,4.870e-06
13347.9,15:54:40,4.870e-06
13349.1,15:54:41,4.870e-06
13350.3,15:54:42,4.870e-06
13351.4,15:54:43,4.870e-06
13352.6,15:54:45,4.870e-06
13353.8,15:54:46,4.870e-06
13355.0,15:54:47,4.870e-06
13356.1,15:54:48,4.870e-06
13357.3,15:54:49,4.870e-06
13358.5,15:54:51,4.870e-06
13359.6,15:54:52,4.870e-06
13360.8,15:54:53,4.870e-06
13362.0,15:54:54,4.870e-06
13363.2,15:54:55,4.870e-06
13364.3,15:54:56,4.870e-06
13365.5,15:54:58,4.870e-06
13366.7,15:54:59,4.870e-06
13367.8,15:55:00,4.870e-06
13369.0,15:55:01,4.870e-06
13370.2,15:55:02,4.870e-06
13371.4,15:55:03,4.870e-06
13372.5,15:55:05,4.870e-06
13373.7,15:55:06,4.870e-06
13374.9,15:55:07,4.870e-06
13376.1,15:55:08,4.870e-06
13377.2,15:55:09,4.870e-06
13378.4,15:55:10,4.870e-06
13379.6,15:55:12,4.870e-06
13380.8,15:55:13,4.870e-06
13381.9,15:55:14,4.870e-06
13383.1,15:55:15,4.870e-06
13384.3,15:55:16,4.870e-06
13385.5,15:55:18,4.870e-06
13386.6,15:55:19,4.870e-06
13387.8,15:55:20,4.860e-06
13389.0,15:55:21,4.870e-06
13390.2,15:55:22,4.870e-06
13391.4,15:55:23,4.870e-06
13392.6,15:55:25,4.860e-06
13393.7,15:55:26,4.860e-06
13394.9,15:55:27,4.860e-06
13396.1,15:55:28,4.860e-06
13397.3,15:55:29,4.860e-06
13398.4,15:55:30,4.860e-06
13399.6,15:55:32,4.860e-06
13400.8,15:55:33,4.860e-06
13401.9,15:55:34,4.860e-06
13403.1,15:55:35,4.860e-06
13404.3,15:55:36,4.860e-06
13405.4,15:55:37,4.860e-06
13406.6,15:55:39,4.860e-06
13407.8,15:55:40,4.860e-06
13409.0,15:55:41,4.860e-06
13410.1,15:55:42,4.860e-06
13411.3,15:55:43,4.860e-06
13412.5,15:55:45,4.860e-06
13413.7,15:55:46,4.860e-06
13414.9,15:55:47,4.860e-06
13416.0,15:55:48,4.860e-06
13417.2,15:55:49,4.860e-06
13418.4,15:55:50,4.860e-06
13419.5,15:55:52,4.860e-06
13420.7,15:55:53,4.860e-06
13421.9,15:55:54,4.860e-06
13423.1,15:55:55,4.860e-06
13424.3,15:55:56,4.860e-06
13425.4,15:55:57,4.860e-06
13426.6,15:55:59,4.860e-06
13427.8,15:56:00,4.860e-06
13429.0,15:56:01,4.860e-06
13430.1,15:56:02,4.860e-06
13431.3,15:56:03,4.860e-06
13432.5,15:56:05,4.860e-06
13433.7,15:56:06,4.860e-06
13434.8,15:56:07,4.860e-06
13436.0,15:56:08,4.860e-06
13437.2,15:56:09,4.860e-06
13438.4,15:56:10,4.860e-06
13439.5,15:56:12,4.840e-06
13440.7,15:56:13,4.830e-06
13441.9,15:56:14,4.820e-06
13443.1,15:56:15,4.820e-06
13444.3,15:56:16,4.820e-06
13445.4,15:56:17,4.820e-06
13446.6,15:56:19,4.820e-06
13447.8,15:56:20,4.820e-06
13449.0,15:56:21,4.820e-06
13450.1,15:56:22,4.820e-06
13451.3,15:56:23,4.820e-06
13452.5,15:56:25,4.820e-06
13453.7,15:56:26,4.810e-06
13454.8,15:56:27,4.810e-06
13456.0,15:56:28,4.810e-06
13457.2,15:56:29,4.810e-06
13458.4,15:56:30,4.810e-06
13459.5,15:56:32,4.810e-06
13460.7,15:56:33,4.810e-06
13461.9,15:56:34,4.810e-06
13463.0,15:56:35,4.810e-06
13464.2,15:56:36,4.810e-06
13465.4,15:56:37,4.810e-06
13466.6,15:56:39,4.810e-06
13467.8,15:56:40,4.810e-06
13468.9,15:56:41,4.810e-06
13470.1,15:56:42,4.810e-06
13471.3,15:56:43,4.810e-06
13472.5,15:56:45,4.810e-06
13473.6,15:56:46,4.810e-06
13474.8,15:56:47,4.810e-06
13476.0,15:56:48,4.810e-06
13477.2,15:56:49,4.810e-06
13478.3,15:56:50,4.810e-06
13479.5,15:56:52,4.810e-06
13480.7,15:56:53,4.810e-06
13481.9,15:56:54,4.800e-06
13483.0,15:56:55,4.800e-06
13484.2,15:56:56,4.800e-06
13485.4,15:56:57,4.800e-06
13486.5,15:56:59,4.800e-06
13487.7,15:57:00,4.800e-06
13488.9,15:57:01,4.800e-06
13490.1,15:57:02,4.800e-06
13491.2,15:57:03,4.800e-06
13492.4,15:57:04,4.800e-06
13493.6,15:57:06,4.800e-06
13494.7,15:57:07,4.800e-06
13495.9,15:57:08,4.800e-06
13497.1,15:57:09,4.800e-06
13498.3,15:57:10,4.800e-06
13499.4,15:57:11,4.800e-06
13500.6,15:57:13,4.800e-06
13501.8,15:57:14,4.800e-06
13502.9,15:57:15,4.800e-06
13504.1,15:57:16,4.800e-06
13505.3,15:57:17,4.800e-06
13506.5,15:57:19,4.800e-06
13507.6,15:57:20,4.800e-06
13508.8,15:57:21,4.800e-06
13510.0,15:57:22,4.800e-06
13511.2,15:57:23,4.800e-06
13512.3,15:57:24,4.800e-06
13513.5,15:57:26,4.800e-06
13514.7,15:57:27,4.800e-06
13515.9,15:57:28,4.800e-06
13517.0,15:57:29,4.800e-06
13518.2,15:57:30,4.800e-06
13519.4,15:57:31,4.800e-06
13520.6,15:57:33,4.800e-06
13521.7,15:57:34,4.800e-06
13522.9,15:57:35,4.790e-06
13524.1,15:57:36,4.800e-06
13525.3,15:57:37,4.800e-06
13526.4,15:57:38,4.800e-06
13527.6,15:57:40,4.800e-06
13528.8,15:57:41,4.800e-06
13530.0,15:57:42,4.800e-06
13531.1,15:57:43,4.790e-06
13532.3,15:57:44,4.790e-06
13533.5,15:57:46,4.790e-06
13534.7,15:57:47,4.790e-06
13535.8,15:57:48,4.790e-06
13537.0,15:57:49,4.790e-06
13538.2,15:57:50,4.790e-06
13539.4,15:57:51,4.790e-06
13540.6,15:57:53,4.790e-06
13541.7,15:57:54,4.790e-06
13542.9,15:57:55,4.790e-06
13544.1,15:57:56,4.790e-06
13545.3,15:57:57,4.790e-06
13546.4,15:57:58,4.790e-06
13547.6,15:58:00,4.790e-06
13548.8,15:58:01,4.790e-06
13549.9,15:58:02,4.790e-06
13551.1,15:58:03,4.790e-06
13552.3,15:58:04,4.790e-06
13553.4,15:58:05,4.790e-06
13554.6,15:58:07,4.790e-06
13555.8,15:58:08,4.790e-06
13557.0,15:58:09,4.790e-06
13558.1,15:58:10,4.790e-06
13559.3,15:58:11,4.790e-06
13560.5,15:58:13,4.790e-06
13561.6,15:58:14,4.790e-06
13562.8,15:58:15,4.790e-06
13564.0,15:58:16,4.790e-06
13565.2,15:58:17,4.790e-06
13566.3,15:58:18,4.790e-06
13567.5,15:58:20,4.770e-06
13568.7,15:58:21,4.760e-06
13569.9,15:58:22,4.750e-06
13571.0,15:58:23,4.750e-06
13572.2,15:58:24,4.750e-06
13573.4,15:58:25,4.750e-06
13574.5,15:58:27,4.750e-06
13575.7,15:58:28,4.750e-06
13576.9,15:58:29,4.750e-06
13578.1,15:58:30,4.750e-06
13579.2,15:58:31,4.750e-06
13580.4,15:58:32,4.750e-06
13581.6,15:58:34,4.750e-06
13582.7,15:58:35,4.750e-06
13583.9,15:58:36,4.750e-06
13585.1,15:58:37,4.750e-06
13586.2,15:58:38,4.750e-06
13587.4,15:58:39,4.750e-06
13588.6,15:58:41,4.750e-06
13589.7,15:58:42,4.750e-06
13590.9,15:58:43,4.750e-06
13592.1,15:58:44,4.750e-06
13593.2,15:58:45,4.750e-06
13594.4,15:58:46,4.750e-06
13595.6,15:58:48,4.750e-06
13596.7,15:58:49,4.740e-06
13597.9,15:58:50,4.740e-06
13599.1,15:58:51,4.740e-06
13600.2,15:58:52,4.740e-06
13601.4,15:58:53,4.740e-06
13602.6,15:58:55,4.740e-06
13603.8,15:58:56,4.740e-06
13604.9,15:58:57,4.740e-06
13606.1,15:58:58,4.740e-06
13607.3,15:58:59,4.740e-06
13608.4,15:59:00,4.740e-06
13609.6,15:59:02,4.740e-06
13610.8,15:59:03,4.740e-06
13612.0,15:59:04,4.740e-06
13613.1,15:59:05,4.730e-06
13614.3,15:59:06,4.740e-06
13615.5,15:59:08,4.730e-06
13616.6,15:59:09,4.730e-06
13617.8,15:59:10,4.730e-06
13619.0,15:59:11,4.730e-06
13620.1,15:59:12,4.730e-06
13621.3,15:59:13,4.730e-06
13622.5,15:59:15,4.730e-06
13623.6,15:59:16,4.730e-06
13624.8,15:59:17,4.730e-06
13626.0,15:59:18,4.730e-06
13627.2,15:59:19,4.730e-06
13628.4,15:59:20,4.730e-06
13629.5,15:59:22,4.730e-06
13630.7,15:59:23,4.730e-06
13631.9,15:59:24,4.730e-06
13633.0,15:59:25,4.730e-06
13634.2,15:59:26,4.730e-06
13635.4,15:59:27,4.730e-06
13636.6,15:59:29,4.730e-06
13637.7,15:59:30,4.730e-06
13638.9,15:59:31,4.730e-06
13640.1,15:59:32,4.730e-06
13641.2,15:59:33,4.730e-06
13642.4,15:59:34,4.730e-06
13643.6,15:59:36,4.730e-06
13644.7,15:59:37,4.730e-06
13645.9,15:59:38,4.730e-06
13647.1,15:59:39,4.730e-06
13648.3,15:59:40,4.730e-06
13649.4,15:59:41,4.730e-06
13650.6,15:59:43,4.730e-06
13651.8,15:59:44,4.730e-06
13652.9,15:59:45,4.730e-06
13654.1,15:59:46,4.730e-06
13655.3,15:59:47,4.730e-06
13656.4,15:59:48,4.730e-06
13657.6,15:59:50,4.730e-06
13658.8,15:59:51,4.730e-06
13659.9,15:59:52,4.730e-06
13661.1,15:59:53,4.730e-06
13662.3,15:59:54,4.730e-06
13663.5,15:59:56,4.730e-06
13664.6,15:59:57,4.730e-06
13665.8,15:59:58,4.730e-06
13667.0,15:59:59,4.730e-06
13668.1,16:00:00,4.730e-06
13669.3,16:00:01,4.730e-06
13670.5,16:00:03,4.730e-06
13671.6,16:00:04,4.730e-06
13672.8,16:00:05,4.730e-06
13674.0,16:00:06,4.730e-06
13675.2,16:00:07,4.730e-06
13676.3,16:00:08,4.730e-06
13677.5,16:00:10,4.730e-06
13678.7,16:00:11,4.730e-06
13679.8,16:00:12,4.730e-06
13681.0,16:00:13,4.730e-06
13682.2,16:00:14,4.730e-06
13683.4,16:00:15,4.730e-06
13684.5,16:00:17,4.730e-06
13685.7,16:00:18,4.730e-06
13686.9,16:00:19,4.730e-06
13688.0,16:00:20,4.730e-06
13689.2,16:00:21,4.730e-06
13690.4,16:00:22,4.730e-06
13691.5,16:00:24,4.730e-06
13692.7,16:00:25,4.730e-06
13693.9,16:00:26,4.730e-06
13695.0,16:00:27,4.730e-06
13696.2,16:00:28,4.730e-06
13697.4,16:00:29,4.730e-06
13698.5,16:00:31,4.730e-06
13699.7,16:00:32,4.730e-06
13700.9,16:00:33,4.710e-06
13702.1,16:00:34,4.700e-06
13703.2,16:00:35,4.690e-06
13704.4,16:00:36,4.690e-06
13705.6,16:00:38,4.690e-06
13706.7,16:00:39,4.690e-06
13707.9,16:00:40,4.690e-06
13709.1,16:00:41,4.690e-06
13710.2,16:00:42,4.690e-06
13711.4,16:00:43,4.690e-06
13712.6,16:00:45,4.690e-06
13713.8,16:00:46,4.690e-06
13715.0,16:00:47,4.690e-06
13716.1,16:00:48,4.690e-06
13717.3,16:00:49,4.690e-06
13718.5,16:00:51,4.690e-06
13719.6,16:00:52,4.690e-06
13720.8,16:00:53,4.690e-06
13722.0,16:00:54,4.690e-06
13723.2,16:00:55,4.690e-06
13724.3,16:00:56,4.690e-06
13725.5,16:00:58,4.690e-06
13726.7,16:00:59,4.690e-06
13727.8,16:01:00,4.690e-06
13729.0,16:01:01,4.690e-06
13730.2,16:01:02,4.690e-06
13731.3,16:01:03,4.690e-06
13732.5,16:01:05,4.690e-06
13733.7,16:01:06,4.690e-06
13734.9,16:01:07,4.690e-06
13736.0,16:01:08,4.690e-06
13737.2,16:01:09,4.690e-06
13738.4,16:01:10,4.690e-06
13739.5,16:01:12,4.690e-06
13740.7,16:01:13,4.690e-06
13741.8,16:01:14,4.690e-06
13743.0,16:01:15,4.690e-06
13744.2,16:01:16,4.690e-06
13745.4,16:01:17,4.690e-06
13746.5,16:01:19,4.690e-06
13747.7,16:01:20,4.690e-06
13748.9,16:01:21,4.690e-06
13750.0,16:01:22,4.690e-06
13751.2,16:01:23,4.690e-06
13752.4,16:01:24,4.690e-06
13753.5,16:01:26,4.690e-06
13754.7,16:01:27,4.690e-06
13755.9,16:01:28,4.690e-06
13757.0,16:01:29,4.690e-06
13758.2,16:01:30,4.690e-06
13759.4,16:01:31,4.690e-06
13760.5,16:01:33,4.690e-06
13761.7,16:01:34,4.690e-06
13762.9,16:01:35,4.690e-06
13764.1,16:01:36,4.690e-06
13765.2,16:01:37,4.690e-06
13766.4,16:01:38,4.690e-06
13767.6,16:01:40,4.690e-06
13768.7,16:01:41,4.690e-06
13769.9,16:01:42,4.690e-06
13771.1,16:01:43,4.690e-06
13772.2,16:01:44,4.690e-06
13773.4,16:01:45,4.690e-06
13774.6,16:01:47,4.690e-06
13775.7,16:01:48,4.690e-06
13776.9,16:01:49,4.690e-06
13778.1,16:01:50,4.690e-06
13779.2,16:01:51,4.690e-06
13780.4,16:01:52,4.690e-06
13781.6,16:01:54,4.690e-06
13782.7,16:01:55,4.690e-06
13783.9,16:01:56,4.690e-06
13785.1,16:01:57,4.690e-06
13786.2,16:01:58,4.690e-06
13787.4,16:01:59,4.690e-06
13788.6,16:02:01,4.690e-06
13789.8,16:02:02,4.690e-06
13790.9,16:02:03,4.690e-06
13792.1,16:02:04,4.690e-06
13793.3,16:02:05,4.690e-06
13794.4,16:02:06,4.690e-06
13795.6,16:02:08,4.690e-06
13796.8,16:02:09,4.690e-06
13797.9,16:02:10,4.690e-06
13799.1,16:02:11,4.690e-06
13800.3,16:02:12,4.690e-06
13801.5,16:02:14,4.690e-06
13802.7,16:02:15,4.690e-06
13803.8,16:02:16,4.690e-06
13805.0,16:02:17,4.690e-06
13806.2,16:02:18,4.690e-06
13807.3,16:02:19,4.690e-06
13808.5,16:02:21,4.690e-06
13809.7,16:02:22,4.690e-06
13810.8,16:02:23,4.690e-06
13812.0,16:02:24,4.690e-06
13813.2,16:02:25,4.690e-06
13814.3,16:02:26,4.690e-06
13815.5,16:02:28,4.690e-06
13816.7,16:02:29,4.690e-06
13817.9,16:02:30,4.690e-06
13819.0,16:02:31,4.690e-06
13820.2,16:02:32,4.690e-06
13821.4,16:02:33,4.690e-06
13822.5,16:02:35,4.690e-06
13823.7,16:02:36,4.690e-06
13824.9,16:02:37,4.690e-06
13826.0,16:02:38,4.690e-06
13827.2,16:02:39,4.670e-06
13828.4,16:02:40,4.660e-06
13829.6,16:02:42,4.660e-06
13830.8,16:02:43,4.660e-06
13832.0,16:02:44,4.660e-06
13833.1,16:02:45,4.660e-06
13834.3,16:02:46,4.660e-06
13835.5,16:02:48,4.660e-06
13836.6,16:02:49,4.660e-06
13837.8,16:02:50,4.660e-06
13839.0,16:02:51,4.660e-06
13840.2,16:02:52,4.660e-06
13841.3,16:02:53,4.660e-06
13842.5,16:02:55,4.660e-06
13843.7,16:02:56,4.660e-06
13844.8,16:02:57,4.660e-06
13846.0,16:02:58,4.660e-06
13847.2,16:02:59,4.660e-06
13848.3,16:03:00,4.660e-06
13849.5,16:03:02,4.660e-06
13850.7,16:03:03,4.660e-06
13851.8,16:03:04,4.660e-06
13853.0,16:03:05,4.660e-06
13854.2,16:03:06,4.660e-06
13855.3,16:03:07,4.660e-06
13856.5,16:03:09,4.660e-06
13857.7,16:03:10,4.660e-06
13858.8,16:03:11,4.660e-06
13860.0,16:03:12,4.660e-06
13861.2,16:03:13,4.660e-06
13862.3,16:03:14,4.660e-06
13863.5,16:03:16,4.660e-06
13864.6,16:03:17,4.660e-06
13865.8,16:03:18,4.660e-06
13867.0,16:03:19,4.660e-06
13868.2,16:03:20,4.660e-06
13869.3,16:03:21,4.660e-06
13870.5,16:03:23,4.660e-06
13871.7,16:03:24,4.660e-06
13872.8,16:03:25,4.650e-06
13874.0,16:03:26,4.650e-06
13875.2,16:03:27,4.660e-06
13876.4,16:03:28,4.650e-06
13877.5,16:03:30,4.660e-06
13878.7,16:03:31,4.650e-06
13879.9,16:03:32,4.650e-06
13881.0,16:03:33,4.650e-06
13882.2,16:03:34,4.650e-06
13883.4,16:03:35,4.650e-06
13884.6,16:03:37,4.650e-06
13885.7,16:03:38,4.650e-06
13886.9,16:03:39,4.650e-06
13888.1,16:03:40,4.650e-06
13889.3,16:03:41,4.650e-06
13890.4,16:03:42,4.650e-06
13891.6,16:03:44,4.650e-06
13892.8,16:03:45,4.650e-06
13893.9,16:03:46,4.650e-06
13895.1,16:03:47,4.650e-06
13896.3,16:03:48,4.650e-06
13897.4,16:03:49,4.650e-06
13898.6,16:03:51,4.650e-06
13899.8,16:03:52,4.650e-06
13901.0,16:03:53,4.650e-06
13902.1,16:03:54,4.650e-06
13903.3,16:03:55,4.650e-06
13904.5,16:03:57,4.650e-06
13905.6,16:03:58,4.650e-06
13906.8,16:03:59,4.650e-06
13908.0,16:04:00,4.650e-06
13909.2,16:04:01,4.650e-06
13910.3,16:04:02,4.650e-06
13911.5,16:04:04,4.650e-06
13912.7,16:04:05,4.650e-06
13913.8,16:04:06,4.650e-06
13915.0,16:04:07,4.650e-06
13916.2,16:04:08,4.650e-06
13917.3,16:04:09,4.650e-06
13918.5,16:04:11,4.650e-06
13919.7,16:04:12,4.650e-06
13920.8,16:04:13,4.650e-06
13922.0,16:04:14,4.650e-06
13923.2,16:04:15,4.650e-06
13924.4,16:04:16,4.650e-06
13925.5,16:04:18,4.650e-06
13926.7,16:04:19,4.650e-06
13927.9,16:04:20,4.650e-06
13929.0,16:04:21,4.650e-06
13930.2,16:04:22,4.650e-06
13931.4,16:04:23,4.650e-06
13932.5,16:04:25,4.650e-06
13933.7,16:04:26,4.650e-06
13934.9,16:04:27,4.650e-06
13936.0,16:04:28,4.650e-06
13937.2,16:04:29,4.650e-06
13938.4,16:04:30,4.650e-06
13939.6,16:04:32,4.650e-06
13940.7,16:04:33,4.650e-06
13941.9,16:04:34,4.650e-06
13943.1,16:04:35,4.650e-06
13944.2,16:04:36,4.650e-06
13945.4,16:04:37,4.650e-06
13946.6,16:04:39,4.650e-06
13947.7,16:04:40,4.650e-06
13948.9,16:04:41,4.650e-06
13950.1,16:04:42,4.650e-06
13951.2,16:04:43,4.650e-06
13952.4,16:04:44,4.650e-06
13953.6,16:04:46,4.650e-06
13954.7,16:04:47,4.650e-06
13955.9,16:04:48,4.650e-06
13957.0,16:04:49,4.650e-06
13958.2,16:04:50,4.650e-06
13959.4,16:04:51,4.640e-06
13960.5,16:04:53,4.620e-06
13961.7,16:04:54,4.620e-06
13962.9,16:04:55,4.610e-06
13964.0,16:04:56,4.610e-06
13965.2,16:04:57,4.610e-06
13966.4,16:04:58,4.610e-06
13967.5,16:05:00,4.610e-06
13968.7,16:05:01,4.610e-06
13969.9,16:05:02,4.610e-06
13971.1,16:05:03,4.610e-06
13972.2,16:05:04,4.610e-06
13973.4,16:05:05,4.610e-06
13974.6,16:05:07,4.610e-06
13975.8,16:05:08,4.610e-06
13976.9,16:05:09,4.610e-06
13978.1,16:05:10,4.610e-06
13979.3,16:05:11,4.610e-06
13980.4,16:05:12,4.610e-06
13981.6,16:05:14,4.610e-06
13982.8,16:05:15,4.610e-06
13984.0,16:05:16,4.610e-06
13985.1,16:05:17,4.610e-06
13986.3,16:05:18,4.610e-06
13987.5,16:05:20,4.610e-06
13988.6,16:05:21,4.610e-06
13989.8,16:05:22,4.610e-06
13991.0,16:05:23,4.610e-06
13992.1,16:05:24,4.610e-06
13993.3,16:05:25,4.610e-06
13994.5,16:05:26,4.610e-06
13995.6,16:05:28,4.610e-06
13996.8,16:05:29,4.610e-06
13998.0,16:05:30,4.610e-06
13999.1,16:05:31,4.610e-06
14000.3,16:05:32,4.610e-06
14001.5,16:05:34,4.610e-06
14002.7,16:05:35,4.610e-06
14003.9,16:05:36,4.610e-06
14005.0,16:05:37,4.610e-06
14006.2,16:05:38,4.610e-06
14007.4,16:05:39,4.610e-06
14008.5,16:05:41,4.600e-06
14009.7,16:05:42,4.600e-06
14010.9,16:05:43,4.610e-06
14012.0,16:05:44,4.600e-06
14013.2,16:05:45,4.610e-06
14014.4,16:05:46,4.600e-06
14015.6,16:05:48,4.600e-06
14016.7,16:05:49,4.600e-06
14017.9,16:05:50,4.600e-06
14019.1,16:05:51,4.600e-06
14020.3,16:05:52,4.600e-06
14021.4,16:05:53,4.600e-06
14022.6,16:05:55,4.600e-06
14023.8,16:05:56,4.600e-06
14024.9,16:05:57,4.600e-06
14026.1,16:05:58,4.600e-06
14027.3,16:05:59,4.600e-06
14028.5,16:06:01,4.600e-06
14029.6,16:06:02,4.600e-06
14030.8,16:06:03,4.600e-06
14032.0,16:06:04,4.600e-06
14033.1,16:06:05,4.600e-06
14034.3,16:06:06,4.600e-06
14035.5,16:06:08,4.600e-06
14036.7,16:06:09,4.600e-06
14037.8,16:06:10,4.600e-06
14039.0,16:06:11,4.600e-06
14040.2,16:06:12,4.600e-06
14041.3,16:06:13,4.600e-06
14042.5,16:06:15,4.600e-06
14043.7,16:06:16,4.600e-06
14044.8,16:06:17,4.600e-06
14046.0,16:06:18,4.600e-06
14047.2,16:06:19,4.600e-06
14048.3,16:06:20,4.600e-06
14049.5,16:06:22,4.600e-06
14050.7,16:06:23,4.590e-06
14051.9,16:06:24,4.600e-06
14053.0,16:06:25,4.600e-06
14054.2,16:06:26,4.600e-06
14055.4,16:06:27,4.590e-06
14056.6,16:06:29,4.600e-06
14057.7,16:06:30,4.600e-06
14058.9,16:06:31,4.590e-06
14060.1,16:06:32,4.590e-06
14061.3,16:06:33,4.590e-06
14062.4,16:06:34,4.590e-06
14063.6,16:06:36,4.590e-06
14064.8,16:06:37,4.590e-06
14065.9,16:06:38,4.590e-06
14067.1,16:06:39,4.590e-06
14068.3,16:06:40,4.590e-06
14069.4,16:06:41,4.590e-06
14070.6,16:06:43,4.590e-06
14071.8,16:06:44,4.590e-06
14073.0,16:06:45,4.590e-06
14074.1,16:06:46,4.590e-06
14075.3,16:06:47,4.590e-06
14076.5,16:06:49,4.590e-06
14077.6,16:06:50,4.590e-06
14078.8,16:06:51,4.590e-06
14080.0,16:06:52,4.590e-06
14081.1,16:06:53,4.590e-06
14082.3,16:06:54,4.590e-06
14083.5,16:06:56,4.590e-06
14084.6,16:06:57,4.590e-06
14085.8,16:06:58,4.590e-06
14087.0,16:06:59,4.570e-06
14088.2,16:07:00,4.560e-06
14089.3,16:07:01,4.560e-06
14090.5,16:07:03,4.560e-06
14091.7,16:07:04,4.560e-06
14092.8,16:07:05,4.550e-06
14094.0,16:07:06,4.560e-06
14095.2,16:07:07,4.560e-06
14096.4,16:07:08,4.560e-06
14097.5,16:07:10,4.550e-06
14098.7,16:07:11,4.550e-06
14099.9,16:07:12,4.550e-06
14101.0,16:07:13,4.550e-06
14102.2,16:07:14,4.550e-06
14103.4,16:07:15,4.550e-06
14104.6,16:07:17,4.550e-06
14105.8,16:07:18,4.550e-06
14106.9,16:07:19,4.550e-06
14108.1,16:07:20,4.550e-06
14109.3,16:07:21,4.550e-06
14110.5,16:07:22,4.550e-06
14111.6,16:07:24,4.550e-06
14112.8,16:07:25,4.550e-06
14114.0,16:07:26,4.550e-06
14115.1,16:07:27,4.550e-06
14116.3,16:07:28,4.550e-06
14117.5,16:07:30,4.550e-06
14118.7,16:07:31,4.550e-06
14119.8,16:07:32,4.550e-06
14121.0,16:07:33,4.550e-06
14122.2,16:07:34,4.550e-06
14123.3,16:07:35,4.550e-06
14124.5,16:07:37,4.550e-06
14125.7,16:07:38,4.550e-06
14126.8,16:07:39,4.550e-06
14128.0,16:07:40,4.550e-06
14129.2,16:07:41,4.550e-06
14130.3,16:07:42,4.550e-06
14131.5,16:07:44,4.550e-06
14132.7,16:07:45,4.550e-06
14133.9,16:07:46,4.550e-06
14135.0,16:07:47,4.550e-06
14136.2,16:07:48,4.550e-06
14137.4,16:07:49,4.550e-06
14138.5,16:07:51,4.550e-06
14139.7,16:07:52,4.550e-06
14140.9,16:07:53,4.550e-06
14142.1,16:07:54,4.540e-06
14143.2,16:07:55,4.550e-06
14144.4,16:07:56,4.550e-06
14145.6,16:07:58,4.550e-06
14146.8,16:07:59,4.540e-06
14148.0,16:08:00,4.550e-06
14149.1,16:08:01,4.540e-06
14150.3,16:08:02,4.540e-06
14151.5,16:08:04,4.540e-06
14152.7,16:08:05,4.540e-06
14153.8,16:08:06,4.540e-06
14155.0,16:08:07,4.540e-06
14156.2,16:08:08,4.540e-06
14157.3,16:08:09,4.540e-06
14158.5,16:08:11,4.540e-06
14159.7,16:08:12,4.540e-06
14160.8,16:08:13,4.540e-06
14162.0,16:08:14,4.540e-06
14163.2,16:08:15,4.540e-06
14164.4,16:08:16,4.540e-06
14165.5,16:08:18,4.540e-06
14166.7,16:08:19,4.540e-06
14167.9,16:08:20,4.540e-06
14169.0,16:08:21,4.540e-06
14170.2,16:08:22,4.540e-06
14171.4,16:08:23,4.540e-06
14172.6,16:08:25,4.540e-06
14173.7,16:08:26,4.540e-06
14174.9,16:08:27,4.540e-06
14176.1,16:08:28,4.540e-06
14177.2,16:08:29,4.540e-06
14178.4,16:08:30,4.540e-06
14179.6,16:08:32,4.540e-06
14180.7,16:08:33,4.540e-06
14181.9,16:08:34,4.540e-06
14183.1,16:08:35,4.540e-06
14184.2,16:08:36,4.540e-06
14185.4,16:08:37,4.540e-06
14186.6,16:08:39,4.540e-06
14187.8,16:08:40,4.540e-06
14188.9,16:08:41,4.540e-06
14190.1,16:08:42,4.540e-06
14191.3,16:08:43,4.540e-06
14192.4,16:08:44,4.540e-06
14193.6,16:08:46,4.540e-06
14194.8,16:08:47,4.540e-06
14195.9,16:08:48,4.540e-06
14197.1,16:08:49,4.540e-06
14198.3,16:08:50,4.540e-06
14199.5,16:08:52,4.540e-06
14200.7,16:08:53,4.540e-06
14201.8,16:08:54,4.540e-06
14203.0,16:08:55,4.540e-06
14204.2,16:08:56,4.540e-06
14205.3,16:08:57,4.540e-06
14206.5,16:08:59,4.540e-06
14207.7,16:09:00,4.540e-06
14208.8,16:09:01,4.540e-06
14210.0,16:09:02,4.540e-06
14211.2,16:09:03,4.540e-06
14212.4,16:09:04,4.540e-06
14213.5,16:09:06,4.530e-06
14214.7,16:09:07,4.510e-06
14215.9,16:09:08,4.510e-06
14217.0,16:09:09,4.510e-06
14218.2,16:09:10,4.510e-06
14219.4,16:09:11,4.510e-06
14220.5,16:09:13,4.510e-06
14221.7,16:09:14,4.510e-06
14222.9,16:09:15,4.510e-06
14224.0,16:09:16,4.510e-06
14225.2,16:09:17,4.510e-06
14226.4,16:09:18,4.510e-06
14227.6,16:09:20,4.510e-06
14228.7,16:09:21,4.510e-06
14229.9,16:09:22,4.510e-06
14231.1,16:09:23,4.510e-06
14232.3,16:09:24,4.500e-06
14233.4,16:09:25,4.500e-06
14234.6,16:09:27,4.500e-06
14235.8,16:09:28,4.500e-06
14237.0,16:09:29,4.500e-06
14238.1,16:09:30,4.500e-06
14239.3,16:09:31,4.500e-06
14240.5,16:09:32,4.500e-06
14241.6,16:09:34,4.500e-06
14242.8,16:09:35,4.500e-06
14244.0,16:09:36,4.500e-06
14245.1,16:09:37,4.500e-06
14246.3,16:09:38,4.500e-06
14247.5,16:09:40,4.500e-06
14248.6,16:09:41,4.500e-06
14249.8,16:09:42,4.500e-06
14251.0,16:09:43,4.500e-06
14252.1,16:09:44,4.500e-06
14253.3,16:09:45,4.500e-06
14254.5,16:09:47,4.500e-06
14255.6,16:09:48,4.500e-06
14256.8,16:09:49,4.500e-06
14258.0,16:09:50,4.500e-06
14259.1,16:09:51,4.500e-06
14260.3,16:09:52,4.500e-06
14261.4,16:09:53,4.500e-06
14262.6,16:09:55,4.500e-06
14263.8,16:09:56,4.500e-06
14264.9,16:09:57,4.500e-06
14266.1,16:09:58,4.500e-06
14267.3,16:09:59,4.500e-06
14268.4,16:10:00,4.500e-06
14269.6,16:10:02,4.500e-06
14270.8,16:10:03,4.500e-06
14271.9,16:10:04,4.500e-06
14273.1,16:10:05,4.500e-06
14274.3,16:10:06,4.500e-06
14275.4,16:10:07,4.500e-06
14276.6,16:10:09,4.500e-06
14277.8,16:10:10,4.500e-06
14278.9,16:10:11,4.500e-06
14280.1,16:10:12,4.500e-06
14281.3,16:10:13,4.500e-06
14282.4,16:10:14,4.500e-06
14283.6,16:10:16,4.500e-06
14284.8,16:10:17,4.500e-06
14285.9,16:10:18,4.500e-06
14287.1,16:10:19,4.500e-06
14288.3,16:10:20,4.500e-06
14289.5,16:10:22,4.500e-06
14290.6,16:10:23,4.500e-06
14291.8,16:10:24,4.500e-06
14293.0,16:10:25,4.500e-06
14294.1,16:10:26,4.500e-06
14295.3,16:10:27,4.500e-06
14296.5,16:10:29,4.500e-06
14297.6,16:10:30,4.500e-06
14298.8,16:10:31,4.500e-06
14300.0,16:10:32,4.500e-06
14301.1,16:10:33,4.500e-06
14302.3,16:10:34,4.500e-06
14303.5,16:10:36,4.500e-06
14304.6,16:10:37,4.500e-06
14305.8,16:10:38,4.500e-06
14307.0,16:10:39,4.500e-06
14308.1,16:10:40,4.510e-06
14309.3,16:10:41,4.510e-06
14310.5,16:10:43,4.510e-06
14311.6,16:10:44,4.500e-06
14312.8,16:10:45,4.510e-06
14314.0,16:10:46,4.500e-06
14315.1,16:10:47,4.510e-06
14316.3,16:10:48,4.500e-06
14317.5,16:10:50,4.510e-06
14318.7,16:10:51,4.500e-06
14319.8,16:10:52,4.500e-06
14321.0,16:10:53,4.510e-06
14322.2,16:10:54,4.510e-06
14323.3,16:10:55,4.510e-06
14324.5,16:10:57,4.510e-06
14325.7,16:10:58,4.510e-06
14326.8,16:10:59,4.500e-06
14328.0,16:11:00,4.510e-06
14329.2,16:11:01,4.510e-06
14330.4,16:11:02,4.500e-06
14331.5,16:11:04,4.500e-06
14332.7,16:11:05,4.500e-06
14333.9,16:11:06,4.500e-06
14335.0,16:11:07,4.500e-06
14336.2,16:11:08,4.500e-06
14337.3,16:11:09,4.500e-06
14338.5,16:11:11,4.500e-06
14339.7,16:11:12,4.480e-06
14340.8,16:11:13,4.470e-06
14342.0,16:11:14,4.470e-06
14343.2,16:11:15,4.470e-06
14344.3,16:11:16,4.470e-06
14345.5,16:11:18,4.470e-06
14346.7,16:11:19,4.470e-06
14347.8,16:11:20,4.470e-06
14349.0,16:11:21,4.460e-06
14350.2,16:11:22,4.460e-06
14351.3,16:11:23,4.460e-06
14352.5,16:11:25,4.470e-06
14353.7,16:11:26,4.470e-06
14354.8,16:11:27,4.460e-06
14356.0,16:11:28,4.460e-06
14357.2,16:11:29,4.460e-06
14358.3,16:11:30,4.460e-06
14359.5,16:11:32,4.460e-06
14360.7,16:11:33,4.460e-06
14361.8,16:11:34,4.460e-06
14363.0,16:11:35,4.460e-06
14364.2,16:11:36,4.460e-06
14365.3,16:11:37,4.460e-06
14366.5,16:11:39,4.460e-06
14367.7,16:11:40,4.460e-06
14368.9,16:11:41,4.460e-06
14370.0,16:11:42,4.460e-06
14371.2,16:11:43,4.460e-06
14372.4,16:11:44,4.460e-06
14373.5,16:11:46,4.460e-06
14374.7,16:11:47,4.460e-06
14375.9,16:11:48,4.460e-06
14377.0,16:11:49,4.460e-06
14378.2,16:11:50,4.460e-06
14379.4,16:11:51,4.460e-06
14380.5,16:11:53,4.460e-06
14381.7,16:11:54,4.460e-06
14382.9,16:11:55,4.460e-06
14384.0,16:11:56,4.460e-06
14385.2,16:11:57,4.460e-06
14386.4,16:11:58,4.460e-06
14387.5,16:12:00,4.460e-06
14388.7,16:12:01,4.460e-06
14389.9,16:12:02,4.460e-06
14391.0,16:12:03,4.460e-06
14392.2,16:12:04,4.460e-06
14393.4,16:12:05,4.460e-06
14394.6,16:12:07,4.460e-06
14395.7,16:12:08,4.460e-06
14396.9,16:12:09,4.460e-06
14398.0,16:12:10,4.460e-06
14399.2,16:12:11,4.460e-06
14400.4,16:12:12,4.460e-06
14401.6,16:12:14,4.460e-06
14402.7,16:12:15,4.460e-06
14403.9,16:12:16,4.460e-06
14405.0,16:12:17,4.460e-06
14406.2,16:12:18,4.460e-06
14407.4,16:12:19,4.460e-06
14408.5,16:12:21,4.460e-06
14409.7,16:12:22,4.460e-06
14410.9,16:12:23,4.460e-06
14412.0,16:12:24,4.460e-06
14413.2,16:12:25,4.460e-06
14414.4,16:12:26,4.460e-06
14415.5,16:12:28,4.460e-06
14416.7,16:12:29,4.460e-06
14417.9,16:12:30,4.460e-06
14419.0,16:12:31,4.460e-06
14420.2,16:12:32,4.460e-06
14421.4,16:12:33,4.460e-06
14422.5,16:12:35,4.460e-06
14423.7,16:12:36,4.460e-06
14424.9,16:12:37,4.460e-06
14426.0,16:12:38,4.460e-06
14427.2,16:12:39,4.460e-06
14428.4,16:12:40,4.460e-06
14429.5,16:12:42,4.460e-06
14430.7,16:12:43,4.460e-06
14431.9,16:12:44,4.460e-06
14433.1,16:12:45,4.460e-06
14434.2,16:12:46,4.460e-06
14435.4,16:12:47,4.460e-06
14436.5,16:12:49,4.460e-06
14437.7,16:12:50,4.460e-06
14438.9,16:12:51,4.460e-06
14440.0,16:12:52,4.460e-06
14441.2,16:12:53,4.460e-06
14442.4,16:12:54,4.460e-06
14443.5,16:12:56,4.460e-06
14444.7,16:12:57,4.460e-06
14445.9,16:12:58,4.460e-06
14447.0,16:12:59,4.460e-06
14448.2,16:13:00,4.460e-06
14449.4,16:13:01,4.460e-06
14450.5,16:13:03,4.460e-06
14451.7,16:13:04,4.460e-06
14452.9,16:13:05,4.460e-06
14454.0,16:13:06,4.460e-06
14455.2,16:13:07,4.460e-06
14456.4,16:13:08,4.460e-06
14457.5,16:13:10,4.460e-06
14458.7,16:13:11,4.460e-06
14459.9,16:13:12,4.460e-06
14461.0,16:13:13,4.460e-06
14462.2,16:13:14,4.460e-06
14463.4,16:13:15,4.460e-06
14464.6,16:13:17,4.460e-06
14465.7,16:13:18,4.460e-06
14466.9,16:13:19,4.450e-06
14468.0,16:13:20,4.440e-06
14469.2,16:13:21,4.430e-06
14470.4,16:13:22,4.430e-06
14471.6,16:13:24,4.430e-06
14472.7,16:13:25,4.430e-06
14473.9,16:13:26,4.430e-06
14475.1,16:13:27,4.430e-06
14476.2,16:13:28,4.430e-06
14477.4,16:13:29,4.430e-06
14478.6,16:13:31,4.430e-06
14479.7,16:13:32,4.430e-06
14480.9,16:13:33,4.430e-06
14482.0,16:13:34,4.430e-06
14483.2,16:13:35,4.430e-06
14484.4,16:13:36,4.430e-06
14485.5,16:13:38,4.430e-06
14486.7,16:13:39,4.430e-06
14487.9,16:13:40,4.430e-06
14489.0,16:13:41,4.430e-06
14490.2,16:13:42,4.420e-06
14491.4,16:13:43,4.420e-06
14492.5,16:13:45,4.430e-06
14493.7,16:13:46,4.420e-06
14494.8,16:13:47,4.430e-06
14496.0,16:13:48,4.420e-06
14497.2,16:13:49,4.420e-06
14498.4,16:13:50,4.420e-06
14499.5,16:13:52,4.420e-06
14500.7,16:13:53,4.420e-06
14501.8,16:13:54,4.420e-06
14503.0,16:13:55,4.420e-06
14504.2,16:13:56,4.420e-06
14505.3,16:13:57,4.420e-06
14506.5,16:13:59,4.420e-06
14507.7,16:14:00,4.420e-06
14508.9,16:14:01,4.420e-06
14510.0,16:14:02,4.420e-06
14511.2,16:14:03,4.420e-06
14512.4,16:14:04,4.420e-06
14513.5,16:14:06,4.420e-06
14514.7,16:14:07,4.420e-06
14515.9,16:14:08,4.420e-06
14517.0,16:14:09,4.420e-06
14518.2,16:14:10,4.420e-06
14519.4,16:14:11,4.420e-06
14520.5,16:14:13,4.420e-06
14521.7,16:14:14,4.420e-06
14522.9,16:14:15,4.420e-06
14524.0,16:14:16,4.420e-06
14525.2,16:14:17,4.420e-06
14526.4,16:14:18,4.410e-06
14527.5,16:14:20,4.410e-06
14528.7,16:14:21,4.410e-06
14529.9,16:14:22,4.410e-06
14531.1,16:14:23,4.410e-06
14532.2,16:14:24,4.410e-06
14533.4,16:14:25,4.410e-06
14534.6,16:14:27,4.410e-06
14535.7,16:14:28,4.410e-06
14536.9,16:14:29,4.410e-06
14538.1,16:14:30,4.420e-06
14539.2,16:14:31,4.410e-06
14540.4,16:14:32,4.420e-06
14541.6,16:14:34,4.410e-06
14542.7,16:14:35,4.410e-06
14543.9,16:14:36,4.420e-06
14545.1,16:14:37,4.420e-06
14546.2,16:14:38,4.410e-06
14547.4,16:14:39,4.410e-06
14548.6,16:14:41,4.410e-06
14549.7,16:14:42,4.410e-06
14550.9,16:14:43,4.410e-06
14552.1,16:14:44,4.410e-06
14553.2,16:14:45,4.410e-06
14554.4,16:14:46,4.410e-06
14555.6,16:14:48,4.410e-06
14556.8,16:14:49,4.410e-06
14557.9,16:14:50,4.410e-06
14559.1,16:14:51,4.410e-06
14560.3,16:14:52,4.410e-06
14561.4,16:14:53,4.410e-06
14562.6,16:14:55,4.410e-06
14563.8,16:14:56,4.410e-06
14564.9,16:14:57,4.410e-06
14566.1,16:14:58,4.410e-06
14567.3,16:14:59,4.410e-06
14568.4,16:15:00,4.410e-06
14569.6,16:15:02,4.410e-06
14570.8,16:15:03,4.410e-06
14572.0,16:15:04,4.410e-06
14573.1,16:15:05,4.410e-06
14574.3,16:15:06,4.410e-06
14575.5,16:15:07,4.410e-06
14576.6,16:15:09,4.410e-06
14577.8,16:15:10,4.410e-06
14578.9,16:15:11,4.410e-06
14580.1,16:15:12,4.410e-06
14581.3,16:15:13,4.410e-06
14582.4,16:15:14,4.410e-06
14583.6,16:15:16,4.410e-06
14584.8,16:15:17,4.410e-06
14585.9,16:15:18,4.410e-06
14587.1,16:15:19,4.410e-06
14588.3,16:15:20,4.410e-06
14589.4,16:15:21,4.410e-06
14590.6,16:15:23,4.410e-06
14591.8,16:15:24,4.410e-06
14592.9,16:15:25,4.410e-06
14594.1,16:15:26,4.410e-06
14595.3,16:15:27,4.410e-06
14596.4,16:15:28,4.390e-06
14597.6,16:15:30,4.380e-06
14598.8,16:15:31,4.380e-06
14599.9,16:15:32,4.370e-06
14601.1,16:15:33,4.370e-06
14602.3,16:15:34,4.370e-06
14603.4,16:15:35,4.370e-06
14604.6,16:15:37,4.370e-06
14605.8,16:15:38,4.370e-06
14607.0,16:15:39,4.370e-06
14608.1,16:15:40,4.370e-06
14609.3,16:15:41,4.370e-06
14610.4,16:15:42,4.370e-06
14611.6,16:15:44,4.370e-06
14612.8,16:15:45,4.370e-06
14613.9,16:15:46,4.370e-06
14615.1,16:15:47,4.370e-06
14616.3,16:15:48,4.370e-06
14617.4,16:15:49,4.370e-06
14618.6,16:15:51,4.370e-06
14619.8,16:15:52,4.370e-06
14620.9,16:15:53,4.370e-06
14622.1,16:15:54,4.370e-06
14623.3,16:15:55,4.370e-06
14624.4,16:15:56,4.370e-06
14625.6,16:15:58,4.370e-06
14626.8,16:15:59,4.370e-06
14627.9,16:16:00,4.370e-06
14629.1,16:16:01,4.370e-06
14630.3,16:16:02,4.370e-06
14631.4,16:16:03,4.370e-06
14632.6,16:16:05,4.370e-06
14633.8,16:16:06,4.370e-06
14634.9,16:16:07,4.370e-06
14636.1,16:16:08,4.370e-06
14637.3,16:16:09,4.370e-06
14638.4,16:16:10,4.370e-06
14639.6,16:16:12,4.370e-06
14640.8,16:16:13,4.370e-06
14642.0,16:16:14,4.370e-06
14643.1,16:16:15,4.370e-06
14644.3,16:16:16,4.370e-06
14645.5,16:16:18,4.370e-06
14646.6,16:16:19,4.370e-06
14647.8,16:16:20,4.370e-06
14649.0,16:16:21,4.370e-06
14650.2,16:16:22,4.370e-06
14651.3,16:16:23,4.370e-06
14652.5,16:16:25,4.370e-06
14653.7,16:16:26,4.370e-06
14654.8,16:16:27,4.370e-06
14656.0,16:16:28,4.370e-06
14657.2,16:16:29,4.370e-06
14658.3,16:16:30,4.370e-06
14659.5,16:16:32,4.370e-06
14660.7,16:16:33,4.370e-06
14661.8,16:16:34,4.370e-06
14663.0,16:16:35,4.370e-06
14664.2,16:16:36,4.360e-06
14665.3,16:16:37,4.370e-06
14666.5,16:16:39,4.360e-06
14667.7,16:16:40,4.370e-06
14668.8,16:16:41,4.370e-06
14670.0,16:16:42,4.370e-06
14671.2,16:16:43,4.370e-06
14672.3,16:16:44,4.360e-06
14673.5,16:16:46,4.360e-06
14674.7,16:16:47,4.360e-06
14675.8,16:16:48,4.360e-06
14677.0,16:16:49,4.360e-06
14678.2,16:16:50,4.360e-06
14679.3,16:16:51,4.360e-06
14680.5,16:16:53,4.360e-06
14681.7,16:16:54,4.360e-06
14682.8,16:16:55,4.360e-06
14684.0,16:16:56,4.360e-06
14685.2,16:16:57,4.360e-06
14686.3,16:16:58,4.360e-06
14687.5,16:17:00,4.360e-06
14688.7,16:17:01,4.360e-06
14689.8,16:17:02,4.360e-06
14691.0,16:17:03,4.360e-06
14692.2,16:17:04,4.360e-06
14693.4,16:17:05,4.360e-06
14694.5,16:17:07,4.360e-06
14695.7,16:17:08,4.360e-06
14696.9,16:17:09,4.360e-06
14698.0,16:17:10,4.360e-06
14699.2,16:17:11,4.360e-06
14700.4,16:17:12,4.360e-06
14701.6,16:17:14,4.360e-06
14702.7,16:17:15,4.360e-06
14703.9,16:17:16,4.360e-06
14705.0,16:17:17,4.360e-06
14706.2,16:17:18,4.360e-06
14707.4,16:17:19,4.360e-06
14708.5,16:17:21,4.360e-06
14709.7,16:17:22,4.360e-06
14710.9,16:17:23,4.360e-06
14712.1,16:17:24,4.360e-06
14713.2,16:17:25,4.360e-06
14714.4,16:17:26,4.360e-06
14715.6,16:17:28,4.360e-06
14716.7,16:17:29,4.360e-06
14717.9,16:17:30,4.360e-06
14719.1,16:17:31,4.360e-06
14720.3,16:17:32,4.360e-06
14721.4,16:17:33,4.360e-06
14722.6,16:17:35,4.340e-06
14723.8,16:17:36,4.330e-06
14724.9,16:17:37,4.330e-06
14726.1,16:17:38,4.330e-06
14727.3,16:17:39,4.330e-06
14728.4,16:17:40,4.330e-06
14729.6,16:17:42,4.330e-06
14730.8,16:17:43,4.330e-06
14731.9,16:17:44,4.330e-06
14733.1,16:17:45,4.330e-06
14734.3,16:17:46,4.330e-06
14735.4,16:17:47,4.330e-06
14736.6,16:17:49,4.330e-06
14737.8,16:17:50,4.320e-06
14738.9,16:17:51,4.330e-06
14740.1,16:17:52,4.320e-06
14741.3,16:17:53,4.330e-06
14742.4,16:17:54,4.330e-06
14743.6,16:17:56,4.330e-06
14744.8,16:17:57,4.330e-06
14745.9,16:17:58,4.330e-06
14747.1,16:17:59,4.330e-06
14748.3,16:18:00,4.330e-06
14749.4,16:18:01,4.330e-06
14750.6,16:18:03,4.330e-06
14751.8,16:18:04,4.320e-06
14753.0,16:18:05,4.320e-06
14754.1,16:18:06,4.320e-06
14755.3,16:18:07,4.320e-06
14756.4,16:18:08,4.320e-06
14757.6,16:18:10,4.320e-06
14758.8,16:18:11,4.320e-06
14760.0,16:18:12,4.320e-06
14761.1,16:18:13,4.320e-06
14762.3,16:18:14,4.320e-06
14763.5,16:18:16,4.320e-06
14764.6,16:18:17,4.320e-06
14765.8,16:18:18,4.320e-06
14767.0,16:18:19,4.320e-06
14768.1,16:18:20,4.320e-06
14769.3,16:18:21,4.320e-06
14770.4,16:18:22,4.320e-06
14771.6,16:18:24,4.320e-06
14772.8,16:18:25,4.320e-06
14774.0,16:18:26,4.320e-06
14775.1,16:18:27,4.320e-06
14776.3,16:18:28,4.320e-06
14777.5,16:18:30,4.320e-06
14778.6,16:18:31,4.320e-06
14779.8,16:18:32,4.320e-06
14781.0,16:18:33,4.320e-06
14782.1,16:18:34,4.320e-06
14783.3,16:18:35,4.320e-06
14784.5,16:18:37,4.320e-06
14785.6,16:18:38,4.320e-06
14786.8,16:18:39,4.320e-06
14788.0,16:18:40,4.320e-06
14789.1,16:18:41,4.320e-06
14790.3,16:18:42,4.320e-06
14791.5,16:18:44,4.320e-06
14792.7,16:18:45,4.320e-06
14793.8,16:18:46,4.320e-06
14795.0,16:18:47,4.320e-06
14796.2,16:18:48,4.320e-06
14797.3,16:18:49,4.320e-06
14798.5,16:18:51,4.320e-06
14799.7,16:18:52,4.320e-06
14800.8,16:18:53,4.320e-06
14802.0,16:18:54,4.320e-06
14803.2,16:18:55,4.320e-06
14804.3,16:18:56,4.320e-06
14805.5,16:18:58,4.330e-06
14806.7,16:18:59,4.320e-06
14807.8,16:19:00,4.320e-06
14809.0,16:19:01,4.320e-06
14810.2,16:19:02,4.320e-06
14811.3,16:19:03,4.320e-06
14812.5,16:19:05,4.330e-06
14813.7,16:19:06,4.320e-06
14814.8,16:19:07,4.320e-06
14816.0,16:19:08,4.320e-06
14817.2,16:19:09,4.320e-06
14818.3,16:19:10,4.320e-06
14819.5,16:19:12,4.320e-06
14820.7,16:19:13,4.320e-06
14821.8,16:19:14,4.320e-06
14823.0,16:19:15,4.320e-06
14824.2,16:19:16,4.320e-06
14825.3,16:19:17,4.330e-06
14826.5,16:19:19,4.320e-06
14827.7,16:19:20,4.330e-06
14828.8,16:19:21,4.330e-06
14830.0,16:19:22,4.320e-06
14831.2,16:19:23,4.320e-06
14832.3,16:19:24,4.320e-06
14833.5,16:19:26,4.320e-06
14834.7,16:19:27,4.330e-06
14835.9,16:19:28,4.330e-06
14837.0,16:19:29,4.330e-06
14838.2,16:19:30,4.330e-06
14839.4,16:19:31,4.330e-06
14840.5,16:19:33,4.330e-06
14841.7,16:19:34,4.330e-06
14842.9,16:19:35,4.330e-06
14844.0,16:19:36,4.330e-06
14845.2,16:19:37,4.330e-06
14846.4,16:19:38,4.330e-06
14847.5,16:19:40,4.330e-06
14848.7,16:19:41,4.330e-06
14849.9,16:19:42,4.330e-06
14851.0,16:19:43,4.310e-06
14852.2,16:19:44,4.300e-06
14853.4,16:19:45,4.300e-06
14854.5,16:19:47,4.300e-06
14855.7,16:19:48,4.300e-06
14856.9,16:19:49,4.300e-06
14858.0,16:19:50,4.300e-06
14859.2,16:19:51,4.300e-06
14860.4,16:19:52,4.300e-06
14861.5,16:19:54,4.300e-06
14862.7,16:19:55,4.300e-06
14863.9,16:19:56,4.300e-06
14865.0,16:19:57,4.300e-06
14866.2,16:19:58,4.300e-06
14867.4,16:19:59,4.300e-06
14868.5,16:20:01,4.300e-06
14869.7,16:20:02,4.300e-06
14870.9,16:20:03,4.300e-06
14872.0,16:20:04,4.300e-06
14873.2,16:20:05,4.300e-06
14874.4,16:20:06,4.300e-06
14875.5,16:20:08,4.290e-06
14876.7,16:20:09,4.300e-06
14877.9,16:20:10,4.300e-06
14879.1,16:20:11,4.290e-06
14880.2,16:20:12,4.300e-06
14881.4,16:20:13,4.300e-06
14882.6,16:20:15,4.300e-06
14883.7,16:20:16,4.300e-06
14884.9,16:20:17,4.290e-06
14886.1,16:20:18,4.300e-06
14887.2,16:20:19,4.300e-06
14888.4,16:20:20,4.290e-06
14889.5,16:20:22,4.300e-06
14890.7,16:20:23,4.300e-06
14891.9,16:20:24,4.300e-06
14893.1,16:20:25,4.300e-06
14894.2,16:20:26,4.300e-06
14895.4,16:20:27,4.300e-06
14896.6,16:20:29,4.290e-06
14897.7,16:20:30,4.300e-06
14898.9,16:20:31,4.300e-06
14900.0,16:20:32,4.300e-06
14901.2,16:20:33,4.300e-06
14902.4,16:20:34,4.300e-06
14903.5,16:20:36,4.300e-06
14904.7,16:20:37,4.300e-06
14905.9,16:20:38,4.300e-06
14907.0,16:20:39,4.300e-06
14908.2,16:20:40,4.300e-06
14909.4,16:20:41,4.300e-06
14910.5,16:20:43,4.300e-06
14911.7,16:20:44,4.300e-06
14912.9,16:20:45,4.300e-06
14914.0,16:20:46,4.300e-06
14915.2,16:20:47,4.300e-06
14916.3,16:20:48,4.300e-06
14917.5,16:20:50,4.300e-06
14918.7,16:20:51,4.300e-06
14919.9,16:20:52,4.300e-06
14921.0,16:20:53,4.300e-06
14922.2,16:20:54,4.300e-06
14923.4,16:20:55,4.300e-06
14924.5,16:20:57,4.300e-06
14925.7,16:20:58,4.300e-06
14926.8,16:20:59,4.300e-06
14928.0,16:21:00,4.300e-06
14929.2,16:21:01,4.300e-06
14930.3,16:21:02,4.300e-06
14931.5,16:21:04,4.300e-06
14932.7,16:21:05,4.300e-06
14933.8,16:21:06,4.300e-06
14935.0,16:21:07,4.300e-06
14936.2,16:21:08,4.300e-06
14937.3,16:21:09,4.300e-06
14938.5,16:21:11,4.300e-06
14939.7,16:21:12,4.300e-06
14940.9,16:21:13,4.300e-06
14942.0,16:21:14,4.300e-06
14943.2,16:21:15,4.300e-06
14944.3,16:21:16,4.300e-06
14945.5,16:21:18,4.300e-06
14946.7,16:21:19,4.300e-06
14947.8,16:21:20,4.300e-06
14949.0,16:21:21,4.300e-06
14950.2,16:21:22,4.300e-06
14951.3,16:21:23,4.310e-06
14952.5,16:21:25,4.310e-06
14953.7,16:21:26,4.300e-06
14954.8,16:21:27,4.310e-06
14956.0,16:21:28,4.310e-06
14957.2,16:21:29,4.310e-06
14958.3,16:21:30,4.310e-06
14959.5,16:21:32,4.300e-06
14960.6,16:21:33,4.310e-06
14961.8,16:21:34,4.310e-06
14963.0,16:21:35,4.310e-06
14964.2,16:21:36,4.310e-06
14965.3,16:21:37,4.310e-06
14966.5,16:21:39,4.310e-06
14967.6,16:21:40,4.310e-06
14968.9,16:21:41,4.310e-06
14970.0,16:21:42,4.310e-06
14971.2,16:21:43,4.310e-06
14972.4,16:21:44,4.310e-06
14973.5,16:21:46,4.310e-06
14974.7,16:21:47,4.310e-06
14975.9,16:21:48,4.310e-06
14977.1,16:21:49,4.310e-06
14978.2,16:21:50,4.310e-06
14979.4,16:21:51,4.310e-06
14980.6,16:21:53,4.290e-06
14981.7,16:21:54,4.280e-06
14982.9,16:21:55,4.280e-06
14984.1,16:21:56,4.280e-06
14985.2,16:21:57,4.280e-06
14986.4,16:21:58,4.280e-06
14987.6,16:22:00,4.270e-06
14988.8,16:22:01,4.280e-06
14989.9,16:22:02,4.280e-06
14991.1,16:22:03,4.270e-06
14992.2,16:22:04,4.280e-06
14993.4,16:22:05,4.280e-06
14994.6,16:22:07,4.280e-06
14995.8,16:22:08,4.280e-06
14996.9,16:22:09,4.280e-06
14998.1,16:22:10,4.280e-06
14999.3,16:22:11,4.280e-06
15000.4,16:22:12,4.280e-06
15001.6,16:22:14,4.280e-06
15002.8,16:22:15,4.280e-06
15003.9,16:22:16,4.280e-06
15005.1,16:22:17,4.280e-06
15006.3,16:22:18,4.280e-06
15007.5,16:22:19,4.280e-06
15008.6,16:22:21,4.280e-06
15009.8,16:22:22,4.280e-06
15011.0,16:22:23,4.280e-06
15012.1,16:22:24,4.280e-06
15013.3,16:22:25,4.280e-06
15014.5,16:22:27,4.280e-06
15015.6,16:22:28,4.280e-06
15016.8,16:22:29,4.270e-06
15018.0,16:22:30,4.280e-06
15019.1,16:22:31,4.280e-06
15020.3,16:22:32,4.280e-06
15021.5,16:22:34,4.280e-06
15022.6,16:22:35,4.280e-06
15023.8,16:22:36,4.270e-06
15025.0,16:22:37,4.280e-06
15026.2,16:22:38,4.280e-06
15027.3,16:22:39,4.280e-06
15028.5,16:22:41,4.280e-06
15029.6,16:22:42,4.270e-06
15030.8,16:22:43,4.270e-06
15032.0,16:22:44,4.270e-06
15033.1,16:22:45,4.270e-06
15034.3,16:22:46,4.280e-06
15035.5,16:22:48,4.270e-06
15036.7,16:22:49,4.270e-06
15037.9,16:22:50,4.280e-06
15039.0,16:22:51,4.280e-06
15040.2,16:22:52,4.270e-06
15041.4,16:22:53,4.280e-06
15042.5,16:22:55,4.270e-06
15043.7,16:22:56,4.280e-06
15044.9,16:22:57,4.280e-06
15046.0,16:22:58,4.280e-06
15047.2,16:22:59,4.280e-06
15048.4,16:23:00,4.280e-06
15049.5,16:23:02,4.280e-06
15050.7,16:23:03,4.280e-06
15051.9,16:23:04,4.280e-06
15053.0,16:23:05,4.280e-06
15054.2,16:23:06,4.280e-06
15055.4,16:23:07,4.280e-06
15056.5,16:23:09,4.280e-06
15057.7,16:23:10,4.280e-06
15058.9,16:23:11,4.280e-06
15060.0,16:23:12,4.280e-06
15061.2,16:23:13,4.280e-06
15062.4,16:23:14,4.280e-06
15063.6,16:23:16,4.280e-06
15064.7,16:23:17,4.280e-06
15065.9,16:23:18,4.280e-06
15067.1,16:23:19,4.280e-06
15068.3,16:23:20,4.280e-06
15069.4,16:23:21,4.280e-06
15070.6,16:23:23,4.280e-06
15071.8,16:23:24,4.280e-06
15072.9,16:23:25,4.280e-06
15074.1,16:23:26,4.280e-06
15075.3,16:23:27,4.280e-06
15076.4,16:23:28,4.280e-06
15077.6,16:23:30,4.280e-06
15078.8,16:23:31,4.280e-06
15079.9,16:23:32,4.280e-06
15081.1,16:23:33,4.280e-06
15082.3,16:23:34,4.280e-06
15083.4,16:23:35,4.280e-06
15084.6,16:23:37,4.280e-06
15085.8,16:23:38,4.280e-06
15087.0,16:23:39,4.280e-06
15088.1,16:23:40,4.280e-06
15089.3,16:23:41,4.270e-06
15090.4,16:23:42,4.270e-06
15091.6,16:23:44,4.280e-06
15092.8,16:23:45,4.280e-06
15094.0,16:23:46,4.280e-06
15095.1,16:23:47,4.280e-06
15096.3,16:23:48,4.280e-06
15097.4,16:23:49,4.280e-06
15098.6,16:23:51,4.280e-06
15099.8,16:23:52,4.280e-06
15100.9,16:23:53,4.280e-06
15102.1,16:23:54,4.270e-06
15103.3,16:23:55,4.280e-06
15104.5,16:23:57,4.270e-06
15105.7,16:23:58,4.270e-06
15106.8,16:23:59,4.270e-06
15108.0,16:24:00,4.270e-06
15109.1,16:24:01,4.270e-06
15110.3,16:24:02,4.270e-06
15111.5,16:24:04,4.270e-06
15112.6,16:24:05,4.270e-06
15113.8,16:24:06,4.270e-06
15115.0,16:24:07,4.270e-06
15116.1,16:24:08,4.270e-06
15117.3,16:24:09,4.270e-06
15118.5,16:24:11,4.270e-06
15119.6,16:24:12,4.270e-06
15120.8,16:24:13,4.270e-06
15122.0,16:24:14,4.270e-06
15123.1,16:24:15,4.270e-06
15124.3,16:24:16,4.270e-06
15125.5,16:24:18,4.270e-06
15126.6,16:24:19,4.270e-06
15127.8,16:24:20,4.270e-06
15129.0,16:24:21,4.270e-06
15130.1,16:24:22,4.250e-06
15131.3,16:24:23,4.240e-06
15132.5,16:24:25,4.240e-06
15133.6,16:24:26,4.240e-06
15134.8,16:24:27,4.240e-06
15136.0,16:24:28,4.240e-06
15137.1,16:24:29,4.240e-06
15138.3,16:24:30,4.240e-06
15139.5,16:24:32,4.240e-06
15140.6,16:24:33,4.240e-06
15141.8,16:24:34,4.240e-06
15143.0,16:24:35,4.240e-06
15144.1,16:24:36,4.240e-06
15145.3,16:24:37,4.230e-06
15146.5,16:24:39,4.230e-06
15147.7,16:24:40,4.230e-06
15148.8,16:24:41,4.230e-06
15150.0,16:24:42,4.230e-06
15151.2,16:24:43,4.230e-06
15152.4,16:24:44,4.230e-06
15153.5,16:24:46,4.230e-06
15154.7,16:24:47,4.230e-06
15155.9,16:24:48,4.230e-06
15157.0,16:24:49,4.230e-06
15158.2,16:24:50,4.230e-06
15159.4,16:24:51,4.230e-06
15160.5,16:24:53,4.230e-06
15161.7,16:24:54,4.230e-06
15162.9,16:24:55,4.230e-06
15164.0,16:24:56,4.230e-06
15165.2,16:24:57,4.230e-06
15166.4,16:24:58,4.230e-06
15167.5,16:25:00,4.230e-06
15168.7,16:25:01,4.230e-06
15169.8,16:25:02,4.230e-06
15171.0,16:25:03,4.230e-06
15172.2,16:25:04,4.230e-06
15173.3,16:25:05,4.230e-06
15174.5,16:25:07,4.230e-06
15175.7,16:25:08,4.230e-06
15176.8,16:25:09,4.230e-06
15178.0,16:25:10,4.230e-06
15179.1,16:25:11,4.230e-06
15180.3,16:25:12,4.230e-06
15181.4,16:25:13,4.230e-06
15182.6,16:25:15,4.230e-06
15183.8,16:25:16,4.230e-06
15184.9,16:25:17,4.230e-06
15186.1,16:25:18,4.230e-06
15187.3,16:25:19,4.230e-06
15188.4,16:25:20,4.230e-06
15189.6,16:25:22,4.230e-06
15190.7,16:25:23,4.230e-06
15191.9,16:25:24,4.230e-06
15193.1,16:25:25,4.230e-06
15194.2,16:25:26,4.230e-06
15195.4,16:25:27,4.230e-06
15196.6,16:25:29,4.230e-06
15197.7,16:25:30,4.230e-06
15198.9,16:25:31,4.230e-06
15200.1,16:25:32,4.230e-06
15201.2,16:25:33,4.230e-06
15202.4,16:25:34,4.230e-06
15203.6,16:25:36,4.230e-06
15204.7,16:25:37,4.230e-06
15205.9,16:25:38,4.230e-06
15207.1,16:25:39,4.230e-06
15208.2,16:25:40,4.230e-06
15209.4,16:25:41,4.220e-06
15210.5,16:25:43,4.230e-06
15211.7,16:25:44,4.230e-06
15212.9,16:25:45,4.230e-06
15214.1,16:25:46,4.230e-06
15215.2,16:25:47,4.230e-06
15216.4,16:25:48,4.230e-06
15217.6,16:25:50,4.230e-06
15218.7,16:25:51,4.230e-06
15219.9,16:25:52,4.220e-06
15221.1,16:25:53,4.230e-06
15222.2,16:25:54,4.230e-06
15223.4,16:25:55,4.220e-06
15224.6,16:25:57,4.220e-06
15225.7,16:25:58,4.230e-06
15226.9,16:25:59,4.230e-06
15228.1,16:26:00,4.220e-06
15229.2,16:26:01,4.230e-06
15230.4,16:26:02,4.220e-06
15231.6,16:26:04,4.220e-06
15232.7,16:26:05,4.220e-06
15233.9,16:26:06,4.230e-06
15235.1,16:26:07,4.230e-06
15236.2,16:26:08,4.230e-06
15237.4,16:26:09,4.220e-06
15238.6,16:26:11,4.230e-06
15239.7,16:26:12,4.230e-06
15240.9,16:26:13,4.230e-06
15242.1,16:26:14,4.230e-06
15243.2,16:26:15,4.230e-06
15244.4,16:26:16,4.220e-06
15245.6,16:26:18,4.230e-06
15246.7,16:26:19,4.230e-06
15247.9,16:26:20,4.230e-06
15249.1,16:26:21,4.220e-06
15250.3,16:26:22,4.230e-06
15251.5,16:26:24,4.210e-06
15252.6,16:26:25,4.200e-06
15253.8,16:26:26,4.200e-06
15255.0,16:26:27,4.200e-06
15256.1,16:26:28,4.190e-06
15257.3,16:26:29,4.190e-06
15258.5,16:26:31,4.190e-06
15259.6,16:26:32,4.190e-06
15260.8,16:26:33,4.190e-06
15262.0,16:26:34,4.190e-06
15263.2,16:26:35,4.190e-06
15264.3,16:26:36,4.190e-06
15265.5,16:26:38,4.190e-06
15266.7,16:26:39,4.190e-06
15267.8,16:26:40,4.190e-06
15269.0,16:26:41,4.190e-06
15270.1,16:26:42,4.190e-06
15271.3,16:26:43,4.190e-06
15272.5,16:26:45,4.190e-06
15273.7,16:26:46,4.190e-06
15274.8,16:26:47,4.190e-06
15276.0,16:26:48,4.190e-06
15277.2,16:26:49,4.190e-06
15278.3,16:26:50,4.190e-06
15279.5,16:26:52,4.190e-06
15280.7,16:26:53,4.190e-06
15281.8,16:26:54,4.190e-06
15283.0,16:26:55,4.190e-06
15284.2,16:26:56,4.190e-06
15285.4,16:26:57,4.190e-06
15286.6,16:26:59,4.190e-06
15287.7,16:27:00,4.190e-06
15288.9,16:27:01,4.190e-06
15290.1,16:27:02,4.190e-06
15291.2,16:27:03,4.190e-06
15292.4,16:27:04,4.190e-06
15293.6,16:27:06,4.190e-06
15294.7,16:27:07,4.190e-06
15295.9,16:27:08,4.190e-06
15297.1,16:27:09,4.190e-06
15298.2,16:27:10,4.190e-06
15299.4,16:27:11,4.190e-06
15300.6,16:27:13,4.180e-06
15301.8,16:27:14,4.190e-06
15302.9,16:27:15,4.190e-06
15304.1,16:27:16,4.190e-06
15305.3,16:27:17,4.190e-06
15306.4,16:27:18,4.180e-06
15307.6,16:27:20,4.180e-06
15308.8,16:27:21,4.180e-06
15309.9,16:27:22,4.180e-06
15311.1,16:27:23,4.180e-06
15312.3,16:27:24,4.180e-06
15313.4,16:27:25,4.180e-06
15314.6,16:27:27,4.180e-06
15315.8,16:27:28,4.180e-06
15316.9,16:27:29,4.180e-06
15318.1,16:27:30,4.180e-06
15319.3,16:27:31,4.180e-06
15320.4,16:27:32,4.180e-06
15321.6,16:27:34,4.180e-06
15322.8,16:27:35,4.180e-06
15324.0,16:27:36,4.180e-06
15325.1,16:27:37,4.180e-06
15326.3,16:27:38,4.180e-06
15327.5,16:27:40,4.180e-06
15328.6,16:27:41,4.180e-06
15329.8,16:27:42,4.180e-06
15331.0,16:27:43,4.180e-06
15332.1,16:27:44,4.180e-06
15333.3,16:27:45,4.180e-06
15334.5,16:27:47,4.180e-06
15335.6,16:27:48,4.180e-06
15336.8,16:27:49,4.180e-06
15338.0,16:27:50,4.180e-06
15339.1,16:27:51,4.170e-06
15340.3,16:27:52,4.180e-06
15341.5,16:27:54,4.180e-06
15342.7,16:27:55,4.180e-06
15343.8,16:27:56,4.180e-06
15345.0,16:27:57,4.180e-06
15346.2,16:27:58,4.180e-06
15347.3,16:27:59,4.180e-06
15348.5,16:28:01,4.180e-06
15349.7,16:28:02,4.180e-06
15350.8,16:28:03,4.180e-06
15352.0,16:28:04,4.180e-06
15353.2,16:28:05,4.180e-06
15354.3,16:28:06,4.180e-06
15355.5,16:28:08,4.180e-06
15356.7,16:28:09,4.180e-06
15357.9,16:28:10,4.180e-06
15359.0,16:28:11,4.180e-06
15360.2,16:28:12,4.180e-06
15361.4,16:28:13,4.180e-06
15362.5,16:28:15,4.180e-06
15363.7,16:28:16,4.180e-06
15364.9,16:28:17,4.180e-06
15366.1,16:28:18,4.180e-06
15367.3,16:28:19,4.180e-06
15368.5,16:28:20,4.180e-06
15369.6,16:28:22,4.180e-06
15370.8,16:28:23,4.180e-06
15372.0,16:28:24,4.180e-06
15373.1,16:28:25,4.180e-06
15374.3,16:28:26,4.180e-06
15375.5,16:28:28,4.180e-06
15376.6,16:28:29,4.180e-06
15377.8,16:28:30,4.160e-06
15379.0,16:28:31,4.160e-06
15380.1,16:28:32,4.150e-06
15381.3,16:28:33,4.150e-06
15382.5,16:28:35,4.150e-06
15383.6,16:28:36,4.150e-06
15384.8,16:28:37,4.150e-06
15386.0,16:28:38,4.150e-06
15387.1,16:28:39,4.150e-06
15388.3,16:28:40,4.150e-06
15389.5,16:28:42,4.150e-06
15390.7,16:28:43,4.150e-06
15391.8,16:28:44,4.150e-06
15393.0,16:28:45,4.150e-06
15394.2,16:28:46,4.150e-06
15395.3,16:28:47,4.150e-06
15396.5,16:28:49,4.150e-06
15397.7,16:28:50,4.150e-06
15398.8,16:28:51,4.150e-06
15400.0,16:28:52,4.150e-06
15401.2,16:28:53,4.150e-06
15402.4,16:28:54,4.150e-06
15403.5,16:28:56,4.150e-06
15404.7,16:28:57,4.150e-06
15405.9,16:28:58,4.150e-06
15407.1,16:28:59,4.150e-06
15408.2,16:29:00,4.150e-06
15409.4,16:29:01,4.150e-06
15410.6,16:29:03,4.150e-06
15411.7,16:29:04,4.150e-06
15412.9,16:29:05,4.150e-06
15414.1,16:29:06,4.150e-06
15415.2,16:29:07,4.150e-06
15416.4,16:29:08,4.150e-06
15417.6,16:29:10,4.150e-06
15418.7,16:29:11,4.150e-06
15419.9,16:29:12,4.150e-06
15421.1,16:29:13,4.150e-06
15422.2,16:29:14,4.150e-06
15423.4,16:29:15,4.160e-06
15424.6,16:29:17,4.170e-06
15425.7,16:29:18,4.180e-06
15426.9,16:29:19,4.190e-06
15428.1,16:29:20,4.190e-06
15429.2,16:29:21,4.200e-06
15430.4,16:29:22,4.210e-06
15431.6,16:29:24,4.210e-06
15432.8,16:29:25,4.210e-06
15434.0,16:29:26,4.220e-06
15435.1,16:29:27,4.230e-06
15436.3,16:29:28,4.230e-06
15437.5,16:29:30,4.240e-06
15438.6,16:29:31,4.240e-06
15439.8,16:29:32,4.250e-06
15441.0,16:29:33,4.250e-06
15442.2,16:29:34,4.260e-06
15443.3,16:29:35,4.260e-06
15444.5,16:29:37,4.260e-06
15445.7,16:29:38,4.270e-06
15446.9,16:29:39,4.270e-06
15448.0,16:29:40,4.280e-06
15449.2,16:29:41,4.280e-06
15450.4,16:29:42,4.280e-06
15451.5,16:29:44,4.290e-06
15452.7,16:29:45,4.290e-06
15453.9,16:29:46,4.300e-06
15455.0,16:29:47,4.300e-06
15456.2,16:29:48,4.310e-06
15457.4,16:29:49,4.310e-06
15458.5,16:29:51,4.310e-06
15459.7,16:29:52,4.320e-06
15460.9,16:29:53,4.330e-06
15462.1,16:29:54,4.330e-06
15463.2,16:29:55,4.330e-06
15464.4,16:29:56,4.340e-06
15465.6,16:29:58,4.340e-06
15466.7,16:29:59,4.350e-06
15467.9,16:30:00,4.350e-06
15469.1,16:30:01,4.350e-06
15470.2,16:30:02,4.360e-06
15471.4,16:30:03,4.360e-06
15472.6,16:30:05,4.370e-06
15473.8,16:30:06,4.370e-06
15474.9,16:30:07,4.370e-06
15476.1,16:30:08,4.380e-06
15477.2,16:30:09,4.380e-06
15478.4,16:30:10,4.380e-06
15479.6,16:30:12,4.390e-06
15480.8,16:30:13,4.390e-06
15481.9,16:30:14,4.400e-06
15483.1,16:30:15,4.400e-06
15484.3,16:30:16,4.400e-06
15485.4,16:30:17,4.410e-06
15486.6,16:30:19,4.410e-06
15487.8,16:30:20,4.420e-06
15489.0,16:30:21,4.420e-06
15490.1,16:30:22,4.420e-06
15491.3,16:30:23,4.430e-06
15492.5,16:30:25,4.430e-06
15493.7,16:30:26,4.440e-06
15494.8,16:30:27,4.440e-06
15496.0,16:30:28,4.440e-06
15497.2,16:30:29,4.440e-06
15498.4,16:30:30,4.450e-06
15499.5,16:30:32,4.450e-06
15500.7,16:30:33,4.430e-06
15501.9,16:30:34,4.430e-06
15503.1,16:30:35,4.430e-06
15504.2,16:30:36,4.430e-06
15505.4,16:30:37,4.440e-06
15506.6,16:30:39,4.440e-06
15507.7,16:30:40,4.440e-06
15508.9,16:30:41,4.440e-06
15510.1,16:30:42,4.450e-06
15511.3,16:30:43,4.450e-06
15512.4,16:30:44,4.450e-06
15513.6,16:30:46,4.460e-06
15514.8,16:30:47,4.460e-06
15516.0,16:30:48,4.460e-06
15517.1,16:30:49,4.460e-06
15518.3,16:30:50,4.470e-06
15519.5,16:30:52,4.470e-06
15520.7,16:30:53,4.480e-06
15521.8,16:30:54,4.480e-06
15523.0,16:30:55,4.480e-06
15524.2,16:30:56,4.480e-06
15525.3,16:30:57,4.490e-06
15526.5,16:30:59,4.490e-06
15527.7,16:31:00,4.490e-06
15528.9,16:31:01,4.500e-06
15530.1,16:31:02,4.500e-06
15531.2,16:31:03,4.500e-06
15532.4,16:31:04,4.500e-06
15533.6,16:31:06,4.510e-06
15534.7,16:31:07,4.510e-06
15535.9,16:31:08,4.510e-06
15537.1,16:31:09,4.520e-06
15538.3,16:31:10,4.520e-06
15539.4,16:31:11,4.520e-06
15540.6,16:31:13,4.530e-06
15541.8,16:31:14,4.530e-06
15542.9,16:31:15,4.530e-06
15544.1,16:31:16,4.530e-06
15545.4,16:31:17,4.540e-06
15546.5,16:31:19,4.540e-06
15547.7,16:31:20,4.540e-06
15548.9,16:31:21,4.540e-06
15550.1,16:31:22,4.540e-06
15551.3,16:31:23,4.540e-06
15552.4,16:31:24,4.550e-06
15553.6,16:31:26,4.550e-06
15554.8,16:31:27,4.550e-06
15556.0,16:31:28,4.550e-06
15557.1,16:31:29,4.560e-06
15558.3,16:31:30,4.560e-06
15559.5,16:31:32,4.560e-06
15560.7,16:31:33,4.570e-06
15561.8,16:31:34,4.570e-06
15563.0,16:31:35,4.570e-06
15564.2,16:31:36,4.570e-06
15565.4,16:31:37,4.580e-06
15566.6,16:31:39,4.580e-06
15567.7,16:31:40,4.580e-06
15568.9,16:31:41,4.590e-06
15570.1,16:31:42,4.590e-06
15571.2,16:31:43,4.590e-06
15572.4,16:31:44,4.590e-06
15573.6,16:31:46,4.590e-06
15574.8,16:31:47,4.600e-06
15576.0,16:31:48,4.600e-06
15577.1,16:31:49,4.600e-06
15578.3,16:31:50,4.610e-06
15579.5,16:31:52,4.610e-06
15580.7,16:31:53,4.610e-06
15581.8,16:31:54,4.610e-06
15583.0,16:31:55,4.610e-06
15584.1,16:31:56,4.620e-06
15585.3,16:31:57,4.620e-06
15586.5,16:31:59,4.630e-06
15587.7,16:32:00,4.630e-06
15588.8,16:32:01,4.630e-06
15590.0,16:32:02,4.630e-06
15591.2,16:32:03,4.640e-06
15592.3,16:32:04,4.640e-06
15593.5,16:32:06,4.640e-06
15594.7,16:32:07,4.640e-06
15595.9,16:32:08,4.640e-06
15597.0,16:32:09,4.650e-06
15598.2,16:32:10,4.650e-06
15599.4,16:32:11,4.650e-06
15600.6,16:32:13,4.650e-06
15601.8,16:32:14,4.660e-06
15602.9,16:32:15,4.660e-06
15604.1,16:32:16,4.660e-06
15605.3,16:32:17,4.660e-06
15606.5,16:32:19,4.670e-06
15607.7,16:32:20,4.670e-06
15608.8,16:32:21,4.670e-06
15610.0,16:32:22,4.670e-06
15611.2,16:32:23,4.680e-06
15612.4,16:32:24,4.680e-06
15613.5,16:32:26,4.680e-06
15614.7,16:32:27,4.680e-06
15615.9,16:32:28,4.680e-06
15617.0,16:32:29,4.690e-06
15618.2,16:32:30,4.690e-06
15619.4,16:32:31,4.690e-06
15620.5,16:32:33,4.700e-06
15621.7,16:32:34,4.700e-06
15622.9,16:32:35,4.700e-06
15624.0,16:32:36,4.680e-06
15625.2,16:32:37,4.670e-06
15626.4,16:32:38,4.670e-06
15627.6,16:32:40,4.680e-06
15628.8,16:32:41,4.680e-06
15629.9,16:32:42,4.680e-06
15631.1,16:32:43,4.680e-06
15632.3,16:32:44,4.680e-06
15633.4,16:32:45,4.680e-06
15634.6,16:32:47,4.680e-06
15635.8,16:32:48,4.690e-06
15636.9,16:32:49,4.690e-06
15638.1,16:32:50,4.690e-06
15639.3,16:32:51,4.700e-06
15640.5,16:32:52,4.700e-06
15641.6,16:32:54,4.700e-06
15642.8,16:32:55,4.700e-06
15644.0,16:32:56,4.700e-06
15645.1,16:32:57,4.710e-06
15646.3,16:32:58,4.710e-06
15647.5,16:33:00,4.710e-06
15648.7,16:33:01,4.710e-06
15649.8,16:33:02,4.710e-06
15651.0,16:33:03,4.710e-06
15652.2,16:33:04,4.720e-06
15653.4,16:33:05,4.720e-06
15654.5,16:33:07,4.720e-06
15655.7,16:33:08,4.720e-06
15656.9,16:33:09,4.730e-06
15658.1,16:33:10,4.730e-06
15659.3,16:33:11,4.730e-06
15660.4,16:33:12,4.730e-06
15661.6,16:33:14,4.730e-06
15662.8,16:33:15,4.730e-06
15664.0,16:33:16,4.730e-06
15665.1,16:33:17,4.740e-06
15666.3,16:33:18,4.740e-06
15667.5,16:33:20,4.740e-06
15668.6,16:33:21,4.740e-06
15669.8,16:33:22,4.750e-06
15671.0,16:33:23,4.750e-06
15672.2,16:33:24,4.750e-06
15673.4,16:33:25,4.750e-06
15674.5,16:33:27,4.750e-06
15675.7,16:33:28,4.750e-06
15676.9,16:33:29,4.750e-06
15678.1,16:33:30,4.760e-06
15679.3,16:33:31,4.760e-06
15680.4,16:33:32,4.760e-06
15681.6,16:33:34,4.760e-06
15682.8,16:33:35,4.760e-06
15684.0,16:33:36,4.770e-06
15685.1,16:33:37,4.770e-06
15686.3,16:33:38,4.770e-06
15687.5,16:33:40,4.770e-06
15688.7,16:33:41,4.770e-06
15689.8,16:33:42,4.770e-06
15691.0,16:33:43,4.770e-06
15692.2,16:33:44,4.770e-06
15693.4,16:33:45,4.780e-06
15694.5,16:33:47,4.780e-06
15695.7,16:33:48,4.780e-06
15696.9,16:33:49,4.780e-06
15698.1,16:33:50,4.790e-06
15699.2,16:33:51,4.790e-06
15700.4,16:33:52,4.790e-06
15701.6,16:33:54,4.790e-06
15702.8,16:33:55,4.790e-06
15703.9,16:33:56,4.790e-06
15705.1,16:33:57,4.790e-06
15706.3,16:33:58,4.800e-06
15707.5,16:34:00,4.800e-06
15708.6,16:34:01,4.800e-06
15709.8,16:34:02,4.800e-06
15711.0,16:34:03,4.800e-06
15712.2,16:34:04,4.800e-06
15713.4,16:34:05,4.800e-06
15714.5,16:34:07,4.800e-06
15715.7,16:34:08,4.810e-06
15716.9,16:34:09,4.810e-06
15718.0,16:34:10,4.810e-06
15719.2,16:34:11,4.810e-06
15720.4,16:34:12,4.820e-06
15721.5,16:34:14,4.820e-06
15722.7,16:34:15,4.820e-06
15723.9,16:34:16,4.820e-06
15725.1,16:34:17,4.820e-06
15726.3,16:34:18,4.820e-06
15727.4,16:34:19,4.820e-06
15728.6,16:34:21,4.830e-06
15729.8,16:34:22,4.830e-06
15731.0,16:34:23,4.830e-06
15732.1,16:34:24,4.830e-06
15733.3,16:34:25,4.840e-06
15734.5,16:34:27,4.840e-06
15735.6,16:34:28,4.840e-06
15736.8,16:34:29,4.840e-06
15738.0,16:34:30,4.840e-06
15739.1,16:34:31,4.840e-06
15740.3,16:34:32,4.850e-06
15741.5,16:34:34,4.850e-06
15742.7,16:34:35,4.850e-06
15743.8,16:34:36,4.850e-06
15745.0,16:34:37,4.850e-06
15746.2,16:34:38,4.860e-06
15747.3,16:34:39,4.860e-06
15748.5,16:34:41,4.830e-06
15749.7,16:34:42,4.830e-06
15750.9,16:34:43,4.820e-06
15752.0,16:34:44,4.830e-06
15753.2,16:34:45,4.830e-06
15754.4,16:34:46,4.830e-06
15755.5,16:34:48,4.830e-06
15756.7,16:34:49,4.830e-06
15757.9,16:34:50,4.830e-06
15759.0,16:34:51,4.830e-06
15760.2,16:34:52,4.840e-06
15761.4,16:34:53,4.840e-06
15762.6,16:34:55,4.840e-06
15763.8,16:34:56,4.840e-06
15764.9,16:34:57,4.840e-06
15766.1,16:34:58,4.840e-06
15767.3,16:34:59,4.840e-06
15768.5,16:35:01,4.850e-06
15769.7,16:35:02,4.850e-06
15770.8,16:35:03,4.850e-06
15772.0,16:35:04,4.850e-06
15773.2,16:35:05,4.850e-06
15774.4,16:35:06,4.860e-06
15775.5,16:35:08,4.860e-06
15776.7,16:35:09,4.860e-06
15777.9,16:35:10,4.860e-06
15779.1,16:35:11,4.870e-06
15780.2,16:35:12,4.870e-06
15781.4,16:35:13,4.870e-06
15782.6,16:35:15,4.870e-06
15783.7,16:35:16,4.870e-06
15784.9,16:35:17,4.870e-06
15786.1,16:35:18,4.870e-06
15787.3,16:35:19,4.880e-06
15788.5,16:35:21,4.870e-06
15789.6,16:35:22,4.880e-06
15790.8,16:35:23,4.880e-06
15792.0,16:35:24,4.880e-06
15793.2,16:35:25,4.880e-06
15794.4,16:35:26,4.890e-06
15795.5,16:35:28,4.890e-06
15796.7,16:35:29,4.890e-06
15797.9,16:35:30,4.890e-06
15799.0,16:35:31,4.890e-06
15800.2,16:35:32,4.890e-06
15801.4,16:35:33,4.900e-06
15802.5,16:35:35,4.900e-06
15803.7,16:35:36,4.900e-06
15804.9,16:35:37,4.900e-06
15806.0,16:35:38,4.900e-06
15807.2,16:35:39,4.900e-06
15808.4,16:35:40,4.900e-06
15809.6,16:35:42,4.910e-06
15810.8,16:35:43,4.910e-06
15811.9,16:35:44,4.910e-06
15813.1,16:35:45,4.910e-06
15814.3,16:35:46,4.910e-06
15815.4,16:35:47,4.910e-06
15816.6,16:35:49,4.910e-06
15817.8,16:35:50,4.910e-06
15819.0,16:35:51,4.910e-06
15820.1,16:35:52,4.910e-06
15821.3,16:35:53,4.920e-06
15822.5,16:35:55,4.920e-06
15823.6,16:35:56,4.920e-06
15824.8,16:35:57,4.920e-06
15826.0,16:35:58,4.920e-06
15827.2,16:35:59,4.920e-06
15828.3,16:36:00,4.930e-06
15829.5,16:36:02,4.930e-06
15830.7,16:36:03,4.930e-06
15831.9,16:36:04,4.930e-06
15833.0,16:36:05,4.930e-06
15834.2,16:36:06,4.930e-06
15835.4,16:36:07,4.930e-06
15836.6,16:36:09,4.930e-06
15837.7,16:36:10,4.930e-06
15838.9,16:36:11,4.940e-06
15840.1,16:36:12,4.940e-06
15841.3,16:36:13,4.940e-06
15842.4,16:36:14,4.940e-06
15843.6,16:36:16,4.940e-06
15844.8,16:36:17,4.940e-06
15846.0,16:36:18,4.940e-06
15847.2,16:36:19,4.940e-06
15848.3,16:36:20,4.940e-06
15849.5,16:36:22,4.940e-06
15850.7,16:36:23,4.950e-06
15851.9,16:36:24,4.950e-06
15853.0,16:36:25,4.950e-06
15854.2,16:36:26,4.950e-06
15855.4,16:36:27,4.950e-06
15856.6,16:36:29,4.950e-06
15857.7,16:36:30,4.960e-06
15858.9,16:36:31,4.950e-06
15860.1,16:36:32,4.960e-06
15861.2,16:36:33,4.960e-06
15862.4,16:36:34,4.960e-06
15863.6,16:36:36,4.960e-06
15864.8,16:36:37,4.960e-06
15865.9,16:36:38,4.960e-06
15867.1,16:36:39,4.960e-06
15868.3,16:36:40,4.960e-06
15869.5,16:36:42,4.970e-06
15870.6,16:36:43,4.970e-06
15871.8,16:36:44,4.970e-06
15873.0,16:36:45,4.970e-06
15874.2,16:36:46,4.970e-06
15875.4,16:36:47,4.980e-06
15876.5,16:36:49,4.980e-06
15877.7,16:36:50,4.950e-06
15878.9,16:36:51,4.940e-06
15880.0,16:36:52,4.940e-06
15881.2,16:36:53,4.940e-06
15882.4,16:36:54,4.940e-06
15883.6,16:36:56,4.940e-06
15884.7,16:36:57,4.940e-06
15885.9,16:36:58,4.940e-06
15887.1,16:36:59,4.940e-06
15888.2,16:37:00,4.940e-06
15889.4,16:37:01,4.950e-06
15890.6,16:37:03,4.950e-06
15891.7,16:37:04,4.950e-06
15892.9,16:37:05,4.950e-06
15894.1,16:37:06,4.950e-06
15895.3,16:37:07,4.950e-06
15896.4,16:37:08,4.950e-06
15897.6,16:37:10,4.950e-06
15898.8,16:37:11,4.960e-06
15900.0,16:37:12,4.960e-06
15901.1,16:37:13,4.960e-06
15902.3,16:37:14,4.960e-06
15903.5,16:37:16,4.960e-06
15904.6,16:37:17,4.960e-06
15905.8,16:37:18,4.960e-06
15907.0,16:37:19,4.960e-06
15908.2,16:37:20,4.960e-06
15909.4,16:37:21,4.960e-06
15910.5,16:37:23,4.960e-06
15911.7,16:37:24,4.960e-06
15912.9,16:37:25,4.970e-06
15914.1,16:37:26,4.970e-06
15915.3,16:37:27,4.970e-06
15916.4,16:37:28,4.970e-06
15917.6,16:37:30,4.970e-06
15918.8,16:37:31,4.970e-06
15920.0,16:37:32,4.970e-06
15921.1,16:37:33,4.970e-06
15922.3,16:37:34,4.980e-06
15923.5,16:37:36,4.980e-06
15924.6,16:37:37,4.980e-06
15925.9,16:37:38,4.980e-06
15927.0,16:37:39,4.980e-06
15928.2,16:37:40,4.980e-06
15929.4,16:37:41,4.980e-06
15930.5,16:37:43,4.980e-06
15931.7,16:37:44,4.980e-06
15932.9,16:37:45,4.980e-06
15934.0,16:37:46,4.980e-06
15935.2,16:37:47,4.980e-06
15936.4,16:37:48,4.980e-06
15937.6,16:37:50,4.980e-06
15938.7,16:37:51,4.990e-06
15939.9,16:37:52,4.990e-06
15941.1,16:37:53,4.990e-06
15942.3,16:37:54,4.990e-06
15943.4,16:37:55,4.990e-06
15944.6,16:37:57,4.990e-06
15945.8,16:37:58,4.990e-06
15947.0,16:37:59,5.000e-06
15948.1,16:38:00,5.000e-06
15949.3,16:38:01,5.000e-06
15950.5,16:38:03,5.000e-06
15951.7,16:38:04,5.000e-06
15952.8,16:38:05,5.000e-06
15954.0,16:38:06,5.000e-06
15955.2,16:38:07,5.000e-06
15956.3,16:38:08,5.000e-06
15957.5,16:38:10,5.000e-06
15958.7,16:38:11,5.000e-06
15959.8,16:38:12,5.000e-06
15961.0,16:38:13,5.000e-06
15962.2,16:38:14,5.010e-06
15963.3,16:38:15,5.010e-06
15964.5,16:38:17,5.010e-06
15965.7,16:38:18,5.010e-06
15966.9,16:38:19,5.010e-06
15968.0,16:38:20,5.010e-06
15969.2,16:38:21,5.020e-06
15970.4,16:38:22,5.020e-06
15971.6,16:38:24,5.020e-06
15972.7,16:38:25,5.020e-06
15973.9,16:38:26,5.020e-06
15975.1,16:38:27,5.020e-06
15976.2,16:38:28,5.020e-06
15977.4,16:38:29,5.020e-06
15978.6,16:38:31,5.020e-06
15979.8,16:38:32,5.030e-06
15981.0,16:38:33,5.030e-06
15982.1,16:38:34,5.030e-06
15983.3,16:38:35,5.030e-06
15984.5,16:38:37,5.030e-06
15985.6,16:38:38,5.030e-06
15986.8,16:38:39,5.030e-06
15988.0,16:38:40,5.030e-06
15989.1,16:38:41,5.030e-06
15990.3,16:38:42,5.040e-06
15991.5,16:38:44,5.040e-06
15992.7,16:38:45,5.040e-06
15993.8,16:38:46,5.040e-06
15995.0,16:38:47,5.040e-06
15996.2,16:38:48,5.040e-06
15997.4,16:38:49,5.050e-06
15998.5,16:38:51,5.050e-06
15999.7,16:38:52,5.050e-06
16000.9,16:38:53,5.050e-06
16002.1,16:38:54,5.050e-06
16003.2,16:38:55,5.050e-06
16004.4,16:38:56,5.050e-06
16005.6,16:38:58,5.020e-06
16006.8,16:38:59,5.020e-06
16007.9,16:39:00,5.020e-06
16009.1,16:39:01,5.020e-06
16010.3,16:39:02,5.020e-06
16011.4,16:39:03,5.020e-06
16012.6,16:39:05,5.020e-06
16013.8,16:39:06,5.020e-06
16015.0,16:39:07,5.020e-06
16016.1,16:39:08,5.020e-06
16017.3,16:39:09,5.020e-06
16018.5,16:39:11,5.030e-06
16019.6,16:39:12,5.030e-06
16020.8,16:39:13,5.030e-06
16022.0,16:39:14,5.030e-06
16023.1,16:39:15,5.030e-06
16024.3,16:39:16,5.030e-06
16025.5,16:39:18,5.030e-06
16026.6,16:39:19,5.030e-06
16027.8,16:39:20,5.030e-06
16029.0,16:39:21,5.030e-06
16030.2,16:39:22,5.030e-06
16031.3,16:39:23,5.030e-06
16032.5,16:39:25,5.030e-06
16033.7,16:39:26,5.040e-06
16034.9,16:39:27,5.040e-06
16036.1,16:39:28,5.040e-06
16037.2,16:39:29,5.040e-06
16038.4,16:39:30,5.040e-06
16039.6,16:39:32,5.040e-06
16040.7,16:39:33,5.040e-06
16041.9,16:39:34,5.050e-06
16043.1,16:39:35,5.050e-06
16044.2,16:39:36,5.050e-06
16045.4,16:39:37,5.050e-06
16046.6,16:39:39,5.050e-06
16047.8,16:39:40,5.050e-06
16048.9,16:39:41,5.050e-06
16050.1,16:39:42,5.050e-06
16051.3,16:39:43,5.050e-06
16052.4,16:39:44,5.050e-06
16053.6,16:39:46,5.050e-06
16054.8,16:39:47,5.050e-06
16056.0,16:39:48,5.060e-06
16057.2,16:39:49,5.060e-06
16058.3,16:39:50,5.060e-06
16059.5,16:39:52,5.060e-06
16060.7,16:39:53,5.060e-06
16061.9,16:39:54,5.060e-06
16063.0,16:39:55,5.060e-06
16064.2,16:39:56,5.060e-06
16065.4,16:39:57,5.060e-06
16066.5,16:39:59,5.060e-06
16067.7,16:40:00,5.060e-06
16068.9,16:40:01,5.060e-06
16070.0,16:40:02,5.060e-06
16071.2,16:40:03,5.070e-06
16072.4,16:40:04,5.070e-06
16073.6,16:40:06,5.070e-06
16074.7,16:40:07,5.070e-06
16075.9,16:40:08,5.070e-06
16077.1,16:40:09,5.070e-06
16078.2,16:40:10,5.070e-06
16079.4,16:40:11,5.070e-06
16080.6,16:40:13,5.070e-06
16081.8,16:40:14,5.070e-06
16082.9,16:40:15,5.070e-06
16084.1,16:40:16,5.070e-06
16085.3,16:40:17,5.080e-06
16086.5,16:40:19,5.080e-06
16087.7,16:40:20,5.080e-06
16088.8,16:40:21,5.080e-06
16090.0,16:40:22,5.080e-06
16091.2,16:40:23,5.080e-06
16092.4,16:40:24,5.090e-06
16093.5,16:40:26,5.080e-06
16094.7,16:40:27,5.090e-06
16095.9,16:40:28,5.090e-06
16097.0,16:40:29,5.090e-06
16098.2,16:40:30,5.090e-06
16099.4,16:40:31,5.090e-06
16100.6,16:40:33,5.090e-06
16101.7,16:40:34,5.090e-06
16102.9,16:40:35,5.090e-06
16104.1,16:40:36,5.090e-06
16105.3,16:40:37,5.100e-06
16106.4,16:40:38,5.100e-06
16107.6,16:40:40,5.100e-06
16108.8,16:40:41,5.100e-06
16109.9,16:40:42,5.100e-06
16111.1,16:40:43,5.100e-06
16112.3,16:40:44,5.100e-06
16113.5,16:40:46,5.100e-06
16114.6,16:40:47,5.110e-06
16115.8,16:40:48,5.110e-06
16117.0,16:40:49,5.110e-06
16118.1,16:40:50,5.110e-06
16119.3,16:40:51,5.110e-06
16120.5,16:40:53,5.120e-06
16121.7,16:40:54,5.120e-06
16122.8,16:40:55,5.120e-06
16124.0,16:40:56,5.120e-06
16125.2,16:40:57,5.120e-06
16126.4,16:40:58,5.120e-06
16127.5,16:41:00,5.120e-06
16128.7,16:41:01,5.120e-06
16129.9,16:41:02,5.110e-06
16131.1,16:41:03,5.090e-06
16132.2,16:41:04,5.090e-06
16133.4,16:41:05,5.090e-06
16134.6,16:41:07,5.090e-06
16135.7,16:41:08,5.090e-06
16136.9,16:41:09,5.090e-06
16138.1,16:41:10,5.090e-06
16139.3,16:41:11,5.090e-06
16140.4,16:41:12,5.090e-06
16141.6,16:41:14,5.090e-06
16142.8,16:41:15,5.090e-06
16144.0,16:41:16,5.090e-06
16145.2,16:41:17,5.100e-06
16146.3,16:41:18,5.100e-06
16147.5,16:41:20,5.100e-06
16148.7,16:41:21,5.100e-06
16149.9,16:41:22,5.100e-06
16151.1,16:41:23,5.100e-06
16152.2,16:41:24,5.100e-06
16153.4,16:41:25,5.110e-06
16154.6,16:41:27,5.100e-06
16155.7,16:41:28,5.100e-06
16156.9,16:41:29,5.110e-06
16158.1,16:41:30,5.110e-06
16159.3,16:41:31,5.110e-06
16160.4,16:41:32,5.110e-06
16161.6,16:41:34,5.110e-06
16162.8,16:41:35,5.110e-06
16163.9,16:41:36,5.110e-06
16165.1,16:41:37,5.110e-06
16166.3,16:41:38,5.110e-06
16167.5,16:41:40,5.120e-06
16176.2,16:41:48,5.120e-06
16177.4,16:41:50,5.120e-06
16178.6,16:41:51,5.120e-06
16179.7,16:41:52,5.120e-06
16180.9,16:41:53,5.120e-06
16182.0,16:41:54,5.120e-06
16183.2,16:41:55,5.120e-06
16184.3,16:41:57,5.120e-06
16185.5,16:41:58,5.130e-06
16186.6,16:41:59,5.120e-06
16187.8,16:42:00,5.130e-06
16188.9,16:42:01,5.130e-06
16190.1,16:42:02,5.130e-06
16191.2,16:42:03,5.130e-06
16192.4,16:42:05,5.130e-06
16193.5,16:42:06,5.130e-06
16194.7,16:42:07,5.130e-06
16195.8,16:42:08,5.130e-06
16197.0,16:42:09,5.130e-06
16198.1,16:42:10,5.130e-06
16199.3,16:42:11,5.140e-06
16200.4,16:42:13,5.140e-06
16201.6,16:42:14,5.140e-06
16202.8,16:42:15,5.140e-06
16203.9,16:42:16,5.140e-06
16205.1,16:42:17,5.140e-06
16206.2,16:42:18,5.140e-06
16207.4,16:42:20,5.140e-06
16208.5,16:42:21,5.140e-06
16209.7,16:42:22,5.140e-06
16210.8,16:42:23,5.140e-06
16212.0,16:42:24,5.140e-06
16213.1,16:42:25,5.140e-06
16214.3,16:42:26,5.150e-06
16215.4,16:42:28,5.150e-06
16216.6,16:42:29,5.150e-06
16217.8,16:42:30,5.150e-06
16218.9,16:42:31,5.150e-06
16220.1,16:42:32,5.150e-06
16221.2,16:42:33,5.150e-06
16222.4,16:42:35,5.150e-06
16223.5,16:42:36,5.150e-06
16224.7,16:42:37,5.150e-06
16225.8,16:42:38,5.150e-06
16226.9,16:42:39,5.150e-06
16228.1,16:42:40,5.150e-06
16229.3,16:42:41,5.150e-06
16230.4,16:42:43,5.160e-06
16231.6,16:42:44,5.160e-06
16232.7,16:42:45,5.160e-06
16233.9,16:42:46,5.160e-06
16235.0,16:42:47,5.160e-06
16236.2,16:42:48,5.160e-06
16237.3,16:42:50,5.160e-06
16238.5,16:42:51,5.160e-06
16239.6,16:42:52,5.160e-06
16240.8,16:42:53,5.160e-06
16241.9,16:42:54,5.160e-06
16243.1,16:42:55,5.140e-06
16244.2,16:42:56,5.130e-06
16245.4,16:42:58,5.130e-06
16246.6,16:42:59,5.130e-06
16247.7,16:43:00,5.130e-06
16248.9,16:43:01,5.130e-06
16250.0,16:43:02,5.130e-06
16251.2,16:43:03,5.130e-06
16252.4,16:43:05,5.130e-06
16253.5,16:43:06,5.130e-06
16254.7,16:43:07,5.130e-06
16255.9,16:43:08,5.130e-06
16257.0,16:43:09,5.130e-06
16258.2,16:43:10,5.140e-06
16259.3,16:43:12,5.140e-06
16260.5,16:43:13,5.130e-06
16261.6,16:43:14,5.140e-06
16262.8,16:43:15,5.140e-06
16263.9,16:43:16,5.140e-06
16265.1,16:43:17,5.140e-06
16266.2,16:43:18,5.140e-06
16267.4,16:43:20,5.140e-06
16268.6,16:43:21,5.140e-06
16269.7,16:43:22,5.140e-06
16270.9,16:43:23,5.140e-06
16272.0,16:43:24,5.140e-06
16273.2,16:43:25,5.140e-06
16274.3,16:43:27,5.140e-06
16275.5,16:43:28,5.140e-06
16276.7,16:43:29,5.140e-06
16277.8,16:43:30,5.140e-06
16279.0,16:43:31,5.140e-06
16280.1,16:43:32,5.140e-06
16281.2,16:43:33,5.140e-06
16282.4,16:43:35,5.140e-06
16283.5,16:43:36,5.140e-06
16284.7,16:43:37,5.140e-06
16285.8,16:43:38,5.140e-06
16287.0,16:43:39,5.140e-06
16288.1,16:43:40,5.150e-06
16289.3,16:43:41,5.150e-06
16290.4,16:43:43,5.150e-06
16291.6,16:43:44,5.150e-06
16292.8,16:43:45,5.150e-06
16293.9,16:43:46,5.150e-06
16295.1,16:43:47,5.150e-06
16296.2,16:43:48,5.150e-06
16297.4,16:43:50,5.150e-06
16298.5,16:43:51,5.150e-06
16299.7,16:43:52,5.150e-06
16300.8,16:43:53,5.150e-06
16302.0,16:43:54,5.150e-06
16303.2,16:43:55,5.150e-06
16304.3,16:43:57,5.150e-06
16305.5,16:43:58,5.150e-06
16306.6,16:43:59,5.150e-06
16307.8,16:44:00,5.150e-06
16308.9,16:44:01,5.160e-06
16310.1,16:44:02,5.150e-06
16311.2,16:44:03,5.160e-06
16312.4,16:44:05,5.160e-06
16313.5,16:44:06,5.160e-06
16314.7,16:44:07,5.160e-06
16315.9,16:44:08,5.160e-06
16317.0,16:44:09,5.160e-06
16318.2,16:44:10,5.160e-06
16319.3,16:44:12,5.160e-06
16320.5,16:44:13,5.160e-06
16321.6,16:44:14,5.160e-06
16322.8,16:44:15,5.160e-06
16323.9,16:44:16,5.160e-06
16325.1,16:44:17,5.160e-06
16326.2,16:44:18,5.160e-06
16327.4,16:44:20,5.160e-06
16328.6,16:44:21,5.170e-06
16329.7,16:44:22,5.160e-06
16330.9,16:44:23,5.160e-06
16332.0,16:44:24,5.170e-06
16333.2,16:44:25,5.170e-06
16334.4,16:44:27,5.170e-06
16335.5,16:44:28,5.170e-06
16336.7,16:44:29,5.170e-06
16337.8,16:44:30,5.170e-06
16339.0,16:44:31,5.170e-06
16340.1,16:44:32,5.170e-06
16341.3,16:44:33,5.170e-06
16342.4,16:44:35,5.170e-06
16343.6,16:44:36,5.170e-06
16344.8,16:44:37,5.170e-06
16345.9,16:44:38,5.170e-06
16347.1,16:44:39,5.170e-06
16348.2,16:44:40,5.170e-06
16349.4,16:44:42,5.170e-06
16350.5,16:44:43,5.170e-06
16351.7,16:44:44,5.180e-06
16352.8,16:44:45,5.180e-06
16354.0,16:44:46,5.180e-06
16355.2,16:44:47,5.180e-06
16356.3,16:44:48,5.180e-06
16357.4,16:44:50,5.180e-06
16358.6,16:44:51,5.180e-06
16359.8,16:44:52,5.150e-06
16360.9,16:44:53,5.140e-06
16362.1,16:44:54,5.140e-06
16363.2,16:44:55,5.140e-06
16364.4,16:44:57,5.140e-06
16365.5,16:44:58,5.140e-06
16366.7,16:44:59,5.140e-06
16367.9,16:45:00,5.140e-06
16369.0,16:45:01,5.140e-06
16370.2,16:45:02,5.140e-06
16371.4,16:45:04,5.140e-06
16372.5,16:45:05,5.140e-06
16373.7,16:45:06,5.140e-06
16374.8,16:45:07,5.140e-06
16376.0,16:45:08,5.140e-06
16377.2,16:45:09,5.140e-06
16378.3,16:45:10,5.150e-06
16379.5,16:45:12,5.140e-06
16380.6,16:45:13,5.150e-06
16381.8,16:45:14,5.150e-06
16382.9,16:45:15,5.140e-06
16384.1,16:45:16,5.150e-06
16385.2,16:45:17,5.150e-06
16386.4,16:45:19,5.150e-06
16387.6,16:45:20,5.150e-06
16388.7,16:45:21,5.150e-06
16389.9,16:45:22,5.150e-06
16391.0,16:45:23,5.150e-06
16392.2,16:45:24,5.150e-06
16393.4,16:45:26,5.150e-06
16394.5,16:45:27,5.150e-06
16395.7,16:45:28,5.150e-06
16396.8,16:45:29,5.150e-06
16398.0,16:45:30,5.150e-06
16399.1,16:45:31,5.150e-06
16400.3,16:45:32,5.150e-06
16401.4,16:45:34,5.150e-06
16402.6,16:45:35,5.150e-06
16403.7,16:45:36,5.150e-06
16404.9,16:45:37,5.150e-06
16406.0,16:45:38,5.160e-06
16407.2,16:45:39,5.160e-06
16408.3,16:45:41,5.160e-06
16409.5,16:45:42,5.160e-06
16410.6,16:45:43,5.160e-06
16411.8,16:45:44,5.160e-06
16412.9,16:45:45,5.160e-06
16414.1,16:45:46,5.160e-06
16415.2,16:45:47,5.160e-06
16416.4,16:45:49,5.160e-06
16417.5,16:45:50,5.160e-06
16418.7,16:45:51,5.160e-06
16419.8,16:45:52,5.160e-06
16421.0,16:45:53,5.160e-06
16422.1,16:45:54,5.160e-06
16423.3,16:45:55,5.160e-06
16424.4,16:45:57,5.160e-06
16425.6,16:45:58,5.160e-06
16426.7,16:45:59,5.160e-06
16427.9,16:46:00,5.160e-06
16429.0,16:46:01,5.160e-06
16430.2,16:46:02,5.160e-06
16431.3,16:46:04,5.160e-06
16432.5,16:46:05,5.170e-06
16433.6,16:46:06,5.160e-06
16434.8,16:46:07,5.160e-06
16435.9,16:46:08,5.170e-06
16437.1,16:46:09,5.170e-06
16438.2,16:46:10,5.170e-06
16439.4,16:46:12,5.170e-06
16440.5,16:46:13,5.170e-06
16441.7,16:46:14,5.170e-06
16442.8,16:46:15,5.170e-06
16444.0,16:46:16,5.170e-06
16445.1,16:46:17,5.170e-06
16446.3,16:46:18,5.170e-06
16447.5,16:46:20,5.170e-06
16448.6,16:46:21,5.170e-06
16449.8,16:46:22,5.170e-06
16450.9,16:46:23,5.170e-06
16452.1,16:46:24,5.170e-06
16453.2,16:46:25,5.180e-06
16454.4,16:46:27,5.180e-06
16455.5,16:46:28,5.170e-06
16456.7,16:46:29,5.180e-06
16457.8,16:46:30,5.180e-06
16459.0,16:46:31,5.170e-06
16460.1,16:46:32,5.180e-06
16461.3,16:46:33,5.180e-06
16462.4,16:46:35,5.180e-06
16463.6,16:46:36,5.180e-06
16464.8,16:46:37,5.180e-06
16465.9,16:46:38,5.180e-06
16467.1,16:46:39,5.180e-06
16468.2,16:46:40,5.170e-06
16469.4,16:46:42,5.150e-06
16470.5,16:46:43,5.150e-06
16471.7,16:46:44,5.140e-06
16472.9,16:46:45,5.140e-06
16474.0,16:46:46,5.140e-06
16475.2,16:46:47,5.140e-06
16476.3,16:46:48,5.140e-06
16477.5,16:46:50,5.140e-06
16478.6,16:46:51,5.140e-06
16479.8,16:46:52,5.140e-06
16480.9,16:46:53,5.140e-06
16482.1,16:46:54,5.140e-06
16483.2,16:46:55,5.140e-06
16484.4,16:46:57,5.140e-06
16485.6,16:46:58,5.140e-06
16486.7,16:46:59,5.140e-06
16487.9,16:47:00,5.140e-06
16489.0,16:47:01,5.150e-06
16490.2,16:47:02,5.150e-06
16491.3,16:47:04,5.150e-06
16492.5,16:47:05,5.140e-06
16493.6,16:47:06,5.150e-06
16494.8,16:47:07,5.150e-06
16496.0,16:47:08,5.150e-06
16497.1,16:47:09,5.140e-06
16498.3,16:47:10,5.150e-06
16499.4,16:47:12,5.150e-06
16500.6,16:47:13,5.150e-06
16501.7,16:47:14,5.150e-06
16502.9,16:47:15,5.150e-06
16504.1,16:47:16,5.150e-06
16505.2,16:47:17,5.150e-06
16506.4,16:47:19,5.150e-06
16507.5,16:47:20,5.150e-06
16508.7,16:47:21,5.150e-06
16509.9,16:47:22,5.150e-06
16511.0,16:47:23,5.150e-06
16512.2,16:47:24,5.150e-06
16513.3,16:47:25,5.150e-06
16514.5,16:47:27,5.150e-06
16515.6,16:47:28,5.150e-06
16516.8,16:47:29,5.150e-06
16517.9,16:47:30,5.150e-06
16519.1,16:47:31,5.150e-06
16520.3,16:47:32,5.150e-06
16521.4,16:47:34,5.150e-06
16522.6,16:47:35,5.150e-06
16523.7,16:47:36,5.150e-06
16524.9,16:47:37,5.150e-06
16526.0,16:47:38,5.150e-06
16527.2,16:47:39,5.150e-06
16528.3,16:47:41,5.150e-06
16529.5,16:47:42,5.150e-06
16530.7,16:47:43,5.150e-06
16531.8,16:47:44,5.150e-06
16533.0,16:47:45,5.150e-06
16534.1,16:47:46,5.150e-06
16535.3,16:47:47,5.150e-06
16536.5,16:47:49,5.150e-06
16537.6,16:47:50,5.150e-06
16538.8,16:47:51,5.150e-06
16539.9,16:47:52,5.150e-06
16541.1,16:47:53,5.150e-06
16542.2,16:47:54,5.150e-06
16543.4,16:47:56,5.150e-06
16544.6,16:47:57,5.150e-06
16545.7,16:47:58,5.150e-06
16546.9,16:47:59,5.150e-06
16548.0,16:48:00,5.150e-06
16549.2,16:48:01,5.150e-06
16550.3,16:48:03,5.150e-06
16551.5,16:48:04,5.150e-06
16552.6,16:48:05,5.150e-06
16553.8,16:48:06,5.150e-06
16555.0,16:48:07,5.150e-06
16556.1,16:48:08,5.150e-06
16557.3,16:48:09,5.150e-06
16558.4,16:48:11,5.150e-06
16559.6,16:48:12,5.150e-06
16560.7,16:48:13,5.150e-06
16561.9,16:48:14,5.150e-06
16563.1,16:48:15,5.150e-06
16564.2,16:48:16,5.160e-06
16565.4,16:48:18,5.150e-06
16566.5,16:48:19,5.150e-06
16567.7,16:48:20,5.150e-06
16568.8,16:48:21,5.160e-06
16570.0,16:48:22,5.150e-06
16571.2,16:48:23,5.160e-06
16572.3,16:48:24,5.160e-06
16573.5,16:48:26,5.160e-06
16574.6,16:48:27,5.160e-06
16575.8,16:48:28,5.160e-06
16576.9,16:48:29,5.150e-06
16578.1,16:48:30,5.130e-06
16579.2,16:48:31,5.120e-06
16580.4,16:48:33,5.120e-06
16581.6,16:48:34,5.120e-06
16582.7,16:48:35,5.120e-06
16583.9,16:48:36,5.120e-06
16585.0,16:48:37,5.120e-06
16586.2,16:48:38,5.120e-06
16587.3,16:48:40,5.120e-06
16588.5,16:48:41,5.120e-06
16589.7,16:48:42,5.120e-06
16590.8,16:48:43,5.120e-06
16592.0,16:48:44,5.120e-06
16593.1,16:48:45,5.120e-06
16594.3,16:48:46,5.120e-06
16595.5,16:48:48,5.120e-06
16596.6,16:48:49,5.120e-06
16597.8,16:48:50,5.120e-06
16598.9,16:48:51,5.120e-06
16600.1,16:48:52,5.120e-06
16601.3,16:48:53,5.120e-06
16602.4,16:48:55,5.120e-06
16603.6,16:48:56,5.120e-06
16604.7,16:48:57,5.120e-06
16605.9,16:48:58,5.120e-06
16607.0,16:48:59,5.120e-06
16608.2,16:49:00,5.120e-06
16609.3,16:49:02,5.120e-06
16610.5,16:49:03,5.120e-06
16611.6,16:49:04,5.120e-06
16612.8,16:49:05,5.120e-06
16613.9,16:49:06,5.120e-06
16615.1,16:49:07,5.120e-06
16616.2,16:49:08,5.120e-06
16617.4,16:49:10,5.120e-06
16618.5,16:49:11,5.120e-06
16619.6,16:49:12,5.120e-06
16620.8,16:49:13,5.120e-06
16621.9,16:49:14,5.120e-06
16623.1,16:49:15,5.120e-06
16624.2,16:49:16,5.120e-06
16625.4,16:49:18,5.120e-06
16626.5,16:49:19,5.120e-06
16627.7,16:49:20,5.120e-06
16628.8,16:49:21,5.120e-06
16630.0,16:49:22,5.130e-06
16631.1,16:49:23,5.120e-06
16632.3,16:49:24,5.120e-06
16633.4,16:49:26,5.130e-06
16634.6,16:49:27,5.130e-06
16635.7,16:49:28,5.130e-06
16636.9,16:49:29,5.130e-06
16638.0,16:49:30,5.130e-06
16639.2,16:49:31,5.130e-06
16640.3,16:49:32,5.130e-06
16641.5,16:49:34,5.130e-06
16642.6,16:49:35,5.130e-06
16643.7,16:49:36,5.130e-06
16644.9,16:49:37,5.130e-06
16646.0,16:49:38,5.130e-06
16647.2,16:49:39,5.130e-06
16648.3,16:49:41,5.130e-06
16649.5,16:49:42,5.130e-06
16650.6,16:49:43,5.130e-06
16651.8,16:49:44,5.140e-06
16652.9,16:49:45,5.140e-06
16654.1,16:49:46,5.140e-06
16655.2,16:49:47,5.140e-06
16656.4,16:49:49,5.140e-06
16657.5,16:49:50,5.140e-06
16658.7,16:49:51,5.140e-06
16659.8,16:49:52,5.140e-06
16661.0,16:49:53,5.140e-06
16662.1,16:49:54,5.140e-06
16663.3,16:49:55,5.140e-06
16664.4,16:49:57,5.140e-06
16665.6,16:49:58,5.140e-06
16666.7,16:49:59,5.140e-06
16667.9,16:50:00,5.140e-06
16669.0,16:50:01,5.140e-06
16670.2,16:50:02,5.140e-06
16671.4,16:50:04,5.140e-06
16672.5,16:50:05,5.140e-06
16673.7,16:50:06,5.140e-06
16674.8,16:50:07,5.140e-06
16676.0,16:50:08,5.140e-06
16677.1,16:50:09,5.140e-06
16678.3,16:50:10,5.150e-06
16679.4,16:50:12,5.150e-06
16680.6,16:50:13,5.150e-06
16681.7,16:50:14,5.150e-06
16682.9,16:50:15,5.150e-06
16684.0,16:50:16,5.150e-06
16685.2,16:50:17,5.150e-06
16686.3,16:50:19,5.150e-06
16687.5,16:50:20,5.150e-06
16688.6,16:50:21,5.150e-06
16689.8,16:50:22,5.150e-06
16690.9,16:50:23,5.150e-06
16692.1,16:50:24,5.150e-06
16693.2,16:50:25,5.120e-06
16694.4,16:50:27,5.120e-06
16695.5,16:50:28,5.120e-06
16696.7,16:50:29,5.110e-06
16697.9,16:50:30,5.110e-06
16699.0,16:50:31,5.110e-06
16700.2,16:50:32,5.110e-06
16701.3,16:50:34,5.110e-06
16702.5,16:50:35,5.110e-06
16703.6,16:50:36,5.110e-06
16704.8,16:50:37,5.110e-06
16705.9,16:50:38,5.110e-06
16707.1,16:50:39,5.110e-06
16708.2,16:50:40,5.110e-06
16709.4,16:50:42,5.110e-06
16710.6,16:50:43,5.110e-06
16711.7,16:50:44,5.110e-06
16712.8,16:50:45,5.110e-06
16714.0,16:50:46,5.110e-06
16715.1,16:50:47,5.110e-06
16716.3,16:50:48,5.110e-06
16717.5,16:50:50,5.110e-06
16718.6,16:50:51,5.110e-06
16719.8,16:50:52,5.110e-06
16720.9,16:50:53,5.110e-06
16722.1,16:50:54,5.110e-06
16723.2,16:50:55,5.110e-06
16724.4,16:50:57,5.110e-06
16725.5,16:50:58,5.110e-06
16726.7,16:50:59,5.110e-06
16727.8,16:51:00,5.110e-06
16729.0,16:51:01,5.100e-06
16730.1,16:51:02,5.100e-06
16731.3,16:51:03,5.110e-06
16732.4,16:51:05,5.100e-06
16733.6,16:51:06,5.110e-06
16734.7,16:51:07,5.110e-06
16735.9,16:51:08,5.110e-06
16737.0,16:51:09,5.110e-06
16738.2,16:51:10,5.110e-06
16739.3,16:51:12,5.110e-06
16740.5,16:51:13,5.100e-06
16741.7,16:51:14,5.100e-06
16742.8,16:51:15,5.100e-06
16743.9,16:51:16,5.110e-06
16745.1,16:51:17,5.110e-06
16746.3,16:51:18,5.110e-06
16747.4,16:51:20,5.110e-06
16748.6,16:51:21,5.110e-06
16749.7,16:51:22,5.110e-06
16750.9,16:51:23,5.110e-06
16752.0,16:51:24,5.110e-06
16753.2,16:51:25,5.110e-06
16754.3,16:51:26,5.110e-06
16755.5,16:51:28,5.100e-06
16756.6,16:51:29,5.100e-06
16757.8,16:51:30,5.100e-06
16758.9,16:51:31,5.100e-06
16760.1,16:51:32,5.100e-06
16761.2,16:51:33,5.100e-06
16762.4,16:51:35,5.100e-06
16763.6,16:51:36,5.100e-06
16764.7,16:51:37,5.100e-06
16765.9,16:51:38,5.100e-06
16767.0,16:51:39,5.100e-06
16768.2,16:51:40,5.100e-06
16769.3,16:51:41,5.100e-06
16770.5,16:51:43,5.100e-06
16771.6,16:51:44,5.100e-06
16772.8,16:51:45,5.100e-06
16773.9,16:51:46,5.100e-06
16775.1,16:51:47,5.100e-06
16776.2,16:51:48,5.100e-06
16777.4,16:51:50,5.100e-06
16778.5,16:51:51,5.110e-06
16779.7,16:51:52,5.100e-06
16780.8,16:51:53,5.100e-06
16782.0,16:51:54,5.110e-06
16783.1,16:51:55,5.110e-06
16784.3,16:51:56,5.100e-06
16785.4,16:51:58,5.110e-06
16786.6,16:51:59,5.110e-06
16787.7,16:52:00,5.110e-06
16788.9,16:52:01,5.110e-06
16790.0,16:52:02,5.110e-06
16791.2,16:52:03,5.110e-06
16792.4,16:52:05,5.110e-06
16793.5,16:52:06,5.110e-06
16794.7,16:52:07,5.110e-06
16795.8,16:52:08,5.110e-06
16797.0,16:52:09,5.110e-06
16798.1,16:52:10,5.110e-06
16799.3,16:52:11,5.110e-06
16800.4,16:52:13,5.110e-06
16801.6,16:52:14,5.110e-06
16802.7,16:52:15,5.110e-06
16803.9,16:52:16,5.110e-06
16805.0,16:52:17,5.110e-06
16806.2,16:52:18,5.110e-06
16807.3,16:52:20,5.110e-06
16808.5,16:52:21,5.110e-06
16809.6,16:52:22,5.110e-06
16810.8,16:52:23,5.080e-06
16811.9,16:52:24,5.070e-06
16813.1,16:52:25,5.070e-06
16814.3,16:52:26,5.070e-06
16815.4,16:52:28,5.070e-06
16816.6,16:52:29,5.070e-06
16817.7,16:52:30,5.070e-06
16818.9,16:52:31,5.070e-06
16820.0,16:52:32,5.070e-06
16821.2,16:52:33,5.070e-06
16822.3,16:52:35,5.070e-06
16823.5,16:52:36,5.070e-06
16824.6,16:52:37,5.070e-06
16825.8,16:52:38,5.070e-06
16826.9,16:52:39,5.070e-06
16828.1,16:52:40,5.070e-06
16829.2,16:52:41,5.070e-06
16830.4,16:52:43,5.070e-06
16831.6,16:52:44,5.070e-06
16832.8,16:52:45,5.070e-06
16833.9,16:52:46,5.070e-06
16835.1,16:52:47,5.070e-06
16836.3,16:52:48,5.070e-06
16837.4,16:52:50,5.070e-06
16838.6,16:52:51,5.070e-06
16839.8,16:52:52,5.070e-06
16840.9,16:52:53,5.070e-06
16842.1,16:52:54,5.070e-06
16843.3,16:52:55,5.070e-06
16844.4,16:52:57,5.070e-06
16845.6,16:52:58,5.070e-06
16846.8,16:52:59,5.070e-06
16848.0,16:53:00,5.070e-06
16849.1,16:53:01,5.080e-06
16850.3,16:53:03,5.080e-06
16851.5,16:53:04,5.080e-06
16852.6,16:53:05,5.080e-06
16853.8,16:53:06,5.080e-06
16855.0,16:53:07,5.080e-06
16856.2,16:53:08,5.080e-06
16857.3,16:53:10,5.080e-06
16858.5,16:53:11,5.080e-06
16859.7,16:53:12,5.080e-06
16860.8,16:53:13,5.080e-06
16862.0,16:53:14,5.080e-06
16863.1,16:53:15,5.080e-06
16864.3,16:53:16,5.080e-06
16865.4,16:53:18,5.080e-06
16866.6,16:53:19,5.080e-06
16867.7,16:53:20,5.080e-06
16868.9,16:53:21,5.080e-06
16870.1,16:53:22,5.080e-06
16871.2,16:53:23,5.080e-06
16872.4,16:53:25,5.080e-06
16873.6,16:53:26,5.080e-06
16874.7,16:53:27,5.080e-06
16875.9,16:53:28,5.080e-06
16877.0,16:53:29,5.080e-06
16878.2,16:53:30,5.080e-06
16879.3,16:53:32,5.080e-06
16880.5,16:53:33,5.080e-06
16881.7,16:53:34,5.090e-06
16882.8,16:53:35,5.090e-06
16884.0,16:53:36,5.090e-06
16885.1,16:53:37,5.090e-06
16886.3,16:53:38,5.090e-06
16887.5,16:53:40,5.090e-06
16888.6,16:53:41,5.090e-06
16889.8,16:53:42,5.090e-06
16891.0,16:53:43,5.090e-06
16892.1,16:53:44,5.090e-06
16893.2,16:53:45,5.090e-06
16894.4,16:53:47,5.090e-06
16895.6,16:53:48,5.090e-06
16896.7,16:53:49,5.090e-06
16897.9,16:53:50,5.090e-06
16899.0,16:53:51,5.090e-06
16900.2,16:53:52,5.090e-06
16901.3,16:53:54,5.090e-06
16902.5,16:53:55,5.090e-06
16903.6,16:53:56,5.090e-06
16904.8,16:53:57,5.090e-06
16906.0,16:53:58,5.100e-06
16907.1,16:53:59,5.100e-06
16908.3,16:54:01,5.100e-06
16909.5,16:54:02,5.100e-06
16910.7,16:54:03,5.100e-06
16911.9,16:54:04,5.100e-06
16913.1,16:54:05,5.100e-06
16914.2,16:54:06,5.100e-06
16915.4,16:54:08,5.100e-06
16916.5,16:54:09,5.100e-06
16917.7,16:54:10,5.100e-06
16918.8,16:54:11,5.100e-06
16920.0,16:54:12,5.100e-06
16921.2,16:54:13,5.100e-06
16922.3,16:54:15,5.100e-06
16923.5,16:54:16,5.110e-06
16924.6,16:54:17,5.110e-06
16925.8,16:54:18,5.090e-06
16927.0,16:54:19,5.070e-06
16928.1,16:54:20,5.070e-06
16929.3,16:54:21,5.070e-06
16930.5,16:54:23,5.070e-06
16931.6,16:54:24,5.070e-06
16932.8,16:54:25,5.070e-06
16934.0,16:54:26,5.070e-06
16935.1,16:54:27,5.070e-06
16936.3,16:54:28,5.070e-06
16937.4,16:54:30,5.070e-06
16938.6,16:54:31,5.070e-06
16939.8,16:54:32,5.070e-06
16941.0,16:54:33,5.070e-06
16942.1,16:54:34,5.070e-06
16943.3,16:54:35,5.070e-06
16944.5,16:54:37,5.070e-06
16945.6,16:54:38,5.070e-06
16946.8,16:54:39,5.070e-06
16947.9,16:54:40,5.070e-06
16949.1,16:54:41,5.070e-06
16950.3,16:54:42,5.070e-06
16951.5,16:54:44,5.070e-06
16952.7,16:54:45,5.070e-06
16953.8,16:54:46,5.070e-06
16955.0,16:54:47,5.070e-06
16956.2,16:54:48,5.070e-06
16957.3,16:54:50,5.070e-06
16958.5,16:54:51,5.070e-06
16959.7,16:54:52,5.070e-06
16960.9,16:54:53,5.070e-06
16962.0,16:54:54,5.070e-06
16963.2,16:54:55,5.070e-06
16964.4,16:54:57,5.070e-06
16965.6,16:54:58,5.070e-06
16966.7,16:54:59,5.070e-06
16967.9,16:55:00,5.070e-06
16969.0,16:55:01,5.070e-06
16970.2,16:55:02,5.070e-06
16971.3,16:55:04,5.070e-06
16972.5,16:55:05,5.070e-06
16973.6,16:55:06,5.070e-06
16974.8,16:55:07,5.070e-06
16976.0,16:55:08,5.070e-06
16977.1,16:55:09,5.070e-06
16978.2,16:55:10,5.070e-06
16979.4,16:55:12,5.070e-06
16980.6,16:55:13,5.070e-06
16981.7,16:55:14,5.070e-06
16982.9,16:55:15,5.070e-06
16984.0,16:55:16,5.070e-06
16985.2,16:55:17,5.070e-06
16986.3,16:55:19,5.080e-06
16987.5,16:55:20,5.070e-06
16988.6,16:55:21,5.080e-06
16989.8,16:55:22,5.080e-06
16991.0,16:55:23,5.080e-06
16992.1,16:55:24,5.080e-06
16993.3,16:55:25,5.080e-06
16994.5,16:55:27,5.080e-06
16995.6,16:55:28,5.080e-06
16996.8,16:55:29,5.080e-06
16998.0,16:55:30,5.080e-06
16999.1,16:55:31,5.080e-06
17000.3,16:55:32,5.080e-06
17001.4,16:55:34,5.080e-06
17002.6,16:55:35,5.080e-06
17003.7,16:55:36,5.080e-06
17004.9,16:55:37,5.080e-06
17006.0,16:55:38,5.080e-06
17007.2,16:55:39,5.080e-06
17008.4,16:55:41,5.080e-06
17009.5,16:55:42,5.080e-06
17010.7,16:55:43,5.080e-06
17011.9,16:55:44,5.080e-06
17013.0,16:55:45,5.080e-06
17014.2,16:55:46,5.080e-06
17015.3,16:55:48,5.080e-06
17016.5,16:55:49,5.080e-06
17017.7,16:55:50,5.080e-06
17018.8,16:55:51,5.080e-06
17020.0,16:55:52,5.080e-06
17021.1,16:55:53,5.080e-06
17022.3,16:55:54,5.080e-06
17023.5,16:55:56,5.080e-06
17024.6,16:55:57,5.080e-06
17025.8,16:55:58,5.080e-06
17026.9,16:55:59,5.080e-06
17028.1,16:56:00,5.080e-06
17029.3,16:56:01,5.080e-06
17030.4,16:56:03,5.080e-06
17031.6,16:56:04,5.080e-06
17032.7,16:56:05,5.080e-06
17033.9,16:56:06,5.080e-06
17035.0,16:56:07,5.080e-06
17036.2,16:56:08,5.080e-06
17037.3,16:56:10,5.090e-06
17038.5,16:56:11,5.080e-06
17039.6,16:56:12,5.090e-06
17040.8,16:56:13,5.090e-06
17041.9,16:56:14,5.060e-06
17043.1,16:56:15,5.050e-06
17044.2,16:56:16,5.050e-06
17045.4,16:56:18,5.050e-06
17046.6,16:56:19,5.040e-06
17047.7,16:56:20,5.040e-06
17048.8,16:56:21,5.040e-06
17050.0,16:56:22,5.040e-06
17051.1,16:56:23,5.040e-06
17052.3,16:56:24,5.040e-06
17053.4,16:56:26,5.040e-06
17054.6,16:56:27,5.040e-06
17055.7,16:56:28,5.040e-06
17056.9,16:56:29,5.040e-06
17058.0,16:56:30,5.040e-06
17059.2,16:56:31,5.040e-06
17060.3,16:56:33,5.040e-06
17061.5,16:56:34,5.040e-06
17062.6,16:56:35,5.040e-06
17063.8,16:56:36,5.040e-06
17064.9,16:56:37,5.040e-06
17066.1,16:56:38,5.040e-06
17067.3,16:56:39,5.040e-06
17068.4,16:56:41,5.040e-06
17069.6,16:56:42,5.040e-06
17070.7,16:56:43,5.040e-06
17071.9,16:56:44,5.040e-06
17073.0,16:56:45,5.040e-06
17074.2,16:56:46,5.040e-06
17075.3,16:56:47,5.040e-06
17076.5,16:56:49,5.040e-06
17077.6,16:56:50,5.040e-06
17078.8,16:56:51,5.040e-06
17079.9,16:56:52,5.040e-06
17081.1,16:56:53,5.040e-06
17082.2,16:56:54,5.040e-06
17083.4,16:56:56,5.030e-06
17084.5,16:56:57,5.040e-06
17085.7,16:56:58,5.040e-06
17086.8,16:56:59,5.030e-06
17088.0,16:57:00,5.030e-06
17089.2,16:57:01,5.030e-06
17090.3,16:57:02,5.030e-06
17091.5,16:57:04,5.030e-06
17092.6,16:57:05,5.030e-06
17093.8,16:57:06,5.030e-06
17094.9,16:57:07,5.030e-06
17096.1,16:57:08,5.030e-06
17097.2,16:57:09,5.030e-06
17098.4,16:57:11,5.030e-06
17099.5,16:57:12,5.030e-06
17100.6,16:57:13,5.030e-06
17101.8,16:57:14,5.030e-06
17103.0,16:57:15,5.030e-06
17104.1,16:57:16,5.030e-06
17105.3,16:57:17,5.030e-06
17106.4,16:57:19,5.030e-06
17107.6,16:57:20,5.030e-06
17108.7,16:57:21,5.030e-06
17109.8,16:57:22,5.030e-06
17111.0,16:57:23,5.030e-06
17112.2,16:57:24,5.030e-06
17113.3,16:57:26,5.030e-06
17114.5,16:57:27,5.030e-06
17115.6,16:57:28,5.030e-06
17116.8,16:57:29,5.030e-06
17117.9,16:57:30,5.030e-06
17119.1,16:57:31,5.030e-06
17120.2,16:57:32,5.030e-06
17121.4,16:57:34,5.030e-06
17122.6,16:57:35,5.030e-06
17123.7,16:57:36,5.030e-06
17124.9,16:57:37,5.030e-06
17126.0,16:57:38,5.030e-06
17127.2,16:57:39,5.030e-06
17128.3,16:57:41,5.020e-06
17129.5,16:57:42,5.020e-06
17130.6,16:57:43,5.020e-06
17131.8,16:57:44,5.030e-06
17132.9,16:57:45,5.020e-06
17134.1,16:57:46,5.020e-06
17135.3,16:57:47,5.030e-06
17136.4,16:57:49,5.030e-06
17137.6,16:57:50,5.030e-06
17138.8,16:57:51,5.030e-06
17139.9,16:57:52,5.030e-06
17141.1,16:57:53,5.030e-06
17142.2,16:57:54,5.030e-06
17143.4,16:57:56,5.020e-06
17144.6,16:57:57,5.030e-06
17145.7,16:57:58,5.030e-06
17146.8,16:57:59,5.030e-06
17148.0,16:58:00,5.030e-06
17149.1,16:58:01,5.030e-06
17150.3,16:58:02,5.030e-06
17151.4,16:58:04,5.030e-06
17152.6,16:58:05,5.030e-06
17153.7,16:58:06,5.030e-06
17154.9,16:58:07,5.030e-06
17156.0,16:58:08,5.020e-06
17157.2,16:58:09,5.000e-06
17158.3,16:58:11,4.990e-06
17159.5,16:58:12,4.990e-06
17160.7,16:58:13,4.990e-06
17161.8,16:58:14,4.990e-06
17163.0,16:58:15,4.980e-06
17164.1,16:58:16,4.990e-06
17165.3,16:58:17,4.990e-06
17166.5,16:58:19,4.980e-06
17167.6,16:58:20,4.980e-06
17168.8,16:58:21,4.980e-06
17169.9,16:58:22,4.990e-06
17171.1,16:58:23,4.980e-06
17172.2,16:58:24,4.980e-06
17173.4,16:58:26,4.980e-06
17174.5,16:58:27,4.980e-06
17175.7,16:58:28,4.980e-06
17176.9,16:58:29,4.980e-06
17178.0,16:58:30,4.980e-06
17179.1,16:58:31,4.980e-06
17180.3,16:58:33,4.980e-06
17181.5,16:58:34,4.980e-06
17182.6,16:58:35,4.980e-06
17183.8,16:58:36,4.980e-06
17184.9,16:58:37,4.980e-06
17186.1,16:58:38,4.980e-06
17187.2,16:58:39,4.980e-06
17188.4,16:58:41,4.980e-06
17189.5,16:58:42,4.980e-06
17190.7,16:58:43,4.980e-06
17191.9,16:58:44,4.980e-06
17193.0,16:58:45,4.980e-06
17194.1,16:58:46,4.980e-06
17195.3,16:58:47,4.980e-06
17196.5,16:58:49,4.980e-06
17197.6,16:58:50,4.980e-06
17198.8,16:58:51,4.980e-06
17199.9,16:58:52,4.980e-06
17201.1,16:58:53,4.980e-06
17202.2,16:58:54,4.980e-06
17203.4,16:58:56,4.980e-06
17204.5,16:58:57,4.980e-06
17205.7,16:58:58,4.980e-06
17206.8,16:58:59,4.980e-06
17208.0,16:59:00,4.980e-06
17209.2,16:59:01,4.980e-06
17210.3,16:59:03,4.980e-06
17211.5,16:59:04,4.980e-06
17212.6,16:59:05,4.980e-06
17213.8,16:59:06,4.980e-06
17214.9,16:59:07,4.980e-06
17216.1,16:59:08,4.980e-06
17217.3,16:59:09,4.980e-06
17218.4,16:59:11,4.980e-06
17219.6,16:59:12,4.980e-06
17220.7,16:59:13,4.980e-06
17221.9,16:59:14,4.980e-06
17223.0,16:59:15,4.980e-06
17224.2,16:59:16,4.980e-06
17225.3,16:59:18,4.980e-06
17226.5,16:59:19,4.980e-06
17227.6,16:59:20,4.980e-06
17228.8,16:59:21,4.980e-06
17229.9,16:59:22,4.980e-06
17231.1,16:59:23,4.980e-06
17232.2,16:59:24,4.980e-06
17233.4,16:59:26,4.980e-06
17234.5,16:59:27,4.980e-06
17235.7,16:59:28,4.980e-06
17236.9,16:59:29,4.980e-06
17238.0,16:59:30,4.980e-06
17239.2,16:59:31,4.980e-06
17240.3,16:59:32,4.980e-06
17241.5,16:59:34,4.980e-06
17242.6,16:59:35,4.980e-06
17243.8,16:59:36,4.980e-06
17244.9,16:59:37,4.980e-06
17246.1,16:59:38,4.980e-06
17247.2,16:59:39,4.980e-06
17248.4,16:59:41,4.980e-06
17249.5,16:59:42,4.980e-06
17250.7,16:59:43,4.980e-06
17251.8,16:59:44,4.980e-06
17253.0,16:59:45,4.980e-06
17254.1,16:59:46,4.980e-06
17255.3,16:59:47,4.980e-06
17256.4,16:59:49,4.980e-06
17257.6,16:59:50,4.980e-06
17258.8,16:59:51,4.980e-06
17260.0,16:59:52,4.980e-06
17261.1,16:59:53,4.980e-06
17262.3,16:59:54,4.980e-06
17263.4,16:59:56,4.980e-06
17264.6,16:59:57,4.980e-06
17265.7,16:59:58,4.980e-06
17266.9,16:59:59,4.980e-06
17268.0,17:00:00,4.980e-06
17269.2,17:00:01,4.990e-06
17270.3,17:00:03,4.990e-06
17271.5,17:00:04,4.990e-06
17272.6,17:00:05,4.990e-06
17273.8,17:00:06,4.990e-06
17274.9,17:00:07,4.980e-06
17276.1,17:00:08,4.960e-06
17277.3,17:00:09,4.950e-06
17278.4,17:00:11,4.950e-06
17279.6,17:00:12,4.950e-06
17280.7,17:00:13,4.950e-06
17281.9,17:00:14,4.950e-06
17283.0,17:00:15,4.950e-06
17284.2,17:00:16,4.950e-06
17285.3,17:00:18,4.950e-06
17286.5,17:00:19,4.950e-06
17287.7,17:00:20,4.950e-06
17288.8,17:00:21,4.950e-06
17290.0,17:00:22,4.950e-06
17291.1,17:00:23,4.950e-06
17292.3,17:00:24,4.950e-06
17293.4,17:00:26,4.940e-06
17294.6,17:00:27,4.950e-06
17295.7,17:00:28,4.940e-06
17296.9,17:00:29,4.940e-06
17298.1,17:00:30,4.940e-06
17299.2,17:00:31,4.940e-06
17300.4,17:00:33,4.940e-06
17301.5,17:00:34,4.940e-06
17302.7,17:00:35,4.940e-06
17303.8,17:00:36,4.940e-06
17305.0,17:00:37,4.940e-06
17306.1,17:00:38,4.940e-06
17307.3,17:00:39,4.940e-06
17308.5,17:00:41,4.940e-06
17309.6,17:00:42,4.940e-06
17310.8,17:00:43,4.940e-06
17311.9,17:00:44,4.940e-06
17313.1,17:00:45,4.940e-06
17314.2,17:00:46,4.940e-06
17315.4,17:00:48,4.940e-06
17316.6,17:00:49,4.940e-06
17317.7,17:00:50,4.940e-06
17318.9,17:00:51,4.930e-06
17320.0,17:00:52,4.930e-06
17321.2,17:00:53,4.930e-06
17322.3,17:00:55,4.930e-06
17323.5,17:00:56,4.930e-06
17324.6,17:00:57,4.930e-06
17325.8,17:00:58,4.930e-06
17327.0,17:00:59,4.930e-06
17328.1,17:01:00,4.930e-06
17329.3,17:01:01,4.930e-06
17330.4,17:01:03,4.930e-06
17331.6,17:01:04,4.930e-06
17332.7,17:01:05,4.930e-06
17333.9,17:01:06,4.930e-06
17335.0,17:01:07,4.930e-06
17336.2,17:01:08,4.930e-06
17337.4,17:01:10,4.930e-06
17338.5,17:01:11,4.930e-06
17339.7,17:01:12,4.930e-06
17340.8,17:01:13,4.930e-06
17342.0,17:01:14,4.930e-06
17343.1,17:01:15,4.930e-06
17344.3,17:01:16,4.930e-06
17345.5,17:01:18,4.930e-06
17346.6,17:01:19,4.930e-06
17347.8,17:01:20,4.930e-06
17348.9,17:01:21,4.930e-06
17350.1,17:01:22,4.930e-06
17351.3,17:01:23,4.930e-06
17352.4,17:01:25,4.930e-06
17353.6,17:01:26,4.930e-06
17354.7,17:01:27,4.930e-06
17355.9,17:01:28,4.930e-06
17357.1,17:01:29,4.930e-06
17358.2,17:01:30,4.930e-06
17359.4,17:01:32,4.930e-06
17360.5,17:01:33,4.930e-06
17361.7,17:01:34,4.930e-06
17362.8,17:01:35,4.930e-06
17364.0,17:01:36,4.930e-06
17365.1,17:01:37,4.930e-06
17366.3,17:01:38,4.930e-06
17367.4,17:01:40,4.930e-06
17368.6,17:01:41,4.930e-06
17369.7,17:01:42,4.930e-06
17370.9,17:01:43,4.930e-06
17372.1,17:01:44,4.930e-06
17373.2,17:01:45,4.930e-06
17374.4,17:01:47,4.930e-06
17375.5,17:01:48,4.930e-06
17376.7,17:01:49,4.930e-06
17377.8,17:01:50,4.940e-06
17379.0,17:01:51,4.940e-06
17380.2,17:01:52,4.940e-06
17381.3,17:01:53,4.940e-06
17382.5,17:01:55,4.940e-06
17383.6,17:01:56,4.940e-06
17384.8,17:01:57,4.940e-06
17385.9,17:01:58,4.940e-06
17387.1,17:01:59,4.940e-06
17388.2,17:02:00,4.940e-06
17389.4,17:02:02,4.940e-06
17390.6,17:02:03,4.940e-06
17391.7,17:02:04,4.940e-06
17392.9,17:02:05,4.940e-06
17394.0,17:02:06,4.910e-06
17395.2,17:02:07,4.910e-06
17396.3,17:02:09,4.910e-06
17397.5,17:02:10,4.900e-06
17398.6,17:02:11,4.900e-06
17399.8,17:02:12,4.900e-06
17400.9,17:02:13,4.900e-06
17402.1,17:02:14,4.900e-06
17403.2,17:02:15,4.900e-06
17404.4,17:02:17,4.900e-06
17405.6,17:02:18,4.900e-06
17406.7,17:02:19,4.900e-06
17407.9,17:02:20,4.900e-06
17409.0,17:02:21,4.900e-06
17410.2,17:02:22,4.900e-06
17411.3,17:02:24,4.900e-06
17412.5,17:02:25,4.900e-06
17413.6,17:02:26,4.900e-06
17414.8,17:02:27,4.900e-06
17415.9,17:02:28,4.900e-06
17417.1,17:02:29,4.900e-06
17418.2,17:02:30,4.900e-06
17419.4,17:02:32,4.900e-06
17420.5,17:02:33,4.900e-06
17421.7,17:02:34,4.900e-06
17422.9,17:02:35,4.900e-06
17424.0,17:02:36,4.900e-06
17425.2,17:02:37,4.900e-06
17426.3,17:02:39,4.900e-06
17427.5,17:02:40,4.900e-06
17428.7,17:02:41,4.900e-06
17429.8,17:02:42,4.900e-06
17431.0,17:02:43,4.900e-06
17432.1,17:02:44,4.900e-06
17433.3,17:02:45,4.900e-06
17434.4,17:02:47,4.900e-06
17435.6,17:02:48,4.900e-06
17436.8,17:02:49,4.900e-06
17437.9,17:02:50,4.900e-06
17439.1,17:02:51,4.900e-06
17440.2,17:02:52,4.900e-06
17441.4,17:02:54,4.900e-06
17442.5,17:02:55,4.900e-06
17443.7,17:02:56,4.900e-06
17444.9,17:02:57,4.900e-06
17446.0,17:02:58,4.900e-06
17447.2,17:02:59,4.900e-06
17448.3,17:03:01,4.900e-06
17449.5,17:03:02,4.900e-06
17450.7,17:03:03,4.900e-06
17451.8,17:03:04,4.900e-06
17453.0,17:03:05,4.900e-06
17454.1,17:03:06,4.900e-06
17455.3,17:03:07,4.900e-06
17456.4,17:03:09,4.900e-06
17457.6,17:03:10,4.900e-06
17458.7,17:03:11,4.900e-06
17459.9,17:03:12,4.900e-06
17461.1,17:03:13,4.900e-06
17462.2,17:03:14,4.900e-06
17463.4,17:03:16,4.900e-06
17464.5,17:03:17,4.900e-06
17465.7,17:03:18,4.900e-06
17466.8,17:03:19,4.900e-06
17468.0,17:03:20,4.900e-06
17469.1,17:03:21,4.900e-06
17470.3,17:03:22,4.900e-06
17471.4,17:03:24,4.900e-06
17472.6,17:03:25,4.900e-06
17473.8,17:03:26,4.900e-06
17474.9,17:03:27,4.900e-06
17476.1,17:03:28,4.900e-06
17477.2,17:03:29,4.900e-06
17478.4,17:03:31,4.900e-06
17479.5,17:03:32,4.900e-06
17480.7,17:03:33,4.910e-06
17481.9,17:03:34,4.910e-06
17483.0,17:03:35,4.900e-06
17484.2,17:03:36,4.900e-06
17485.3,17:03:38,4.910e-06
17486.5,17:03:39,4.910e-06
17487.7,17:03:40,4.900e-06
17488.8,17:03:41,4.900e-06
17490.0,17:03:42,4.900e-06
17491.1,17:03:43,4.910e-06
17492.3,17:03:44,4.910e-06
17493.4,17:03:46,4.900e-06
17494.6,17:03:47,4.900e-06
17495.7,17:03:48,4.910e-06
17496.9,17:03:49,4.900e-06
17498.0,17:03:50,4.900e-06
17499.2,17:03:51,4.910e-06
17500.3,17:03:53,4.900e-06
17501.5,17:03:54,4.910e-06
17502.6,17:03:55,4.910e-06
17503.8,17:03:56,4.900e-06
17504.9,17:03:57,4.910e-06
17506.1,17:03:58,4.910e-06
17507.3,17:03:59,4.910e-06
17508.4,17:04:01,4.910e-06
17509.6,17:04:02,4.910e-06
17510.7,17:04:03,4.910e-06
17511.9,17:04:04,4.910e-06
17513.0,17:04:05,4.910e-06
17514.2,17:04:06,4.910e-06
17515.3,17:04:08,4.910e-06
17516.5,17:04:09,4.880e-06
17517.6,17:04:10,4.870e-06
17518.8,17:04:11,4.870e-06
17519.9,17:04:12,4.870e-06
17521.1,17:04:13,4.870e-06
17522.3,17:04:14,4.870e-06
17523.4,17:04:16,4.870e-06
17524.6,17:04:17,4.870e-06
17525.7,17:04:18,4.870e-06
17526.9,17:04:19,4.870e-06
17528.1,17:04:20,4.870e-06
17529.2,17:04:21,4.870e-06
17530.4,17:04:23,4.870e-06
17531.5,17:04:24,4.870e-06
17532.7,17:04:25,4.870e-06
17533.8,17:04:26,4.870e-06
17535.0,17:04:27,4.870e-06
17536.1,17:04:28,4.870e-06
17537.3,17:04:29,4.870e-06
17538.5,17:04:31,4.870e-06
17539.6,17:04:32,4.870e-06
17540.8,17:04:33,4.870e-06
17541.9,17:04:34,4.870e-06
17543.1,17:04:35,4.870e-06
17544.2,17:04:36,4.870e-06
17545.4,17:04:38,4.870e-06
17546.5,17:04:39,4.870e-06
17547.7,17:04:40,4.870e-06
17548.9,17:04:41,4.870e-06
17550.0,17:04:42,4.870e-06
17551.2,17:04:43,4.870e-06
17552.3,17:04:45,4.870e-06
17553.5,17:04:46,4.870e-06
17554.6,17:04:47,4.870e-06
17555.8,17:04:48,4.870e-06
17557.0,17:04:49,4.870e-06
17558.1,17:04:50,4.870e-06
17559.3,17:04:51,4.870e-06
17560.5,17:04:53,4.870e-06
17561.6,17:04:54,4.870e-06
17562.8,17:04:55,4.870e-06
17563.9,17:04:56,4.870e-06
17565.1,17:04:57,4.870e-06
17566.3,17:04:58,4.860e-06
17567.4,17:05:00,4.860e-06
17568.6,17:05:01,4.860e-06
17569.7,17:05:02,4.860e-06
17570.9,17:05:03,4.860e-06
17572.0,17:05:04,4.860e-06
17573.2,17:05:05,4.860e-06
17574.4,17:05:07,4.860e-06
17575.5,17:05:08,4.860e-06
17576.7,17:05:09,4.860e-06
17577.8,17:05:10,4.860e-06
17579.0,17:05:11,4.860e-06
17580.1,17:05:12,4.860e-06
17581.3,17:05:13,4.860e-06
17582.5,17:05:15,4.860e-06
17583.6,17:05:16,4.860e-06
17584.8,17:05:17,4.860e-06
17586.0,17:05:18,4.870e-06
17587.1,17:05:19,4.870e-06
17588.3,17:05:20,4.870e-06
17589.4,17:05:22,4.870e-06
17590.6,17:05:23,4.870e-06
17591.7,17:05:24,4.870e-06
17592.9,17:05:25,4.870e-06
17594.1,17:05:26,4.860e-06
17595.2,17:05:27,4.860e-06
17596.4,17:05:29,4.860e-06
17597.5,17:05:30,4.860e-06
17598.7,17:05:31,4.860e-06
17599.8,17:05:32,4.860e-06
17601.0,17:05:33,4.860e-06
17602.2,17:05:34,4.860e-06
17603.3,17:05:35,4.860e-06
17604.5,17:05:37,4.860e-06
17605.6,17:05:38,4.860e-06
17606.8,17:05:39,4.860e-06
17608.0,17:05:40,4.870e-06
17609.1,17:05:41,4.860e-06
17610.3,17:05:42,4.860e-06
17611.4,17:05:44,4.870e-06
17612.6,17:05:45,4.870e-06
17613.7,17:05:46,4.860e-06
17614.9,17:05:47,4.860e-06
17616.1,17:05:48,4.860e-06
17617.2,17:05:49,4.860e-06
17618.4,17:05:51,4.870e-06
17619.5,17:05:52,4.870e-06
17620.7,17:05:53,4.860e-06
17621.8,17:05:54,4.860e-06
17623.0,17:05:55,4.870e-06
17624.1,17:05:56,4.860e-06
17625.3,17:05:57,4.870e-06
17626.5,17:05:59,4.870e-06
17627.6,17:06:00,4.870e-06
17628.8,17:06:01,4.870e-06
17629.9,17:06:02,4.870e-06
17631.1,17:06:03,4.870e-06
17632.2,17:06:04,4.870e-06
17633.4,17:06:06,4.870e-06
17634.6,17:06:07,4.870e-06
17635.7,17:06:08,4.870e-06
17636.9,17:06:09,4.840e-06
17638.1,17:06:10,4.830e-06
17639.2,17:06:11,4.830e-06
17640.4,17:06:13,4.830e-06
17641.6,17:06:14,4.830e-06
17642.7,17:06:15,4.830e-06
17643.9,17:06:16,4.830e-06
17645.0,17:06:17,4.830e-06
17646.2,17:06:18,4.830e-06
17647.4,17:06:20,4.830e-06
17648.5,17:06:21,4.830e-06
17649.7,17:06:22,4.830e-06
17650.8,17:06:23,4.830e-06
17652.0,17:06:24,4.820e-06
17653.1,17:06:25,4.830e-06
17654.3,17:06:26,4.820e-06
17655.4,17:06:28,4.820e-06
17656.6,17:06:29,4.820e-06
17657.7,17:06:30,4.830e-06
17658.9,17:06:31,4.830e-06
17660.0,17:06:32,4.820e-06
17661.2,17:06:33,4.830e-06
17662.3,17:06:35,4.830e-06
17663.5,17:06:36,4.830e-06
17664.7,17:06:37,4.830e-06
17665.8,17:06:38,4.820e-06
17667.0,17:06:39,4.830e-06
17668.2,17:06:40,4.830e-06
17669.3,17:06:42,4.820e-06
17670.5,17:06:43,4.820e-06
17671.6,17:06:44,4.830e-06
17672.8,17:06:45,4.830e-06
17674.0,17:06:46,4.830e-06
17675.1,17:06:47,4.830e-06
17676.3,17:06:48,4.830e-06
17677.4,17:06:50,4.830e-06
17678.6,17:06:51,4.830e-06
17679.7,17:06:52,4.830e-06
17680.9,17:06:53,4.830e-06
17682.0,17:06:54,4.830e-06
17683.2,17:06:55,4.830e-06
17684.4,17:06:57,4.830e-06
17685.5,17:06:58,4.830e-06
17686.7,17:06:59,4.830e-06
17687.8,17:07:00,4.830e-06
17689.0,17:07:01,4.830e-06
17690.1,17:07:02,4.830e-06
17691.3,17:07:03,4.830e-06
17692.5,17:07:05,4.830e-06
17693.6,17:07:06,4.830e-06
17694.8,17:07:07,4.830e-06
17695.9,17:07:08,4.830e-06
17697.1,17:07:09,4.830e-06
17698.2,17:07:10,4.830e-06
17699.4,17:07:12,4.830e-06
17700.6,17:07:13,4.830e-06
17701.7,17:07:14,4.830e-06
17702.9,17:07:15,4.830e-06
17704.0,17:07:16,4.830e-06
17705.2,17:07:17,4.830e-06
17706.4,17:07:19,4.830e-06
17707.5,17:07:20,4.830e-06
17708.7,17:07:21,4.830e-06
17709.8,17:07:22,4.830e-06
17711.0,17:07:23,4.830e-06
17712.2,17:07:24,4.830e-06
17713.3,17:07:26,4.830e-06
17714.5,17:07:27,4.830e-06
17715.6,17:07:28,4.830e-06
17716.8,17:07:29,4.830e-06
17718.0,17:07:30,4.830e-06
17719.1,17:07:31,4.830e-06
17720.3,17:07:32,4.830e-06
17721.5,17:07:34,4.830e-06
17722.6,17:07:35,4.830e-06
17723.8,17:07:36,4.830e-06
17724.9,17:07:37,4.830e-06
17726.1,17:07:38,4.830e-06
17727.3,17:07:39,4.830e-06
17728.4,17:07:41,4.830e-06
17729.6,17:07:42,4.830e-06
17730.7,17:07:43,4.830e-06
17731.9,17:07:44,4.830e-06
17733.1,17:07:45,4.830e-06
17734.2,17:07:46,4.830e-06
17735.4,17:07:48,4.830e-06
17736.5,17:07:49,4.840e-06
17737.7,17:07:50,4.840e-06
17738.9,17:07:51,4.830e-06
17740.0,17:07:52,4.840e-06
17741.2,17:07:53,4.840e-06
17742.4,17:07:55,4.830e-06
17743.5,17:07:56,4.840e-06
17744.7,17:07:57,4.840e-06
17745.8,17:07:58,4.840e-06
17747.0,17:07:59,4.830e-06
17748.2,17:08:00,4.840e-06
17749.4,17:08:02,4.840e-06
17750.5,17:08:03,4.840e-06
17751.7,17:08:04,4.840e-06
17752.8,17:08:05,4.840e-06
17754.0,17:08:06,4.840e-06
17755.1,17:08:07,4.840e-06
17756.3,17:08:08,4.840e-06
17757.5,17:08:10,4.840e-06
17758.6,17:08:11,4.810e-06
17759.8,17:08:12,4.800e-06
17761.0,17:08:13,4.800e-06
17762.1,17:08:14,4.800e-06
17763.3,17:08:15,4.800e-06
17764.4,17:08:17,4.800e-06
17765.6,17:08:18,4.800e-06
17766.7,17:08:19,4.800e-06
17767.9,17:08:20,4.800e-06
17769.1,17:08:21,4.800e-06
17770.2,17:08:22,4.800e-06
17771.4,17:08:24,4.800e-06
17772.5,17:08:25,4.790e-06
17773.7,17:08:26,4.790e-06
17774.8,17:08:27,4.790e-06
17776.0,17:08:28,4.800e-06
17777.1,17:08:29,4.800e-06
17778.3,17:08:30,4.800e-06
17779.5,17:08:32,4.790e-06
17780.6,17:08:33,4.800e-06
17781.8,17:08:34,4.800e-06
17782.9,17:08:35,4.790e-06
17784.1,17:08:36,4.800e-06
17785.3,17:08:37,4.790e-06
17786.4,17:08:39,4.790e-06
17787.6,17:08:40,4.800e-06
17788.7,17:08:41,4.790e-06
17789.9,17:08:42,4.790e-06
17791.1,17:08:43,4.790e-06
17792.2,17:08:44,4.800e-06
17793.4,17:08:46,4.800e-06
17794.5,17:08:47,4.800e-06
17795.7,17:08:48,4.800e-06
17796.9,17:08:49,4.800e-06
17798.0,17:08:50,4.790e-06
17799.2,17:08:51,4.790e-06
17800.3,17:08:53,4.800e-06
17801.5,17:08:54,4.790e-06
17802.6,17:08:55,4.800e-06
17803.8,17:08:56,4.800e-06
17804.9,17:08:57,4.800e-06
17806.1,17:08:58,4.800e-06
17807.3,17:08:59,4.800e-06
17808.4,17:09:01,4.800e-06
17809.6,17:09:02,4.800e-06
17810.7,17:09:03,4.800e-06
17811.9,17:09:04,4.800e-06
17813.0,17:09:05,4.800e-06
17814.2,17:09:06,4.800e-06
17815.4,17:09:08,4.800e-06
17816.5,17:09:09,4.800e-06
17817.7,17:09:10,4.800e-06
17818.9,17:09:11,4.800e-06
17820.0,17:09:12,4.800e-06
17821.2,17:09:13,4.800e-06
17822.3,17:09:15,4.800e-06
17823.5,17:09:16,4.800e-06
17824.6,17:09:17,4.800e-06
17825.8,17:09:18,4.800e-06
17827.0,17:09:19,4.800e-06
17828.1,17:09:20,4.800e-06
17829.3,17:09:21,4.800e-06
17830.4,17:09:23,4.800e-06
17831.6,17:09:24,4.800e-06
17832.8,17:09:25,4.800e-06
17833.9,17:09:26,4.800e-06
17835.1,17:09:27,4.800e-06
17836.2,17:09:28,4.800e-06
17837.4,17:09:30,4.800e-06
17838.6,17:09:31,4.800e-06
17839.7,17:09:32,4.800e-06
17840.9,17:09:33,4.800e-06
17842.1,17:09:34,4.800e-06
17843.2,17:09:35,4.800e-06
17844.4,17:09:37,4.800e-06
17845.6,17:09:38,4.800e-06
17846.7,17:09:39,4.800e-06
17847.9,17:09:40,4.800e-06
17849.0,17:09:41,4.790e-06
17850.2,17:09:42,4.790e-06
17851.3,17:09:44,4.800e-06
17852.5,17:09:45,4.800e-06
17853.7,17:09:46,4.800e-06
17854.8,17:09:47,4.800e-06
17856.0,17:09:48,4.800e-06
17857.1,17:09:49,4.800e-06
17858.3,17:09:50,4.800e-06
17859.5,17:09:52,4.790e-06
17860.6,17:09:53,4.800e-06
17861.8,17:09:54,4.800e-06
17862.9,17:09:55,4.790e-06
17864.1,17:09:56,4.790e-06
17865.3,17:09:57,4.800e-06
17866.4,17:09:59,4.790e-06
17867.6,17:10:00,4.800e-06
17868.7,17:10:01,4.790e-06
17869.9,17:10:02,4.800e-06
17871.0,17:10:03,4.790e-06
17872.2,17:10:04,4.800e-06
17873.4,17:10:06,4.800e-06
17874.5,17:10:07,4.800e-06
17875.7,17:10:08,4.800e-06
17876.9,17:10:09,4.800e-06
17878.0,17:10:10,4.770e-06
17879.2,17:10:11,4.760e-06
17880.3,17:10:13,4.760e-06
17881.5,17:10:14,4.760e-06
17882.6,17:10:15,4.760e-06
17883.8,17:10:16,4.760e-06
17884.9,17:10:17,4.760e-06
17886.1,17:10:18,4.760e-06
17887.2,17:10:19,4.750e-06
17888.4,17:10:21,4.760e-06
17889.6,17:10:22,4.760e-06
17890.7,17:10:23,4.760e-06
17891.9,17:10:24,4.750e-06
17893.0,17:10:25,4.760e-06
17894.2,17:10:26,4.750e-06
17895.4,17:10:28,4.750e-06
17896.5,17:10:29,4.760e-06
17897.7,17:10:30,4.760e-06
17898.8,17:10:31,4.760e-06
17900.0,17:10:32,4.760e-06
17901.1,17:10:33,4.750e-06
17902.3,17:10:34,4.760e-06
17903.5,17:10:36,4.760e-06
17904.6,17:10:37,4.760e-06
17905.8,17:10:38,4.750e-06
17906.9,17:10:39,4.760e-06
17908.1,17:10:40,4.750e-06
17909.3,17:10:41,4.750e-06
17910.4,17:10:43,4.750e-06
17911.6,17:10:44,4.750e-06
17912.7,17:10:45,4.750e-06
17913.9,17:10:46,4.760e-06
17915.0,17:10:47,4.750e-06
17916.2,17:10:48,4.760e-06
17917.4,17:10:50,4.760e-06
17918.5,17:10:51,4.760e-06
17919.7,17:10:52,4.750e-06
17920.8,17:10:53,4.750e-06
17922.0,17:10:54,4.750e-06
17923.2,17:10:55,4.760e-06
17924.3,17:10:56,4.760e-06
17925.5,17:10:58,4.760e-06
17926.6,17:10:59,4.760e-06
17927.8,17:11:00,4.760e-06
17928.9,17:11:01,4.750e-06
17930.1,17:11:02,4.760e-06
17931.2,17:11:03,4.750e-06
17932.4,17:11:05,4.760e-06
17933.5,17:11:06,4.760e-06
17934.7,17:11:07,4.760e-06
17935.8,17:11:08,4.760e-06
17937.0,17:11:09,4.760e-06
17938.2,17:11:10,4.760e-06
17939.3,17:11:12,4.760e-06
17940.5,17:11:13,4.760e-06
17941.6,17:11:14,4.760e-06
17942.8,17:11:15,4.760e-06
17943.9,17:11:16,4.760e-06
17945.1,17:11:17,4.760e-06
17946.3,17:11:18,4.760e-06
17947.4,17:11:20,4.760e-06
17948.5,17:11:21,4.760e-06
17949.7,17:11:22,4.760e-06
17950.9,17:11:23,4.760e-06
17952.0,17:11:24,4.760e-06
17953.2,17:11:25,4.760e-06
17954.3,17:11:27,4.760e-06
17955.5,17:11:28,4.760e-06
17956.7,17:11:29,4.760e-06
17957.8,17:11:30,4.760e-06
17959.0,17:11:31,4.760e-06
17960.1,17:11:32,4.760e-06
17961.3,17:11:33,4.760e-06
17962.4,17:11:35,4.760e-06
17963.6,17:11:36,4.760e-06
17964.7,17:11:37,4.760e-06
17965.9,17:11:38,4.760e-06
17967.0,17:11:39,4.760e-06
17968.2,17:11:40,4.760e-06
17969.4,17:11:42,4.760e-06
17970.5,17:11:43,4.760e-06
17971.7,17:11:44,4.760e-06
17972.8,17:11:45,4.760e-06
17974.0,17:11:46,4.760e-06
17975.2,17:11:47,4.770e-06
17976.3,17:11:48,4.770e-06
17977.5,17:11:50,4.760e-06
17978.6,17:11:51,4.770e-06
17979.8,17:11:52,4.770e-06
17980.9,17:11:53,4.770e-06
17982.1,17:11:54,4.760e-06
17983.2,17:11:55,4.770e-06
17984.4,17:11:57,4.770e-06
17985.6,17:11:58,4.770e-06
17986.7,17:11:59,4.770e-06
17987.9,17:12:00,4.770e-06
17989.0,17:12:01,4.770e-06
17990.2,17:12:02,4.770e-06
17991.4,17:12:04,4.770e-06
17992.5,17:12:05,4.770e-06
17993.7,17:12:06,4.770e-06
17994.8,17:12:07,4.770e-06
17996.0,17:12:08,4.770e-06
17997.1,17:12:09,4.770e-06
17998.3,17:12:10,4.770e-06
17999.5,17:12:12,4.770e-06
18000.6,17:12:13,4.770e-06
18001.8,17:12:14,4.750e-06
18002.9,17:12:15,4.740e-06
18004.1,17:12:16,4.730e-06
18005.3,17:12:17,4.730e-06
18006.4,17:12:19,4.730e-06
18007.6,17:12:20,4.730e-06
18008.8,17:12:21,4.730e-06
18009.9,17:12:22,4.730e-06
18011.1,17:12:23,4.730e-06
18012.2,17:12:24,4.730e-06
18013.4,17:12:26,4.730e-06
18014.5,17:12:27,4.730e-06
18015.7,17:12:28,4.730e-06
18016.9,17:12:29,4.730e-06
18018.0,17:12:30,4.730e-06
18019.2,17:12:31,4.730e-06
18020.3,17:12:33,4.730e-06
18021.5,17:12:34,4.730e-06
18022.6,17:12:35,4.730e-06
18023.8,17:12:36,4.730e-06
18025.0,17:12:37,4.730e-06
18026.1,17:12:38,4.730e-06
18027.3,17:12:39,4.730e-06
18028.5,17:12:41,4.730e-06
18029.6,17:12:42,4.730e-06
18030.8,17:12:43,4.730e-06
18031.9,17:12:44,4.730e-06
18033.1,17:12:45,4.730e-06
18034.2,17:12:46,4.730e-06
18035.4,17:12:48,4.730e-06
18036.5,17:12:49,4.730e-06
18037.7,17:12:50,4.730e-06
18038.8,17:12:51,4.730e-06
18040.0,17:12:52,4.730e-06
18041.1,17:12:53,4.730e-06
18042.3,17:12:54,4.730e-06
18043.5,17:12:56,4.730e-06
18044.6,17:12:57,4.730e-06
18045.8,17:12:58,4.730e-06
18046.9,17:12:59,4.730e-06
18048.1,17:13:00,4.730e-06
18049.3,17:13:01,4.730e-06
18050.4,17:13:03,4.730e-06
18051.6,17:13:04,4.730e-06
18052.7,17:13:05,4.730e-06
18053.9,17:13:06,4.730e-06
18055.1,17:13:07,4.730e-06
18056.2,17:13:08,4.730e-06
18057.4,17:13:10,4.730e-06
18058.5,17:13:11,4.730e-06
18059.7,17:13:12,4.730e-06
18060.9,17:13:13,4.730e-06
18062.0,17:13:14,4.730e-06
18063.2,17:13:15,4.730e-06
18064.3,17:13:17,4.730e-06
18065.5,17:13:18,4.730e-06
18066.7,17:13:19,4.730e-06
18067.8,17:13:20,4.730e-06
18069.0,17:13:21,4.730e-06
18070.2,17:13:22,4.730e-06
18071.3,17:13:23,4.730e-06
18072.5,17:13:25,4.730e-06
18073.6,17:13:26,4.730e-06
18074.8,17:13:27,4.730e-06
18075.9,17:13:28,4.730e-06
18077.1,17:13:29,4.730e-06
18078.2,17:13:30,4.730e-06
18079.4,17:13:32,4.730e-06
18080.5,17:13:33,4.730e-06
18081.7,17:13:34,4.730e-06
18082.8,17:13:35,4.730e-06
18084.0,17:13:36,4.730e-06
18085.1,17:13:37,4.730e-06
18086.3,17:13:38,4.730e-06
18087.4,17:13:40,4.730e-06
18088.6,17:13:41,4.730e-06
18089.7,17:13:42,4.730e-06
18090.9,17:13:43,4.730e-06
18092.1,17:13:44,4.730e-06
18093.2,17:13:45,4.730e-06
18094.4,17:13:47,4.730e-06
18095.6,17:13:48,4.730e-06
18096.7,17:13:49,4.730e-06
18097.9,17:13:50,4.730e-06
18099.1,17:13:51,4.730e-06
18100.2,17:13:52,4.730e-06
18101.4,17:13:54,4.730e-06
18102.5,17:13:55,4.730e-06
18103.7,17:13:56,4.730e-06
18104.8,17:13:57,4.730e-06
18106.0,17:13:58,4.730e-06
18107.1,17:13:59,4.730e-06
18108.3,17:14:01,4.730e-06
18109.5,17:14:02,4.730e-06
18110.6,17:14:03,4.730e-06
18111.8,17:14:04,4.730e-06
18113.0,17:14:05,4.730e-06
18114.1,17:14:06,4.730e-06
18115.3,17:14:07,4.730e-06
18116.4,17:14:09,4.730e-06
18117.6,17:14:10,4.730e-06
18118.7,17:14:11,4.740e-06
18119.9,17:14:12,4.730e-06
18121.1,17:14:13,4.730e-06
18122.2,17:14:14,4.730e-06
18123.4,17:14:16,4.730e-06
18124.5,17:14:17,4.740e-06
18125.7,17:14:18,4.740e-06
18126.9,17:14:19,4.740e-06
18128.0,17:14:20,4.740e-06
18129.2,17:14:21,4.730e-06
18130.3,17:14:23,4.740e-06
18131.5,17:14:24,4.730e-06
18132.6,17:14:25,4.710e-06
18133.8,17:14:26,4.700e-06
18134.9,17:14:27,4.700e-06
18136.1,17:14:28,4.700e-06
18137.3,17:14:29,4.690e-06
18138.4,17:14:31,4.700e-06
18139.6,17:14:32,4.690e-06
18140.8,17:14:33,4.690e-06
18141.9,17:14:34,4.690e-06
18143.1,17:14:35,4.690e-06
18144.3,17:14:36,4.690e-06
18145.4,17:14:38,4.700e-06
18146.6,17:14:39,4.700e-06
18147.7,17:14:40,4.700e-06
18148.9,17:14:41,4.700e-06
18150.1,17:14:42,4.700e-06
18151.2,17:14:43,4.700e-06
18152.4,17:14:45,4.700e-06
18153.6,17:14:46,4.700e-06
18154.7,17:14:47,4.700e-06
18155.9,17:14:48,4.700e-06
18157.0,17:14:49,4.700e-06
18158.2,17:14:50,4.700e-06
18159.3,17:14:52,4.700e-06
18160.5,17:14:53,4.690e-06
18161.7,17:14:54,4.700e-06
18162.8,17:14:55,4.700e-06
18164.0,17:14:56,4.700e-06
18165.1,17:14:57,4.700e-06
18166.3,17:14:58,4.700e-06
18167.4,17:15:00,4.700e-06
18168.6,17:15:01,4.700e-06
18169.7,17:15:02,4.700e-06
18170.9,17:15:03,4.700e-06
18172.1,17:15:04,4.700e-06
18173.2,17:15:05,4.700e-06
18174.4,17:15:07,4.700e-06
18175.5,17:15:08,4.700e-06
18176.7,17:15:09,4.700e-06
18177.9,17:15:10,4.700e-06
18179.0,17:15:11,4.700e-06
18180.2,17:15:12,4.700e-06
18181.3,17:15:14,4.690e-06
18182.5,17:15:15,4.700e-06
18183.7,17:15:16,4.700e-06
18184.8,17:15:17,4.690e-06
18186.0,17:15:18,4.690e-06
18187.2,17:15:19,4.700e-06
18188.3,17:15:21,4.700e-06
18189.5,17:15:22,4.700e-06
18190.6,17:15:23,4.700e-06
18191.8,17:15:24,4.700e-06
18192.9,17:15:25,4.700e-06
18194.1,17:15:26,4.700e-06
18195.2,17:15:27,4.700e-06
18196.4,17:15:29,4.700e-06
18197.5,17:15:30,4.700e-06
18198.7,17:15:31,4.700e-06
18199.9,17:15:32,4.700e-06
18201.0,17:15:33,4.700e-06
18202.2,17:15:34,4.700e-06
18203.3,17:15:36,4.700e-06
18204.5,17:15:37,4.700e-06
18205.7,17:15:38,4.700e-06
18206.8,17:15:39,4.700e-06
18208.0,17:15:40,4.700e-06
18209.1,17:15:41,4.700e-06
18210.3,17:15:42,4.700e-06
18211.5,17:15:44,4.700e-06
18212.6,17:15:45,4.700e-06
18213.8,17:15:46,4.700e-06
18215.0,17:15:47,4.700e-06
18216.1,17:15:48,4.700e-06
18217.3,17:15:49,4.700e-06
18218.4,17:15:51,4.700e-06
18219.6,17:15:52,4.700e-06
18220.7,17:15:53,4.700e-06
18221.9,17:15:54,4.700e-06
18223.1,17:15:55,4.700e-06
18224.2,17:15:56,4.700e-06
18225.4,17:15:58,4.700e-06
18226.5,17:15:59,4.700e-06
18227.7,17:16:00,4.700e-06
18228.8,17:16:01,4.700e-06
18230.0,17:16:02,4.700e-06
18231.1,17:16:03,4.700e-06
18232.3,17:16:04,4.700e-06
18233.4,17:16:06,4.700e-06
18234.6,17:16:07,4.700e-06
18235.8,17:16:08,4.700e-06
18236.9,17:16:09,4.710e-06
18238.1,17:16:10,4.710e-06
18239.3,17:16:11,4.710e-06
18240.4,17:16:13,4.710e-06
18241.6,17:16:14,4.710e-06
18242.7,17:16:15,4.710e-06
18243.9,17:16:16,4.710e-06
18245.1,17:16:17,4.710e-06
18246.2,17:16:18,4.710e-06
18247.4,17:16:20,4.710e-06
18248.5,17:16:21,4.710e-06
18249.7,17:16:22,4.710e-06
18250.8,17:16:23,4.710e-06
18252.0,17:16:24,4.710e-06
18253.2,17:16:25,4.710e-06
18254.3,17:16:27,4.710e-06
18255.5,17:16:28,4.710e-06
18256.6,17:16:29,4.710e-06
18257.8,17:16:30,4.710e-06
18259.0,17:16:31,4.710e-06
18260.1,17:16:32,4.700e-06
18261.3,17:16:33,4.680e-06
18262.4,17:16:35,4.670e-06
18263.6,17:16:36,4.670e-06
18264.7,17:16:37,4.670e-06
18265.9,17:16:38,4.670e-06
18267.0,17:16:39,4.670e-06
18268.2,17:16:40,4.670e-06
18269.4,17:16:42,4.670e-06
18270.5,17:16:43,4.670e-06
18271.7,17:16:44,4.670e-06
18272.8,17:16:45,4.670e-06
18274.0,17:16:46,4.670e-06
18275.2,17:16:47,4.670e-06
18276.3,17:16:49,4.670e-06
18277.5,17:16:50,4.670e-06
18278.6,17:16:51,4.670e-06
18279.8,17:16:52,4.670e-06
18280.9,17:16:53,4.670e-06
18282.1,17:16:54,4.670e-06
18283.3,17:16:55,4.670e-06
18284.4,17:16:57,4.670e-06
18285.6,17:16:58,4.670e-06
18286.8,17:16:59,4.670e-06
18287.9,17:17:00,4.670e-06
18289.1,17:17:01,4.670e-06
18290.2,17:17:02,4.670e-06
18291.4,17:17:04,4.670e-06
18292.6,17:17:05,4.670e-06
18293.7,17:17:06,4.670e-06
18294.9,17:17:07,4.670e-06
18296.1,17:17:08,4.670e-06
18297.2,17:17:09,4.670e-06
18298.4,17:17:11,4.670e-06
18299.5,17:17:12,4.670e-06
18300.7,17:17:13,4.680e-06
18301.9,17:17:14,4.680e-06
18303.0,17:17:15,4.670e-06
18304.2,17:17:16,4.680e-06
18305.3,17:17:18,4.670e-06
18306.5,17:17:19,4.680e-06
18307.6,17:17:20,4.680e-06
18308.8,17:17:21,4.680e-06
18310.0,17:17:22,4.680e-06
18311.2,17:17:23,4.680e-06
18312.4,17:17:25,4.680e-06
18313.6,17:17:26,4.680e-06
18314.7,17:17:27,4.680e-06
18315.9,17:17:28,4.680e-06
18317.0,17:17:29,4.680e-06
18318.2,17:17:30,4.680e-06
18319.4,17:17:32,4.680e-06
18320.5,17:17:33,4.680e-06
18321.7,17:17:34,4.680e-06
18322.8,17:17:35,4.680e-06
18324.0,17:17:36,4.680e-06
18325.1,17:17:37,4.680e-06
18326.3,17:17:38,4.680e-06
18327.4,17:17:40,4.680e-06
18328.6,17:17:41,4.680e-06
18329.7,17:17:42,4.680e-06
18330.9,17:17:43,4.680e-06
18332.0,17:17:44,4.680e-06
18333.2,17:17:45,4.680e-06
18334.3,17:17:47,4.680e-06
18335.5,17:17:48,4.680e-06
18336.6,17:17:49,4.680e-06
18337.8,17:17:50,4.680e-06
18338.9,17:17:51,4.680e-06
18340.1,17:17:52,4.680e-06
18341.3,17:17:53,4.680e-06
18342.4,17:17:55,4.680e-06
18343.6,17:17:56,4.680e-06
18344.7,17:17:57,4.680e-06
18345.9,17:17:58,4.680e-06
18347.0,17:17:59,4.680e-06
18348.2,17:18:00,4.680e-06
18349.3,17:18:01,4.680e-06
18350.4,17:18:03,4.680e-06
18351.6,17:18:04,4.690e-06
18352.8,17:18:05,4.690e-06
18353.9,17:18:06,4.690e-06
18355.1,17:18:07,4.690e-06
18356.2,17:18:08,4.690e-06
18357.4,17:18:10,4.690e-06
18358.5,17:18:11,4.690e-06
18359.7,17:18:12,4.690e-06
18360.8,17:18:13,4.690e-06
18362.0,17:18:14,4.690e-06
18363.1,17:18:15,4.690e-06
18364.3,17:18:16,4.690e-06
18365.4,17:18:18,4.690e-06
18366.6,17:18:19,4.690e-06
18367.7,17:18:20,4.690e-06
18368.9,17:18:21,4.690e-06
18370.0,17:18:22,4.690e-06
18371.2,17:18:23,4.690e-06
18372.3,17:18:25,4.690e-06
18373.5,17:18:26,4.690e-06
18374.6,17:18:27,4.690e-06
18375.8,17:18:28,4.700e-06
18377.0,17:18:29,4.690e-06
18378.1,17:18:30,4.680e-06
18379.2,17:18:31,4.660e-06
18380.4,17:18:33,4.660e-06
18381.5,17:18:34,4.660e-06
18382.7,17:18:35,4.650e-06
18383.8,17:18:36,4.650e-06
18385.0,17:18:37,4.650e-06
18386.2,17:18:38,4.650e-06
18387.3,17:18:39,4.650e-06
18388.5,17:18:41,4.650e-06
18389.6,17:18:42,4.650e-06
18390.8,17:18:43,4.650e-06
18391.9,17:18:44,4.650e-06
18393.0,17:18:45,4.650e-06
18394.2,17:18:46,4.650e-06
18395.4,17:18:48,4.650e-06
18396.5,17:18:49,4.650e-06
18397.7,17:18:50,4.650e-06
18398.8,17:18:51,4.650e-06
18400.0,17:18:52,4.650e-06
18401.1,17:18:53,4.650e-06
18402.3,17:18:54,4.650e-06
18403.4,17:18:56,4.650e-06
18404.6,17:18:57,4.650e-06
18405.7,17:18:58,4.650e-06
18406.9,17:18:59,4.650e-06
18408.0,17:19:00,4.650e-06
18409.2,17:19:01,4.650e-06
18410.3,17:19:03,4.650e-06
18411.5,17:19:04,4.660e-06
18412.7,17:19:05,4.650e-06
18413.8,17:19:06,4.650e-06
18415.0,17:19:07,4.660e-06
18416.1,17:19:08,4.660e-06
18417.3,17:19:09,4.650e-06
18418.4,17:19:11,4.650e-06
18419.6,17:19:12,4.650e-06
18420.7,17:19:13,4.660e-06
18421.9,17:19:14,4.650e-06
18423.0,17:19:15,4.660e-06
18424.2,17:19:16,4.660e-06
18425.3,17:19:18,4.660e-06
18426.5,17:19:19,4.650e-06
18427.6,17:19:20,4.660e-06
18428.8,17:19:21,4.660e-06
18429.9,17:19:22,4.660e-06
18431.1,17:19:23,4.660e-06
18432.3,17:19:24,4.660e-06
18433.4,17:19:26,4.660e-06
18434.6,17:19:27,4.650e-06
18435.7,17:19:28,4.660e-06
18436.9,17:19:29,4.660e-06
18438.0,17:19:30,4.660e-06
18439.1,17:19:31,4.660e-06
18440.3,17:19:33,4.660e-06
18441.5,17:19:34,4.660e-06
18442.6,17:19:35,4.660e-06
18443.8,17:19:36,4.660e-06
18444.9,17:19:37,4.660e-06
18446.1,17:19:38,4.660e-06
18447.2,17:19:39,4.660e-06
18448.4,17:19:41,4.660e-06
18449.5,17:19:42,4.660e-06
18450.7,17:19:43,4.660e-06
18451.8,17:19:44,4.660e-06
18453.0,17:19:45,4.660e-06
18454.2,17:19:46,4.660e-06
18455.3,17:19:48,4.660e-06
18456.5,17:19:49,4.660e-06
18457.6,17:19:50,4.660e-06
18458.8,17:19:51,4.660e-06
18459.9,17:19:52,4.660e-06
18461.1,17:19:53,4.660e-06
18462.2,17:19:54,4.660e-06
18463.4,17:19:56,4.660e-06
18464.5,17:19:57,4.660e-06
18465.7,17:19:58,4.660e-06
18466.9,17:19:59,4.660e-06
18468.0,17:20:00,4.660e-06
18469.2,17:20:01,4.660e-06
18470.3,17:20:03,4.660e-06
18471.5,17:20:04,4.660e-06
18472.6,17:20:05,4.660e-06
18473.7,17:20:06,4.660e-06
18474.9,17:20:07,4.660e-06
18476.0,17:20:08,4.660e-06
18477.2,17:20:09,4.660e-06
18478.4,17:20:11,4.660e-06
18479.5,17:20:12,4.660e-06
18480.7,17:20:13,4.660e-06
18481.8,17:20:14,4.660e-06
18483.0,17:20:15,4.660e-06
18484.1,17:20:16,4.660e-06
18485.3,17:20:17,4.660e-06
18486.4,17:20:19,4.660e-06
18487.6,17:20:20,4.660e-06
18488.7,17:20:21,4.660e-06
18489.9,17:20:22,4.660e-06
18491.0,17:20:23,4.660e-06
18492.2,17:20:24,4.660e-06
18493.4,17:20:26,4.660e-06
18494.5,17:20:27,4.660e-06
18495.7,17:20:28,4.660e-06
18496.8,17:20:29,4.660e-06
18498.0,17:20:30,4.660e-06
18499.1,17:20:31,4.660e-06
18500.3,17:20:32,4.670e-06
18501.4,17:20:34,4.660e-06
18502.5,17:20:35,4.650e-06
18503.7,17:20:36,4.630e-06
18504.9,17:20:37,4.630e-06
18506.0,17:20:38,4.630e-06
18507.2,17:20:39,4.630e-06
18508.3,17:20:40,4.630e-06
18509.5,17:20:42,4.630e-06
18510.6,17:20:43,4.620e-06
18511.8,17:20:44,4.620e-06
18512.9,17:20:45,4.620e-06
18514.1,17:20:46,4.620e-06
18515.2,17:20:47,4.620e-06
18516.4,17:20:49,4.630e-06
18517.5,17:20:50,4.620e-06
18518.7,17:20:51,4.630e-06
18519.8,17:20:52,4.630e-06
18521.0,17:20:53,4.630e-06
18522.1,17:20:54,4.620e-06
18523.3,17:20:55,4.620e-06
18524.5,17:20:57,4.630e-06
18525.6,17:20:58,4.630e-06
18526.8,17:20:59,4.620e-06
18527.9,17:21:00,4.630e-06
18529.1,17:21:01,4.630e-06
18530.2,17:21:02,4.630e-06
18531.4,17:21:04,4.630e-06
18532.5,17:21:05,4.630e-06
18533.6,17:21:06,4.630e-06
18534.8,17:21:07,4.630e-06
18536.0,17:21:08,4.620e-06
18537.1,17:21:09,4.620e-06
18538.2,17:21:10,4.630e-06
18539.4,17:21:12,4.630e-06
18540.5,17:21:13,4.630e-06
18541.7,17:21:14,4.630e-06
18542.8,17:21:15,4.630e-06
18544.0,17:21:16,4.620e-06
18545.1,17:21:17,4.630e-06
18546.3,17:21:18,4.630e-06
18547.4,17:21:20,4.630e-06
18548.6,17:21:21,4.620e-06
18549.7,17:21:22,4.630e-06
18550.9,17:21:23,4.630e-06
18552.0,17:21:24,4.630e-06
18553.2,17:21:25,4.630e-06
18554.4,17:21:27,4.630e-06
18555.5,17:21:28,4.630e-06
18556.7,17:21:29,4.630e-06
18557.8,17:21:30,4.630e-06
18559.0,17:21:31,4.630e-06
18560.1,17:21:32,4.630e-06
18561.3,17:21:33,4.630e-06
18562.4,17:21:35,4.630e-06
18563.6,17:21:36,4.630e-06
18564.7,17:21:37,4.630e-06
18565.9,17:21:38,4.630e-06
18567.0,17:21:39,4.630e-06
18568.2,17:21:40,4.630e-06
18569.3,17:21:42,4.630e-06
18570.5,17:21:43,4.620e-06
18571.6,17:21:44,4.620e-06
18572.8,17:21:45,4.620e-06
18574.0,17:21:46,4.630e-06
18575.1,17:21:47,4.630e-06
18576.3,17:21:48,4.630e-06
18577.5,17:21:50,4.630e-06
18578.6,17:21:51,4.630e-06
18579.8,17:21:52,4.630e-06
18580.9,17:21:53,4.620e-06
18582.1,17:21:54,4.630e-06
18583.2,17:21:55,4.630e-06
18584.4,17:21:57,4.630e-06
18585.5,17:21:58,4.620e-06
18586.7,17:21:59,4.620e-06
18587.8,17:22:00,4.630e-06
18589.0,17:22:01,4.620e-06
18590.1,17:22:02,4.630e-06
18591.3,17:22:03,4.630e-06
18592.4,17:22:05,4.630e-06
18593.6,17:22:06,4.630e-06
18594.7,17:22:07,4.630e-06
18595.9,17:22:08,4.630e-06
18597.0,17:22:09,4.630e-06
18598.2,17:22:10,4.630e-06
18599.3,17:22:12,4.630e-06
18600.5,17:22:13,4.630e-06
18601.7,17:22:14,4.630e-06
18602.8,17:22:15,4.630e-06
18604.0,17:22:16,4.630e-06
18605.1,17:22:17,4.630e-06
18606.3,17:22:18,4.630e-06
18607.4,17:22:20,4.630e-06
18608.6,17:22:21,4.630e-06
18609.7,17:22:22,4.630e-06
18610.9,17:22:23,4.630e-06
18612.1,17:22:24,4.630e-06
18613.2,17:22:25,4.630e-06
18614.3,17:22:27,4.630e-06
18615.5,17:22:28,4.630e-06
18616.6,17:22:29,4.630e-06
18617.8,17:22:30,4.630e-06
18619.0,17:22:31,4.630e-06
18620.1,17:22:32,4.630e-06
18621.3,17:22:33,4.630e-06
18622.4,17:22:35,4.630e-06
18623.6,17:22:36,4.630e-06
18624.7,17:22:37,4.630e-06
18625.9,17:22:38,4.630e-06
18627.0,17:22:39,4.630e-06
18628.2,17:22:40,4.630e-06
18629.4,17:22:42,4.620e-06
18630.5,17:22:43,4.590e-06
18631.7,17:22:44,4.590e-06
18632.8,17:22:45,4.590e-06
18634.0,17:22:46,4.590e-06
18635.1,17:22:47,4.590e-06
18636.3,17:22:48,4.590e-06
18637.4,17:22:50,4.580e-06
18638.6,17:22:51,4.580e-06
18639.7,17:22:52,4.590e-06
18640.9,17:22:53,4.580e-06
18642.0,17:22:54,4.590e-06
18643.2,17:22:55,4.590e-06
18644.3,17:22:57,4.590e-06
18645.5,17:22:58,4.590e-06
18646.6,17:22:59,4.580e-06
18647.8,17:23:00,4.590e-06
18648.9,17:23:01,4.580e-06
18650.1,17:23:02,4.590e-06
18651.2,17:23:03,4.590e-06
18652.4,17:23:05,4.580e-06
18653.5,17:23:06,4.590e-06
18654.7,17:23:07,4.580e-06
18655.8,17:23:08,4.590e-06
18657.0,17:23:09,4.590e-06
18658.1,17:23:10,4.580e-06
18659.3,17:23:11,4.590e-06
18660.4,17:23:13,4.580e-06
18661.6,17:23:14,4.580e-06
18662.7,17:23:15,4.590e-06
18663.9,17:23:16,4.580e-06
18665.1,17:23:17,4.580e-06
18666.2,17:23:18,4.580e-06
18667.4,17:23:20,4.580e-06
18668.5,17:23:21,4.590e-06
18669.7,17:23:22,4.590e-06
18670.8,17:23:23,4.580e-06
18672.0,17:23:24,4.580e-06
18673.1,17:23:25,4.580e-06
18674.3,17:23:26,4.580e-06
18675.4,17:23:28,4.580e-06
18676.6,17:23:29,4.580e-06
18677.7,17:23:30,4.580e-06
18678.9,17:23:31,4.580e-06
18680.0,17:23:32,4.590e-06
18681.2,17:23:33,4.580e-06
18682.3,17:23:35,4.580e-06
18683.5,17:23:36,4.580e-06
18684.6,17:23:37,4.580e-06
18685.8,17:23:38,4.580e-06
18687.0,17:23:39,4.580e-06
18688.1,17:23:40,4.580e-06
18689.3,17:23:41,4.590e-06
18690.4,17:23:43,4.580e-06
18691.6,17:23:44,4.590e-06
18692.7,17:23:45,4.590e-06
18693.9,17:23:46,4.590e-06
18695.0,17:23:47,4.580e-06
18696.2,17:23:48,4.590e-06
18697.4,17:23:50,4.580e-06
18698.5,17:23:51,4.580e-06
18699.7,17:23:52,4.580e-06
18700.8,17:23:53,4.590e-06
18702.0,17:23:54,4.590e-06
18703.1,17:23:55,4.590e-06
18704.3,17:23:56,4.590e-06
18705.4,17:23:58,4.590e-06
18706.6,17:23:59,4.580e-06
18707.7,17:24:00,4.580e-06
18708.9,17:24:01,4.590e-06
18710.0,17:24:02,4.580e-06
18711.2,17:24:03,4.590e-06
18712.3,17:24:05,4.590e-06
18713.5,17:24:06,4.590e-06
18714.6,17:24:07,4.580e-06
18715.8,17:24:08,4.590e-06
18716.9,17:24:09,4.590e-06
18718.1,17:24:10,4.590e-06
18719.2,17:24:11,4.590e-06
18720.4,17:24:13,4.590e-06
18721.6,17:24:14,4.590e-06
18722.7,17:24:15,4.590e-06
18723.9,17:24:16,4.590e-06
18725.0,17:24:17,4.590e-06
18726.2,17:24:18,4.590e-06
18727.3,17:24:20,4.590e-06
18728.5,17:24:21,4.590e-06
18729.7,17:24:22,4.590e-06
18730.8,17:24:23,4.590e-06
18732.0,17:24:24,4.590e-06
18733.1,17:24:25,4.590e-06
18734.3,17:24:26,4.590e-06
18735.4,17:24:28,4.590e-06
18736.6,17:24:29,4.590e-06
18737.7,17:24:30,4.590e-06
18738.9,17:24:31,4.590e-06
18740.0,17:24:32,4.590e-06
18741.2,17:24:33,4.590e-06
18742.3,17:24:35,4.590e-06
18743.5,17:24:36,4.590e-06
18744.6,17:24:37,4.590e-06
18745.8,17:24:38,4.590e-06
18747.0,17:24:39,4.590e-06
18748.1,17:24:40,4.590e-06
18749.3,17:24:41,4.590e-06
18750.4,17:24:43,4.590e-06
18751.6,17:24:44,4.590e-06
18752.7,17:24:45,4.590e-06
18753.9,17:24:46,4.590e-06
18755.1,17:24:47,4.590e-06
18756.2,17:24:48,4.590e-06
18757.4,17:24:50,4.590e-06
18758.5,17:24:51,4.600e-06
18759.7,17:24:52,4.600e-06
18760.8,17:24:53,4.570e-06
18762.0,17:24:54,4.560e-06
18763.1,17:24:55,4.560e-06
18764.3,17:24:56,4.560e-06
18765.4,17:24:58,4.560e-06
18766.6,17:24:59,4.560e-06
18767.8,17:25:00,4.560e-06
18768.9,17:25:01,4.550e-06
18770.1,17:25:02,4.550e-06
18771.2,17:25:03,4.560e-06
18772.4,17:25:05,4.560e-06
18773.5,17:25:06,4.550e-06
18774.7,17:25:07,4.560e-06
18775.9,17:25:08,4.550e-06
18777.0,17:25:09,4.550e-06
18778.1,17:25:10,4.550e-06
18779.3,17:25:11,4.550e-06
18780.5,17:25:13,4.550e-06
18781.6,17:25:14,4.550e-06
18782.8,17:25:15,4.550e-06
18783.9,17:25:16,4.550e-06
18785.1,17:25:17,4.550e-06
18786.2,17:25:18,4.550e-06
18787.4,17:25:20,4.550e-06
18788.5,17:25:21,4.550e-06
18789.7,17:25:22,4.550e-06
18790.9,17:25:23,4.550e-06
18792.0,17:25:24,4.550e-06
18793.1,17:25:25,4.550e-06
18794.3,17:25:26,4.550e-06
18795.5,17:25:28,4.550e-06
18796.6,17:25:29,4.550e-06
18797.8,17:25:30,4.550e-06
18798.9,17:25:31,4.560e-06
18800.1,17:25:32,4.560e-06
18801.2,17:25:33,4.560e-06
18802.4,17:25:35,4.560e-06
18803.5,17:25:36,4.560e-06
18804.7,17:25:37,4.560e-06
18805.8,17:25:38,4.550e-06
18807.0,17:25:39,4.550e-06
18808.1,17:25:40,4.560e-06
18809.3,17:25:41,4.560e-06
18810.4,17:25:43,4.560e-06
18811.6,17:25:44,4.550e-06
18812.7,17:25:45,4.550e-06
18813.9,17:25:46,4.550e-06
18815.1,17:25:47,4.550e-06
18816.2,17:25:48,4.550e-06
18817.4,17:25:50,4.550e-06
18818.5,17:25:51,4.550e-06
18819.7,17:25:52,4.550e-06
18820.8,17:25:53,4.550e-06
18822.0,17:25:54,4.550e-06
18823.1,17:25:55,4.550e-06
18824.3,17:25:56,4.550e-06
18825.4,17:25:58,4.550e-06
18826.6,17:25:59,4.550e-06
18827.7,17:26:00,4.550e-06
18828.9,17:26:01,4.550e-06
18830.0,17:26:02,4.550e-06
18831.2,17:26:03,4.550e-06
18832.4,17:26:05,4.550e-06
18833.5,17:26:06,4.550e-06
18834.7,17:26:07,4.550e-06
18835.8,17:26:08,4.550e-06
18837.0,17:26:09,4.550e-06
18838.1,17:26:10,4.550e-06
18839.3,17:26:11,4.550e-06
18840.5,17:26:13,4.550e-06
18841.6,17:26:14,4.550e-06
18842.8,17:26:15,4.550e-06
18843.9,17:26:16,4.550e-06
18845.1,17:26:17,4.550e-06
18846.2,17:26:18,4.550e-06
18847.4,17:26:20,4.550e-06
18848.6,17:26:21,4.550e-06
18849.7,17:26:22,4.550e-06
18850.9,17:26:23,4.550e-06
18852.0,17:26:24,4.550e-06
18853.2,17:26:25,4.550e-06
18854.4,17:26:27,4.550e-06
18855.5,17:26:28,4.550e-06
18856.6,17:26:29,4.550e-06
18857.8,17:26:30,4.560e-06
18859.0,17:26:31,4.560e-06
18860.1,17:26:32,4.560e-06
18861.3,17:26:33,4.560e-06
18862.4,17:26:35,4.560e-06
18863.6,17:26:36,4.560e-06
18864.8,17:26:37,4.560e-06
18865.9,17:26:38,4.550e-06
18867.0,17:26:39,4.560e-06
18868.2,17:26:40,4.560e-06
18869.4,17:26:42,4.560e-06
18870.5,17:26:43,4.560e-06
18871.7,17:26:44,4.560e-06
18872.9,17:26:45,4.560e-06
18874.0,17:26:46,4.560e-06
18875.2,17:26:47,4.560e-06
18876.3,17:26:49,4.560e-06
18877.5,17:26:50,4.560e-06
18878.6,17:26:51,4.560e-06
18879.8,17:26:52,4.560e-06
18881.0,17:26:53,4.560e-06
18882.1,17:26:54,4.560e-06
18883.2,17:26:55,4.560e-06
18884.4,17:26:57,4.560e-06
18885.6,17:26:58,4.560e-06
18886.7,17:26:59,4.560e-06
18887.9,17:27:00,4.560e-06
18889.0,17:27:01,4.540e-06
18890.2,17:27:02,4.530e-06
18891.3,17:27:04,4.530e-06
18892.5,17:27:05,4.530e-06
18893.6,17:27:06,4.530e-06
18894.8,17:27:07,4.530e-06
18896.0,17:27:08,4.530e-06
18897.1,17:27:09,4.530e-06
18898.3,17:27:10,4.530e-06
18899.4,17:27:12,4.530e-06
18900.6,17:27:13,4.530e-06
18901.7,17:27:14,4.530e-06
18902.9,17:27:15,4.530e-06
18904.0,17:27:16,4.530e-06
18905.2,17:27:17,4.530e-06
18906.3,17:27:19,4.530e-06
18907.5,17:27:20,4.530e-06
18908.6,17:27:21,4.530e-06
18909.8,17:27:22,4.530e-06
18910.9,17:27:23,4.530e-06
18912.1,17:27:24,4.530e-06
18913.2,17:27:25,4.530e-06
18914.4,17:27:27,4.530e-06
18915.6,17:27:28,4.530e-06
18916.7,17:27:29,4.530e-06
18917.9,17:27:30,4.530e-06
18919.0,17:27:31,4.530e-06
18920.2,17:27:32,4.530e-06
18921.3,17:27:33,4.530e-06
18922.5,17:27:35,4.530e-06
18923.6,17:27:36,4.530e-06
18924.8,17:27:37,4.530e-06
18925.9,17:27:38,4.530e-06
18927.1,17:27:39,4.530e-06
18928.2,17:27:40,4.530e-06
18929.4,17:27:42,4.530e-06
18930.5,17:27:43,4.530e-06
18931.7,17:27:44,4.530e-06
18932.8,17:27:45,4.530e-06
18934.0,17:27:46,4.530e-06
18935.1,17:27:47,4.530e-06
18936.3,17:27:48,4.530e-06
18937.4,17:27:50,4.530e-06
18938.6,17:27:51,4.530e-06
18939.7,17:27:52,4.530e-06
18940.9,17:27:53,4.530e-06
18942.1,17:27:54,4.530e-06
18943.2,17:27:55,4.530e-06
18944.4,17:27:57,4.520e-06
18945.5,17:27:58,4.530e-06
18946.7,17:27:59,4.520e-06
18947.8,17:28:00,4.530e-06
18949.0,17:28:01,4.520e-06
18950.2,17:28:02,4.510e-06
18951.3,17:28:04,4.510e-06
18952.5,17:28:05,4.500e-06
18953.6,17:28:06,4.500e-06
18954.8,17:28:07,4.490e-06
18955.9,17:28:08,4.480e-06
18957.1,17:28:09,4.470e-06
18958.3,17:28:10,4.460e-06
18959.4,17:28:12,4.460e-06
18960.6,17:28:13,4.450e-06
18961.7,17:28:14,4.440e-06
18962.9,17:28:15,4.440e-06
18964.0,17:28:16,4.440e-06
18965.2,17:28:17,4.430e-06
18966.4,17:28:19,4.420e-06
18967.5,17:28:20,4.420e-06
18968.7,17:28:21,4.420e-06
18969.8,17:28:22,4.410e-06
18971.0,17:28:23,4.400e-06
18972.2,17:28:24,4.400e-06
18973.3,17:28:25,4.400e-06
18974.4,17:28:27,4.400e-06
18975.6,17:28:28,4.390e-06
18976.8,17:28:29,4.390e-06
18977.9,17:28:30,4.380e-06
18979.1,17:28:31,4.380e-06
18980.2,17:28:32,4.370e-06
18981.4,17:28:34,4.370e-06
18982.6,17:28:35,4.360e-06
18983.7,17:28:36,4.350e-06
18984.9,17:28:37,4.350e-06
18986.0,17:28:38,4.340e-06
18987.2,17:28:39,4.330e-06
18988.4,17:28:41,4.330e-06
18989.5,17:28:42,4.320e-06
18990.7,17:28:43,4.310e-06
18991.8,17:28:44,4.310e-06
18993.0,17:28:45,4.300e-06
18994.2,17:28:46,4.290e-06
18995.3,17:28:47,4.280e-06
18996.5,17:28:49,4.280e-06
18997.6,17:28:50,4.270e-06
18998.8,17:28:51,4.260e-06
18999.9,17:28:52,4.250e-06
19001.1,17:28:53,4.240e-06
19002.2,17:28:54,4.240e-06
19003.4,17:28:56,4.230e-06
19004.6,17:28:57,4.220e-06
19005.7,17:28:58,4.210e-06
19006.9,17:28:59,4.210e-06
19008.0,17:29:00,4.200e-06
19009.2,17:29:01,4.190e-06
19010.3,17:29:03,4.190e-06
19011.5,17:29:04,4.180e-06
19012.6,17:29:05,4.170e-06
19013.8,17:29:06,4.170e-06
19014.9,17:29:07,4.160e-06
19016.1,17:29:08,4.150e-06
19017.3,17:29:09,4.110e-06
19018.4,17:29:11,4.100e-06
19019.5,17:29:12,4.090e-06
19020.7,17:29:13,4.080e-06
19021.9,17:29:14,4.070e-06
19023.0,17:29:15,4.060e-06
19024.2,17:29:16,4.050e-06
19025.4,17:29:18,4.040e-06
19026.5,17:29:19,4.030e-06
19027.7,17:29:20,4.020e-06
19028.8,17:29:21,4.010e-06
19030.0,17:29:22,4.010e-06
19031.1,17:29:23,3.990e-06
19032.3,17:29:24,3.990e-06
19033.5,17:29:26,3.980e-06
19034.6,17:29:27,3.970e-06
19035.8,17:29:28,3.960e-06
19036.9,17:29:29,3.960e-06
19038.1,17:29:30,3.950e-06
19039.2,17:29:31,3.940e-06
19040.4,17:29:33,3.930e-06
19041.5,17:29:34,3.930e-06
19042.7,17:29:35,3.920e-06
19043.9,17:29:36,3.910e-06
19045.0,17:29:37,3.900e-06
19046.2,17:29:38,3.890e-06
19047.4,17:29:40,3.890e-06
19048.5,17:29:41,3.880e-06
19049.7,17:29:42,3.870e-06
19050.8,17:29:43,3.870e-06
19052.0,17:29:44,3.860e-06
19053.2,17:29:45,3.860e-06
19054.3,17:29:47,3.850e-06
19055.5,17:29:48,3.840e-06
19056.6,17:29:49,3.840e-06
19057.8,17:29:50,3.830e-06
19059.0,17:29:51,3.830e-06
19060.1,17:29:52,3.820e-06
19061.3,17:29:53,3.810e-06
19062.4,17:29:55,3.810e-06
19063.6,17:29:56,3.800e-06
19064.8,17:29:57,3.800e-06
19065.9,17:29:58,3.790e-06
19067.1,17:29:59,3.780e-06
19068.2,17:30:00,3.780e-06
19069.4,17:30:02,3.770e-06
19070.5,17:30:03,3.760e-06
19071.7,17:30:04,3.760e-06
19072.8,17:30:05,3.750e-06
19074.0,17:30:06,3.740e-06
19075.2,17:30:07,3.730e-06
19076.3,17:30:08,3.730e-06
19077.5,17:30:10,3.720e-06
19078.6,17:30:11,3.720e-06
19079.8,17:30:12,3.710e-06
19080.9,17:30:13,3.700e-06
19082.1,17:30:14,3.700e-06
19083.2,17:30:15,3.690e-06
19084.4,17:30:17,3.680e-06
19085.6,17:30:18,3.680e-06
19086.7,17:30:19,3.670e-06
19087.9,17:30:20,3.660e-06
19089.0,17:30:21,3.660e-06
19090.2,17:30:22,3.650e-06
19091.4,17:30:24,3.640e-06
19092.5,17:30:25,3.630e-06
19093.7,17:30:26,3.630e-06
19094.8,17:30:27,3.620e-06
19096.0,17:30:28,3.610e-06
19097.1,17:30:29,3.600e-06
19098.3,17:30:30,3.600e-06
19099.4,17:30:32,3.590e-06
19100.6,17:30:33,3.580e-06
19101.7,17:30:34,3.570e-06
19102.9,17:30:35,3.560e-06
19104.1,17:30:36,3.560e-06
19105.2,17:30:37,3.550e-06
19106.4,17:30:39,3.550e-06
19107.5,17:30:40,3.540e-06
19108.7,17:30:41,3.530e-06
19109.8,17:30:42,3.530e-06
19111.0,17:30:43,3.520e-06
19112.2,17:30:44,3.510e-06
19113.3,17:30:45,3.500e-06
19114.5,17:30:47,3.490e-06
19115.6,17:30:48,3.490e-06
19116.8,17:30:49,3.480e-06
19117.9,17:30:50,3.470e-06
19119.1,17:30:51,3.470e-06
19120.3,17:30:52,3.460e-06
19121.4,17:30:54,3.450e-06
19122.6,17:30:55,3.450e-06
19123.7,17:30:56,3.440e-06
19124.9,17:30:57,3.430e-06
19126.1,17:30:58,3.420e-06
19127.2,17:30:59,3.420e-06
19128.4,17:31:01,3.420e-06
19129.6,17:31:02,3.420e-06
19130.7,17:31:03,3.410e-06
19131.9,17:31:04,3.410e-06
19133.0,17:31:05,3.400e-06
19134.2,17:31:06,3.400e-06
19135.3,17:31:08,3.390e-06
19136.5,17:31:09,3.390e-06
19137.6,17:31:10,3.380e-06
19138.8,17:31:11,3.370e-06
19139.9,17:31:12,3.370e-06
19141.1,17:31:13,3.370e-06
19142.3,17:31:14,3.360e-06
19143.4,17:31:16,3.350e-06
19144.6,17:31:17,3.350e-06
19145.7,17:31:18,3.320e-06
19146.9,17:31:19,3.310e-06
19148.0,17:31:20,3.300e-06
19149.2,17:31:21,3.290e-06
19150.4,17:31:23,3.280e-06
19151.5,17:31:24,3.280e-06
19152.7,17:31:25,3.280e-06
19153.8,17:31:26,3.270e-06
19155.0,17:31:27,3.260e-06
19156.2,17:31:28,3.250e-06
19157.3,17:31:29,3.250e-06
19158.5,17:31:31,3.240e-06
19159.6,17:31:32,3.240e-06
19160.8,17:31:33,3.230e-06
19161.9,17:31:34,3.230e-06
19163.1,17:31:35,3.230e-06
19164.3,17:31:36,3.220e-06
19165.4,17:31:38,3.210e-06
19166.6,17:31:39,3.210e-06
19167.7,17:31:40,3.210e-06
19168.9,17:31:41,3.200e-06
19170.1,17:31:42,3.190e-06
19171.2,17:31:43,3.190e-06
19172.4,17:31:45,3.180e-06
19173.5,17:31:46,3.180e-06
19174.7,17:31:47,3.180e-06
19175.9,17:31:48,3.170e-06
19177.0,17:31:49,3.170e-06
19178.2,17:31:50,3.160e-06
19179.4,17:31:52,3.160e-06
19180.5,17:31:53,3.150e-06
19181.7,17:31:54,3.150e-06
19182.8,17:31:55,3.140e-06
19184.0,17:31:56,3.140e-06
19185.2,17:31:57,3.140e-06
19186.3,17:31:59,3.130e-06
19187.5,17:32:00,3.130e-06
19188.7,17:32:01,3.120e-06
19189.8,17:32:02,3.120e-06
19191.0,17:32:03,3.120e-06
19192.1,17:32:04,3.110e-06
19193.3,17:32:05,3.110e-06
19194.5,17:32:07,3.110e-06
19195.6,17:32:08,3.110e-06
19196.8,17:32:09,3.110e-06
19197.9,17:32:10,3.100e-06
19199.1,17:32:11,3.100e-06
19200.2,17:32:12,3.100e-06
19201.4,17:32:14,3.090e-06
19202.6,17:32:15,3.090e-06
19203.7,17:32:16,3.080e-06
19204.9,17:32:17,3.080e-06
19206.0,17:32:18,3.080e-06
19207.2,17:32:19,3.070e-06
19208.4,17:32:21,3.070e-06
19209.5,17:32:22,3.070e-06
19210.7,17:32:23,3.060e-06
19211.8,17:32:24,3.060e-06
19213.0,17:32:25,3.060e-06
19214.1,17:32:26,3.050e-06
19215.3,17:32:27,3.050e-06
19216.5,17:32:29,3.050e-06
19217.6,17:32:30,3.040e-06
19218.8,17:32:31,3.040e-06
19219.9,17:32:32,3.030e-06
19221.1,17:32:33,3.030e-06
19222.2,17:32:34,3.030e-06
19223.4,17:32:36,3.030e-06
19224.6,17:32:37,3.030e-06
19225.7,17:32:38,3.020e-06
19226.9,17:32:39,3.020e-06
19228.0,17:32:40,3.020e-06
19229.2,17:32:41,3.010e-06
19230.4,17:32:43,3.010e-06
19231.5,17:32:44,3.010e-06
19232.7,17:32:45,3.010e-06
19233.8,17:32:46,3.000e-06
19235.0,17:32:47,3.000e-06
19236.1,17:32:48,2.990e-06
19237.3,17:32:49,2.990e-06
19238.5,17:32:51,2.990e-06
19239.6,17:32:52,2.990e-06
19240.8,17:32:53,2.990e-06
19241.9,17:32:54,2.980e-06
19243.1,17:32:55,2.980e-06
19244.2,17:32:56,2.970e-06
19245.4,17:32:58,2.970e-06
19246.5,17:32:59,2.970e-06
19247.7,17:33:00,2.970e-06
19248.8,17:33:01,2.960e-06
19250.0,17:33:02,2.960e-06
19251.2,17:33:03,2.960e-06
19252.3,17:33:04,2.960e-06
19253.5,17:33:06,2.950e-06
19254.6,17:33:07,2.950e-06
19255.8,17:33:08,2.940e-06
19256.9,17:33:09,2.940e-06
19258.1,17:33:10,2.940e-06
19259.2,17:33:11,2.940e-06
19260.4,17:33:13,2.940e-06
19261.6,17:33:14,2.930e-06
19262.7,17:33:15,2.930e-06
19263.9,17:33:16,2.930e-06
19265.1,17:33:17,2.930e-06
19266.2,17:33:18,2.920e-06
19267.4,17:33:20,2.920e-06
19268.5,17:33:21,2.920e-06
19269.7,17:33:22,2.920e-06
19270.8,17:33:23,2.920e-06
19272.0,17:33:24,2.900e-06
19273.2,17:33:25,2.890e-06
19274.3,17:33:26,2.880e-06
19275.5,17:33:28,2.880e-06
19276.6,17:33:29,2.880e-06
19277.8,17:33:30,2.870e-06
19278.9,17:33:31,2.870e-06
19280.1,17:33:32,2.870e-06
19281.2,17:33:33,2.870e-06
19282.4,17:33:35,2.860e-06
19283.6,17:33:36,2.860e-06
19284.7,17:33:37,2.860e-06
19285.9,17:33:38,2.860e-06
19287.0,17:33:39,2.860e-06
19288.2,17:33:40,2.850e-06
19289.3,17:33:42,2.850e-06
19290.5,17:33:43,2.850e-06
19291.6,17:33:44,2.850e-06
19292.8,17:33:45,2.850e-06
19294.0,17:33:46,2.850e-06
19295.1,17:33:47,2.840e-06
19296.3,17:33:48,2.840e-06
19297.4,17:33:50,2.840e-06
19298.6,17:33:51,2.840e-06
19299.8,17:33:52,2.830e-06
19300.9,17:33:53,2.830e-06
19302.1,17:33:54,2.830e-06
19303.2,17:33:55,2.830e-06
19304.4,17:33:57,2.830e-06
19305.5,17:33:58,2.830e-06
19306.7,17:33:59,2.820e-06
19307.8,17:34:00,2.820e-06
19309.0,17:34:01,2.820e-06
19310.1,17:34:02,2.820e-06
19311.3,17:34:03,2.810e-06
19312.4,17:34:05,2.810e-06
19313.6,17:34:06,2.810e-06
19314.8,17:34:07,2.810e-06
19315.9,17:34:08,2.810e-06
19317.1,17:34:09,2.810e-06
19318.2,17:34:10,2.800e-06
19319.4,17:34:12,2.800e-06
19320.5,17:34:13,2.800e-06
19321.7,17:34:14,2.800e-06
19322.9,17:34:15,2.800e-06
19324.0,17:34:16,2.800e-06
19325.2,17:34:17,2.800e-06
19326.3,17:34:19,2.790e-06
19327.5,17:34:20,2.790e-06
19328.7,17:34:21,2.790e-06
19329.8,17:34:22,2.790e-06
19331.0,17:34:23,2.790e-06
19332.2,17:34:24,2.780e-06
19333.3,17:34:25,2.780e-06
19334.5,17:34:27,2.780e-06
19335.6,17:34:28,2.780e-06
19336.8,17:34:29,2.770e-06
19338.0,17:34:30,2.770e-06
19339.1,17:34:31,2.770e-06
19340.3,17:34:32,2.770e-06
19341.4,17:34:34,2.770e-06
19342.6,17:34:35,2.770e-06
19343.8,17:34:36,2.760e-06
19344.9,17:34:37,2.760e-06
19346.1,17:34:38,2.760e-06
19347.2,17:34:39,2.760e-06
19348.4,17:34:41,2.760e-06
19349.6,17:34:42,2.750e-06
19350.7,17:34:43,2.750e-06
19351.9,17:34:44,2.750e-06
19353.1,17:34:45,2.750e-06
19354.2,17:34:46,2.750e-06
19355.4,17:34:48,2.750e-06
19356.6,17:34:49,2.750e-06
19357.7,17:34:50,2.750e-06
19358.9,17:34:51,2.740e-06
19360.0,17:34:52,2.740e-06
19361.2,17:34:53,2.740e-06
19362.4,17:34:55,2.740e-06
19363.5,17:34:56,2.730e-06
19364.7,17:34:57,2.730e-06
19365.8,17:34:58,2.730e-06
19367.0,17:34:59,2.730e-06
19368.1,17:35:00,2.730e-06
19369.3,17:35:01,2.720e-06
19370.4,17:35:03,2.720e-06
19371.6,17:35:04,2.720e-06
19372.8,17:35:05,2.720e-06
19373.9,17:35:06,2.720e-06
19375.1,17:35:07,2.720e-06
19376.2,17:35:08,2.720e-06
19377.4,17:35:10,2.720e-06
19378.5,17:35:11,2.720e-06
19379.7,17:35:12,2.710e-06
19380.9,17:35:13,2.710e-06
19382.0,17:35:14,2.710e-06
19383.2,17:35:15,2.710e-06
19384.4,17:35:17,2.710e-06
19385.5,17:35:18,2.700e-06
19386.7,17:35:19,2.700e-06
19387.8,17:35:20,2.700e-06
19389.0,17:35:21,2.700e-06
19390.1,17:35:22,2.700e-06
19391.3,17:35:23,2.700e-06
19392.4,17:35:25,2.700e-06
19393.6,17:35:26,2.700e-06
19394.7,17:35:27,2.700e-06
19395.9,17:35:28,2.690e-06
19397.1,17:35:29,2.690e-06
19398.2,17:35:30,2.690e-06
19399.4,17:35:32,2.690e-06
19400.5,17:35:33,2.690e-06
19401.7,17:35:34,2.690e-06
19402.8,17:35:35,2.690e-06
19404.0,17:35:36,2.680e-06
19405.1,17:35:37,2.680e-06
19406.3,17:35:38,2.680e-06
19407.4,17:35:40,2.680e-06
19408.6,17:35:41,2.680e-06
19409.8,17:35:42,2.680e-06
19410.9,17:35:43,2.680e-06
19412.1,17:35:44,2.670e-06
19413.2,17:35:45,2.670e-06
19414.4,17:35:47,2.670e-06
19415.6,17:35:48,2.670e-06
19416.7,17:35:49,2.670e-06
19417.9,17:35:50,2.670e-06
19419.0,17:35:51,2.670e-06
19420.2,17:35:52,2.660e-06
19421.3,17:35:54,2.660e-06
19422.5,17:35:55,2.660e-06
19423.6,17:35:56,2.650e-06
19424.8,17:35:57,2.660e-06
19425.9,17:35:58,2.660e-06
19427.1,17:35:59,2.650e-06
19428.3,17:36:00,2.650e-06
19429.4,17:36:02,2.650e-06
19430.6,17:36:03,2.650e-06
19431.7,17:36:04,2.650e-06
19432.9,17:36:05,2.650e-06
19434.1,17:36:06,2.650e-06
19435.2,17:36:07,2.650e-06
19436.4,17:36:09,2.640e-06
19437.5,17:36:10,2.640e-06
19438.7,17:36:11,2.640e-06
19439.9,17:36:12,2.640e-06
19441.1,17:36:13,2.640e-06
19442.2,17:36:14,2.640e-06
19443.4,17:36:16,2.640e-06
19444.5,17:36:17,2.640e-06
19445.7,17:36:18,2.630e-06
19446.9,17:36:19,2.630e-06
19448.0,17:36:20,2.630e-06
19449.2,17:36:21,2.630e-06
19450.4,17:36:23,2.630e-06
19451.5,17:36:24,2.630e-06
19452.7,17:36:25,2.630e-06
19453.8,17:36:26,2.630e-06
19455.0,17:36:27,2.620e-06
19456.2,17:36:28,2.620e-06
19457.3,17:36:30,2.620e-06
19458.5,17:36:31,2.620e-06
19459.6,17:36:32,2.620e-06
19460.8,17:36:33,2.620e-06
19462.0,17:36:34,2.610e-06
19463.1,17:36:35,2.610e-06
19464.3,17:36:36,2.610e-06
19465.4,17:36:38,2.610e-06
19466.6,17:36:39,2.610e-06
19467.7,17:36:40,2.610e-06
19468.9,17:36:41,2.610e-06
19470.1,17:36:42,2.600e-06
19471.2,17:36:43,2.600e-06
19472.4,17:36:45,2.600e-06
19473.5,17:36:46,2.600e-06
19474.7,17:36:47,2.600e-06
19475.8,17:36:48,2.600e-06
19477.0,17:36:49,2.600e-06
19478.1,17:36:50,2.600e-06
19479.3,17:36:51,2.600e-06
19480.5,17:36:53,2.600e-06
19481.6,17:36:54,2.590e-06
19482.8,17:36:55,2.590e-06
19483.9,17:36:56,2.590e-06
19485.1,17:36:57,2.590e-06
19486.2,17:36:58,2.590e-06
19487.4,17:37:00,2.590e-06
19488.6,17:37:01,2.590e-06
19489.7,17:37:02,2.590e-06
19490.9,17:37:03,2.580e-06
19492.1,17:37:04,2.580e-06
19493.2,17:37:05,2.580e-06
19494.4,17:37:07,2.580e-06
19495.5,17:37:08,2.580e-06
19496.7,17:37:09,2.580e-06
19497.8,17:37:10,2.580e-06
19499.0,17:37:11,2.580e-06
19500.1,17:37:12,2.570e-06
19501.3,17:37:13,2.570e-06
19502.4,17:37:15,2.570e-06
19503.6,17:37:16,2.570e-06
19504.7,17:37:17,2.570e-06
19505.9,17:37:18,2.570e-06
19507.1,17:37:19,2.560e-06
19508.2,17:37:20,2.560e-06
19509.4,17:37:22,2.560e-06
19510.5,17:37:23,2.560e-06
19511.7,17:37:24,2.560e-06
19512.8,17:37:25,2.550e-06
19514.0,17:37:26,2.550e-06
19515.2,17:37:27,2.550e-06
19516.3,17:37:29,2.550e-06
19517.5,17:37:30,2.550e-06
19518.7,17:37:31,2.550e-06
19519.8,17:37:32,2.540e-06
19521.0,17:37:33,2.540e-06
19522.1,17:37:34,2.540e-06
19523.3,17:37:35,2.540e-06
19524.5,17:37:37,2.540e-06
19525.6,17:37:38,2.530e-06
19526.8,17:37:39,2.530e-06
19527.9,17:37:40,2.530e-06
19529.1,17:37:41,2.530e-06
19530.2,17:37:42,2.530e-06
19531.4,17:37:44,2.530e-06
19532.6,17:37:45,2.530e-06
19533.7,17:37:46,2.530e-06
19534.9,17:37:47,2.530e-06
19536.0,17:37:48,2.530e-06
19537.2,17:37:49,2.530e-06
19538.3,17:37:51,2.520e-06
19539.5,17:37:52,2.520e-06
19540.6,17:37:53,2.520e-06
19541.8,17:37:54,2.520e-06
19542.9,17:37:55,2.520e-06
19544.1,17:37:56,2.520e-06
19545.3,17:37:57,2.520e-06
19546.4,17:37:59,2.520e-06
19547.6,17:38:00,2.520e-06
19548.8,17:38:01,2.520e-06
19549.9,17:38:02,2.520e-06
19551.1,17:38:03,2.520e-06
19552.2,17:38:04,2.510e-06
19553.4,17:38:06,2.500e-06
19554.6,17:38:07,2.500e-06
19555.7,17:38:08,2.490e-06
19556.9,17:38:09,2.490e-06
19558.0,17:38:10,2.490e-06
19559.2,17:38:11,2.490e-06
19560.4,17:38:13,2.490e-06
19561.5,17:38:14,2.490e-06
19562.7,17:38:15,2.490e-06
19563.9,17:38:16,2.490e-06
19565.0,17:38:17,2.490e-06
19566.2,17:38:18,2.490e-06
19567.3,17:38:20,2.480e-06
19568.5,17:38:21,2.480e-06
19569.6,17:38:22,2.480e-06
19570.8,17:38:23,2.480e-06
19572.0,17:38:24,2.480e-06
19573.1,17:38:25,2.480e-06
19574.3,17:38:26,2.480e-06
19575.4,17:38:28,2.480e-06
19576.6,17:38:29,2.480e-06
19577.7,17:38:30,2.480e-06
19578.9,17:38:31,2.480e-06
19580.1,17:38:32,2.470e-06
19581.2,17:38:33,2.470e-06
19582.4,17:38:35,2.470e-06
19583.6,17:38:36,2.470e-06
19584.7,17:38:37,2.470e-06
19585.9,17:38:38,2.470e-06
19587.0,17:38:39,2.470e-06
19588.2,17:38:40,2.470e-06
19589.4,17:38:42,2.460e-06
19590.5,17:38:43,2.460e-06
19591.6,17:38:44,2.460e-06
19592.8,17:38:45,2.460e-06
19594.0,17:38:46,2.460e-06
19595.1,17:38:47,2.460e-06
19596.3,17:38:48,2.460e-06
19597.4,17:38:50,2.460e-06
19598.6,17:38:51,2.460e-06
19599.8,17:38:52,2.460e-06
19600.9,17:38:53,2.460e-06
19602.1,17:38:54,2.460e-06
19603.2,17:38:55,2.450e-06
19604.4,17:38:57,2.450e-06
19605.5,17:38:58,2.450e-06
19606.7,17:38:59,2.450e-06
19607.8,17:39:00,2.450e-06
19609.0,17:39:01,2.450e-06
19610.2,17:39:02,2.450e-06
19611.3,17:39:04,2.450e-06
19612.5,17:39:05,2.450e-06
19613.6,17:39:06,2.450e-06
19614.8,17:39:07,2.450e-06
19615.9,17:39:08,2.450e-06
19617.1,17:39:09,2.450e-06
19618.2,17:39:10,2.440e-06
19619.4,17:39:12,2.440e-06
19620.6,17:39:13,2.440e-06
19621.7,17:39:14,2.440e-06
19622.9,17:39:15,2.440e-06
19624.0,17:39:16,2.440e-06
19625.2,17:39:17,2.440e-06
19626.3,17:39:19,2.440e-06
19627.5,17:39:20,2.440e-06
19628.6,17:39:21,2.440e-06
19629.8,17:39:22,2.430e-06
19630.9,17:39:23,2.430e-06
19632.1,17:39:24,2.430e-06
19633.3,17:39:25,2.430e-06
19634.4,17:39:27,2.430e-06
19635.6,17:39:28,2.430e-06
19636.7,17:39:29,2.430e-06
19637.9,17:39:30,2.420e-06
19639.1,17:39:31,2.420e-06
19640.2,17:39:32,2.420e-06
19641.4,17:39:34,2.420e-06
19642.6,17:39:35,2.420e-06
19643.7,17:39:36,2.420e-06
19644.9,17:39:37,2.420e-06
19646.0,17:39:38,2.420e-06
19647.2,17:39:39,2.420e-06
19648.3,17:39:41,2.420e-06
19649.5,17:39:42,2.420e-06
19650.6,17:39:43,2.420e-06
19651.8,17:39:44,2.420e-06
19652.9,17:39:45,2.420e-06
19654.1,17:39:46,2.410e-06
19655.2,17:39:47,2.410e-06
19656.4,17:39:49,2.410e-06
19657.6,17:39:50,2.410e-06
19658.7,17:39:51,2.410e-06
19659.9,17:39:52,2.410e-06
19661.0,17:39:53,2.410e-06
19662.2,17:39:54,2.410e-06
19663.3,17:39:56,2.410e-06
19664.5,17:39:57,2.410e-06
19665.6,17:39:58,2.410e-06
19666.8,17:39:59,2.410e-06
19668.0,17:40:00,2.410e-06
19669.1,17:40:01,2.410e-06
19670.3,17:40:02,2.410e-06
19671.4,17:40:04,2.410e-06
19672.6,17:40:05,2.400e-06
19673.7,17:40:06,2.400e-06
19674.9,17:40:07,2.400e-06
19676.1,17:40:08,2.400e-06
19677.2,17:40:09,2.400e-06
19678.4,17:40:11,2.400e-06
19679.5,17:40:12,2.400e-06
19680.7,17:40:13,2.400e-06
19681.8,17:40:14,2.400e-06
19683.0,17:40:15,2.390e-06
19684.2,17:40:16,2.380e-06
19685.3,17:40:18,2.380e-06
19686.5,17:40:19,2.380e-06
19687.7,17:40:20,2.380e-06
19688.8,17:40:21,2.380e-06
19690.0,17:40:22,2.380e-06
19691.1,17:40:23,2.370e-06
19692.3,17:40:24,2.370e-06
19693.5,17:40:26,2.370e-06
19694.6,17:40:27,2.370e-06
19695.8,17:40:28,2.370e-06
19696.9,17:40:29,2.370e-06
19698.1,17:40:30,2.370e-06
19699.3,17:40:31,2.370e-06
19700.4,17:40:33,2.370e-06
19701.6,17:40:34,2.370e-06
19702.7,17:40:35,2.370e-06
19703.9,17:40:36,2.370e-06
19705.0,17:40:37,2.360e-06
19706.2,17:40:38,2.360e-06
19707.3,17:40:40,2.360e-06
19708.5,17:40:41,2.360e-06
19709.7,17:40:42,2.360e-06
19710.8,17:40:43,2.360e-06
19712.0,17:40:44,2.360e-06
19713.1,17:40:45,2.360e-06
19714.3,17:40:46,2.360e-06
19715.4,17:40:48,2.360e-06
19716.6,17:40:49,2.360e-06
19717.8,17:40:50,2.360e-06
19718.9,17:40:51,2.360e-06
19720.1,17:40:52,2.360e-06
19721.2,17:40:53,2.360e-06
19722.4,17:40:55,2.360e-06
19723.5,17:40:56,2.360e-06
19724.7,17:40:57,2.350e-06
19725.8,17:40:58,2.350e-06
19727.0,17:40:59,2.350e-06
19728.1,17:41:00,2.350e-06
19729.3,17:41:01,2.350e-06
19730.5,17:41:03,2.350e-06
19731.6,17:41:04,2.350e-06
19732.8,17:41:05,2.350e-06
19733.9,17:41:06,2.350e-06
19735.1,17:41:07,2.350e-06
19736.3,17:41:08,2.350e-06
19737.4,17:41:10,2.350e-06
19738.6,17:41:11,2.350e-06
19739.7,17:41:12,2.340e-06
19740.9,17:41:13,2.340e-06
19742.1,17:41:14,2.340e-06
19743.2,17:41:15,2.340e-06
19744.4,17:41:17,2.340e-06
19745.6,17:41:18,2.340e-06
19746.7,17:41:19,2.340e-06
19747.9,17:41:20,2.340e-06
19749.1,17:41:21,2.340e-06
19750.2,17:41:22,2.340e-06
19751.4,17:41:24,2.340e-06
19752.5,17:41:25,2.340e-06
19753.7,17:41:26,2.340e-06
19754.8,17:41:27,2.340e-06
19756.0,17:41:28,2.340e-06
19757.1,17:41:29,2.340e-06
19758.3,17:41:30,2.340e-06
19759.4,17:41:32,2.330e-06
19760.6,17:41:33,2.330e-06
19761.8,17:41:34,2.330e-06
19762.9,17:41:35,2.330e-06
19764.1,17:41:36,2.330e-06
19765.2,17:41:37,2.330e-06
19766.4,17:41:39,2.330e-06
19767.6,17:41:40,2.330e-06
19768.7,17:41:41,2.330e-06
19769.9,17:41:42,2.330e-06
19771.0,17:41:43,2.330e-06
19772.2,17:41:44,2.330e-06
19773.3,17:41:46,2.330e-06
19774.5,17:41:47,2.330e-06
19775.7,17:41:48,2.330e-06
19776.8,17:41:49,2.330e-06
19778.0,17:41:50,2.320e-06
19779.1,17:41:51,2.320e-06
19780.3,17:41:52,2.320e-06
19781.5,17:41:54,2.320e-06
19782.7,17:41:55,2.320e-06
19783.8,17:41:56,2.320e-06
19785.0,17:41:57,2.320e-06
19786.1,17:41:58,2.320e-06
19787.3,17:42:00,2.320e-06
19788.5,17:42:01,2.320e-06
19789.6,17:42:02,2.320e-06
19790.8,17:42:03,2.320e-06
19791.9,17:42:04,2.320e-06
19793.1,17:42:05,2.320e-06
19794.2,17:42:06,2.320e-06
19795.4,17:42:08,2.320e-06
19796.6,17:42:09,2.310e-06
19797.7,17:42:10,2.310e-06
19798.9,17:42:11,2.310e-06
19800.0,17:42:12,2.310e-06
19801.2,17:42:13,2.310e-06
19802.4,17:42:15,2.310e-06
19803.5,17:42:16,2.310e-06
19804.7,17:42:17,2.310e-06
19805.8,17:42:18,2.310e-06
19807.0,17:42:19,2.310e-06
19808.2,17:42:20,2.310e-06
19809.3,17:42:21,2.310e-06
19810.5,17:42:23,2.310e-06
19811.6,17:42:24,2.310e-06
19812.8,17:42:25,2.310e-06
19813.9,17:42:26,2.300e-06
19815.1,17:42:27,2.300e-06
19816.2,17:42:28,2.290e-06
19817.4,17:42:30,2.290e-06
19818.6,17:42:31,2.290e-06
19819.7,17:42:32,2.290e-06
19820.9,17:42:33,2.290e-06
19822.0,17:42:34,2.290e-06
19823.2,17:42:35,2.290e-06
19824.3,17:42:36,2.290e-06
19825.5,17:42:38,2.290e-06
19826.6,17:42:39,2.290e-06
19827.8,17:42:40,2.290e-06
19828.9,17:42:41,2.290e-06
19830.1,17:42:42,2.290e-06
19831.2,17:42:43,2.290e-06
19832.4,17:42:45,2.290e-06
19833.5,17:42:46,2.280e-06
19834.7,17:42:47,2.280e-06
19835.9,17:42:48,2.280e-06
19837.0,17:42:49,2.280e-06
19838.2,17:42:50,2.280e-06
19839.3,17:42:52,2.280e-06
19840.5,17:42:53,2.280e-06
19841.6,17:42:54,2.280e-06
19842.8,17:42:55,2.280e-06
19844.0,17:42:56,2.280e-06
19845.1,17:42:57,2.280e-06
19846.3,17:42:58,2.280e-06
19847.4,17:43:00,2.280e-06
19848.6,17:43:01,2.280e-06
19849.7,17:43:02,2.280e-06
19850.9,17:43:03,2.280e-06
19852.1,17:43:04,2.280e-06
19853.2,17:43:05,2.280e-06
19854.4,17:43:07,2.280e-06
19855.5,17:43:08,2.280e-06
19856.7,17:43:09,2.280e-06
19857.9,17:43:10,2.280e-06
19859.0,17:43:11,2.270e-06
19860.2,17:43:12,2.270e-06
19861.3,17:43:14,2.270e-06
19862.5,17:43:15,2.270e-06
19863.6,17:43:16,2.270e-06
19864.8,17:43:17,2.270e-06
19865.9,17:43:18,2.270e-06
19867.1,17:43:19,2.270e-06
19868.3,17:43:20,2.270e-06
19869.4,17:43:22,2.270e-06
19870.6,17:43:23,2.270e-06
19871.7,17:43:24,2.270e-06
19872.9,17:43:25,2.270e-06
19874.1,17:43:26,2.270e-06
19875.2,17:43:27,2.270e-06
19876.4,17:43:29,2.270e-06
19877.5,17:43:30,2.270e-06
19878.7,17:43:31,2.270e-06
19879.8,17:43:32,2.270e-06
19881.0,17:43:33,2.270e-06
19882.2,17:43:34,2.270e-06
19883.3,17:43:35,2.270e-06
19884.5,17:43:37,2.270e-06
19885.6,17:43:38,2.270e-06
19886.8,17:43:39,2.260e-06
19888.0,17:43:40,2.260e-06
19889.1,17:43:41,2.260e-06
19890.3,17:43:42,2.260e-06
19891.4,17:43:44,2.260e-06
19892.6,17:43:45,2.260e-06
19893.8,17:43:46,2.260e-06
19894.9,17:43:47,2.260e-06
19896.1,17:43:48,2.260e-06
19897.2,17:43:49,2.260e-06
19898.4,17:43:51,2.260e-06
19899.6,17:43:52,2.260e-06
19900.7,17:43:53,2.260e-06
19901.9,17:43:54,2.260e-06
19903.1,17:43:55,2.260e-06
19904.2,17:43:56,2.260e-06
19905.4,17:43:58,2.260e-06
19906.6,17:43:59,2.260e-06
19907.7,17:44:00,2.260e-06
19908.9,17:44:01,2.260e-06
19910.1,17:44:02,2.260e-06
19911.2,17:44:03,2.260e-06
19912.4,17:44:05,2.260e-06
19913.6,17:44:06,2.260e-06
19914.7,17:44:07,2.260e-06
19915.9,17:44:08,2.250e-06
19917.1,17:44:09,2.250e-06
19918.2,17:44:10,2.250e-06
19919.4,17:44:12,2.250e-06
19920.6,17:44:13,2.250e-06
19921.7,17:44:14,2.250e-06
19922.9,17:44:15,2.250e-06
19924.0,17:44:16,2.250e-06
19925.2,17:44:17,2.250e-06
19926.3,17:44:19,2.250e-06
19927.5,17:44:20,2.250e-06
19928.6,17:44:21,2.250e-06
19929.8,17:44:22,2.250e-06
19930.9,17:44:23,2.250e-06
19932.1,17:44:24,2.250e-06
19933.3,17:44:25,2.250e-06
19934.4,17:44:27,2.250e-06
19935.6,17:44:28,2.250e-06
19936.7,17:44:29,2.250e-06
19937.9,17:44:30,2.250e-06
19939.0,17:44:31,2.250e-06
19940.2,17:44:32,2.250e-06
19941.3,17:44:34,2.250e-06
19942.5,17:44:35,2.250e-06
19943.7,17:44:36,2.250e-06
19944.9,17:44:37,2.250e-06
19946.0,17:44:38,2.240e-06
19947.1,17:44:39,2.240e-06
19948.3,17:44:40,2.240e-06
19949.4,17:44:42,2.240e-06
19950.6,17:44:43,2.240e-06
19951.7,17:44:44,2.240e-06
19952.9,17:44:45,2.230e-06
19954.1,17:44:46,2.230e-06
19955.2,17:44:47,2.230e-06
19956.4,17:44:49,2.230e-06
19957.6,17:44:50,2.230e-06
19958.7,17:44:51,2.230e-06
19959.9,17:44:52,2.230e-06
19961.0,17:44:53,2.230e-06
19962.2,17:44:54,2.230e-06
19963.3,17:44:56,2.230e-06
19964.5,17:44:57,2.230e-06
19965.6,17:44:58,2.230e-06
19966.8,17:44:59,2.220e-06
19967.9,17:45:00,2.220e-06
19969.1,17:45:01,2.220e-06
19970.2,17:45:02,2.220e-06
19971.4,17:45:04,2.220e-06
19972.6,17:45:05,2.220e-06
19973.7,17:45:06,2.220e-06
19974.9,17:45:07,2.220e-06
19976.0,17:45:08,2.220e-06
19977.2,17:45:09,2.220e-06
19978.3,17:45:11,2.220e-06
19979.5,17:45:12,2.220e-06
19980.6,17:45:13,2.220e-06
19981.8,17:45:14,2.220e-06
19982.9,17:45:15,2.220e-06
19984.1,17:45:16,2.220e-06
19985.2,17:45:17,2.220e-06
19986.4,17:45:19,2.220e-06
19987.5,17:45:20,2.220e-06
19988.7,17:45:21,2.220e-06
19989.8,17:45:22,2.220e-06
19991.0,17:45:23,2.220e-06
19992.2,17:45:24,2.220e-06
19993.3,17:45:26,2.210e-06
19994.5,17:45:27,2.210e-06
19995.6,17:45:28,2.210e-06
19996.8,17:45:29,2.210e-06
19997.9,17:45:30,2.210e-06
19999.1,17:45:31,2.210e-06
20000.2,17:45:32,2.210e-06
20001.4,17:45:34,2.210e-06
20002.6,17:45:35,2.210e-06
20003.7,17:45:36,2.210e-06
20004.9,17:45:37,2.210e-06
20006.0,17:45:38,2.210e-06
20007.2,17:45:39,2.210e-06
20008.4,17:45:41,2.210e-06
20009.5,17:45:42,2.210e-06
20010.7,17:45:43,2.210e-06
20011.9,17:45:44,2.210e-06
20013.0,17:45:45,2.210e-06
20014.2,17:45:46,2.210e-06
20015.4,17:45:48,2.210e-06
20016.5,17:45:49,2.210e-06
20017.7,17:45:50,2.210e-06
20018.8,17:45:51,2.210e-06
20020.0,17:45:52,2.210e-06
20021.1,17:45:53,2.210e-06
20022.3,17:45:54,2.210e-06
20023.4,17:45:56,2.210e-06
20024.6,17:45:57,2.210e-06
20025.8,17:45:58,2.210e-06
20026.9,17:45:59,2.200e-06
20028.1,17:46:00,2.200e-06
20029.2,17:46:01,2.200e-06
20030.4,17:46:03,2.200e-06
20031.5,17:46:04,2.200e-06
20032.7,17:46:05,2.200e-06
20033.9,17:46:06,2.200e-06
20035.0,17:46:07,2.200e-06
20036.2,17:46:08,2.200e-06
20037.3,17:46:09,2.200e-06
20038.5,17:46:11,2.200e-06
20039.6,17:46:12,2.200e-06
20040.8,17:46:13,2.200e-06
20041.9,17:46:14,2.200e-06
20043.1,17:46:15,2.200e-06
20044.2,17:46:16,2.200e-06
20045.4,17:46:18,2.200e-06
20046.6,17:46:19,2.200e-06
20047.7,17:46:20,2.200e-06
20048.9,17:46:21,2.200e-06
20050.0,17:46:22,2.200e-06
20051.2,17:46:23,2.200e-06
20052.4,17:46:25,2.200e-06
20053.5,17:46:26,2.200e-06
20054.7,17:46:27,2.200e-06
20055.8,17:46:28,2.190e-06
20057.0,17:46:29,2.190e-06
20058.1,17:46:30,2.190e-06
20059.3,17:46:31,2.190e-06
20060.4,17:46:33,2.190e-06
20061.6,17:46:34,2.190e-06
20062.8,17:46:35,2.190e-06
20063.9,17:46:36,2.190e-06
20065.1,17:46:37,2.190e-06
20066.2,17:46:38,2.190e-06
20067.4,17:46:40,2.190e-06
20068.6,17:46:41,2.190e-06
20069.7,17:46:42,2.190e-06
20070.9,17:46:43,2.190e-06
20072.0,17:46:44,2.190e-06
20073.2,17:46:45,2.190e-06
20074.4,17:46:47,2.190e-06
20075.5,17:46:48,2.190e-06
20076.7,17:46:49,2.190e-06
20077.8,17:46:50,2.190e-06
20079.0,17:46:51,2.190e-06
20080.1,17:46:52,2.190e-06
20081.3,17:46:53,2.180e-06
20082.5,17:46:55,2.180e-06
20083.6,17:46:56,2.180e-06
20084.8,17:46:57,2.180e-06
20085.9,17:46:58,2.180e-06
20087.1,17:46:59,2.180e-06
20088.2,17:47:00,2.180e-06
20089.4,17:47:02,2.180e-06
20090.5,17:47:03,2.180e-06
20091.7,17:47:04,2.180e-06
20092.9,17:47:05,2.180e-06
20094.0,17:47:06,2.170e-06
20095.2,17:47:07,2.170e-06
20096.4,17:47:09,2.170e-06
20097.5,17:47:10,2.170e-06
20098.7,17:47:11,2.170e-06
20099.8,17:47:12,2.170e-06
20101.0,17:47:13,2.170e-06
20102.2,17:47:14,2.170e-06
20103.3,17:47:16,2.170e-06
20104.5,17:47:17,2.170e-06
20105.6,17:47:18,2.170e-06
20106.8,17:47:19,2.170e-06
20108.0,17:47:20,2.170e-06
20109.1,17:47:21,2.170e-06
20110.3,17:47:22,2.170e-06
20111.4,17:47:24,2.170e-06
20112.6,17:47:25,2.170e-06
20113.8,17:47:26,2.160e-06
20114.9,17:47:27,2.160e-06
20116.0,17:47:28,2.160e-06
20117.2,17:47:29,2.160e-06
20118.4,17:47:31,2.160e-06
20119.5,17:47:32,2.160e-06
20120.7,17:47:33,2.160e-06
20121.8,17:47:34,2.160e-06
20123.0,17:47:35,2.160e-06
20124.2,17:47:36,2.160e-06
20125.3,17:47:37,2.160e-06
20126.5,17:47:39,2.160e-06
20127.6,17:47:40,2.160e-06
20128.8,17:47:41,2.160e-06
20129.9,17:47:42,2.160e-06
20131.1,17:47:43,2.160e-06
20132.2,17:47:44,2.160e-06
20133.4,17:47:46,2.160e-06
20134.5,17:47:47,2.160e-06
20135.7,17:47:48,2.160e-06
20136.8,17:47:49,2.160e-06
20138.0,17:47:50,2.150e-06
20139.2,17:47:51,2.150e-06
20140.3,17:47:53,2.150e-06
20141.5,17:47:54,2.150e-06
20142.7,17:47:55,2.150e-06
20143.9,17:47:56,2.150e-06
20145.0,17:47:57,2.150e-06
20146.2,17:47:58,2.150e-06
20147.3,17:48:00,2.150e-06
20148.5,17:48:01,2.150e-06
20149.7,17:48:02,2.150e-06
20150.8,17:48:03,2.150e-06
20152.0,17:48:04,2.150e-06
20153.2,17:48:05,2.150e-06
20154.3,17:48:07,2.150e-06
20155.5,17:48:08,2.150e-06
20156.7,17:48:09,2.150e-06
20157.8,17:48:10,2.150e-06
20159.0,17:48:11,2.150e-06
20160.1,17:48:12,2.150e-06
20161.3,17:48:13,2.150e-06
20162.4,17:48:15,2.150e-06
20163.6,17:48:16,2.150e-06
20164.7,17:48:17,2.150e-06
20165.9,17:48:18,2.150e-06
20167.1,17:48:19,2.150e-06
20168.2,17:48:20,2.150e-06
20169.4,17:48:22,2.150e-06
20170.5,17:48:23,2.150e-06
20171.7,17:48:24,2.150e-06
20172.8,17:48:25,2.150e-06
20174.0,17:48:26,2.150e-06
20175.2,17:48:27,2.140e-06
20176.3,17:48:29,2.140e-06
20177.5,17:48:30,2.140e-06
20178.7,17:48:31,2.140e-06
20179.8,17:48:32,2.140e-06
20181.0,17:48:33,2.140e-06
20182.1,17:48:34,2.140e-06
20183.3,17:48:35,2.140e-06
20184.5,17:48:37,2.140e-06
20185.6,17:48:38,2.140e-06
20186.8,17:48:39,2.140e-06
20187.9,17:48:40,2.140e-06
20189.1,17:48:41,2.140e-06
20190.2,17:48:42,2.140e-06
20191.4,17:48:44,2.140e-06
20192.6,17:48:45,2.140e-06
20193.7,17:48:46,2.140e-06
20194.9,17:48:47,2.140e-06
20196.0,17:48:48,2.140e-06
20197.2,17:48:49,2.140e-06
20198.3,17:48:51,2.140e-06
20199.5,17:48:52,2.140e-06
20200.7,17:48:53,2.140e-06
20201.8,17:48:54,2.130e-06
20203.0,17:48:55,2.130e-06
20204.1,17:48:56,2.130e-06
20205.3,17:48:57,2.130e-06
20206.4,17:48:59,2.130e-06
20207.6,17:49:00,2.130e-06
20208.7,17:49:01,2.130e-06
20209.9,17:49:02,2.130e-06
20211.1,17:49:03,2.130e-06
20212.2,17:49:04,2.130e-06
20213.4,17:49:06,2.130e-06
20214.6,17:49:07,2.130e-06
20215.7,17:49:08,2.130e-06
20216.9,17:49:09,2.130e-06
20218.0,17:49:10,2.130e-06
20219.2,17:49:11,2.130e-06
20220.3,17:49:13,2.130e-06
20221.5,17:49:14,2.130e-06
20222.6,17:49:15,2.130e-06
20223.8,17:49:16,2.130e-06
20225.0,17:49:17,2.130e-06
20226.1,17:49:18,2.130e-06
20227.3,17:49:19,2.130e-06
20228.4,17:49:21,2.130e-06
20229.6,17:49:22,2.130e-06
20230.7,17:49:23,2.130e-06
20231.9,17:49:24,2.130e-06
20233.0,17:49:25,2.120e-06
20234.2,17:49:26,2.120e-06
20235.4,17:49:28,2.120e-06
20236.5,17:49:29,2.120e-06
20237.7,17:49:30,2.120e-06
20238.8,17:49:31,2.120e-06
20240.0,17:49:32,2.120e-06
20241.2,17:49:33,2.120e-06
20242.3,17:49:35,2.120e-06
20243.5,17:49:36,2.120e-06
20244.6,17:49:37,2.120e-06
20245.8,17:49:38,2.120e-06
20246.9,17:49:39,2.120e-06
20248.1,17:49:40,2.120e-06
20249.2,17:49:41,2.120e-06
20250.4,17:49:43,2.120e-06
20251.6,17:49:44,2.110e-06
20252.7,17:49:45,2.110e-06
20253.9,17:49:46,2.110e-06
20255.0,17:49:47,2.110e-06
20256.2,17:49:48,2.110e-06
20257.3,17:49:50,2.110e-06
20258.5,17:49:51,2.110e-06
20259.7,17:49:52,2.110e-06
20260.8,17:49:53,2.110e-06
20262.0,17:49:54,2.110e-06
20263.1,17:49:55,2.110e-06
20264.3,17:49:56,2.110e-06
20265.4,17:49:58,2.110e-06
20266.6,17:49:59,2.110e-06
20267.8,17:50:00,2.110e-06
20268.9,17:50:01,2.110e-06
20270.1,17:50:02,2.110e-06
20271.3,17:50:03,2.110e-06
20272.4,17:50:05,2.110e-06
20273.6,17:50:06,2.110e-06
20274.7,17:50:07,2.110e-06
20275.9,17:50:08,2.110e-06
20277.0,17:50:09,2.110e-06
20278.2,17:50:10,2.110e-06
20279.4,17:50:12,2.110e-06
20280.5,17:50:13,2.110e-06
20281.7,17:50:14,2.110e-06
20282.8,17:50:15,2.110e-06
20284.0,17:50:16,2.110e-06
20285.2,17:50:17,2.110e-06
20286.3,17:50:19,2.110e-06
20287.5,17:50:20,2.110e-06
20288.7,17:50:21,2.110e-06
20289.8,17:50:22,2.110e-06
20291.0,17:50:23,2.110e-06
20292.2,17:50:24,2.110e-06
20293.3,17:50:26,2.110e-06
20294.5,17:50:27,2.110e-06
20295.7,17:50:28,2.110e-06
20296.8,17:50:29,2.110e-06
20298.0,17:50:30,2.110e-06
20299.1,17:50:31,2.110e-06
20300.3,17:50:32,2.110e-06
20301.4,17:50:34,2.100e-06
20302.6,17:50:35,2.100e-06
20303.8,17:50:36,2.100e-06
20304.9,17:50:37,2.100e-06
20306.1,17:50:38,2.100e-06
20307.2,17:50:39,2.100e-06
20308.4,17:50:41,2.100e-06
20309.6,17:50:42,2.100e-06
20310.7,17:50:43,2.100e-06
20311.9,17:50:44,2.100e-06
20313.0,17:50:45,2.100e-06
20314.2,17:50:46,2.100e-06
20315.4,17:50:48,2.100e-06
20316.5,17:50:49,2.100e-06
20317.7,17:50:50,2.100e-06
20318.8,17:50:51,2.100e-06
20320.0,17:50:52,2.100e-06
20321.1,17:50:53,2.100e-06
20322.3,17:50:54,2.100e-06
20323.5,17:50:56,2.100e-06
20324.6,17:50:57,2.100e-06
20325.8,17:50:58,2.100e-06
20326.9,17:50:59,2.100e-06
20328.1,17:51:00,2.100e-06
20329.2,17:51:01,2.100e-06
20330.4,17:51:03,2.100e-06
20331.5,17:51:04,2.100e-06
20332.7,17:51:05,2.100e-06
20333.8,17:51:06,2.100e-06
20335.0,17:51:07,2.100e-06
20336.1,17:51:08,2.100e-06
20337.3,17:51:09,2.100e-06
20338.5,17:51:11,2.100e-06
20339.6,17:51:12,2.100e-06
20340.8,17:51:13,2.100e-06
20342.0,17:51:14,2.100e-06
20343.1,17:51:15,2.100e-06
20344.2,17:51:16,2.100e-06
20345.4,17:51:18,2.100e-06
20346.6,17:51:19,2.100e-06
20347.7,17:51:20,2.100e-06
20348.9,17:51:21,2.100e-06
20350.0,17:51:22,2.100e-06
20351.2,17:51:23,2.100e-06
20352.3,17:51:25,2.100e-06
20353.5,17:51:26,2.100e-06
20354.6,17:51:27,2.090e-06
20355.8,17:51:28,2.090e-06
20356.9,17:51:29,2.090e-06
20358.1,17:51:30,2.090e-06
20359.2,17:51:31,2.090e-06
20360.4,17:51:33,2.090e-06
20361.6,17:51:34,2.090e-06
20362.7,17:51:35,2.090e-06
20363.9,17:51:36,2.090e-06
20365.1,17:51:37,2.090e-06
20366.2,17:51:38,2.090e-06
20367.4,17:51:40,2.080e-06
20368.5,17:51:41,2.080e-06
20369.7,17:51:42,2.080e-06
20370.8,17:51:43,2.080e-06
20372.0,17:51:44,2.080e-06
20373.1,17:51:45,2.080e-06
20374.3,17:51:46,2.080e-06
20375.5,17:51:48,2.080e-06
20376.6,17:51:49,2.080e-06
20377.8,17:51:50,2.080e-06
20378.9,17:51:51,2.080e-06
20380.1,17:51:52,2.080e-06
20381.3,17:51:53,2.080e-06
20382.4,17:51:55,2.080e-06
20383.6,17:51:56,2.080e-06
20384.7,17:51:57,2.080e-06
20385.9,17:51:58,2.080e-06
20387.0,17:51:59,2.080e-06
20388.2,17:52:00,2.080e-06
20389.4,17:52:02,2.080e-06
20390.5,17:52:03,2.080e-06
20391.7,17:52:04,2.080e-06
20392.9,17:52:05,2.080e-06
20394.0,17:52:06,2.080e-06
20395.2,17:52:07,2.080e-06
20396.3,17:52:09,2.080e-06
20397.5,17:52:10,2.080e-06
20398.7,17:52:11,2.080e-06
20399.8,17:52:12,2.080e-06
20401.0,17:52:13,2.080e-06
20402.2,17:52:14,2.080e-06
20403.3,17:52:16,2.080e-06
20404.5,17:52:17,2.080e-06
20405.6,17:52:18,2.080e-06
20406.8,17:52:19,2.080e-06
20407.9,17:52:20,2.080e-06
20409.1,17:52:21,2.080e-06
20410.3,17:52:22,2.080e-06
20411.4,17:52:24,2.080e-06
20412.6,17:52:25,2.080e-06
20413.7,17:52:26,2.080e-06
20414.9,17:52:27,2.080e-06
20416.0,17:52:28,2.070e-06
20417.2,17:52:29,2.070e-06
20418.4,17:52:31,2.070e-06
20419.6,17:52:32,2.070e-06
20420.7,17:52:33,2.070e-06
20421.9,17:52:34,2.070e-06
20423.0,17:52:35,2.070e-06
20424.2,17:52:36,2.070e-06
20425.3,17:52:38,2.070e-06
20426.5,17:52:39,2.070e-06
20427.6,17:52:40,2.070e-06
20428.8,17:52:41,2.070e-06
20430.0,17:52:42,2.070e-06
20431.1,17:52:43,2.070e-06
20432.3,17:52:44,2.070e-06
20433.4,17:52:46,2.070e-06
20434.6,17:52:47,2.070e-06
20435.8,17:52:48,2.070e-06
20436.9,17:52:49,2.070e-06
20438.1,17:52:50,2.070e-06
20439.2,17:52:51,2.070e-06
20440.4,17:52:53,2.070e-06
20441.5,17:52:54,2.070e-06
20442.7,17:52:55,2.070e-06
20443.9,17:52:56,2.070e-06
20445.0,17:52:57,2.070e-06
20446.2,17:52:58,2.070e-06
20447.4,17:53:00,2.070e-06
20448.5,17:53:01,2.070e-06
20449.7,17:53:02,2.070e-06
20450.9,17:53:03,2.070e-06
20452.0,17:53:04,2.070e-06
20453.2,17:53:05,2.070e-06
20454.3,17:53:07,2.070e-06
20455.5,17:53:08,2.070e-06
20456.7,17:53:09,2.070e-06
20457.8,17:53:10,2.070e-06
20459.0,17:53:11,2.070e-06
20460.1,17:53:12,2.070e-06
20461.3,17:53:13,2.070e-06
20462.4,17:53:15,2.070e-06
20463.6,17:53:16,2.070e-06
20464.7,17:53:17,2.070e-06
20465.9,17:53:18,2.070e-06
20467.0,17:53:19,2.070e-06
20468.2,17:53:20,2.070e-06
20469.4,17:53:22,2.060e-06
20470.5,17:53:23,2.060e-06
20471.7,17:53:24,2.060e-06
20472.8,17:53:25,2.060e-06
20474.0,17:53:26,2.060e-06
20475.1,17:53:27,2.060e-06
20476.3,17:53:28,2.060e-06
20477.4,17:53:30,2.060e-06
20478.6,17:53:31,2.060e-06
20479.7,17:53:32,2.060e-06
20480.9,17:53:33,2.060e-06
20482.1,17:53:34,2.060e-06
20483.2,17:53:35,2.060e-06
20484.4,17:53:37,2.060e-06
20485.5,17:53:38,2.060e-06
20486.7,17:53:39,2.060e-06
20487.8,17:53:40,2.060e-06
20489.0,17:53:41,2.060e-06
20490.1,17:53:42,2.060e-06
20491.3,17:53:43,2.060e-06
20492.4,17:53:45,2.050e-06
20493.6,17:53:46,2.050e-06
20494.7,17:53:47,2.050e-06
20495.9,17:53:48,2.050e-06
20497.0,17:53:49,2.050e-06
20498.2,17:53:50,2.050e-06
20499.3,17:53:52,2.050e-06
20500.5,17:53:53,2.050e-06
20501.6,17:53:54,2.050e-06
20502.8,17:53:55,2.050e-06
20503.9,17:53:56,2.050e-06
20505.1,17:53:57,2.050e-06
20506.2,17:53:58,2.050e-06
20507.4,17:54:00,2.050e-06
20508.6,17:54:01,2.050e-06
20509.7,17:54:02,2.050e-06
20510.9,17:54:03,2.050e-06
20512.0,17:54:04,2.050e-06
20513.2,17:54:05,2.050e-06
20514.3,17:54:06,2.050e-06
20515.5,17:54:08,2.050e-06
20516.6,17:54:09,2.050e-06
20517.8,17:54:10,2.050e-06
20518.9,17:54:11,2.050e-06
20520.1,17:54:12,2.050e-06
20521.2,17:54:13,2.050e-06
20522.4,17:54:15,2.050e-06
20523.5,17:54:16,2.050e-06
20524.7,17:54:17,2.050e-06
20525.8,17:54:18,2.050e-06
20527.0,17:54:19,2.050e-06
20528.1,17:54:20,2.050e-06
20529.3,17:54:21,2.050e-06
20530.4,17:54:23,2.050e-06
20531.6,17:54:24,2.050e-06
20532.8,17:54:25,2.050e-06
20533.9,17:54:26,2.050e-06
20535.1,17:54:27,2.050e-06
20536.2,17:54:28,2.050e-06
20537.4,17:54:30,2.050e-06
20538.5,17:54:31,2.050e-06
20539.7,17:54:32,2.040e-06
20540.8,17:54:33,2.040e-06
20542.0,17:54:34,2.040e-06
20543.1,17:54:35,2.040e-06
20544.3,17:54:36,2.040e-06
20545.4,17:54:38,2.040e-06
20546.6,17:54:39,2.040e-06
20547.7,17:54:40,2.040e-06
20548.9,17:54:41,2.040e-06
20550.0,17:54:42,2.040e-06
20551.2,17:54:43,2.040e-06
20552.3,17:54:45,2.040e-06
20553.5,17:54:46,2.040e-06
20554.6,17:54:47,2.040e-06
20555.8,17:54:48,2.040e-06
20556.9,17:54:49,2.040e-06
20558.1,17:54:50,2.040e-06
20559.3,17:54:51,2.040e-06
20560.4,17:54:53,2.040e-06
20561.6,17:54:54,2.040e-06
20562.7,17:54:55,2.040e-06
20563.9,17:54:56,2.040e-06
20565.0,17:54:57,2.040e-06
20566.1,17:54:58,2.040e-06
20567.3,17:54:59,2.040e-06
20568.5,17:55:01,2.040e-06
20569.6,17:55:02,2.040e-06
20570.8,17:55:03,2.040e-06
20571.9,17:55:04,2.040e-06
20573.1,17:55:05,2.040e-06
20574.2,17:55:06,2.040e-06
20575.4,17:55:08,2.040e-06
20576.6,17:55:09,2.040e-06
20577.7,17:55:10,2.040e-06
20578.8,17:55:11,2.040e-06
20580.0,17:55:12,2.040e-06
20581.2,17:55:13,2.040e-06
20582.3,17:55:14,2.040e-06
20583.5,17:55:16,2.040e-06
20584.6,17:55:17,2.040e-06
20585.8,17:55:18,2.040e-06
20586.9,17:55:19,2.040e-06
20588.1,17:55:20,2.040e-06
20589.2,17:55:21,2.040e-06
20590.4,17:55:23,2.040e-06
20591.5,17:55:24,2.040e-06
20592.7,17:55:25,2.040e-06
20593.8,17:55:26,2.040e-06
20595.0,17:55:27,2.040e-06
20596.1,17:55:28,2.040e-06
20597.3,17:55:29,2.040e-06
20598.4,17:55:31,2.040e-06
20599.6,17:55:32,2.040e-06
20600.7,17:55:33,2.040e-06
20601.9,17:55:34,2.040e-06
20603.0,17:55:35,2.050e-06
20604.2,17:55:36,2.050e-06
20605.3,17:55:38,2.050e-06
20606.5,17:55:39,2.050e-06
20607.6,17:55:40,2.050e-06
20608.8,17:55:41,2.050e-06
20609.9,17:55:42,2.060e-06
20611.1,17:55:43,2.060e-06
20612.2,17:55:44,2.060e-06
20613.4,17:55:46,2.060e-06
20614.5,17:55:47,2.070e-06
20615.7,17:55:48,2.070e-06
20616.8,17:55:49,2.080e-06
20618.0,17:55:50,2.090e-06
20619.1,17:55:51,2.100e-06
20620.3,17:55:52,2.110e-06
20621.4,17:55:54,2.110e-06
20622.6,17:55:55,2.110e-06
20623.7,17:55:56,2.120e-06
20624.9,17:55:57,2.120e-06
20626.0,17:55:58,2.110e-06
20627.2,17:55:59,2.120e-06
20628.3,17:56:01,2.120e-06
20629.5,17:56:02,2.120e-06
20630.6,17:56:03,2.130e-06
20631.8,17:56:04,2.130e-06
20632.9,17:56:05,2.140e-06
20634.1,17:56:06,2.140e-06
20635.2,17:56:07,2.150e-06
20636.4,17:56:09,2.150e-06
20637.5,17:56:10,2.160e-06
20638.7,17:56:11,2.170e-06
20639.8,17:56:12,2.180e-06
20641.0,17:56:13,2.180e-06
20642.1,17:56:14,2.200e-06
20643.3,17:56:15,2.210e-06
20644.4,17:56:17,2.210e-06
20645.6,17:56:18,2.230e-06
20646.7,17:56:19,2.240e-06
20647.9,17:56:20,2.260e-06
20649.0,17:56:21,2.280e-06
20650.2,17:56:22,2.300e-06
20651.3,17:56:24,2.320e-06
20652.5,17:56:25,2.360e-06
20653.6,17:56:26,2.380e-06
20654.8,17:56:27,2.410e-06
20655.9,17:56:28,2.430e-06
20657.1,17:56:29,2.470e-06
20658.2,17:56:30,2.510e-06
20659.4,17:56:32,2.560e-06
20660.5,17:56:33,2.600e-06
20661.6,17:56:34,2.640e-06
20662.8,17:56:35,2.690e-06
20664.0,17:56:36,2.750e-06
20665.1,17:56:37,2.830e-06
20666.3,17:56:38,2.910e-06
20667.4,17:56:40,3.030e-06
20668.6,17:56:41,3.290e-06
20669.7,17:56:42,3.800e-06
20670.9,17:56:43,4.330e-06
20672.0,17:56:44,4.800e-06
20673.2,17:56:45,5.200e-06
20674.3,17:56:47,5.570e-06
20675.5,17:56:48,5.930e-06
20676.6,17:56:49,6.260e-06
20677.8,17:56:50,6.560e-06
20678.9,17:56:51,6.840e-06
20680.1,17:56:52,7.110e-06
20681.2,17:56:53,7.380e-06
20682.4,17:56:55,7.630e-06
20683.5,17:56:56,7.850e-06
20684.7,17:56:57,8.080e-06
20685.8,17:56:58,8.280e-06
20687.0,17:56:59,8.480e-06
20688.1,17:57:00,8.670e-06
20689.3,17:57:01,8.850e-06
20690.4,17:57:03,9.010e-06
20691.6,17:57:04,9.180e-06
20692.7,17:57:05,9.340e-06
20693.9,17:57:06,9.470e-06
20695.0,17:57:07,9.620e-06
20696.1,17:57:08,9.750e-06
20697.3,17:57:09,9.880e-06
20698.4,17:57:11,9.990e-06
20699.6,17:57:12,1.010e-05
20700.8,17:57:13,1.030e-05
20701.9,17:57:14,1.040e-05
20703.1,17:57:15,1.060e-05
20704.2,17:57:16,1.070e-05
20705.4,17:57:18,1.090e-05
20706.5,17:57:19,1.100e-05
20707.7,17:57:20,1.110e-05
20708.8,17:57:21,1.120e-05
20710.0,17:57:22,1.130e-05
20711.1,17:57:23,1.140e-05
20712.3,17:57:24,1.150e-05
20713.5,17:57:26,1.160e-05
20714.6,17:57:27,1.170e-05
20715.8,17:57:28,1.180e-05
20716.9,17:57:29,1.190e-05
20718.1,17:57:30,1.200e-05
20719.2,17:57:31,1.210e-05
20720.4,17:57:33,1.220e-05
20721.5,17:57:34,1.220e-05
20722.7,17:57:35,1.230e-05
20723.8,17:57:36,1.240e-05
20725.0,17:57:37,1.250e-05
20726.1,17:57:38,1.250e-05
20727.3,17:57:39,1.260e-05
20728.4,17:57:41,1.270e-05
20729.6,17:57:42,1.270e-05
20730.8,17:57:43,1.280e-05
20731.9,17:57:44,1.290e-05
20733.1,17:57:45,1.290e-05
20734.2,17:57:46,1.300e-05
20735.4,17:57:48,1.300e-05
20736.5,17:57:49,1.310e-05
20737.7,17:57:50,1.310e-05
20738.8,17:57:51,1.320e-05
20740.0,17:57:52,1.320e-05
20741.1,17:57:53,1.330e-05
20742.3,17:57:54,1.330e-05
20743.4,17:57:56,1.340e-05
20744.6,17:57:57,1.340e-05
20745.7,17:57:58,1.350e-05
20746.9,17:57:59,1.350e-05
20748.0,17:58:00,1.360e-05
20749.2,17:58:01,1.360e-05
20750.3,17:58:03,1.370e-05
20751.5,17:58:04,1.370e-05
20752.6,17:58:05,1.380e-05
20753.7,17:58:06,1.380e-05
20754.9,17:58:07,1.380e-05
20756.1,17:58:08,1.390e-05
20757.2,17:58:09,1.390e-05
20758.4,17:58:11,1.400e-05
20759.5,17:58:12,1.400e-05
20760.7,17:58:13,1.410e-05
20761.8,17:58:14,1.410e-05
20763.0,17:58:15,1.410e-05
20764.1,17:58:16,1.420e-05
20765.3,17:58:17,1.420e-05
20766.4,17:58:19,1.420e-05
20767.6,17:58:20,1.430e-05
20768.7,17:58:21,1.430e-05
20769.9,17:58:22,1.440e-05
20771.0,17:58:23,1.440e-05
20772.2,17:58:24,1.440e-05
20773.3,17:58:26,1.450e-05
20774.5,17:58:27,1.450e-05
20775.6,17:58:28,1.450e-05
20776.8,17:58:29,1.460e-05
20777.9,17:58:30,1.460e-05
20779.1,17:58:31,1.460e-05
20780.2,17:58:32,1.470e-05
20781.4,17:58:34,1.470e-05
20782.5,17:58:35,1.470e-05
20783.7,17:58:36,1.480e-05
20784.9,17:58:37,1.480e-05
20786.0,17:58:38,1.480e-05
20787.2,17:58:39,1.490e-05
20788.3,17:58:40,1.490e-05
20789.5,17:58:42,1.490e-05
20790.6,17:58:43,1.500e-05
20791.7,17:58:44,1.500e-05
20792.9,17:58:45,1.500e-05
20794.0,17:58:46,1.510e-05
20795.2,17:58:47,1.510e-05
20796.3,17:58:49,1.510e-05
20797.5,17:58:50,1.520e-05
20798.6,17:58:51,1.520e-05
20799.8,17:58:52,1.520e-05
20800.9,17:58:53,1.520e-05
20802.1,17:58:54,1.530e-05
20803.3,17:58:55,1.530e-05
20804.4,17:58:57,1.530e-05
20805.6,17:58:58,1.530e-05
20806.7,17:58:59,1.540e-05
20807.8,17:59:00,1.540e-05
20809.0,17:59:01,1.540e-05
20810.2,17:59:02,1.550e-05
20811.3,17:59:03,1.550e-05
20812.5,17:59:05,1.550e-05
20813.6,17:59:06,1.550e-05
20814.8,17:59:07,1.560e-05
20815.9,17:59:08,1.560e-05
20817.1,17:59:09,1.560e-05
20818.2,17:59:10,1.560e-05
20819.4,17:59:12,1.570e-05
20820.5,17:59:13,1.570e-05
20821.7,17:59:14,1.570e-05
20822.8,17:59:15,1.570e-05
20824.0,17:59:16,1.580e-05
20825.1,17:59:17,1.580e-05
20826.3,17:59:18,1.580e-05
20827.4,17:59:20,1.590e-05
20828.6,17:59:21,1.590e-05
20829.7,17:59:22,1.590e-05
20830.9,17:59:23,1.590e-05
20832.0,17:59:24,1.590e-05
20833.2,17:59:25,1.600e-05
20834.3,17:59:26,1.600e-05
20835.5,17:59:28,1.600e-05
20836.6,17:59:29,1.600e-05
20837.7,17:59:30,1.610e-05
20838.9,17:59:31,1.610e-05
20840.0,17:59:32,1.610e-05
20841.2,17:59:33,1.610e-05
20842.3,17:59:35,1.620e-05
20843.5,17:59:36,1.620e-05
20844.6,17:59:37,1.620e-05
20845.8,17:59:38,1.620e-05
20846.9,17:59:39,1.630e-05
20848.1,17:59:40,1.630e-05
20849.2,17:59:41,1.630e-05
20850.4,17:59:43,1.630e-05
20851.5,17:59:44,1.630e-05
20852.7,17:59:45,1.640e-05
20853.8,17:59:46,1.640e-05
20855.0,17:59:47,1.640e-05
20856.1,17:59:48,1.640e-05
20857.3,17:59:49,1.640e-05
20858.5,17:59:51,1.650e-05
20859.6,17:59:52,1.650e-05
20860.7,17:59:53,1.650e-05
20861.9,17:59:54,1.650e-05
20863.0,17:59:55,1.660e-05
20864.2,17:59:56,1.660e-05
20865.3,17:59:58,1.660e-05
20866.5,17:59:59,1.660e-05
20867.6,18:00:00,1.660e-05
20868.8,18:00:01,1.670e-05
20869.9,18:00:02,1.670e-05
20871.1,18:00:03,1.670e-05
20872.2,18:00:04,1.670e-05
20873.4,18:00:06,1.680e-05
20874.5,18:00:07,1.680e-05
20875.7,18:00:08,1.680e-05
20876.8,18:00:09,1.680e-05
20878.0,18:00:10,1.680e-05
20879.1,18:00:11,1.690e-05
20880.3,18:00:12,1.690e-05
20881.4,18:00:14,1.690e-05
20882.6,18:00:15,1.690e-05
20883.7,18:00:16,1.700e-05
20884.9,18:00:17,1.700e-05
20886.0,18:00:18,1.700e-05
20887.2,18:00:19,1.700e-05
20888.3,18:00:21,1.700e-05
20889.5,18:00:22,1.700e-05
20890.6,18:00:23,1.710e-05
20891.8,18:00:24,1.710e-05
20892.9,18:00:25,1.710e-05
20894.1,18:00:26,1.710e-05
20895.2,18:00:27,1.710e-05
20896.4,18:00:29,1.720e-05
20897.5,18:00:30,1.720e-05
20898.7,18:00:31,1.720e-05
20899.8,18:00:32,1.720e-05
20901.0,18:00:33,1.730e-05
20902.1,18:00:34,1.730e-05
20903.3,18:00:35,1.730e-05
20904.4,18:00:37,1.730e-05
20905.6,18:00:38,1.730e-05
20906.7,18:00:39,1.740e-05
20907.9,18:00:40,1.740e-05
20909.0,18:00:41,1.740e-05
20910.2,18:00:42,1.740e-05
20911.3,18:00:44,1.740e-05
20912.5,18:00:45,1.750e-05
20913.6,18:00:46,1.750e-05
20914.8,18:00:47,1.750e-05
20915.9,18:00:48,1.750e-05
20917.1,18:00:49,1.750e-05
20918.2,18:00:50,1.760e-05
20919.4,18:00:52,1.760e-05
20920.5,18:00:53,1.760e-05
20921.7,18:00:54,1.760e-05
20922.8,18:00:55,1.760e-05
20924.0,18:00:56,1.770e-05
20925.1,18:00:57,1.770e-05
20926.3,18:00:58,1.770e-05
20927.5,18:01:00,1.770e-05
20928.6,18:01:01,1.770e-05
20929.7,18:01:02,1.780e-05
20930.9,18:01:03,1.780e-05
20932.1,18:01:04,1.780e-05
20933.2,18:01:05,1.780e-05
20934.4,18:01:07,1.780e-05
20935.5,18:01:08,1.790e-05
20936.7,18:01:09,1.790e-05
20937.8,18:01:10,1.790e-05
20939.0,18:01:11,1.790e-05
20940.1,18:01:12,1.790e-05
20941.3,18:01:13,1.800e-05
20942.4,18:01:15,1.800e-05
20943.6,18:01:16,1.800e-05
20944.7,18:01:17,1.800e-05
20945.9,18:01:18,1.800e-05
20947.0,18:01:19,1.810e-05
20948.2,18:01:20,1.810e-05
20949.4,18:01:22,1.810e-05
20950.5,18:01:23,1.810e-05
20951.7,18:01:24,1.810e-05
20952.8,18:01:25,1.810e-05
20954.0,18:01:26,1.820e-05
20955.1,18:01:27,1.820e-05
20956.3,18:01:28,1.820e-05
20957.4,18:01:30,1.820e-05
20958.6,18:01:31,1.820e-05
20959.7,18:01:32,1.830e-05
20960.9,18:01:33,1.830e-05
20962.0,18:01:34,1.830e-05
20963.2,18:01:35,1.830e-05
20964.3,18:01:37,1.830e-05
20965.5,18:01:38,1.830e-05
20966.7,18:01:39,1.840e-05
20967.8,18:01:40,1.840e-05
20969.0,18:01:41,1.840e-05
20970.1,18:01:42,1.840e-05
20971.3,18:01:43,1.840e-05
20972.4,18:01:45,1.850e-05
20973.6,18:01:46,1.850e-05
20974.7,18:01:47,1.850e-05
20975.9,18:01:48,1.850e-05
20977.0,18:01:49,1.850e-05
20978.2,18:01:50,1.860e-05
20979.3,18:01:52,1.860e-05
20980.5,18:01:53,1.860e-05
20981.6,18:01:54,1.860e-05
20982.8,18:01:55,1.860e-05
20983.9,18:01:56,1.860e-05
20985.1,18:01:57,1.870e-05
20986.3,18:01:58,1.870e-05
20987.4,18:02:00,1.870e-05
20988.6,18:02:01,1.870e-05
20989.7,18:02:02,1.870e-05
20990.9,18:02:03,1.880e-05
20992.0,18:02:04,1.880e-05
20993.2,18:02:05,1.880e-05
20994.3,18:02:07,1.880e-05
20995.5,18:02:08,1.880e-05
20996.6,18:02:09,1.880e-05
20997.8,18:02:10,1.890e-05
20998.9,18:02:11,1.890e-05
21000.1,18:02:12,1.890e-05
21001.2,18:02:13,1.890e-05
21002.4,18:02:15,1.890e-05
21003.5,18:02:16,1.900e-05
21004.7,18:02:17,1.900e-05
21005.8,18:02:18,1.900e-05
21007.0,18:02:19,1.900e-05
21008.2,18:02:20,1.900e-05
21009.3,18:02:21,1.910e-05
21010.5,18:02:23,1.910e-05
21011.6,18:02:24,1.910e-05
21012.8,18:02:25,1.910e-05
21013.9,18:02:26,1.910e-05
21015.1,18:02:27,1.910e-05
21016.2,18:02:28,1.920e-05
21017.4,18:02:30,1.920e-05
21018.5,18:02:31,1.920e-05
21019.7,18:02:32,1.920e-05
21020.8,18:02:33,1.920e-05
21022.0,18:02:34,1.920e-05
21023.1,18:02:35,1.930e-05
21024.3,18:02:36,1.930e-05
21025.4,18:02:38,1.930e-05
21026.6,18:02:39,1.930e-05
21027.7,18:02:40,1.930e-05
21028.9,18:02:41,1.940e-05
21030.0,18:02:42,1.940e-05
21031.2,18:02:43,1.940e-05
21032.3,18:02:45,1.940e-05
21033.5,18:02:46,1.940e-05
21034.7,18:02:47,1.950e-05
21035.8,18:02:48,1.950e-05
21037.0,18:02:49,1.950e-05
21038.1,18:02:50,1.950e-05
21039.3,18:02:51,1.950e-05
21040.5,18:02:53,1.950e-05
21041.6,18:02:54,1.960e-05
21042.8,18:02:55,1.960e-05
21043.9,18:02:56,1.960e-05
21045.1,18:02:57,1.960e-05
21046.2,18:02:58,1.960e-05
21047.4,18:03:00,1.970e-05
21048.5,18:03:01,1.970e-05
21049.7,18:03:02,1.970e-05
21050.8,18:03:03,1.970e-05
21052.0,18:03:04,1.970e-05
21053.1,18:03:05,1.970e-05
21054.3,18:03:06,1.980e-05
21055.4,18:03:08,1.980e-05
21056.6,18:03:09,1.980e-05
21057.7,18:03:10,1.980e-05
21058.9,18:03:11,1.980e-05
21060.1,18:03:12,1.990e-05
21061.2,18:03:13,1.990e-05
21062.4,18:03:15,1.990e-05
21063.5,18:03:16,1.990e-05
21064.7,18:03:17,1.990e-05
21065.8,18:03:18,1.990e-05
21067.0,18:03:19,2.000e-05
21068.1,18:03:20,2.000e-05
21069.3,18:03:21,2.010e-05
21070.5,18:03:23,2.010e-05
21071.6,18:03:24,2.010e-05
21072.8,18:03:25,2.010e-05
21073.9,18:03:26,2.020e-05
21075.1,18:03:27,2.020e-05
21076.2,18:03:28,2.020e-05
21077.4,18:03:30,2.030e-05
21078.5,18:03:31,2.030e-05
21079.7,18:03:32,2.040e-05
21080.8,18:03:33,2.040e-05
21082.0,18:03:34,2.040e-05
21083.1,18:03:35,2.050e-05
21084.3,18:03:36,2.050e-05
21085.4,18:03:38,2.060e-05
21086.6,18:03:39,2.060e-05
21087.8,18:03:40,2.060e-05
21088.9,18:03:41,2.060e-05
21090.1,18:03:42,2.070e-05
21091.2,18:03:43,2.070e-05
21092.4,18:03:45,2.070e-05
21093.5,18:03:46,2.080e-05
21094.7,18:03:47,2.080e-05
21095.8,18:03:48,2.090e-05
21097.0,18:03:49,2.090e-05
21098.1,18:03:50,2.090e-05
21099.3,18:03:51,2.100e-05
21100.4,18:03:53,2.100e-05
21101.6,18:03:54,2.110e-05
21102.7,18:03:55,2.110e-05
21103.9,18:03:56,2.110e-05
21105.0,18:03:57,2.120e-05
21106.2,18:03:58,2.120e-05
21107.4,18:04:00,2.120e-05
21108.5,18:04:01,2.120e-05
21109.7,18:04:02,2.130e-05
21110.8,18:04:03,2.130e-05
21112.0,18:04:04,2.140e-05
21113.1,18:04:05,2.140e-05
21114.3,18:04:06,2.140e-05
21115.4,18:04:08,2.150e-05
21116.6,18:04:09,2.150e-05
21117.7,18:04:10,2.150e-05
21118.9,18:04:11,2.160e-05
21120.1,18:04:12,2.160e-05
21121.2,18:04:13,2.170e-05
21122.4,18:04:15,2.170e-05
21123.5,18:04:16,2.170e-05
21124.7,18:04:17,2.170e-05
21125.8,18:04:18,2.180e-05
21127.0,18:04:19,2.180e-05
21128.1,18:04:20,2.190e-05
21129.3,18:04:21,2.190e-05
21130.4,18:04:23,2.190e-05
21131.6,18:04:24,2.200e-05
21132.7,18:04:25,2.200e-05
21133.9,18:04:26,2.200e-05
21135.0,18:04:27,2.210e-05
21136.2,18:04:28,2.210e-05
21137.3,18:04:30,2.220e-05
21138.5,18:04:31,2.220e-05
21139.6,18:04:32,2.220e-05
21140.8,18:04:33,2.220e-05
21141.9,18:04:34,2.230e-05
21143.1,18:04:35,2.230e-05
21144.2,18:04:36,2.240e-05
21145.4,18:04:38,2.240e-05
21146.6,18:04:39,2.240e-05
21147.7,18:04:40,2.250e-05
21148.9,18:04:41,2.250e-05
21150.0,18:04:42,2.250e-05
21151.2,18:04:43,2.260e-05
21152.3,18:04:45,2.260e-05
21153.5,18:04:46,2.270e-05
21154.6,18:04:47,2.270e-05
21155.8,18:04:48,2.270e-05
21156.9,18:04:49,2.270e-05
21158.1,18:04:50,2.280e-05
21159.2,18:04:51,2.280e-05
21160.4,18:04:53,2.290e-05
21161.5,18:04:54,2.290e-05
21162.7,18:04:55,2.290e-05
21163.8,18:04:56,2.300e-05
21165.0,18:04:57,2.300e-05
21166.1,18:04:58,2.300e-05
21167.3,18:04:59,2.310e-05
21168.5,18:05:01,2.310e-05
21169.6,18:05:02,2.310e-05
21170.8,18:05:03,2.320e-05
21171.9,18:05:04,2.320e-05
21173.1,18:05:05,2.330e-05
21174.2,18:05:06,2.330e-05
21175.4,18:05:08,2.330e-05
21176.5,18:05:09,2.330e-05
21177.7,18:05:10,2.340e-05
21178.8,18:05:11,2.340e-05
21180.0,18:05:12,2.340e-05
21181.1,18:05:13,2.350e-05
21182.3,18:05:14,2.350e-05
21183.4,18:05:16,2.360e-05
21184.6,18:05:17,2.360e-05
21185.7,18:05:18,2.360e-05
21186.9,18:05:19,2.370e-05
21188.0,18:05:20,2.370e-05
21189.2,18:05:21,2.370e-05
21190.3,18:05:23,2.380e-05
21191.5,18:05:24,2.380e-05
21192.7,18:05:25,2.380e-05
21193.8,18:05:26,2.390e-05
21195.0,18:05:27,2.390e-05
21196.1,18:05:28,2.390e-05
21197.3,18:05:29,2.400e-05
21198.4,18:05:31,2.400e-05
21199.6,18:05:32,2.400e-05
21200.7,18:05:33,2.410e-05
21201.9,18:05:34,2.410e-05
21203.0,18:05:35,2.420e-05
21204.2,18:05:36,2.420e-05
21205.3,18:05:38,2.420e-05
21206.5,18:05:39,2.430e-05
21207.7,18:05:40,2.430e-05
21208.8,18:05:41,2.430e-05
21210.0,18:05:42,2.430e-05
21211.1,18:05:43,2.440e-05
21212.3,18:05:44,2.440e-05
21213.4,18:05:46,2.440e-05
21214.6,18:05:47,2.450e-05
21215.7,18:05:48,2.450e-05
21216.9,18:05:49,2.450e-05
21218.0,18:05:50,2.460e-05
21219.2,18:05:51,2.460e-05
21220.3,18:05:53,2.470e-05
21221.5,18:05:54,2.470e-05
21222.6,18:05:55,2.470e-05
21223.8,18:05:56,2.480e-05
21224.9,18:05:57,2.480e-05
21226.1,18:05:58,2.480e-05
21227.2,18:05:59,2.480e-05
21228.4,18:06:01,2.490e-05
21229.5,18:06:02,2.490e-05
21230.7,18:06:03,2.490e-05
21231.8,18:06:04,2.500e-05
21233.0,18:06:05,2.500e-05
21234.1,18:06:06,2.510e-05
21235.3,18:06:07,2.510e-05
21236.4,18:06:09,2.510e-05
21237.6,18:06:10,2.520e-05
21238.7,18:06:11,2.520e-05
21239.9,18:06:12,2.520e-05
21241.0,18:06:13,2.530e-05
21242.2,18:06:14,2.530e-05
21243.4,18:06:16,2.530e-05
21244.5,18:06:17,2.540e-05
21245.7,18:06:18,2.540e-05
21246.8,18:06:19,2.540e-05
21248.0,18:06:20,2.540e-05
21249.1,18:06:21,2.550e-05
21250.3,18:06:22,2.550e-05
21251.4,18:06:24,2.550e-05
21252.6,18:06:25,2.560e-05
21253.7,18:06:26,2.560e-05
21254.9,18:06:27,2.560e-05
21256.0,18:06:28,2.570e-05
21257.2,18:06:29,2.570e-05
21258.3,18:06:31,2.570e-05
21259.5,18:06:32,2.580e-05
21260.6,18:06:33,2.580e-05
21261.8,18:06:34,2.590e-05
21262.9,18:06:35,2.590e-05
21264.1,18:06:36,2.590e-05
21265.2,18:06:37,2.590e-05
21266.4,18:06:39,2.600e-05
21267.5,18:06:40,2.600e-05
21268.7,18:06:41,2.600e-05
21269.9,18:06:42,2.610e-05
21271.0,18:06:43,2.610e-05
21272.2,18:06:44,2.610e-05
21273.3,18:06:46,2.620e-05
21274.5,18:06:47,2.620e-05
21275.6,18:06:48,2.620e-05
21276.8,18:06:49,2.630e-05
21277.9,18:06:50,2.630e-05
21279.1,18:06:51,2.630e-05
21280.2,18:06:52,2.640e-05
21281.4,18:06:54,2.640e-05
21282.6,18:06:55,2.640e-05
21283.7,18:06:56,2.640e-05
21284.8,18:06:57,2.650e-05
21286.0,18:06:58,2.650e-05
21287.2,18:06:59,2.650e-05
21288.3,18:07:01,2.660e-05
21289.5,18:07:02,2.660e-05
21290.6,18:07:03,2.660e-05
21291.8,18:07:04,2.670e-05
21292.9,18:07:05,2.670e-05
21294.1,18:07:06,2.670e-05
21295.3,18:07:07,2.680e-05
21296.4,18:07:09,2.680e-05
21297.6,18:07:10,2.680e-05
21298.7,18:07:11,2.690e-05
21299.9,18:07:12,2.690e-05
21301.0,18:07:13,2.690e-05
21302.1,18:07:14,2.690e-05
21303.3,18:07:15,2.700e-05
21304.5,18:07:17,2.700e-05
21305.6,18:07:18,2.700e-05
21306.8,18:07:19,2.710e-05
21307.9,18:07:20,2.710e-05
21309.1,18:07:21,2.710e-05
21310.2,18:07:22,2.720e-05
21311.4,18:07:24,2.720e-05
21312.5,18:07:25,2.720e-05
21313.7,18:07:26,2.730e-05
21314.8,18:07:27,2.730e-05
21316.0,18:07:28,2.730e-05
21317.1,18:07:29,2.740e-05
21318.3,18:07:30,2.740e-05
21319.4,18:07:32,2.740e-05
21320.6,18:07:33,2.750e-05
21321.7,18:07:34,2.750e-05
21322.9,18:07:35,2.750e-05
21324.0,18:07:36,2.750e-05
21325.2,18:07:37,2.760e-05
21326.3,18:07:39,2.760e-05
21327.5,18:07:40,2.760e-05
21328.6,18:07:41,2.770e-05
21329.8,18:07:42,2.770e-05
21330.9,18:07:43,2.770e-05
21332.1,18:07:44,2.780e-05
21333.2,18:07:45,2.780e-05
21334.4,18:07:47,2.780e-05
21335.6,18:07:48,2.790e-05
21336.7,18:07:49,2.790e-05
21337.9,18:07:50,2.790e-05
21339.0,18:07:51,2.800e-05
21340.1,18:07:52,2.800e-05
21341.3,18:07:53,2.800e-05
21342.4,18:07:55,2.800e-05
21343.6,18:07:56,2.810e-05
21344.8,18:07:57,2.810e-05
21345.9,18:07:58,2.810e-05
21347.1,18:07:59,2.820e-05
21348.2,18:08:00,2.820e-05
21349.4,18:08:02,2.820e-05
21350.5,18:08:03,2.820e-05
21351.7,18:08:04,2.830e-05
21352.8,18:08:05,2.830e-05
21354.0,18:08:06,2.830e-05
21355.2,18:08:07,2.840e-05
21356.3,18:08:08,2.840e-05
21357.5,18:08:10,2.840e-05
21358.6,18:08:11,2.850e-05
21359.7,18:08:12,2.850e-05
21360.9,18:08:13,2.850e-05
21362.1,18:08:14,2.850e-05
21363.2,18:08:15,2.860e-05
21364.4,18:08:17,2.860e-05
21365.5,18:08:18,2.860e-05
21366.7,18:08:19,2.870e-05
21367.8,18:08:20,2.870e-05
21369.0,18:08:21,2.870e-05
21370.1,18:08:22,2.880e-05
21371.3,18:08:23,2.880e-05
21372.4,18:08:25,2.880e-05
21373.6,18:08:26,2.890e-05
21374.7,18:08:27,2.890e-05
21375.9,18:08:28,2.890e-05
21377.0,18:08:29,2.900e-05
21378.2,18:08:30,2.900e-05
21379.3,18:08:32,2.900e-05
21380.5,18:08:33,2.900e-05
21381.7,18:08:34,2.910e-05
21382.8,18:08:35,2.910e-05
21384.0,18:08:36,2.910e-05
21385.1,18:08:37,2.920e-05
21386.3,18:08:38,2.920e-05
21387.4,18:08:40,2.920e-05
21388.6,18:08:41,2.920e-05
21389.7,18:08:42,2.930e-05
21390.9,18:08:43,2.930e-05
21392.0,18:08:44,2.930e-05
21393.2,18:08:45,2.940e-05
21394.3,18:08:47,2.940e-05
21395.5,18:08:48,2.940e-05
21396.7,18:08:49,2.950e-05
21397.8,18:08:50,2.950e-05
21398.9,18:08:51,2.950e-05
21400.1,18:08:52,2.950e-05
21401.3,18:08:53,2.960e-05
21402.4,18:08:55,2.960e-05
21403.6,18:08:56,2.960e-05
21404.7,18:08:57,2.970e-05
21405.9,18:08:58,2.970e-05
21407.0,18:08:59,2.970e-05
21408.2,18:09:00,2.970e-05
21409.3,18:09:02,2.980e-05
21410.5,18:09:03,2.980e-05
21411.7,18:09:04,2.980e-05
21412.8,18:09:05,2.990e-05
21414.0,18:09:06,2.990e-05
21415.1,18:09:07,2.990e-05
21416.3,18:09:08,3.000e-05
